scenario,variability,seed,train_traces,positive_test_traces,negative_test_traces,inductive_noise_threshold,declare_min_support_ratio,declare_min_confidence_ratio,train_activity_count,train_variant_count,train_variant_ratio,train_variant_entropy,train_variant_entropy_normalized,train_mean_trace_length,imperative_petri_places,imperative_petri_transitions,imperative_petri_visible_transitions,imperative_petri_hidden_transitions,imperative_petri_arcs,imperative_bpmn_nodes,imperative_bpmn_flows,imperative_bpmn_tasks,imperative_bpmn_gateways,imperative_bpmn_xor_gateways,imperative_bpmn_and_gateways,imperative_bpmn_or_gateways,imperative_bpmn_split_gateways,imperative_control_flow_complexity,imperative_bpmn_density,imperative_bpmn_structural_overhead,imperative_bpmn_nodes_per_observed_activity,declarative_declare_relation_records_raw,declarative_declare_symmetric_deduplicated_constraints,declarative_declare_constraints,declarative_declare_constraints_primitive_preferred,declarative_declare_redundant_records_removed,declarative_declare_unary_constraints,declarative_declare_binary_constraints,declarative_declare_template_count,declarative_declare_observed_activities,declarative_declare_constrained_activities,declarative_declare_unconstrained_activities,declarative_declare_constraint_density,declarative_declare_graph_mean_degree,declarative_declare_graph_max_degree,declarative_declare_relation_overlap,declarative_declare_mean_support_ratio,declarative_declare_mean_confidence_ratio,declarative_declare_constraints_per_observed_activity,declarative_declare_raw_records_per_observed_activity,declarative_declare_primitive_constraints_per_observed_activity,imperative_test_tp,imperative_test_fn,imperative_test_fp,imperative_test_tn,imperative_test_accuracy,imperative_test_precision,imperative_test_recall,imperative_test_f1,imperative_test_false_acceptance_rate,imperative_test_false_rejection_rate,imperative_test_mutation_family_count,imperative_test_mutation_macro_rejection_rate,imperative_test_mutation_macro_balanced_accuracy,imperative_test_f1_leave_one_family_out_min,imperative_test_f1_leave_one_family_out_max,imperative_test_f1_leave_one_family_out_range,declarative_test_tp,declarative_test_fn,declarative_test_fp,declarative_test_tn,declarative_test_accuracy,declarative_test_precision,declarative_test_recall,declarative_test_f1,declarative_test_false_acceptance_rate,declarative_test_false_rejection_rate,declarative_test_mutation_family_count,declarative_test_mutation_macro_rejection_rate,declarative_test_mutation_macro_balanced_accuracy,declarative_test_f1_leave_one_family_out_min,declarative_test_f1_leave_one_family_out_max,declarative_test_f1_leave_one_family_out_range,declarative_closed_world_test_tp,declarative_closed_world_test_fn,declarative_closed_world_test_fp,declarative_closed_world_test_tn,declarative_closed_world_test_accuracy,declarative_closed_world_test_precision,declarative_closed_world_test_recall,declarative_closed_world_test_f1,declarative_closed_world_test_false_acceptance_rate,declarative_closed_world_test_false_rejection_rate,declarative_closed_world_test_mutation_family_count,declarative_closed_world_test_mutation_macro_rejection_rate,declarative_closed_world_test_mutation_macro_balanced_accuracy,declarative_closed_world_test_f1_leave_one_family_out_min,declarative_closed_world_test_f1_leave_one_family_out_max,declarative_closed_world_test_f1_leave_one_family_out_range,imperative_native_fitness,imperative_native_precision,imperative_native_generalization,imperative_native_simplicity,declarative_full_trace_conformance,declarative_mean_constraint_satisfaction,runtime_seconds
optional,0.0,1001,350,150,150,0.0,0.05,0.95,6,1,0.002857142857142857,0.0,0.0,6.0,7,6,6,0,12,8,7,6,0,0,0,0,0,0,0.125,2,1.3333333333333333,112,97,37,67,75,7,30,4,6,6,0,0.25170068027210885,5.0,5,5,1.0,1.0,6.166666666666667,18.666666666666668,11.166666666666666,150,0,0,150,1.0,1.0,1.0,1.0,0.0,0.0,9.0,1.0,1.0,1.0,1.0,0.0,150,0,50,100,0.8333333333333334,0.75,1.0,0.8571428571428571,0.3333333333333333,0.0,9.0,0.6666666666666666,0.8333333333333333,0.8571428571428571,0.9009009009009009,0.04375804375804382,150,0,0,150,1.0,1.0,1.0,1.0,0.0,0.0,9.0,1.0,1.0,1.0,1.0,0.0,1.0,1.0,0.9465477516175151,1.0,1.0,1.0,0.17253570799948648
optional,0.0,1002,350,150,150,0.0,0.05,0.95,6,1,0.002857142857142857,0.0,0.0,6.0,7,6,6,0,12,8,7,6,0,0,0,0,0,0,0.125,2,1.3333333333333333,112,97,37,67,75,7,30,4,6,6,0,0.25170068027210885,5.0,5,5,1.0,1.0,6.166666666666667,18.666666666666668,11.166666666666666,150,0,0,150,1.0,1.0,1.0,1.0,0.0,0.0,9.0,1.0,1.0,1.0,1.0,0.0,150,0,50,100,0.8333333333333334,0.75,1.0,0.8571428571428571,0.3333333333333333,0.0,9.0,0.6666666666666666,0.8333333333333333,0.8571428571428571,0.9009009009009009,0.04375804375804382,150,0,0,150,1.0,1.0,1.0,1.0,0.0,0.0,9.0,1.0,1.0,1.0,1.0,0.0,1.0,1.0,0.9465477516175151,1.0,1.0,1.0,0.1733719579933677
optional,0.0,1003,350,150,150,0.0,0.05,0.95,6,1,0.002857142857142857,0.0,0.0,6.0,7,6,6,0,12,8,7,6,0,0,0,0,0,0,0.125,2,1.3333333333333333,112,97,37,67,75,7,30,4,6,6,0,0.25170068027210885,5.0,5,5,1.0,1.0,6.166666666666667,18.666666666666668,11.166666666666666,150,0,0,150,1.0,1.0,1.0,1.0,0.0,0.0,9.0,1.0,1.0,1.0,1.0,0.0,150,0,51,99,0.83,0.746268656716418,1.0,0.8547008547008548,0.34,0.0,9.0,0.6666666666666666,0.8333333333333333,0.8547008547008548,0.8982035928143712,0.04350273811351646,150,0,0,150,1.0,1.0,1.0,1.0,0.0,0.0,9.0,1.0,1.0,1.0,1.0,0.0,1.0,1.0,0.9465477516175151,1.0,1.0,1.0,0.21088245799182914
optional,0.0,1004,350,150,150,0.0,0.05,0.95,6,1,0.002857142857142857,0.0,0.0,6.0,7,6,6,0,12,8,7,6,0,0,0,0,0,0,0.125,2,1.3333333333333333,112,97,37,67,75,7,30,4,6,6,0,0.25170068027210885,5.0,5,5,1.0,1.0,6.166666666666667,18.666666666666668,11.166666666666666,150,0,0,150,1.0,1.0,1.0,1.0,0.0,0.0,9.0,1.0,1.0,1.0,1.0,0.0,150,0,49,101,0.8366666666666667,0.7537688442211056,1.0,0.8595988538681949,0.32666666666666666,0.0,9.0,0.6666666666666666,0.8333333333333333,0.8595988538681949,0.9036144578313253,0.04401560396313042,150,0,0,150,1.0,1.0,1.0,1.0,0.0,0.0,9.0,1.0,1.0,1.0,1.0,0.0,1.0,1.0,0.9465477516175151,1.0,1.0,1.0,0.189699542010203
optional,0.0,1005,350,150,150,0.0,0.05,0.95,6,1,0.002857142857142857,0.0,0.0,6.0,7,6,6,0,12,8,7,6,0,0,0,0,0,0,0.125,2,1.3333333333333333,112,97,37,67,75,7,30,4,6,6,0,0.25170068027210885,5.0,5,5,1.0,1.0,6.166666666666667,18.666666666666668,11.166666666666666,150,0,0,150,1.0,1.0,1.0,1.0,0.0,0.0,9.0,1.0,1.0,1.0,1.0,0.0,150,0,51,99,0.83,0.746268656716418,1.0,0.8547008547008548,0.34,0.0,9.0,0.6666666666666666,0.8333333333333333,0.8547008547008548,0.8982035928143712,0.04350273811351646,150,0,0,150,1.0,1.0,1.0,1.0,0.0,0.0,9.0,1.0,1.0,1.0,1.0,0.0,1.0,1.0,0.9465477516175151,1.0,1.0,1.0,0.2337625840154942
optional,0.0,1006,350,150,150,0.0,0.05,0.95,6,1,0.002857142857142857,0.0,0.0,6.0,7,6,6,0,12,8,7,6,0,0,0,0,0,0,0.125,2,1.3333333333333333,112,97,37,67,75,7,30,4,6,6,0,0.25170068027210885,5.0,5,5,1.0,1.0,6.166666666666667,18.666666666666668,11.166666666666666,150,0,0,150,1.0,1.0,1.0,1.0,0.0,0.0,9.0,1.0,1.0,1.0,1.0,0.0,150,0,50,100,0.8333333333333334,0.75,1.0,0.8571428571428571,0.3333333333333333,0.0,9.0,0.6666666666666666,0.8333333333333333,0.8571428571428571,0.9009009009009009,0.04375804375804382,150,0,0,150,1.0,1.0,1.0,1.0,0.0,0.0,9.0,1.0,1.0,1.0,1.0,0.0,1.0,1.0,0.9465477516175151,1.0,1.0,1.0,0.2254859170061536
optional,0.0,1007,350,150,150,0.0,0.05,0.95,6,1,0.002857142857142857,0.0,0.0,6.0,7,6,6,0,12,8,7,6,0,0,0,0,0,0,0.125,2,1.3333333333333333,112,97,37,67,75,7,30,4,6,6,0,0.25170068027210885,5.0,5,5,1.0,1.0,6.166666666666667,18.666666666666668,11.166666666666666,150,0,0,150,1.0,1.0,1.0,1.0,0.0,0.0,9.0,1.0,1.0,1.0,1.0,0.0,150,0,50,100,0.8333333333333334,0.75,1.0,0.8571428571428571,0.3333333333333333,0.0,9.0,0.6666666666666666,0.8333333333333333,0.8571428571428571,0.9009009009009009,0.04375804375804382,150,0,0,150,1.0,1.0,1.0,1.0,0.0,0.0,9.0,1.0,1.0,1.0,1.0,0.0,1.0,1.0,0.9465477516175151,1.0,1.0,1.0,0.22798908298136666
optional,0.0,1008,350,150,150,0.0,0.05,0.95,6,1,0.002857142857142857,0.0,0.0,6.0,7,6,6,0,12,8,7,6,0,0,0,0,0,0,0.125,2,1.3333333333333333,112,97,37,67,75,7,30,4,6,6,0,0.25170068027210885,5.0,5,5,1.0,1.0,6.166666666666667,18.666666666666668,11.166666666666666,150,0,0,150,1.0,1.0,1.0,1.0,0.0,0.0,9.0,1.0,1.0,1.0,1.0,0.0,150,0,50,100,0.8333333333333334,0.75,1.0,0.8571428571428571,0.3333333333333333,0.0,9.0,0.6666666666666666,0.8333333333333333,0.8571428571428571,0.9009009009009009,0.04375804375804382,150,0,0,150,1.0,1.0,1.0,1.0,0.0,0.0,9.0,1.0,1.0,1.0,1.0,0.0,1.0,1.0,0.9465477516175151,1.0,1.0,1.0,0.2429844579892233
optional,0.0,1009,350,150,150,0.0,0.05,0.95,6,1,0.002857142857142857,0.0,0.0,6.0,7,6,6,0,12,8,7,6,0,0,0,0,0,0,0.125,2,1.3333333333333333,112,97,37,67,75,7,30,4,6,6,0,0.25170068027210885,5.0,5,5,1.0,1.0,6.166666666666667,18.666666666666668,11.166666666666666,150,0,0,150,1.0,1.0,1.0,1.0,0.0,0.0,9.0,1.0,1.0,1.0,1.0,0.0,150,0,50,100,0.8333333333333334,0.75,1.0,0.8571428571428571,0.3333333333333333,0.0,9.0,0.6666666666666666,0.8333333333333333,0.8571428571428571,0.9009009009009009,0.04375804375804382,150,0,0,150,1.0,1.0,1.0,1.0,0.0,0.0,9.0,1.0,1.0,1.0,1.0,0.0,1.0,1.0,0.9465477516175151,1.0,1.0,1.0,0.21192750000045635
optional,0.0,1010,350,150,150,0.0,0.05,0.95,6,1,0.002857142857142857,0.0,0.0,6.0,7,6,6,0,12,8,7,6,0,0,0,0,0,0,0.125,2,1.3333333333333333,112,97,37,67,75,7,30,4,6,6,0,0.25170068027210885,5.0,5,5,1.0,1.0,6.166666666666667,18.666666666666668,11.166666666666666,150,0,0,150,1.0,1.0,1.0,1.0,0.0,0.0,9.0,1.0,1.0,1.0,1.0,0.0,150,0,50,100,0.8333333333333334,0.75,1.0,0.8571428571428571,0.3333333333333333,0.0,9.0,0.6666666666666666,0.8333333333333333,0.8571428571428571,0.9009009009009009,0.04375804375804382,150,0,0,150,1.0,1.0,1.0,1.0,0.0,0.0,9.0,1.0,1.0,1.0,1.0,0.0,1.0,1.0,0.9465477516175151,1.0,1.0,1.0,0.23440374998608604
optional,0.05,1001,350,150,150,0.0,0.05,0.95,8,4,0.011428571428571429,0.6084299971277761,0.30421499856388806,6.1085714285714285,9,10,8,2,20,14,15,8,4,4,0,0,2,4,0.08241758241758242,6,1.75,136,121,61,91,75,7,54,7,8,8,0,0.22761194029850745,6.75,7,12,0.6279156908665106,1.0,7.625,17.0,11.375,150,0,0,150,1.0,1.0,1.0,1.0,0.0,0.0,9.0,1.0,1.0,1.0,1.0,0.0,150,0,0,150,1.0,1.0,1.0,1.0,0.0,0.0,9.0,1.0,1.0,1.0,1.0,0.0,150,0,0,150,1.0,1.0,1.0,1.0,0.0,0.0,9.0,1.0,1.0,1.0,1.0,0.0,1.0,1.0,0.9110047133308433,0.9047619047619049,1.0,1.0,0.24879250000230968
optional,0.05,1002,350,150,150,0.0,0.05,0.95,8,4,0.011428571428571429,0.58957571140394,0.29478785570197,6.105714285714286,9,10,8,2,20,14,15,8,4,4,0,0,2,4,0.08241758241758242,6,1.75,124,109,49,79,75,7,42,7,8,7,1,0.1828358208955224,5.25,6,8,0.7718950437317785,1.0,6.125,15.5,9.875,150,0,0,150,1.0,1.0,1.0,1.0,0.0,0.0,9.0,1.0,1.0,1.0,1.0,0.0,150,0,17,133,0.9433333333333334,0.8982035928143712,1.0,0.9463722397476341,0.11333333333333333,0.0,9.0,0.8888888888888888,0.9444444444444444,0.9463722397476341,1.0,0.05362776025236593,150,0,17,133,0.9433333333333334,0.8982035928143712,1.0,0.9463722397476341,0.11333333333333333,0.0,9.0,0.8888888888888888,0.9444444444444444,0.9463722397476341,1.0,0.05362776025236593,1.0,1.0,0.9087953917728089,0.9047619047619049,1.0,1.0,0.2224114160053432
optional,0.05,1003,350,150,150,0.0,0.05,0.95,8,4,0.011428571428571429,0.535607278520189,0.2678036392600945,6.091428571428572,9,10,8,2,20,14,15,8,4,4,0,0,2,4,0.08241758241758242,6,1.75,112,97,37,67,75,7,30,4,8,6,2,0.13805970149253732,3.75,5,5,1.0,1.0,4.625,14.0,8.375,150,0,0,150,1.0,1.0,1.0,1.0,0.0,0.0,9.0,1.0,1.0,1.0,1.0,0.0,150,0,50,100,0.8333333333333334,0.75,1.0,0.8571428571428571,0.3333333333333333,0.0,9.0,0.6666666666666666,0.8333333333333333,0.8571428571428571,0.9009009009009009,0.04375804375804382,150,0,50,100,0.8333333333333334,0.75,1.0,0.8571428571428571,0.3333333333333333,0.0,9.0,0.6666666666666666,0.8333333333333333,0.8571428571428571,0.9009009009009009,0.04375804375804382,1.0,1.0,0.9069851378672175,0.9047619047619049,1.0,1.0,0.24323045799974352
optional,0.05,1004,350,150,150,0.0,0.05,0.95,8,4,0.011428571428571429,0.5602576838621126,0.2801288419310563,6.097142857142857,9,10,8,2,20,14,15,8,4,4,0,0,2,4,0.08241758241758242,6,1.75,124,109,49,79,75,7,42,7,8,7,1,0.1828358208955224,5.25,6,9,0.7676967930029155,1.0,6.125,15.5,9.875,150,0,0,150,1.0,1.0,1.0,1.0,0.0,0.0,9.0,1.0,1.0,1.0,1.0,0.0,150,0,33,117,0.89,0.819672131147541,1.0,0.9009009009009009,0.22,0.0,9.0,0.7777777777777778,0.8888888888888888,0.9009009009009009,0.9493670886075949,0.048466187706693975,150,0,33,117,0.89,0.819672131147541,1.0,0.9009009009009009,0.22,0.0,9.0,0.7777777777777778,0.8888888888888888,0.9009009009009009,0.9493670886075949,0.048466187706693975,1.0,1.0,0.9083984553798271,0.9047619047619049,1.0,1.0,0.23636599999736063
optional,0.05,1005,350,150,150,0.0,0.05,0.95,8,4,0.011428571428571429,0.6545500711002321,0.32727503555011606,6.12,9,10,8,2,20,14,15,8,4,4,0,0,2,4,0.08241758241758242,6,1.75,136,121,61,91,75,7,54,7,8,8,0,0.22761194029850745,6.75,7,12,0.6301639344262294,1.0,7.625,17.0,11.375,150,0,0,150,1.0,1.0,1.0,1.0,0.0,0.0,9.0,1.0,1.0,1.0,1.0,0.0,150,0,0,150,1.0,1.0,1.0,1.0,0.0,0.0,9.0,1.0,1.0,1.0,1.0,0.0,150,0,0,150,1.0,1.0,1.0,1.0,0.0,0.0,9.0,1.0,1.0,1.0,1.0,0.0,1.0,1.0,0.913221504430576,0.9047619047619049,1.0,1.0,0.2362000419816468
optional,0.05,1006,350,150,150,0.0,0.05,0.95,8,3,0.008571428571428572,0.5641718611527643,0.3559528133290641,6.1,9,10,8,2,20,14,15,8,4,4,0,0,2,4,0.08241758241758242,6,1.75,124,109,49,79,75,7,42,7,8,7,1,0.1828358208955224,5.25,6,9,0.7704956268221574,1.0,6.125,15.5,9.875,150,0,0,150,1.0,1.0,1.0,1.0,0.0,0.0,9.0,1.0,1.0,1.0,1.0,0.0,150,0,34,116,0.8866666666666667,0.8152173913043478,1.0,0.8982035928143712,0.22666666666666666,0.0,9.0,0.7777777777777778,0.8888888888888888,0.8982035928143712,0.9463722397476341,0.04816864693326284,150,0,34,116,0.8866666666666667,0.8152173913043478,1.0,0.8982035928143712,0.22666666666666666,0.0,9.0,0.7777777777777778,0.8888888888888888,0.8982035928143712,0.9463722397476341,0.04816864693326284,1.0,0.9922398589065256,0.9079046461129158,0.9047619047619049,1.0,1.0,0.24853862499003299
optional,0.05,1007,350,150,150,0.0,0.05,0.95,8,3,0.008571428571428572,0.6809313302910682,0.4296198364196284,6.128571428571429,9,10,8,2,20,14,15,8,4,4,0,0,2,4,0.08241758241758242,6,1.75,136,121,61,91,75,7,54,7,8,8,0,0.22761194029850745,6.75,7,12,0.6318501170960188,1.0,7.625,17.0,11.375,150,0,0,150,1.0,1.0,1.0,1.0,0.0,0.0,9.0,1.0,1.0,1.0,1.0,0.0,150,0,0,150,1.0,1.0,1.0,1.0,0.0,0.0,9.0,1.0,1.0,1.0,1.0,0.0,150,0,0,150,1.0,1.0,1.0,1.0,0.0,0.0,9.0,1.0,1.0,1.0,1.0,0.0,1.0,0.9912126537785588,0.9145161504076271,0.9047619047619049,1.0,1.0,0.23950120899826288
optional,0.05,1008,350,150,150,0.0,0.05,0.95,8,4,0.011428571428571429,0.5803223817888236,0.2901611908944118,6.102857142857143,9,10,8,2,20,14,15,8,4,4,0,0,2,4,0.08241758241758242,6,1.75,124,109,49,79,75,7,42,7,8,7,1,0.1828358208955224,5.25,6,9,0.769795918367347,1.0,6.125,15.5,9.875,150,0,0,150,1.0,1.0,1.0,1.0,0.0,0.0,9.0,1.0,1.0,1.0,1.0,0.0,150,0,34,116,0.8866666666666667,0.8152173913043478,1.0,0.8982035928143712,0.22666666666666666,0.0,9.0,0.7777777777777778,0.8888888888888888,0.8982035928143712,0.9463722397476341,0.04816864693326284,150,0,34,116,0.8866666666666667,0.8152173913043478,1.0,0.8982035928143712,0.22666666666666666,0.0,9.0,0.7777777777777778,0.8888888888888888,0.8982035928143712,0.9463722397476341,0.04816864693326284,1.0,1.0,0.9093102108609125,0.9047619047619049,1.0,1.0,0.2580430000089109
optional,0.05,1009,350,150,150,0.0,0.05,0.95,8,4,0.011428571428571429,0.534504802037805,0.2672524010189025,6.091428571428572,9,10,8,2,20,14,15,8,4,4,0,0,2,4,0.08241758241758242,6,1.75,124,109,49,79,75,7,42,7,8,7,1,0.1828358208955224,5.25,6,9,0.7676967930029155,1.0,6.125,15.5,9.875,150,0,0,150,1.0,1.0,1.0,1.0,0.0,0.0,9.0,1.0,1.0,1.0,1.0,0.0,150,0,34,116,0.8866666666666667,0.8152173913043478,1.0,0.8982035928143712,0.22666666666666666,0.0,9.0,0.7777777777777778,0.8888888888888888,0.8982035928143712,0.9463722397476341,0.04816864693326284,150,0,34,116,0.8866666666666667,0.8152173913043478,1.0,0.8982035928143712,0.22666666666666666,0.0,9.0,0.7777777777777778,0.8888888888888888,0.8982035928143712,0.9463722397476341,0.04816864693326284,1.0,1.0,0.9066886404843307,0.9047619047619049,1.0,1.0,0.25523879201500677
optional,0.05,1010,350,150,150,0.0,0.05,0.95,8,4,0.011428571428571429,0.6008169382019136,0.3004084691009568,6.1085714285714285,9,10,8,2,20,14,15,8,4,4,0,0,2,4,0.08241758241758242,6,1.75,124,109,49,79,75,7,42,7,8,7,1,0.1828358208955224,5.25,6,9,0.7718950437317785,1.0,6.125,15.5,9.875,150,0,0,150,1.0,1.0,1.0,1.0,0.0,0.0,9.0,1.0,1.0,1.0,1.0,0.0,150,0,33,117,0.89,0.819672131147541,1.0,0.9009009009009009,0.22,0.0,9.0,0.7777777777777778,0.8888888888888888,0.9009009009009009,0.9493670886075949,0.048466187706693975,150,0,33,117,0.89,0.819672131147541,1.0,0.9009009009009009,0.22,0.0,9.0,0.7777777777777778,0.8888888888888888,0.9009009009009009,0.9493670886075949,0.048466187706693975,1.0,1.0,0.9097961772439566,0.9047619047619049,1.0,1.0,0.2432222079951316
optional,0.1,1001,350,150,150,0.0,0.05,0.95,8,4,0.011428571428571429,0.9590173029160772,0.4795086514580386,6.208571428571428,9,10,8,2,20,14,15,8,4,4,0,0,2,4,0.08241758241758242,6,1.75,136,121,61,91,75,7,54,7,8,8,0,0.22761194029850745,6.75,7,12,0.6475878220140515,1.0,7.625,17.0,11.375,150,0,0,150,1.0,1.0,1.0,1.0,0.0,0.0,9.0,1.0,1.0,1.0,1.0,0.0,150,0,0,150,1.0,1.0,1.0,1.0,0.0,0.0,9.0,1.0,1.0,1.0,1.0,0.0,150,0,0,150,1.0,1.0,1.0,1.0,0.0,0.0,9.0,1.0,1.0,1.0,1.0,0.0,1.0,1.0,0.9235264249040335,0.9047619047619049,1.0,1.0,0.2542899170075543
optional,0.1,1002,350,150,150,0.0,0.05,0.95,8,4,0.011428571428571429,0.9359904890352678,0.4679952445176339,6.2,9,10,8,2,20,14,15,8,4,4,0,0,2,4,0.08241758241758242,6,1.75,136,121,61,91,75,7,54,7,8,8,0,0.22761194029850745,6.75,7,12,0.6459016393442623,1.0,7.625,17.0,11.375,150,0,0,150,1.0,1.0,1.0,1.0,0.0,0.0,9.0,1.0,1.0,1.0,1.0,0.0,150,0,0,150,1.0,1.0,1.0,1.0,0.0,0.0,9.0,1.0,1.0,1.0,1.0,0.0,150,0,0,150,1.0,1.0,1.0,1.0,0.0,0.0,9.0,1.0,1.0,1.0,1.0,0.0,1.0,1.0,0.9228433598051304,0.9047619047619049,1.0,1.0,0.25176020900835283
optional,0.1,1003,350,150,150,0.0,0.05,0.95,8,4,0.011428571428571429,0.8713954409720149,0.43569772048600747,6.18,9,10,8,2,20,14,15,8,4,4,0,0,2,4,0.08241758241758242,6,1.75,136,121,61,91,75,7,54,7,8,8,0,0.22761194029850745,6.75,7,12,0.641967213114754,1.0,7.625,17.0,11.375,150,0,0,150,1.0,1.0,1.0,1.0,0.0,0.0,9.0,1.0,1.0,1.0,1.0,0.0,150,0,0,150,1.0,1.0,1.0,1.0,0.0,0.0,9.0,1.0,1.0,1.0,1.0,0.0,150,0,0,150,1.0,1.0,1.0,1.0,0.0,0.0,9.0,1.0,1.0,1.0,1.0,0.0,1.0,1.0,0.9210023634120634,0.9047619047619049,1.0,1.0,0.2710365829989314
optional,0.1,1004,350,150,150,0.0,0.05,0.95,8,4,0.011428571428571429,0.9586727728193647,0.47933638640968235,6.208571428571428,9,10,8,2,20,14,15,8,4,4,0,0,2,4,0.08241758241758242,6,1.75,136,121,61,91,75,7,54,7,8,8,0,0.22761194029850745,6.75,7,12,0.6475878220140515,1.0,7.625,17.0,11.375,150,0,0,150,1.0,1.0,1.0,1.0,0.0,0.0,9.0,1.0,1.0,1.0,1.0,0.0,150,0,0,150,1.0,1.0,1.0,1.0,0.0,0.0,9.0,1.0,1.0,1.0,1.0,0.0,150,0,0,150,1.0,1.0,1.0,1.0,0.0,0.0,9.0,1.0,1.0,1.0,1.0,0.0,1.0,1.0,0.9232408318390819,0.9047619047619049,1.0,1.0,0.25351766700623557
optional,0.1,1005,350,150,150,0.0,0.05,0.95,8,4,0.011428571428571429,1.024843773961349,0.5124218869806745,6.228571428571429,9,10,8,2,20,14,15,8,4,4,0,0,2,4,0.08241758241758242,6,1.75,136,121,61,91,75,7,54,7,8,8,0,0.22761194029850745,6.75,7,12,0.6515222482435596,1.0,7.625,17.0,11.375,150,0,0,150,1.0,1.0,1.0,1.0,0.0,0.0,9.0,1.0,1.0,1.0,1.0,0.0,150,0,0,150,1.0,1.0,1.0,1.0,0.0,0.0,9.0,1.0,1.0,1.0,1.0,0.0,150,0,0,150,1.0,1.0,1.0,1.0,0.0,0.0,9.0,1.0,1.0,1.0,1.0,0.0,1.0,1.0,0.9249167598675188,0.9047619047619049,1.0,1.0,0.258550667000236
optional,0.1,1006,350,150,150,0.0,0.05,0.95,8,4,0.011428571428571429,0.9810103111249869,0.49050515556249347,6.214285714285714,9,10,8,2,20,14,15,8,4,4,0,0,2,4,0.08241758241758242,6,1.75,136,121,61,91,75,7,54,7,8,8,0,0.22761194029850745,6.75,7,12,0.648711943793911,1.0,7.625,17.0,11.375,150,0,0,150,1.0,1.0,1.0,1.0,0.0,0.0,9.0,1.0,1.0,1.0,1.0,0.0,150,0,0,150,1.0,1.0,1.0,1.0,0.0,0.0,9.0,1.0,1.0,1.0,1.0,0.0,150,0,0,150,1.0,1.0,1.0,1.0,0.0,0.0,9.0,1.0,1.0,1.0,1.0,0.0,1.0,1.0,0.9239001975344361,0.9047619047619049,1.0,1.0,0.2584189590124879
optional,0.1,1007,350,150,150,0.0,0.05,0.95,8,4,0.011428571428571429,0.8872040769235611,0.44360203846178053,6.185714285714286,9,10,8,2,20,14,15,8,4,4,0,0,2,4,0.08241758241758242,6,1.75,136,121,61,91,75,7,54,7,8,8,0,0.22761194029850745,6.75,7,12,0.6430913348946136,1.0,7.625,17.0,11.375,150,0,0,150,1.0,1.0,1.0,1.0,0.0,0.0,9.0,1.0,1.0,1.0,1.0,0.0,150,0,0,150,1.0,1.0,1.0,1.0,0.0,0.0,9.0,1.0,1.0,1.0,1.0,0.0,150,0,0,150,1.0,1.0,1.0,1.0,0.0,0.0,9.0,1.0,1.0,1.0,1.0,0.0,1.0,1.0,0.9214676682844467,0.9047619047619049,1.0,1.0,0.24483516701729968
optional,0.1,1008,350,150,150,0.0,0.05,0.95,8,4,0.011428571428571429,0.9736989500544759,0.48684947502723797,6.211428571428572,9,10,8,2,20,14,15,8,4,4,0,0,2,4,0.08241758241758242,6,1.75,136,121,61,91,75,7,54,7,8,8,0,0.22761194029850745,6.75,7,12,0.6481498829039812,1.0,7.625,17.0,11.375,150,0,0,150,1.0,1.0,1.0,1.0,0.0,0.0,9.0,1.0,1.0,1.0,1.0,0.0,150,0,0,150,1.0,1.0,1.0,1.0,0.0,0.0,9.0,1.0,1.0,1.0,1.0,0.0,150,0,0,150,1.0,1.0,1.0,1.0,0.0,0.0,9.0,1.0,1.0,1.0,1.0,0.0,1.0,1.0,0.9237441851305532,0.9047619047619049,1.0,1.0,0.25839916701079346
optional,0.1,1009,350,150,150,0.0,0.05,0.95,8,4,0.011428571428571429,0.9809644306984144,0.4904822153492072,6.214285714285714,9,10,8,2,20,14,15,8,4,4,0,0,2,4,0.08241758241758242,6,1.75,136,121,61,91,75,7,54,7,8,8,0,0.22761194029850745,6.75,7,12,0.648711943793911,1.0,7.625,17.0,11.375,150,0,0,150,1.0,1.0,1.0,1.0,0.0,0.0,9.0,1.0,1.0,1.0,1.0,0.0,150,0,0,150,1.0,1.0,1.0,1.0,0.0,0.0,9.0,1.0,1.0,1.0,1.0,0.0,150,0,0,150,1.0,1.0,1.0,1.0,0.0,0.0,9.0,1.0,1.0,1.0,1.0,0.0,1.0,1.0,0.9238471755228818,0.9047619047619049,1.0,1.0,0.22921708301873878
optional,0.1,1010,350,150,150,0.0,0.05,0.95,8,4,0.011428571428571429,1.0413668691214892,0.5206834345607446,6.234285714285714,9,10,8,2,20,14,15,8,4,4,0,0,2,4,0.08241758241758242,6,1.75,136,121,61,91,75,7,54,7,8,8,0,0.22761194029850745,6.75,7,12,0.6526463700234192,1.0,7.625,17.0,11.375,150,0,0,150,1.0,1.0,1.0,1.0,0.0,0.0,9.0,1.0,1.0,1.0,1.0,0.0,150,0,0,150,1.0,1.0,1.0,1.0,0.0,0.0,9.0,1.0,1.0,1.0,1.0,0.0,150,0,0,150,1.0,1.0,1.0,1.0,0.0,0.0,9.0,1.0,1.0,1.0,1.0,0.0,1.0,1.0,0.925288197330149,0.9047619047619049,1.0,1.0,0.23936854201019742
optional,0.2,1001,350,150,150,0.0,0.05,0.95,8,4,0.011428571428571429,1.41933225656232,0.70966612828116,6.388571428571429,9,10,8,2,20,14,15,8,4,4,0,0,2,4,0.08241758241758242,6,1.75,136,121,61,91,75,7,54,7,8,8,0,0.22761194029850745,6.75,7,12,0.6829976580796253,1.0,7.625,17.0,11.375,150,0,0,150,1.0,1.0,1.0,1.0,0.0,0.0,9.0,1.0,1.0,1.0,1.0,0.0,150,0,0,150,1.0,1.0,1.0,1.0,0.0,0.0,9.0,1.0,1.0,1.0,1.0,0.0,150,0,0,150,1.0,1.0,1.0,1.0,0.0,0.0,9.0,1.0,1.0,1.0,1.0,0.0,1.0,1.0,0.9317328125518018,0.9047619047619049,1.0,1.0,0.261866791988723
optional,0.2,1002,350,150,150,0.0,0.05,0.95,8,4,0.011428571428571429,1.3712329760161188,0.6856164880080594,6.365714285714286,9,10,8,2,20,14,15,8,4,4,0,0,2,4,0.08241758241758242,6,1.75,136,121,61,91,75,7,54,7,8,8,0,0.22761194029850745,6.75,7,12,0.6785011709601874,1.0,7.625,17.0,11.375,150,0,0,150,1.0,1.0,1.0,1.0,0.0,0.0,9.0,1.0,1.0,1.0,1.0,0.0,150,0,0,150,1.0,1.0,1.0,1.0,0.0,0.0,9.0,1.0,1.0,1.0,1.0,0.0,150,0,0,150,1.0,1.0,1.0,1.0,0.0,0.0,9.0,1.0,1.0,1.0,1.0,0.0,1.0,1.0,0.9311024030507274,0.9047619047619049,1.0,1.0,0.24157962499884889
optional,0.2,1003,350,150,150,0.0,0.05,0.95,8,4,0.011428571428571429,1.5395698912384146,0.7697849456192073,6.451428571428571,9,10,8,2,20,14,15,8,4,4,0,0,2,4,0.08241758241758242,6,1.75,136,121,61,91,75,7,54,7,8,8,0,0.22761194029850745,6.75,7,12,0.6953629976580796,1.0,7.625,17.0,11.375,150,0,0,150,1.0,1.0,1.0,1.0,0.0,0.0,9.0,1.0,1.0,1.0,1.0,0.0,150,0,0,150,1.0,1.0,1.0,1.0,0.0,0.0,9.0,1.0,1.0,1.0,1.0,0.0,150,0,0,150,1.0,1.0,1.0,1.0,0.0,0.0,9.0,1.0,1.0,1.0,1.0,0.0,1.0,1.0,0.9332550920825712,0.9047619047619049,1.0,1.0,0.2647505839995574
optional,0.2,1004,350,150,150,0.0,0.05,0.95,8,4,0.011428571428571429,1.5145017859708187,0.7572508929854094,6.44,9,10,8,2,20,14,15,8,4,4,0,0,2,4,0.08241758241758242,6,1.75,136,121,61,91,75,7,54,7,8,8,0,0.22761194029850745,6.75,7,12,0.6931147540983607,1.0,7.625,17.0,11.375,150,0,0,150,1.0,1.0,1.0,1.0,0.0,0.0,9.0,1.0,1.0,1.0,1.0,0.0,150,0,0,150,1.0,1.0,1.0,1.0,0.0,0.0,9.0,1.0,1.0,1.0,1.0,0.0,150,0,0,150,1.0,1.0,1.0,1.0,0.0,0.0,9.0,1.0,1.0,1.0,1.0,0.0,1.0,1.0,0.932977664375088,0.9047619047619049,1.0,1.0,0.26515125000150874
optional,0.2,1005,350,150,150,0.0,0.05,0.95,8,4,0.011428571428571429,1.4478081889301428,0.7239040944650714,6.402857142857143,9,10,8,2,20,14,15,8,4,4,0,0,2,4,0.08241758241758242,6,1.75,136,121,61,91,75,7,54,7,8,8,0,0.22761194029850745,6.75,7,12,0.685807962529274,1.0,7.625,17.0,11.375,150,0,0,150,1.0,1.0,1.0,1.0,0.0,0.0,9.0,1.0,1.0,1.0,1.0,0.0,150,0,0,150,1.0,1.0,1.0,1.0,0.0,0.0,9.0,1.0,1.0,1.0,1.0,0.0,150,0,0,150,1.0,1.0,1.0,1.0,0.0,0.0,9.0,1.0,1.0,1.0,1.0,0.0,1.0,1.0,0.9321455618476622,0.9047619047619049,1.0,1.0,0.23662800001329742
optional,0.2,1006,350,150,150,0.0,0.05,0.95,8,4,0.011428571428571429,1.3128814362774952,0.6564407181387476,6.34,9,10,8,2,20,14,15,8,4,4,0,0,2,4,0.08241758241758242,6,1.75,136,121,61,91,75,7,54,7,8,8,0,0.22761194029850745,6.75,7,12,0.6734426229508197,1.0,7.625,17.0,11.375,150,0,0,150,1.0,1.0,1.0,1.0,0.0,0.0,9.0,1.0,1.0,1.0,1.0,0.0,150,0,0,150,1.0,1.0,1.0,1.0,0.0,0.0,9.0,1.0,1.0,1.0,1.0,0.0,150,0,0,150,1.0,1.0,1.0,1.0,0.0,0.0,9.0,1.0,1.0,1.0,1.0,0.0,1.0,1.0,0.9301810304480109,0.9047619047619049,1.0,1.0,0.2628490829956718
optional,0.2,1007,350,150,150,0.0,0.05,0.95,8,4,0.011428571428571429,1.47209244337125,0.736046221685625,6.417142857142857,9,10,8,2,20,14,15,8,4,4,0,0,2,4,0.08241758241758242,6,1.75,136,121,61,91,75,7,54,7,8,8,0,0.22761194029850745,6.75,7,12,0.6886182669789227,1.0,7.625,17.0,11.375,150,0,0,150,1.0,1.0,1.0,1.0,0.0,0.0,9.0,1.0,1.0,1.0,1.0,0.0,150,0,0,150,1.0,1.0,1.0,1.0,0.0,0.0,9.0,1.0,1.0,1.0,1.0,0.0,150,0,0,150,1.0,1.0,1.0,1.0,0.0,0.0,9.0,1.0,1.0,1.0,1.0,0.0,1.0,1.0,0.9323934700143893,0.9047619047619049,1.0,1.0,0.248434459004784
optional,0.2,1008,350,150,150,0.0,0.05,0.95,8,4,0.011428571428571429,1.3937048968832098,0.6968524484416049,6.377142857142857,9,10,8,2,20,14,15,8,4,4,0,0,2,4,0.08241758241758242,6,1.75,136,121,61,91,75,7,54,7,8,8,0,0.22761194029850745,6.75,7,12,0.6807494145199063,1.0,7.625,17.0,11.375,150,0,0,150,1.0,1.0,1.0,1.0,0.0,0.0,9.0,1.0,1.0,1.0,1.0,0.0,150,0,0,150,1.0,1.0,1.0,1.0,0.0,0.0,9.0,1.0,1.0,1.0,1.0,0.0,150,0,0,150,1.0,1.0,1.0,1.0,0.0,0.0,9.0,1.0,1.0,1.0,1.0,0.0,1.0,1.0,0.9313637898291875,0.9047619047619049,1.0,1.0,0.24179575001471676
optional,0.2,1009,350,150,150,0.0,0.05,0.95,8,4,0.011428571428571429,1.4141076705215325,0.7070538352607663,6.385714285714286,9,10,8,2,20,14,15,8,4,4,0,0,2,4,0.08241758241758242,6,1.75,136,121,61,91,75,7,54,7,8,8,0,0.22761194029850745,6.75,7,12,0.6824355971896955,1.0,7.625,17.0,11.375,150,0,0,150,1.0,1.0,1.0,1.0,0.0,0.0,9.0,1.0,1.0,1.0,1.0,0.0,150,0,0,150,1.0,1.0,1.0,1.0,0.0,0.0,9.0,1.0,1.0,1.0,1.0,0.0,150,0,0,150,1.0,1.0,1.0,1.0,0.0,0.0,9.0,1.0,1.0,1.0,1.0,0.0,1.0,1.0,0.9316732595939814,0.9047619047619049,1.0,1.0,0.25399695901433006
optional,0.2,1010,350,150,150,0.0,0.05,0.95,8,4,0.011428571428571429,1.4523797482029102,0.7261898741014551,6.408571428571428,9,10,8,2,20,14,15,8,4,4,0,0,2,4,0.08241758241758242,6,1.75,136,121,61,91,75,7,54,7,8,8,0,0.22761194029850745,6.75,7,12,0.6869320843091336,1.0,7.625,17.0,11.375,150,0,0,150,1.0,1.0,1.0,1.0,0.0,0.0,9.0,1.0,1.0,1.0,1.0,0.0,150,0,0,150,1.0,1.0,1.0,1.0,0.0,0.0,9.0,1.0,1.0,1.0,1.0,0.0,150,0,0,150,1.0,1.0,1.0,1.0,0.0,0.0,9.0,1.0,1.0,1.0,1.0,0.0,1.0,1.0,0.9322697241015905,0.9047619047619049,1.0,1.0,0.24077495801611803
optional,0.3,1001,350,150,150,0.0,0.05,0.95,8,4,0.011428571428571429,1.7723490059736549,0.8861745029868274,6.614285714285714,9,10,8,2,20,14,15,8,4,4,0,0,2,4,0.08241758241758242,6,1.75,136,121,61,91,75,7,54,7,8,8,0,0.22761194029850745,6.75,7,12,0.727400468384075,1.0,7.625,17.0,11.375,150,0,0,150,1.0,1.0,1.0,1.0,0.0,0.0,9.0,1.0,1.0,1.0,1.0,0.0,150,0,0,150,1.0,1.0,1.0,1.0,0.0,0.0,9.0,1.0,1.0,1.0,1.0,0.0,150,0,0,150,1.0,1.0,1.0,1.0,0.0,0.0,9.0,1.0,1.0,1.0,1.0,0.0,1.0,1.0,0.9357013837376511,0.9047619047619049,1.0,1.0,0.24603099998785183
optional,0.3,1002,350,150,150,0.0,0.05,0.95,8,4,0.011428571428571429,1.840202929575399,0.9201014647876995,6.671428571428572,9,10,8,2,20,14,15,8,4,4,0,0,2,4,0.08241758241758242,6,1.75,136,121,61,91,75,7,54,7,8,8,0,0.22761194029850745,6.75,7,12,0.7386416861826698,1.0,7.625,17.0,11.375,150,0,0,150,1.0,1.0,1.0,1.0,0.0,0.0,9.0,1.0,1.0,1.0,1.0,0.0,150,0,0,150,1.0,1.0,1.0,1.0,0.0,0.0,9.0,1.0,1.0,1.0,1.0,0.0,150,0,0,150,1.0,1.0,1.0,1.0,0.0,0.0,9.0,1.0,1.0,1.0,1.0,0.0,1.0,1.0,0.9363495078724797,0.9047619047619049,1.0,1.0,0.2610456249967683
optional,0.3,1003,350,150,150,0.0,0.05,0.95,8,4,0.011428571428571429,1.7695963728162067,0.8847981864081034,6.6085714285714285,9,10,8,2,20,14,15,8,4,4,0,0,2,4,0.08241758241758242,6,1.75,136,121,61,91,75,7,54,7,8,8,0,0.22761194029850745,6.75,7,12,0.7262763466042155,1.0,7.625,17.0,11.375,150,0,0,150,1.0,1.0,1.0,1.0,0.0,0.0,9.0,1.0,1.0,1.0,1.0,0.0,150,0,0,150,1.0,1.0,1.0,1.0,0.0,0.0,9.0,1.0,1.0,1.0,1.0,0.0,150,0,0,150,1.0,1.0,1.0,1.0,0.0,0.0,9.0,1.0,1.0,1.0,1.0,0.0,1.0,1.0,0.9356910251220808,0.9047619047619049,1.0,1.0,0.241985458007548
optional,0.3,1004,350,150,150,0.0,0.05,0.95,8,4,0.011428571428571429,1.831825925483122,0.915912962741561,6.6657142857142855,9,10,8,2,20,14,15,8,4,4,0,0,2,4,0.08241758241758242,6,1.75,136,121,61,91,75,7,54,7,8,8,0,0.22761194029850745,6.75,7,12,0.7375175644028102,1.0,7.625,17.0,11.375,150,0,0,150,1.0,1.0,1.0,1.0,0.0,0.0,9.0,1.0,1.0,1.0,1.0,0.0,150,0,0,150,1.0,1.0,1.0,1.0,0.0,0.0,9.0,1.0,1.0,1.0,1.0,0.0,150,0,0,150,1.0,1.0,1.0,1.0,0.0,0.0,9.0,1.0,1.0,1.0,1.0,0.0,1.0,1.0,0.9362766557005732,0.9047619047619049,1.0,1.0,0.24347133398987353
optional,0.3,1005,350,150,150,0.0,0.05,0.95,8,4,0.011428571428571429,1.6847895499569772,0.8423947749784886,6.545714285714285,9,10,8,2,20,14,15,8,4,4,0,0,2,4,0.08241758241758242,6,1.75,136,121,61,91,75,7,54,7,8,8,0,0.22761194029850745,6.75,7,12,0.7139110070257612,1.0,7.625,17.0,11.375,150,0,0,150,1.0,1.0,1.0,1.0,0.0,0.0,9.0,1.0,1.0,1.0,1.0,0.0,150,0,0,150,1.0,1.0,1.0,1.0,0.0,0.0,9.0,1.0,1.0,1.0,1.0,0.0,150,0,0,150,1.0,1.0,1.0,1.0,0.0,0.0,9.0,1.0,1.0,1.0,1.0,0.0,1.0,1.0,0.9348873457847675,0.9047619047619049,1.0,1.0,0.25853620798443444
optional,0.3,1006,350,150,150,0.0,0.05,0.95,8,4,0.011428571428571429,1.8060482613492126,0.9030241306746063,6.64,9,10,8,2,20,14,15,8,4,4,0,0,2,4,0.08241758241758242,6,1.75,136,121,61,91,75,7,54,7,8,8,0,0.22761194029850745,6.75,7,12,0.7324590163934426,1.0,7.625,17.0,11.375,150,0,0,150,1.0,1.0,1.0,1.0,0.0,0.0,9.0,1.0,1.0,1.0,1.0,0.0,150,0,0,150,1.0,1.0,1.0,1.0,0.0,0.0,9.0,1.0,1.0,1.0,1.0,0.0,150,0,0,150,1.0,1.0,1.0,1.0,0.0,0.0,9.0,1.0,1.0,1.0,1.0,0.0,1.0,1.0,0.9360343826711446,0.9047619047619049,1.0,1.0,0.24109170900192112
optional,0.3,1007,350,150,150,0.0,0.05,0.95,8,4,0.011428571428571429,1.8040930011597658,0.9020465005798829,6.642857142857143,9,10,8,2,20,14,15,8,4,4,0,0,2,4,0.08241758241758242,6,1.75,136,121,61,91,75,7,54,7,8,8,0,0.22761194029850745,6.75,7,12,0.7330210772833724,1.0,7.625,17.0,11.375,150,0,0,150,1.0,1.0,1.0,1.0,0.0,0.0,9.0,1.0,1.0,1.0,1.0,0.0,150,0,0,150,1.0,1.0,1.0,1.0,0.0,0.0,9.0,1.0,1.0,1.0,1.0,0.0,150,0,0,150,1.0,1.0,1.0,1.0,0.0,0.0,9.0,1.0,1.0,1.0,1.0,0.0,1.0,1.0,0.9360088704094482,0.9047619047619049,1.0,1.0,0.2525065419904422
optional,0.3,1008,350,150,150,0.0,0.05,0.95,8,4,0.011428571428571429,1.7980920968148695,0.8990460484074347,6.631428571428572,9,10,8,2,20,14,15,8,4,4,0,0,2,4,0.08241758241758242,6,1.75,136,121,61,91,75,7,54,7,8,8,0,0.22761194029850745,6.75,7,12,0.7307728337236534,1.0,7.625,17.0,11.375,150,0,0,150,1.0,1.0,1.0,1.0,0.0,0.0,9.0,1.0,1.0,1.0,1.0,0.0,150,0,0,150,1.0,1.0,1.0,1.0,0.0,0.0,9.0,1.0,1.0,1.0,1.0,0.0,150,0,0,150,1.0,1.0,1.0,1.0,0.0,0.0,9.0,1.0,1.0,1.0,1.0,0.0,1.0,1.0,0.9359790106033177,0.9047619047619049,1.0,1.0,0.26858720800373703
optional,0.3,1009,350,150,150,0.0,0.05,0.95,8,4,0.011428571428571429,1.7545533916057858,0.8772766958028929,6.594285714285714,9,10,8,2,20,14,15,8,4,4,0,0,2,4,0.08241758241758242,6,1.75,136,121,61,91,75,7,54,7,8,8,0,0.22761194029850745,6.75,7,12,0.7234660421545668,1.0,7.625,17.0,11.375,150,0,0,150,1.0,1.0,1.0,1.0,0.0,0.0,9.0,1.0,1.0,1.0,1.0,0.0,150,0,0,150,1.0,1.0,1.0,1.0,0.0,0.0,9.0,1.0,1.0,1.0,1.0,0.0,150,0,0,150,1.0,1.0,1.0,1.0,0.0,0.0,9.0,1.0,1.0,1.0,1.0,0.0,1.0,1.0,0.9355586686817119,0.9047619047619049,1.0,1.0,0.23872799999662675
optional,0.3,1010,350,150,150,0.0,0.05,0.95,8,4,0.011428571428571429,1.7758161410070203,0.8879080705035102,6.611428571428571,9,10,8,2,20,14,15,8,4,4,0,0,2,4,0.08241758241758242,6,1.75,136,121,61,91,75,7,54,7,8,8,0,0.22761194029850745,6.75,7,12,0.7268384074941452,1.0,7.625,17.0,11.375,150,0,0,150,1.0,1.0,1.0,1.0,0.0,0.0,9.0,1.0,1.0,1.0,1.0,0.0,150,0,0,150,1.0,1.0,1.0,1.0,0.0,0.0,9.0,1.0,1.0,1.0,1.0,0.0,150,0,0,150,1.0,1.0,1.0,1.0,0.0,0.0,9.0,1.0,1.0,1.0,1.0,0.0,1.0,1.0,0.9357574789468316,0.9047619047619049,1.0,1.0,0.23995833299704827
optional,0.4,1001,350,150,150,0.0,0.05,0.95,8,4,0.011428571428571429,1.9650496405946862,0.9825248202973431,6.871428571428571,9,10,8,2,20,14,15,8,4,4,0,0,2,4,0.08241758241758242,6,1.75,136,121,61,91,75,7,54,7,8,8,0,0.22761194029850745,6.75,7,12,0.7779859484777517,1.0,7.625,17.0,11.375,150,0,0,150,1.0,1.0,1.0,1.0,0.0,0.0,9.0,1.0,1.0,1.0,1.0,0.0,150,0,0,150,1.0,1.0,1.0,1.0,0.0,0.0,9.0,1.0,1.0,1.0,1.0,0.0,150,0,0,150,1.0,1.0,1.0,1.0,0.0,0.0,9.0,1.0,1.0,1.0,1.0,0.0,1.0,1.0,0.937439317167247,0.9047619047619049,1.0,1.0,0.26860958299948834
optional,0.4,1002,350,150,150,0.0,0.05,0.95,8,4,0.011428571428571429,1.9612887830988506,0.9806443915494253,6.854285714285714,9,10,8,2,20,14,15,8,4,4,0,0,2,4,0.08241758241758242,6,1.75,136,121,61,91,75,7,54,7,8,8,0,0.22761194029850745,6.75,7,12,0.7746135831381733,1.0,7.625,17.0,11.375,150,0,0,150,1.0,1.0,1.0,1.0,0.0,0.0,9.0,1.0,1.0,1.0,1.0,0.0,150,0,0,150,1.0,1.0,1.0,1.0,0.0,0.0,9.0,1.0,1.0,1.0,1.0,0.0,150,0,0,150,1.0,1.0,1.0,1.0,0.0,0.0,9.0,1.0,1.0,1.0,1.0,0.0,1.0,1.0,0.9374240585825637,0.9047619047619049,1.0,1.0,0.24233816599007696
optional,0.4,1003,350,150,150,0.0,0.05,0.95,8,4,0.011428571428571429,1.9539016336945416,0.9769508168472708,6.822857142857143,9,10,8,2,20,14,15,8,4,4,0,0,2,4,0.08241758241758242,6,1.75,136,121,61,91,75,7,54,7,8,8,0,0.22761194029850745,6.75,7,12,0.7684309133489461,1.0,7.625,17.0,11.375,150,0,0,150,1.0,1.0,1.0,1.0,0.0,0.0,9.0,1.0,1.0,1.0,1.0,0.0,150,0,0,150,1.0,1.0,1.0,1.0,0.0,0.0,9.0,1.0,1.0,1.0,1.0,0.0,150,0,0,150,1.0,1.0,1.0,1.0,0.0,0.0,9.0,1.0,1.0,1.0,1.0,0.0,1.0,1.0,0.9373235020693239,0.9047619047619049,1.0,1.0,0.2466679580102209
optional,0.4,1004,350,150,150,0.0,0.05,0.95,8,4,0.011428571428571429,1.8680075436900005,0.9340037718450003,6.702857142857143,9,10,8,2,20,14,15,8,4,4,0,0,2,4,0.08241758241758242,6,1.75,136,121,61,91,75,7,54,7,8,8,0,0.22761194029850745,6.75,7,12,0.744824355971897,1.0,7.625,17.0,11.375,150,0,0,150,1.0,1.0,1.0,1.0,0.0,0.0,9.0,1.0,1.0,1.0,1.0,0.0,150,0,0,150,1.0,1.0,1.0,1.0,0.0,0.0,9.0,1.0,1.0,1.0,1.0,0.0,150,0,0,150,1.0,1.0,1.0,1.0,0.0,0.0,9.0,1.0,1.0,1.0,1.0,0.0,1.0,1.0,0.9365941007393477,0.9047619047619049,1.0,1.0,0.2667323329951614
optional,0.4,1005,350,150,150,0.0,0.05,0.95,8,4,0.011428571428571429,1.9631356397814066,0.9815678198907033,6.845714285714286,9,10,8,2,20,14,15,8,4,4,0,0,2,4,0.08241758241758242,6,1.75,136,121,61,91,75,7,54,7,8,8,0,0.22761194029850745,6.75,7,12,0.772927400468384,1.0,7.625,17.0,11.375,150,0,0,150,1.0,1.0,1.0,1.0,0.0,0.0,9.0,1.0,1.0,1.0,1.0,0.0,150,0,0,150,1.0,1.0,1.0,1.0,0.0,0.0,9.0,1.0,1.0,1.0,1.0,0.0,150,0,0,150,1.0,1.0,1.0,1.0,0.0,0.0,9.0,1.0,1.0,1.0,1.0,0.0,1.0,1.0,0.9373966450917638,0.9047619047619049,1.0,1.0,0.24994775000959635
optional,0.4,1006,350,150,150,0.0,0.05,0.95,8,4,0.011428571428571429,1.926426447798832,0.963213223899416,6.78,9,10,8,2,20,14,15,8,4,4,0,0,2,4,0.08241758241758242,6,1.75,136,121,61,91,75,7,54,7,8,8,0,0.22761194029850745,6.75,7,12,0.76,1.0,7.625,17.0,11.375,150,0,0,150,1.0,1.0,1.0,1.0,0.0,0.0,9.0,1.0,1.0,1.0,1.0,0.0,150,0,0,150,1.0,1.0,1.0,1.0,0.0,0.0,9.0,1.0,1.0,1.0,1.0,0.0,150,0,0,150,1.0,1.0,1.0,1.0,0.0,0.0,9.0,1.0,1.0,1.0,1.0,0.0,1.0,1.0,0.9370967504910402,0.9047619047619049,1.0,1.0,0.25058670798898675
optional,0.4,1007,350,150,150,0.0,0.05,0.95,8,4,0.011428571428571429,1.9205495156434926,0.9602747578217463,6.768571428571429,9,10,8,2,20,14,15,8,4,4,0,0,2,4,0.08241758241758242,6,1.75,136,121,61,91,75,7,54,7,8,8,0,0.22761194029850745,6.75,7,12,0.757751756440281,1.0,7.625,17.0,11.375,150,0,0,150,1.0,1.0,1.0,1.0,0.0,0.0,9.0,1.0,1.0,1.0,1.0,0.0,150,0,0,150,1.0,1.0,1.0,1.0,0.0,0.0,9.0,1.0,1.0,1.0,1.0,0.0,150,0,0,150,1.0,1.0,1.0,1.0,0.0,0.0,9.0,1.0,1.0,1.0,1.0,0.0,1.0,1.0,0.9370564498824953,0.9047619047619049,1.0,1.0,0.2809161669865716
optional,0.4,1008,350,150,150,0.0,0.05,0.95,8,4,0.011428571428571429,1.9266279734726535,0.9633139867363267,6.78,9,10,8,2,20,14,15,8,4,4,0,0,2,4,0.08241758241758242,6,1.75,136,121,61,91,75,7,54,7,8,8,0,0.22761194029850745,6.75,7,12,0.76,1.0,7.625,17.0,11.375,150,0,0,150,1.0,1.0,1.0,1.0,0.0,0.0,9.0,1.0,1.0,1.0,1.0,0.0,150,0,0,150,1.0,1.0,1.0,1.0,0.0,0.0,9.0,1.0,1.0,1.0,1.0,0.0,150,0,0,150,1.0,1.0,1.0,1.0,0.0,0.0,9.0,1.0,1.0,1.0,1.0,0.0,1.0,1.0,0.9371214844125437,0.9047619047619049,1.0,1.0,0.25037383401650004
optional,0.4,1009,350,150,150,0.0,0.05,0.95,8,4,0.011428571428571429,1.932315163057668,0.966157581528834,6.8,9,10,8,2,20,14,15,8,4,4,0,0,2,4,0.08241758241758242,6,1.75,136,121,61,91,75,7,54,7,8,8,0,0.22761194029850745,6.75,7,12,0.7639344262295082,1.0,7.625,17.0,11.375,150,0,0,150,1.0,1.0,1.0,1.0,0.0,0.0,9.0,1.0,1.0,1.0,1.0,0.0,150,0,0,150,1.0,1.0,1.0,1.0,0.0,0.0,9.0,1.0,1.0,1.0,1.0,0.0,150,0,0,150,1.0,1.0,1.0,1.0,0.0,0.0,9.0,1.0,1.0,1.0,1.0,0.0,1.0,1.0,0.9371493647411883,0.9047619047619049,1.0,1.0,0.236413459002506
optional,0.4,1010,350,150,150,0.0,0.05,0.95,8,4,0.011428571428571429,1.9431807952988496,0.9715903976494248,6.808571428571429,9,10,8,2,20,14,15,8,4,4,0,0,2,4,0.08241758241758242,6,1.75,136,121,61,91,75,7,54,7,8,8,0,0.22761194029850745,6.75,7,12,0.7656206088992974,1.0,7.625,17.0,11.375,150,0,0,150,1.0,1.0,1.0,1.0,0.0,0.0,9.0,1.0,1.0,1.0,1.0,0.0,150,0,0,150,1.0,1.0,1.0,1.0,0.0,0.0,9.0,1.0,1.0,1.0,1.0,0.0,150,0,0,150,1.0,1.0,1.0,1.0,0.0,0.0,9.0,1.0,1.0,1.0,1.0,0.0,1.0,1.0,0.9372461531049948,0.9047619047619049,1.0,1.0,0.25677212499431334
optional,0.5,1001,350,150,150,0.0,0.05,0.95,8,4,0.011428571428571429,1.9965747386603128,0.9982873693301564,6.957142857142857,9,10,8,2,20,14,15,8,4,4,0,0,2,4,0.08241758241758242,6,1.75,136,121,61,91,75,7,54,7,8,8,0,0.22761194029850745,6.75,7,12,0.7948477751756441,1.0,7.625,17.0,11.375,150,0,0,150,1.0,1.0,1.0,1.0,0.0,0.0,9.0,1.0,1.0,1.0,1.0,0.0,150,0,0,150,1.0,1.0,1.0,1.0,0.0,0.0,9.0,1.0,1.0,1.0,1.0,0.0,150,0,0,150,1.0,1.0,1.0,1.0,0.0,0.0,9.0,1.0,1.0,1.0,1.0,0.0,1.0,1.0,0.9376705452709064,0.9047619047619049,1.0,1.0,0.2672222499968484
optional,0.5,1002,350,150,150,0.0,0.05,0.95,8,4,0.011428571428571429,1.9886071511687764,0.9943035755843882,7.022857142857143,9,10,8,2,20,14,15,8,4,4,0,0,2,4,0.08241758241758242,6,1.75,136,121,61,91,75,7,54,7,8,8,0,0.22761194029850745,6.75,7,12,0.807775175644028,1.0,7.625,17.0,11.375,150,0,0,150,1.0,1.0,1.0,1.0,0.0,0.0,9.0,1.0,1.0,1.0,1.0,0.0,150,0,0,150,1.0,1.0,1.0,1.0,0.0,0.0,9.0,1.0,1.0,1.0,1.0,0.0,150,0,0,150,1.0,1.0,1.0,1.0,0.0,0.0,9.0,1.0,1.0,1.0,1.0,0.0,1.0,1.0,0.9376405336542724,0.9047619047619049,1.0,1.0,0.23830937498132698
optional,0.5,1003,350,150,150,0.0,0.05,0.95,8,4,0.011428571428571429,1.9857294733529995,0.9928647366764998,7.085714285714285,9,10,8,2,20,14,15,8,4,4,0,0,2,4,0.08241758241758242,6,1.75,136,121,61,91,75,7,54,7,8,8,0,0.22761194029850745,6.75,7,12,0.8201405152224825,1.0,7.625,17.0,11.375,150,0,0,150,1.0,1.0,1.0,1.0,0.0,0.0,9.0,1.0,1.0,1.0,1.0,0.0,150,0,0,150,1.0,1.0,1.0,1.0,0.0,0.0,9.0,1.0,1.0,1.0,1.0,0.0,150,0,0,150,1.0,1.0,1.0,1.0,0.0,0.0,9.0,1.0,1.0,1.0,1.0,0.0,1.0,1.0,0.9376073553234794,0.9047619047619049,1.0,1.0,0.2575143339927308
optional,0.5,1004,350,150,150,0.0,0.05,0.95,8,4,0.011428571428571429,1.9883520101715653,0.9941760050857826,7.017142857142857,9,10,8,2,20,14,15,8,4,4,0,0,2,4,0.08241758241758242,6,1.75,136,121,61,91,75,7,54,7,8,8,0,0.22761194029850745,6.75,7,12,0.8066510538641686,1.0,7.625,17.0,11.375,150,0,0,150,1.0,1.0,1.0,1.0,0.0,0.0,9.0,1.0,1.0,1.0,1.0,0.0,150,0,0,150,1.0,1.0,1.0,1.0,0.0,0.0,9.0,1.0,1.0,1.0,1.0,0.0,150,0,0,150,1.0,1.0,1.0,1.0,0.0,0.0,9.0,1.0,1.0,1.0,1.0,0.0,1.0,1.0,0.9376822262555603,0.9047619047619049,1.0,1.0,0.26158470899099484
optional,0.5,1005,350,150,150,0.0,0.05,0.95,8,4,0.011428571428571429,1.9988549833801872,0.9994274916900936,7.025714285714286,9,10,8,2,20,14,15,8,4,4,0,0,2,4,0.08241758241758242,6,1.75,136,121,61,91,75,7,54,7,8,8,0,0.22761194029850745,6.75,7,12,0.8083372365339578,1.0,7.625,17.0,11.375,150,0,0,150,1.0,1.0,1.0,1.0,0.0,0.0,9.0,1.0,1.0,1.0,1.0,0.0,150,0,0,150,1.0,1.0,1.0,1.0,0.0,0.0,9.0,1.0,1.0,1.0,1.0,0.0,150,0,0,150,1.0,1.0,1.0,1.0,0.0,0.0,9.0,1.0,1.0,1.0,1.0,0.0,1.0,1.0,0.9376831564091409,0.9047619047619049,1.0,1.0,0.24754229100653902
optional,0.5,1006,350,150,150,0.0,0.05,0.95,8,4,0.011428571428571429,1.9939257787114522,0.9969628893557261,6.991428571428571,9,10,8,2,20,14,15,8,4,4,0,0,2,4,0.08241758241758242,6,1.75,136,121,61,91,75,7,54,7,8,8,0,0.22761194029850745,6.75,7,12,0.801592505854801,1.0,7.625,17.0,11.375,150,0,0,150,1.0,1.0,1.0,1.0,0.0,0.0,9.0,1.0,1.0,1.0,1.0,0.0,150,0,0,150,1.0,1.0,1.0,1.0,0.0,0.0,9.0,1.0,1.0,1.0,1.0,0.0,150,0,0,150,1.0,1.0,1.0,1.0,0.0,0.0,9.0,1.0,1.0,1.0,1.0,0.0,1.0,1.0,0.9376571620901241,0.9047619047619049,1.0,1.0,0.2439142079965677
optional,0.5,1007,350,150,150,0.0,0.05,0.95,8,4,0.011428571428571429,1.9969707580983658,0.9984853790491829,6.974285714285714,9,10,8,2,20,14,15,8,4,4,0,0,2,4,0.08241758241758242,6,1.75,136,121,61,91,75,7,54,7,8,8,0,0.22761194029850745,6.75,7,12,0.7982201405152225,1.0,7.625,17.0,11.375,150,0,0,150,1.0,1.0,1.0,1.0,0.0,0.0,9.0,1.0,1.0,1.0,1.0,0.0,150,0,0,150,1.0,1.0,1.0,1.0,0.0,0.0,9.0,1.0,1.0,1.0,1.0,0.0,150,0,0,150,1.0,1.0,1.0,1.0,0.0,0.0,9.0,1.0,1.0,1.0,1.0,0.0,1.0,1.0,0.9376682876322857,0.9047619047619049,1.0,1.0,0.2669146249827463
optional,0.5,1008,350,150,150,0.0,0.05,0.95,8,4,0.011428571428571429,1.9973741743668927,0.9986870871834463,6.962857142857143,9,10,8,2,20,14,15,8,4,4,0,0,2,4,0.08241758241758242,6,1.75,136,121,61,91,75,7,54,7,8,8,0,0.22761194029850745,6.75,7,12,0.7959718969555035,1.0,7.625,17.0,11.375,150,0,0,150,1.0,1.0,1.0,1.0,0.0,0.0,9.0,1.0,1.0,1.0,1.0,0.0,150,0,0,150,1.0,1.0,1.0,1.0,0.0,0.0,9.0,1.0,1.0,1.0,1.0,0.0,150,0,0,150,1.0,1.0,1.0,1.0,0.0,0.0,9.0,1.0,1.0,1.0,1.0,0.0,1.0,1.0,0.9376735058491628,0.9047619047619049,1.0,1.0,0.249276499991538
optional,0.5,1009,350,150,150,0.0,0.05,0.95,8,4,0.011428571428571429,1.9966955474215013,0.9983477737107507,6.977142857142857,9,10,8,2,20,14,15,8,4,4,0,0,2,4,0.08241758241758242,6,1.75,136,121,61,91,75,7,54,7,8,8,0,0.22761194029850745,6.75,7,12,0.7987822014051522,1.0,7.625,17.0,11.375,150,0,0,150,1.0,1.0,1.0,1.0,0.0,0.0,9.0,1.0,1.0,1.0,1.0,0.0,150,0,0,150,1.0,1.0,1.0,1.0,0.0,0.0,9.0,1.0,1.0,1.0,1.0,0.0,150,0,0,150,1.0,1.0,1.0,1.0,0.0,0.0,9.0,1.0,1.0,1.0,1.0,0.0,1.0,1.0,0.9376673617184222,0.9047619047619049,1.0,1.0,0.2347214590117801
optional,0.5,1010,350,150,150,0.0,0.05,0.95,8,4,0.011428571428571429,1.9982414896013478,0.9991207448006739,6.965714285714285,9,10,8,2,20,14,15,8,4,4,0,0,2,4,0.08241758241758242,6,1.75,136,121,61,91,75,7,54,7,8,8,0,0.22761194029850745,6.75,7,12,0.7965339578454332,1.0,7.625,17.0,11.375,150,0,0,150,1.0,1.0,1.0,1.0,0.0,0.0,9.0,1.0,1.0,1.0,1.0,0.0,150,0,0,150,1.0,1.0,1.0,1.0,0.0,0.0,9.0,1.0,1.0,1.0,1.0,0.0,150,0,0,150,1.0,1.0,1.0,1.0,0.0,0.0,9.0,1.0,1.0,1.0,1.0,0.0,1.0,1.0,0.9376777804923204,0.9047619047619049,1.0,1.0,0.26289795798948035
order,0.0,1001,350,150,150,0.0,0.05,0.95,6,1,0.002857142857142857,0.0,0.0,6.0,7,6,6,0,12,8,7,6,0,0,0,0,0,0,0.125,2,1.3333333333333333,112,97,37,67,75,7,30,4,6,6,0,0.25170068027210885,5.0,5,5,1.0,1.0,6.166666666666667,18.666666666666668,11.166666666666666,150,0,0,150,1.0,1.0,1.0,1.0,0.0,0.0,9.0,1.0,1.0,1.0,1.0,0.0,150,0,0,150,1.0,1.0,1.0,1.0,0.0,0.0,9.0,1.0,1.0,1.0,1.0,0.0,150,0,0,150,1.0,1.0,1.0,1.0,0.0,0.0,9.0,1.0,1.0,1.0,1.0,0.0,1.0,1.0,0.9465477516175151,1.0,1.0,1.0,0.2042520419927314
order,0.0,1002,350,150,150,0.0,0.05,0.95,6,1,0.002857142857142857,0.0,0.0,6.0,7,6,6,0,12,8,7,6,0,0,0,0,0,0,0.125,2,1.3333333333333333,112,97,37,67,75,7,30,4,6,6,0,0.25170068027210885,5.0,5,5,1.0,1.0,6.166666666666667,18.666666666666668,11.166666666666666,150,0,0,150,1.0,1.0,1.0,1.0,0.0,0.0,9.0,1.0,1.0,1.0,1.0,0.0,150,0,0,150,1.0,1.0,1.0,1.0,0.0,0.0,9.0,1.0,1.0,1.0,1.0,0.0,150,0,0,150,1.0,1.0,1.0,1.0,0.0,0.0,9.0,1.0,1.0,1.0,1.0,0.0,1.0,1.0,0.9465477516175151,1.0,1.0,1.0,0.1934518750058487
order,0.0,1003,350,150,150,0.0,0.05,0.95,6,1,0.002857142857142857,0.0,0.0,6.0,7,6,6,0,12,8,7,6,0,0,0,0,0,0,0.125,2,1.3333333333333333,112,97,37,67,75,7,30,4,6,6,0,0.25170068027210885,5.0,5,5,1.0,1.0,6.166666666666667,18.666666666666668,11.166666666666666,150,0,0,150,1.0,1.0,1.0,1.0,0.0,0.0,9.0,1.0,1.0,1.0,1.0,0.0,150,0,0,150,1.0,1.0,1.0,1.0,0.0,0.0,9.0,1.0,1.0,1.0,1.0,0.0,150,0,0,150,1.0,1.0,1.0,1.0,0.0,0.0,9.0,1.0,1.0,1.0,1.0,0.0,1.0,1.0,0.9465477516175151,1.0,1.0,1.0,0.18500737499562092
order,0.0,1004,350,150,150,0.0,0.05,0.95,6,1,0.002857142857142857,0.0,0.0,6.0,7,6,6,0,12,8,7,6,0,0,0,0,0,0,0.125,2,1.3333333333333333,112,97,37,67,75,7,30,4,6,6,0,0.25170068027210885,5.0,5,5,1.0,1.0,6.166666666666667,18.666666666666668,11.166666666666666,150,0,0,150,1.0,1.0,1.0,1.0,0.0,0.0,9.0,1.0,1.0,1.0,1.0,0.0,150,0,0,150,1.0,1.0,1.0,1.0,0.0,0.0,9.0,1.0,1.0,1.0,1.0,0.0,150,0,0,150,1.0,1.0,1.0,1.0,0.0,0.0,9.0,1.0,1.0,1.0,1.0,0.0,1.0,1.0,0.9465477516175151,1.0,1.0,1.0,0.1916465839894954
order,0.0,1005,350,150,150,0.0,0.05,0.95,6,1,0.002857142857142857,0.0,0.0,6.0,7,6,6,0,12,8,7,6,0,0,0,0,0,0,0.125,2,1.3333333333333333,112,97,37,67,75,7,30,4,6,6,0,0.25170068027210885,5.0,5,5,1.0,1.0,6.166666666666667,18.666666666666668,11.166666666666666,150,0,0,150,1.0,1.0,1.0,1.0,0.0,0.0,9.0,1.0,1.0,1.0,1.0,0.0,150,0,0,150,1.0,1.0,1.0,1.0,0.0,0.0,9.0,1.0,1.0,1.0,1.0,0.0,150,0,0,150,1.0,1.0,1.0,1.0,0.0,0.0,9.0,1.0,1.0,1.0,1.0,0.0,1.0,1.0,0.9465477516175151,1.0,1.0,1.0,0.21373808299540542
order,0.0,1006,350,150,150,0.0,0.05,0.95,6,1,0.002857142857142857,0.0,0.0,6.0,7,6,6,0,12,8,7,6,0,0,0,0,0,0,0.125,2,1.3333333333333333,112,97,37,67,75,7,30,4,6,6,0,0.25170068027210885,5.0,5,5,1.0,1.0,6.166666666666667,18.666666666666668,11.166666666666666,150,0,0,150,1.0,1.0,1.0,1.0,0.0,0.0,9.0,1.0,1.0,1.0,1.0,0.0,150,0,0,150,1.0,1.0,1.0,1.0,0.0,0.0,9.0,1.0,1.0,1.0,1.0,0.0,150,0,0,150,1.0,1.0,1.0,1.0,0.0,0.0,9.0,1.0,1.0,1.0,1.0,0.0,1.0,1.0,0.9465477516175151,1.0,1.0,1.0,0.1951538329885807
order,0.0,1007,350,150,150,0.0,0.05,0.95,6,1,0.002857142857142857,0.0,0.0,6.0,7,6,6,0,12,8,7,6,0,0,0,0,0,0,0.125,2,1.3333333333333333,112,97,37,67,75,7,30,4,6,6,0,0.25170068027210885,5.0,5,5,1.0,1.0,6.166666666666667,18.666666666666668,11.166666666666666,150,0,0,150,1.0,1.0,1.0,1.0,0.0,0.0,9.0,1.0,1.0,1.0,1.0,0.0,150,0,0,150,1.0,1.0,1.0,1.0,0.0,0.0,9.0,1.0,1.0,1.0,1.0,0.0,150,0,0,150,1.0,1.0,1.0,1.0,0.0,0.0,9.0,1.0,1.0,1.0,1.0,0.0,1.0,1.0,0.9465477516175151,1.0,1.0,1.0,0.2039052080071997
order,0.0,1008,350,150,150,0.0,0.05,0.95,6,1,0.002857142857142857,0.0,0.0,6.0,7,6,6,0,12,8,7,6,0,0,0,0,0,0,0.125,2,1.3333333333333333,112,97,37,67,75,7,30,4,6,6,0,0.25170068027210885,5.0,5,5,1.0,1.0,6.166666666666667,18.666666666666668,11.166666666666666,150,0,0,150,1.0,1.0,1.0,1.0,0.0,0.0,9.0,1.0,1.0,1.0,1.0,0.0,150,0,0,150,1.0,1.0,1.0,1.0,0.0,0.0,9.0,1.0,1.0,1.0,1.0,0.0,150,0,0,150,1.0,1.0,1.0,1.0,0.0,0.0,9.0,1.0,1.0,1.0,1.0,0.0,1.0,1.0,0.9465477516175151,1.0,1.0,1.0,0.19650379198719747
order,0.0,1009,350,150,150,0.0,0.05,0.95,6,1,0.002857142857142857,0.0,0.0,6.0,7,6,6,0,12,8,7,6,0,0,0,0,0,0,0.125,2,1.3333333333333333,112,97,37,67,75,7,30,4,6,6,0,0.25170068027210885,5.0,5,5,1.0,1.0,6.166666666666667,18.666666666666668,11.166666666666666,150,0,0,150,1.0,1.0,1.0,1.0,0.0,0.0,9.0,1.0,1.0,1.0,1.0,0.0,150,0,0,150,1.0,1.0,1.0,1.0,0.0,0.0,9.0,1.0,1.0,1.0,1.0,0.0,150,0,0,150,1.0,1.0,1.0,1.0,0.0,0.0,9.0,1.0,1.0,1.0,1.0,0.0,1.0,1.0,0.9465477516175151,1.0,1.0,1.0,0.19502458299393766
order,0.0,1010,350,150,150,0.0,0.05,0.95,6,1,0.002857142857142857,0.0,0.0,6.0,7,6,6,0,12,8,7,6,0,0,0,0,0,0,0.125,2,1.3333333333333333,112,97,37,67,75,7,30,4,6,6,0,0.25170068027210885,5.0,5,5,1.0,1.0,6.166666666666667,18.666666666666668,11.166666666666666,150,0,0,150,1.0,1.0,1.0,1.0,0.0,0.0,9.0,1.0,1.0,1.0,1.0,0.0,150,0,0,150,1.0,1.0,1.0,1.0,0.0,0.0,9.0,1.0,1.0,1.0,1.0,0.0,150,0,0,150,1.0,1.0,1.0,1.0,0.0,0.0,9.0,1.0,1.0,1.0,1.0,0.0,1.0,1.0,0.9465477516175151,1.0,1.0,1.0,0.21768699999665841
order,0.05,1001,350,150,150,0.0,0.05,0.95,6,2,0.005714285714285714,0.2552421131901918,0.2552421131901918,6.0,8,6,6,0,14,10,10,6,2,0,2,0,1,1,0.1111111111111111,4,1.6666666666666667,112,97,37,67,75,7,30,4,6,6,0,0.25170068027210885,5.0,5,5,1.0,0.9988416988416988,6.166666666666667,18.666666666666668,11.166666666666666,150,0,0,150,1.0,1.0,1.0,1.0,0.0,0.0,9.0,1.0,1.0,1.0,1.0,0.0,75,75,0,150,0.75,1.0,0.5,0.6666666666666666,0.0,0.5,9.0,1.0,0.75,0.6666666666666666,0.6666666666666666,0.0,75,75,0,150,0.75,1.0,0.5,0.6666666666666666,0.0,0.5,9.0,1.0,0.75,0.6666666666666666,0.6666666666666666,0.0,1.0,1.0,0.9465477516175151,1.0,0.9571428571428572,0.9988520408163265,0.17045845798566006
order,0.05,1002,350,150,150,0.0,0.05,0.95,6,2,0.005714285714285714,0.31599713297842463,0.31599713297842463,6.0,8,6,6,0,14,10,10,6,2,0,2,0,1,1,0.1111111111111111,4,1.6666666666666667,109,94,36,65,73,7,29,4,6,6,0,0.24489795918367346,5.0,5,5,1.0,1.0,6.0,18.166666666666668,10.833333333333334,150,0,0,150,1.0,1.0,1.0,1.0,0.0,0.0,9.0,1.0,1.0,1.0,1.0,0.0,150,0,0,150,1.0,1.0,1.0,1.0,0.0,0.0,9.0,1.0,1.0,1.0,1.0,0.0,150,0,0,150,1.0,1.0,1.0,1.0,0.0,0.0,9.0,1.0,1.0,1.0,1.0,0.0,1.0,1.0,0.9465477516175151,1.0,1.0,1.0,0.22111454198602587
order,0.05,1003,350,150,150,0.0,0.05,0.95,6,2,0.005714285714285714,0.2679047298713761,0.2679047298713761,6.0,8,6,6,0,14,10,10,6,2,0,2,0,1,1,0.1111111111111111,4,1.6666666666666667,112,97,37,67,75,7,30,4,6,6,0,0.25170068027210885,5.0,5,5,1.0,0.9987644787644788,6.166666666666667,18.666666666666668,11.166666666666666,150,0,0,150,1.0,1.0,1.0,1.0,0.0,0.0,9.0,1.0,1.0,1.0,1.0,0.0,75,75,0,150,0.75,1.0,0.5,0.6666666666666666,0.0,0.5,9.0,1.0,0.75,0.6666666666666666,0.6666666666666666,0.0,75,75,0,150,0.75,1.0,0.5,0.6666666666666666,0.0,0.5,9.0,1.0,0.75,0.6666666666666666,0.6666666666666666,0.0,1.0,1.0,0.9465477516175151,1.0,0.9542857142857143,0.9987755102040816,0.18135354199330322
order,0.05,1004,350,150,150,0.0,0.05,0.95,6,2,0.005714285714285714,0.22903531870627022,0.22903531870627022,6.0,8,6,6,0,14,10,10,6,2,0,2,0,1,1,0.1111111111111111,4,1.6666666666666667,112,97,37,67,75,7,30,4,6,6,0,0.25170068027210885,5.0,5,5,1.0,0.998996138996139,6.166666666666667,18.666666666666668,11.166666666666666,150,0,0,150,1.0,1.0,1.0,1.0,0.0,0.0,9.0,1.0,1.0,1.0,1.0,0.0,75,75,0,150,0.75,1.0,0.5,0.6666666666666666,0.0,0.5,9.0,1.0,0.75,0.6666666666666666,0.6666666666666666,0.0,75,75,0,150,0.75,1.0,0.5,0.6666666666666666,0.0,0.5,9.0,1.0,0.75,0.6666666666666666,0.6666666666666666,0.0,1.0,1.0,0.9465477516175151,1.0,0.9628571428571429,0.9990051020408164,0.17602612500195391
order,0.05,1005,350,150,150,0.0,0.05,0.95,6,2,0.005714285714285714,0.29243470830906976,0.29243470830906976,6.0,8,6,6,0,14,10,10,6,2,0,2,0,1,1,0.1111111111111111,4,1.6666666666666667,109,94,36,65,73,7,29,4,6,6,0,0.24489795918367346,5.0,5,5,1.0,1.0,6.0,18.166666666666668,10.833333333333334,150,0,0,150,1.0,1.0,1.0,1.0,0.0,0.0,9.0,1.0,1.0,1.0,1.0,0.0,150,0,0,150,1.0,1.0,1.0,1.0,0.0,0.0,9.0,1.0,1.0,1.0,1.0,0.0,150,0,0,150,1.0,1.0,1.0,1.0,0.0,0.0,9.0,1.0,1.0,1.0,1.0,0.0,1.0,1.0,0.9465477516175151,1.0,1.0,1.0,0.2035469589754939
order,0.05,1006,350,150,150,0.0,0.05,0.95,6,2,0.005714285714285714,0.29243470830906976,0.29243470830906976,6.0,8,6,6,0,14,10,10,6,2,0,2,0,1,1,0.1111111111111111,4,1.6666666666666667,109,94,36,65,73,7,29,4,6,6,0,0.24489795918367346,5.0,5,5,1.0,1.0,6.0,18.166666666666668,10.833333333333334,150,0,0,150,1.0,1.0,1.0,1.0,0.0,0.0,9.0,1.0,1.0,1.0,1.0,0.0,150,0,0,150,1.0,1.0,1.0,1.0,0.0,0.0,9.0,1.0,1.0,1.0,1.0,0.0,150,0,0,150,1.0,1.0,1.0,1.0,0.0,0.0,9.0,1.0,1.0,1.0,1.0,0.0,1.0,1.0,0.9465477516175151,1.0,1.0,1.0,0.19420995799009688
order,0.05,1007,350,150,150,0.0,0.05,0.95,6,2,0.005714285714285714,0.29243470830906976,0.29243470830906976,6.0,8,6,6,0,14,10,10,6,2,0,2,0,1,1,0.1111111111111111,4,1.6666666666666667,109,94,36,65,73,7,29,4,6,6,0,0.24489795918367346,5.0,5,5,1.0,1.0,6.0,18.166666666666668,10.833333333333334,150,0,0,150,1.0,1.0,1.0,1.0,0.0,0.0,9.0,1.0,1.0,1.0,1.0,0.0,150,0,0,150,1.0,1.0,1.0,1.0,0.0,0.0,9.0,1.0,1.0,1.0,1.0,0.0,150,0,0,150,1.0,1.0,1.0,1.0,0.0,0.0,9.0,1.0,1.0,1.0,1.0,0.0,1.0,1.0,0.9465477516175151,1.0,1.0,1.0,0.21131654200144112
order,0.05,1008,350,150,150,0.0,0.05,0.95,6,2,0.005714285714285714,0.29243470830906976,0.29243470830906976,6.0,8,6,6,0,14,10,10,6,2,0,2,0,1,1,0.1111111111111111,4,1.6666666666666667,109,94,36,65,73,7,29,4,6,6,0,0.24489795918367346,5.0,5,5,1.0,1.0,6.0,18.166666666666668,10.833333333333334,150,0,0,150,1.0,1.0,1.0,1.0,0.0,0.0,9.0,1.0,1.0,1.0,1.0,0.0,150,0,0,150,1.0,1.0,1.0,1.0,0.0,0.0,9.0,1.0,1.0,1.0,1.0,0.0,150,0,0,150,1.0,1.0,1.0,1.0,0.0,0.0,9.0,1.0,1.0,1.0,1.0,0.0,1.0,1.0,0.9465477516175151,1.0,1.0,1.0,0.1979314170021098
order,0.05,1009,350,150,150,0.0,0.05,0.95,6,2,0.005714285714285714,0.33868381719018026,0.33868381719018026,6.0,8,6,6,0,14,10,10,6,2,0,2,0,1,1,0.1111111111111111,4,1.6666666666666667,109,94,36,65,73,7,29,4,6,6,0,0.24489795918367346,5.0,5,5,1.0,1.0,6.0,18.166666666666668,10.833333333333334,150,0,0,150,1.0,1.0,1.0,1.0,0.0,0.0,9.0,1.0,1.0,1.0,1.0,0.0,150,0,0,150,1.0,1.0,1.0,1.0,0.0,0.0,9.0,1.0,1.0,1.0,1.0,0.0,150,0,0,150,1.0,1.0,1.0,1.0,0.0,0.0,9.0,1.0,1.0,1.0,1.0,0.0,1.0,1.0,0.9465477516175151,1.0,1.0,1.0,0.19504679201054387
order,0.05,1010,350,150,150,0.0,0.05,0.95,6,2,0.005714285714285714,0.29243470830906976,0.29243470830906976,6.0,8,6,6,0,14,10,10,6,2,0,2,0,1,1,0.1111111111111111,4,1.6666666666666667,109,94,36,65,73,7,29,4,6,6,0,0.24489795918367346,5.0,5,5,1.0,1.0,6.0,18.166666666666668,10.833333333333334,150,0,0,150,1.0,1.0,1.0,1.0,0.0,0.0,9.0,1.0,1.0,1.0,1.0,0.0,150,0,0,150,1.0,1.0,1.0,1.0,0.0,0.0,9.0,1.0,1.0,1.0,1.0,0.0,150,0,0,150,1.0,1.0,1.0,1.0,0.0,0.0,9.0,1.0,1.0,1.0,1.0,0.0,1.0,1.0,0.9465477516175151,1.0,1.0,1.0,0.21511266700690612
order,0.1,1001,350,150,150,0.0,0.05,0.95,6,2,0.005714285714285714,0.4506154589951258,0.4506154589951258,6.0,8,6,6,0,14,10,10,6,2,0,2,0,1,1,0.1111111111111111,4,1.6666666666666667,109,94,36,65,73,7,29,4,6,6,0,0.24489795918367346,5.0,5,5,1.0,1.0,6.0,18.166666666666668,10.833333333333334,150,0,0,150,1.0,1.0,1.0,1.0,0.0,0.0,9.0,1.0,1.0,1.0,1.0,0.0,150,0,0,150,1.0,1.0,1.0,1.0,0.0,0.0,9.0,1.0,1.0,1.0,1.0,0.0,150,0,0,150,1.0,1.0,1.0,1.0,0.0,0.0,9.0,1.0,1.0,1.0,1.0,0.0,1.0,1.0,0.9465477516175151,1.0,1.0,1.0,0.19727958299336024
order,0.1,1002,350,150,150,0.0,0.05,0.95,6,2,0.005714285714285714,0.45987267461382586,0.45987267461382586,6.0,8,6,6,0,14,10,10,6,2,0,2,0,1,1,0.1111111111111111,4,1.6666666666666667,109,94,36,65,73,7,29,4,6,6,0,0.24489795918367346,5.0,5,5,1.0,1.0,6.0,18.166666666666668,10.833333333333334,150,0,0,150,1.0,1.0,1.0,1.0,0.0,0.0,9.0,1.0,1.0,1.0,1.0,0.0,150,0,0,150,1.0,1.0,1.0,1.0,0.0,0.0,9.0,1.0,1.0,1.0,1.0,0.0,150,0,0,150,1.0,1.0,1.0,1.0,0.0,0.0,9.0,1.0,1.0,1.0,1.0,0.0,1.0,1.0,0.9465477516175151,1.0,1.0,1.0,0.20712958299554884
order,0.1,1003,350,150,150,0.0,0.05,0.95,6,2,0.005714285714285714,0.49559186098696384,0.49559186098696384,6.0,8,6,6,0,14,10,10,6,2,0,2,0,1,1,0.1111111111111111,4,1.6666666666666667,109,94,36,65,73,7,29,4,6,6,0,0.24489795918367346,5.0,5,5,1.0,1.0,6.0,18.166666666666668,10.833333333333334,150,0,0,150,1.0,1.0,1.0,1.0,0.0,0.0,9.0,1.0,1.0,1.0,1.0,0.0,150,0,0,150,1.0,1.0,1.0,1.0,0.0,0.0,9.0,1.0,1.0,1.0,1.0,0.0,150,0,0,150,1.0,1.0,1.0,1.0,0.0,0.0,9.0,1.0,1.0,1.0,1.0,0.0,1.0,1.0,0.9465477516175151,1.0,1.0,1.0,0.183865250000963
order,0.1,1004,350,150,150,0.0,0.05,0.95,6,2,0.005714285714285714,0.33868381719018026,0.33868381719018026,6.0,8,6,6,0,14,10,10,6,2,0,2,0,1,1,0.1111111111111111,4,1.6666666666666667,109,94,36,65,73,7,29,4,6,6,0,0.24489795918367346,5.0,5,5,1.0,1.0,6.0,18.166666666666668,10.833333333333334,150,0,0,150,1.0,1.0,1.0,1.0,0.0,0.0,9.0,1.0,1.0,1.0,1.0,0.0,150,0,0,150,1.0,1.0,1.0,1.0,0.0,0.0,9.0,1.0,1.0,1.0,1.0,0.0,150,0,0,150,1.0,1.0,1.0,1.0,0.0,0.0,9.0,1.0,1.0,1.0,1.0,0.0,1.0,1.0,0.9465477516175151,1.0,1.0,1.0,0.18894870800431818
order,0.1,1005,350,150,150,0.0,0.05,0.95,6,2,0.005714285714285714,0.45987267461382586,0.45987267461382586,6.0,8,6,6,0,14,10,10,6,2,0,2,0,1,1,0.1111111111111111,4,1.6666666666666667,109,94,36,65,73,7,29,4,6,6,0,0.24489795918367346,5.0,5,5,1.0,1.0,6.0,18.166666666666668,10.833333333333334,150,0,0,150,1.0,1.0,1.0,1.0,0.0,0.0,9.0,1.0,1.0,1.0,1.0,0.0,150,0,0,150,1.0,1.0,1.0,1.0,0.0,0.0,9.0,1.0,1.0,1.0,1.0,0.0,150,0,0,150,1.0,1.0,1.0,1.0,0.0,0.0,9.0,1.0,1.0,1.0,1.0,0.0,1.0,1.0,0.9465477516175151,1.0,1.0,1.0,0.21048545799567364
order,0.1,1006,350,150,150,0.0,0.05,0.95,6,2,0.005714285714285714,0.4506154589951258,0.4506154589951258,6.0,8,6,6,0,14,10,10,6,2,0,2,0,1,1,0.1111111111111111,4,1.6666666666666667,109,94,36,65,73,7,29,4,6,6,0,0.24489795918367346,5.0,5,5,1.0,1.0,6.0,18.166666666666668,10.833333333333334,150,0,0,150,1.0,1.0,1.0,1.0,0.0,0.0,9.0,1.0,1.0,1.0,1.0,0.0,150,0,0,150,1.0,1.0,1.0,1.0,0.0,0.0,9.0,1.0,1.0,1.0,1.0,0.0,150,0,0,150,1.0,1.0,1.0,1.0,0.0,0.0,9.0,1.0,1.0,1.0,1.0,0.0,1.0,1.0,0.9465477516175151,1.0,1.0,1.0,0.18957858299836516
order,0.1,1007,350,150,150,0.0,0.05,0.95,6,2,0.005714285714285714,0.47798763982120274,0.47798763982120274,6.0,8,6,6,0,14,10,10,6,2,0,2,0,1,1,0.1111111111111111,4,1.6666666666666667,109,94,36,65,73,7,29,4,6,6,0,0.24489795918367346,5.0,5,5,1.0,1.0,6.0,18.166666666666668,10.833333333333334,150,0,0,150,1.0,1.0,1.0,1.0,0.0,0.0,9.0,1.0,1.0,1.0,1.0,0.0,150,0,0,150,1.0,1.0,1.0,1.0,0.0,0.0,9.0,1.0,1.0,1.0,1.0,0.0,150,0,0,150,1.0,1.0,1.0,1.0,0.0,0.0,9.0,1.0,1.0,1.0,1.0,0.0,1.0,1.0,0.9465477516175151,1.0,1.0,1.0,0.20545800001127645
order,0.1,1008,350,150,150,0.0,0.05,0.95,6,2,0.005714285714285714,0.4316833706523674,0.4316833706523674,6.0,8,6,6,0,14,10,10,6,2,0,2,0,1,1,0.1111111111111111,4,1.6666666666666667,109,94,36,65,73,7,29,4,6,6,0,0.24489795918367346,5.0,5,5,1.0,1.0,6.0,18.166666666666668,10.833333333333334,150,0,0,150,1.0,1.0,1.0,1.0,0.0,0.0,9.0,1.0,1.0,1.0,1.0,0.0,150,0,0,150,1.0,1.0,1.0,1.0,0.0,0.0,9.0,1.0,1.0,1.0,1.0,0.0,150,0,0,150,1.0,1.0,1.0,1.0,0.0,0.0,9.0,1.0,1.0,1.0,1.0,0.0,1.0,1.0,0.9465477516175151,1.0,1.0,1.0,0.1902482500008773
order,0.1,1009,350,150,150,0.0,0.05,0.95,6,2,0.005714285714285714,0.4689955935892812,0.4689955935892812,6.0,8,6,6,0,14,10,10,6,2,0,2,0,1,1,0.1111111111111111,4,1.6666666666666667,109,94,36,65,73,7,29,4,6,6,0,0.24489795918367346,5.0,5,5,1.0,1.0,6.0,18.166666666666668,10.833333333333334,150,0,0,150,1.0,1.0,1.0,1.0,0.0,0.0,9.0,1.0,1.0,1.0,1.0,0.0,150,0,0,150,1.0,1.0,1.0,1.0,0.0,0.0,9.0,1.0,1.0,1.0,1.0,0.0,150,0,0,150,1.0,1.0,1.0,1.0,0.0,0.0,9.0,1.0,1.0,1.0,1.0,0.0,1.0,1.0,0.9465477516175151,1.0,1.0,1.0,0.1876949169964064
order,0.1,1010,350,150,150,0.0,0.05,0.95,6,2,0.005714285714285714,0.3920309771907534,0.3920309771907534,6.0,8,6,6,0,14,10,10,6,2,0,2,0,1,1,0.1111111111111111,4,1.6666666666666667,109,94,36,65,73,7,29,4,6,6,0,0.24489795918367346,5.0,5,5,1.0,1.0,6.0,18.166666666666668,10.833333333333334,150,0,0,150,1.0,1.0,1.0,1.0,0.0,0.0,9.0,1.0,1.0,1.0,1.0,0.0,150,0,0,150,1.0,1.0,1.0,1.0,0.0,0.0,9.0,1.0,1.0,1.0,1.0,0.0,150,0,0,150,1.0,1.0,1.0,1.0,0.0,0.0,9.0,1.0,1.0,1.0,1.0,0.0,1.0,1.0,0.9465477516175151,1.0,1.0,1.0,0.20954795798752457
order,0.2,1001,350,150,150,0.0,0.05,0.95,6,2,0.005714285714285714,0.6984734152123642,0.6984734152123642,6.0,8,6,6,0,14,10,10,6,2,0,2,0,1,1,0.1111111111111111,4,1.6666666666666667,109,94,36,65,73,7,29,4,6,6,0,0.24489795918367346,5.0,5,5,1.0,1.0,6.0,18.166666666666668,10.833333333333334,150,0,0,150,1.0,1.0,1.0,1.0,0.0,0.0,9.0,1.0,1.0,1.0,1.0,0.0,150,0,0,150,1.0,1.0,1.0,1.0,0.0,0.0,9.0,1.0,1.0,1.0,1.0,0.0,150,0,0,150,1.0,1.0,1.0,1.0,0.0,0.0,9.0,1.0,1.0,1.0,1.0,0.0,1.0,1.0,0.9465477516175151,1.0,1.0,1.0,0.1970922090113163
order,0.2,1002,350,150,150,0.0,0.05,0.95,6,2,0.005714285714285714,0.738743189564139,0.738743189564139,6.0,8,6,6,0,14,10,10,6,2,0,2,0,1,1,0.1111111111111111,4,1.6666666666666667,109,94,36,65,73,7,29,4,6,6,0,0.24489795918367346,5.0,5,5,1.0,1.0,6.0,18.166666666666668,10.833333333333334,150,0,0,150,1.0,1.0,1.0,1.0,0.0,0.0,9.0,1.0,1.0,1.0,1.0,0.0,150,0,0,150,1.0,1.0,1.0,1.0,0.0,0.0,9.0,1.0,1.0,1.0,1.0,0.0,150,0,0,150,1.0,1.0,1.0,1.0,0.0,0.0,9.0,1.0,1.0,1.0,1.0,0.0,1.0,1.0,0.9465477516175151,1.0,1.0,1.0,0.20752179098781198
order,0.2,1003,350,150,150,0.0,0.05,0.95,6,2,0.005714285714285714,0.7549160211097665,0.7549160211097665,6.0,8,6,6,0,14,10,10,6,2,0,2,0,1,1,0.1111111111111111,4,1.6666666666666667,109,94,36,65,73,7,29,4,6,6,0,0.24489795918367346,5.0,5,5,1.0,1.0,6.0,18.166666666666668,10.833333333333334,150,0,0,150,1.0,1.0,1.0,1.0,0.0,0.0,9.0,1.0,1.0,1.0,1.0,0.0,150,0,0,150,1.0,1.0,1.0,1.0,0.0,0.0,9.0,1.0,1.0,1.0,1.0,0.0,150,0,0,150,1.0,1.0,1.0,1.0,0.0,0.0,9.0,1.0,1.0,1.0,1.0,0.0,1.0,1.0,0.9465477516175151,1.0,1.0,1.0,0.19431245801388286
order,0.2,1004,350,150,150,0.0,0.05,0.95,6,2,0.005714285714285714,0.692419486327474,0.692419486327474,6.0,8,6,6,0,14,10,10,6,2,0,2,0,1,1,0.1111111111111111,4,1.6666666666666667,109,94,36,65,73,7,29,4,6,6,0,0.24489795918367346,5.0,5,5,1.0,1.0,6.0,18.166666666666668,10.833333333333334,150,0,0,150,1.0,1.0,1.0,1.0,0.0,0.0,9.0,1.0,1.0,1.0,1.0,0.0,150,0,0,150,1.0,1.0,1.0,1.0,0.0,0.0,9.0,1.0,1.0,1.0,1.0,0.0,150,0,0,150,1.0,1.0,1.0,1.0,0.0,0.0,9.0,1.0,1.0,1.0,1.0,0.0,1.0,1.0,0.9465477516175151,1.0,1.0,1.0,0.18370325001887977
order,0.2,1005,350,150,150,0.0,0.05,0.95,6,2,0.005714285714285714,0.7332104880580959,0.7332104880580959,6.0,8,6,6,0,14,10,10,6,2,0,2,0,1,1,0.1111111111111111,4,1.6666666666666667,109,94,36,65,73,7,29,4,6,6,0,0.24489795918367346,5.0,5,5,1.0,1.0,6.0,18.166666666666668,10.833333333333334,150,0,0,150,1.0,1.0,1.0,1.0,0.0,0.0,9.0,1.0,1.0,1.0,1.0,0.0,150,0,0,150,1.0,1.0,1.0,1.0,0.0,0.0,9.0,1.0,1.0,1.0,1.0,0.0,150,0,0,150,1.0,1.0,1.0,1.0,0.0,0.0,9.0,1.0,1.0,1.0,1.0,0.0,1.0,1.0,0.9465477516175151,1.0,1.0,1.0,0.20552937500178814
order,0.2,1006,350,150,150,0.0,0.05,0.95,6,2,0.005714285714285714,0.7044503733120617,0.7044503733120617,6.0,8,6,6,0,14,10,10,6,2,0,2,0,1,1,0.1111111111111111,4,1.6666666666666667,109,94,36,65,73,7,29,4,6,6,0,0.24489795918367346,5.0,5,5,1.0,1.0,6.0,18.166666666666668,10.833333333333334,150,0,0,150,1.0,1.0,1.0,1.0,0.0,0.0,9.0,1.0,1.0,1.0,1.0,0.0,150,0,0,150,1.0,1.0,1.0,1.0,0.0,0.0,9.0,1.0,1.0,1.0,1.0,0.0,150,0,0,150,1.0,1.0,1.0,1.0,0.0,0.0,9.0,1.0,1.0,1.0,1.0,0.0,1.0,1.0,0.9465477516175151,1.0,1.0,1.0,0.18773520799004473
order,0.2,1007,350,150,150,0.0,0.05,0.95,6,2,0.005714285714285714,0.7219280948873623,0.7219280948873623,6.0,8,6,6,0,14,10,10,6,2,0,2,0,1,1,0.1111111111111111,4,1.6666666666666667,109,94,36,65,73,7,29,4,6,6,0,0.24489795918367346,5.0,5,5,1.0,1.0,6.0,18.166666666666668,10.833333333333334,150,0,0,150,1.0,1.0,1.0,1.0,0.0,0.0,9.0,1.0,1.0,1.0,1.0,0.0,150,0,0,150,1.0,1.0,1.0,1.0,0.0,0.0,9.0,1.0,1.0,1.0,1.0,0.0,150,0,0,150,1.0,1.0,1.0,1.0,0.0,0.0,9.0,1.0,1.0,1.0,1.0,0.0,1.0,1.0,0.9465477516175151,1.0,1.0,1.0,0.21206683298805729
order,0.2,1008,350,150,150,0.0,0.05,0.95,6,2,0.005714285714285714,0.7755126581331477,0.7755126581331477,6.0,8,6,6,0,14,10,10,6,2,0,2,0,1,1,0.1111111111111111,4,1.6666666666666667,109,94,36,65,73,7,29,4,6,6,0,0.24489795918367346,5.0,5,5,1.0,1.0,6.0,18.166666666666668,10.833333333333334,150,0,0,150,1.0,1.0,1.0,1.0,0.0,0.0,9.0,1.0,1.0,1.0,1.0,0.0,150,0,0,150,1.0,1.0,1.0,1.0,0.0,0.0,9.0,1.0,1.0,1.0,1.0,0.0,150,0,0,150,1.0,1.0,1.0,1.0,0.0,0.0,9.0,1.0,1.0,1.0,1.0,0.0,1.0,1.0,0.9465477516175151,1.0,1.0,1.0,0.1841100839956198
order,0.2,1009,350,150,150,0.0,0.05,0.95,6,2,0.005714285714285714,0.6984734152123642,0.6984734152123642,6.0,8,6,6,0,14,10,10,6,2,0,2,0,1,1,0.1111111111111111,4,1.6666666666666667,109,94,36,65,73,7,29,4,6,6,0,0.24489795918367346,5.0,5,5,1.0,1.0,6.0,18.166666666666668,10.833333333333334,150,0,0,150,1.0,1.0,1.0,1.0,0.0,0.0,9.0,1.0,1.0,1.0,1.0,0.0,150,0,0,150,1.0,1.0,1.0,1.0,0.0,0.0,9.0,1.0,1.0,1.0,1.0,0.0,150,0,0,150,1.0,1.0,1.0,1.0,0.0,0.0,9.0,1.0,1.0,1.0,1.0,0.0,1.0,1.0,0.9465477516175151,1.0,1.0,1.0,0.18344087500008754
order,0.2,1010,350,150,150,0.0,0.05,0.95,6,2,0.005714285714285714,0.7103512415995206,0.7103512415995206,6.0,8,6,6,0,14,10,10,6,2,0,2,0,1,1,0.1111111111111111,4,1.6666666666666667,109,94,36,65,73,7,29,4,6,6,0,0.24489795918367346,5.0,5,5,1.0,1.0,6.0,18.166666666666668,10.833333333333334,150,0,0,150,1.0,1.0,1.0,1.0,0.0,0.0,9.0,1.0,1.0,1.0,1.0,0.0,150,0,0,150,1.0,1.0,1.0,1.0,0.0,0.0,9.0,1.0,1.0,1.0,1.0,0.0,150,0,0,150,1.0,1.0,1.0,1.0,0.0,0.0,9.0,1.0,1.0,1.0,1.0,0.0,1.0,1.0,0.9465477516175151,1.0,1.0,1.0,0.20567408401984721
order,0.3,1001,350,150,150,0.0,0.05,0.95,6,2,0.005714285714285714,0.9012473167687269,0.9012473167687269,6.0,8,6,6,0,14,10,10,6,2,0,2,0,1,1,0.1111111111111111,4,1.6666666666666667,109,94,36,65,73,7,29,4,6,6,0,0.24489795918367346,5.0,5,5,1.0,1.0,6.0,18.166666666666668,10.833333333333334,150,0,0,150,1.0,1.0,1.0,1.0,0.0,0.0,9.0,1.0,1.0,1.0,1.0,0.0,150,0,0,150,1.0,1.0,1.0,1.0,0.0,0.0,9.0,1.0,1.0,1.0,1.0,0.0,150,0,0,150,1.0,1.0,1.0,1.0,0.0,0.0,9.0,1.0,1.0,1.0,1.0,0.0,1.0,1.0,0.9465477516175151,1.0,1.0,1.0,0.1952684589778073
order,0.3,1002,350,150,150,0.0,0.05,0.95,6,2,0.005714285714285714,0.884755458835062,0.884755458835062,6.0,8,6,6,0,14,10,10,6,2,0,2,0,1,1,0.1111111111111111,4,1.6666666666666667,109,94,36,65,73,7,29,4,6,6,0,0.24489795918367346,5.0,5,5,1.0,1.0,6.0,18.166666666666668,10.833333333333334,150,0,0,150,1.0,1.0,1.0,1.0,0.0,0.0,9.0,1.0,1.0,1.0,1.0,0.0,150,0,0,150,1.0,1.0,1.0,1.0,0.0,0.0,9.0,1.0,1.0,1.0,1.0,0.0,150,0,0,150,1.0,1.0,1.0,1.0,0.0,0.0,9.0,1.0,1.0,1.0,1.0,0.0,1.0,1.0,0.9465477516175151,1.0,1.0,1.0,0.20360699997399934
order,0.3,1003,350,150,150,0.0,0.05,0.95,6,2,0.005714285714285714,0.863120568566631,0.863120568566631,6.0,8,6,6,0,14,10,10,6,2,0,2,0,1,1,0.1111111111111111,4,1.6666666666666667,109,94,36,65,73,7,29,4,6,6,0,0.24489795918367346,5.0,5,5,1.0,1.0,6.0,18.166666666666668,10.833333333333334,150,0,0,150,1.0,1.0,1.0,1.0,0.0,0.0,9.0,1.0,1.0,1.0,1.0,0.0,150,0,0,150,1.0,1.0,1.0,1.0,0.0,0.0,9.0,1.0,1.0,1.0,1.0,0.0,150,0,0,150,1.0,1.0,1.0,1.0,0.0,0.0,9.0,1.0,1.0,1.0,1.0,0.0,1.0,1.0,0.9465477516175151,1.0,1.0,1.0,0.18320324999513105
order,0.3,1004,350,150,150,0.0,0.05,0.95,6,2,0.005714285714285714,0.9043814577244937,0.9043814577244937,6.0,8,6,6,0,14,10,10,6,2,0,2,0,1,1,0.1111111111111111,4,1.6666666666666667,109,94,36,65,73,7,29,4,6,6,0,0.24489795918367346,5.0,5,5,1.0,1.0,6.0,18.166666666666668,10.833333333333334,150,0,0,150,1.0,1.0,1.0,1.0,0.0,0.0,9.0,1.0,1.0,1.0,1.0,0.0,150,0,0,150,1.0,1.0,1.0,1.0,0.0,0.0,9.0,1.0,1.0,1.0,1.0,0.0,150,0,0,150,1.0,1.0,1.0,1.0,0.0,0.0,9.0,1.0,1.0,1.0,1.0,0.0,1.0,1.0,0.9465477516175151,1.0,1.0,1.0,0.19234862498706207
order,0.3,1005,350,150,150,0.0,0.05,0.95,6,2,0.005714285714285714,0.9104876225061144,0.9104876225061144,6.0,8,6,6,0,14,10,10,6,2,0,2,0,1,1,0.1111111111111111,4,1.6666666666666667,109,94,36,65,73,7,29,4,6,6,0,0.24489795918367346,5.0,5,5,1.0,1.0,6.0,18.166666666666668,10.833333333333334,150,0,0,150,1.0,1.0,1.0,1.0,0.0,0.0,9.0,1.0,1.0,1.0,1.0,0.0,150,0,0,150,1.0,1.0,1.0,1.0,0.0,0.0,9.0,1.0,1.0,1.0,1.0,0.0,150,0,0,150,1.0,1.0,1.0,1.0,0.0,0.0,9.0,1.0,1.0,1.0,1.0,0.0,1.0,1.0,0.9465477516175151,1.0,1.0,1.0,0.216692833986599
order,0.3,1006,350,150,150,0.0,0.05,0.95,6,2,0.005714285714285714,0.8668687094240903,0.8668687094240903,6.0,8,6,6,0,14,10,10,6,2,0,2,0,1,1,0.1111111111111111,4,1.6666666666666667,109,94,36,65,73,7,29,4,6,6,0,0.24489795918367346,5.0,5,5,1.0,1.0,6.0,18.166666666666668,10.833333333333334,150,0,0,150,1.0,1.0,1.0,1.0,0.0,0.0,9.0,1.0,1.0,1.0,1.0,0.0,150,0,0,150,1.0,1.0,1.0,1.0,0.0,0.0,9.0,1.0,1.0,1.0,1.0,0.0,150,0,0,150,1.0,1.0,1.0,1.0,0.0,0.0,9.0,1.0,1.0,1.0,1.0,0.0,1.0,1.0,0.9465477516175151,1.0,1.0,1.0,0.18408879201160744
order,0.3,1007,350,150,150,0.0,0.05,0.95,6,2,0.005714285714285714,0.8777702575462527,0.8777702575462527,6.0,8,6,6,0,14,10,10,6,2,0,2,0,1,1,0.1111111111111111,4,1.6666666666666667,109,94,36,65,73,7,29,4,6,6,0,0.24489795918367346,5.0,5,5,1.0,1.0,6.0,18.166666666666668,10.833333333333334,150,0,0,150,1.0,1.0,1.0,1.0,0.0,0.0,9.0,1.0,1.0,1.0,1.0,0.0,150,0,0,150,1.0,1.0,1.0,1.0,0.0,0.0,9.0,1.0,1.0,1.0,1.0,0.0,150,0,0,150,1.0,1.0,1.0,1.0,0.0,0.0,9.0,1.0,1.0,1.0,1.0,0.0,1.0,1.0,0.9465477516175151,1.0,1.0,1.0,0.20843520798371173
order,0.3,1008,350,150,150,0.0,0.05,0.95,6,2,0.005714285714285714,0.9301821998768256,0.9301821998768256,6.0,8,6,6,0,14,10,10,6,2,0,2,0,1,1,0.1111111111111111,4,1.6666666666666667,109,94,36,65,73,7,29,4,6,6,0,0.24489795918367346,5.0,5,5,1.0,1.0,6.0,18.166666666666668,10.833333333333334,150,0,0,150,1.0,1.0,1.0,1.0,0.0,0.0,9.0,1.0,1.0,1.0,1.0,0.0,150,0,0,150,1.0,1.0,1.0,1.0,0.0,0.0,9.0,1.0,1.0,1.0,1.0,0.0,150,0,0,150,1.0,1.0,1.0,1.0,0.0,0.0,9.0,1.0,1.0,1.0,1.0,0.0,1.0,1.0,0.9465477516175151,1.0,1.0,1.0,0.18875412497436628
order,0.3,1009,350,150,150,0.0,0.05,0.95,6,2,0.005714285714285714,0.9012473167687269,0.9012473167687269,6.0,8,6,6,0,14,10,10,6,2,0,2,0,1,1,0.1111111111111111,4,1.6666666666666667,109,94,36,65,73,7,29,4,6,6,0,0.24489795918367346,5.0,5,5,1.0,1.0,6.0,18.166666666666668,10.833333333333334,150,0,0,150,1.0,1.0,1.0,1.0,0.0,0.0,9.0,1.0,1.0,1.0,1.0,0.0,150,0,0,150,1.0,1.0,1.0,1.0,0.0,0.0,9.0,1.0,1.0,1.0,1.0,0.0,150,0,0,150,1.0,1.0,1.0,1.0,0.0,0.0,9.0,1.0,1.0,1.0,1.0,0.0,1.0,1.0,0.9465477516175151,1.0,1.0,1.0,0.19564633298432454
order,0.3,1010,350,150,150,0.0,0.05,0.95,6,2,0.005714285714285714,0.8741932246857949,0.8741932246857949,6.0,8,6,6,0,14,10,10,6,2,0,2,0,1,1,0.1111111111111111,4,1.6666666666666667,109,94,36,65,73,7,29,4,6,6,0,0.24489795918367346,5.0,5,5,1.0,1.0,6.0,18.166666666666668,10.833333333333334,150,0,0,150,1.0,1.0,1.0,1.0,0.0,0.0,9.0,1.0,1.0,1.0,1.0,0.0,150,0,0,150,1.0,1.0,1.0,1.0,0.0,0.0,9.0,1.0,1.0,1.0,1.0,0.0,150,0,0,150,1.0,1.0,1.0,1.0,0.0,0.0,9.0,1.0,1.0,1.0,1.0,0.0,1.0,1.0,0.9465477516175151,1.0,1.0,1.0,0.2073707499948796
order,0.4,1001,350,150,150,0.0,0.05,0.95,6,2,0.005714285714285714,0.9657152704789126,0.9657152704789126,6.0,8,6,6,0,14,10,10,6,2,0,2,0,1,1,0.1111111111111111,4,1.6666666666666667,109,94,36,65,73,7,29,4,6,6,0,0.24489795918367346,5.0,5,5,1.0,1.0,6.0,18.166666666666668,10.833333333333334,150,0,0,150,1.0,1.0,1.0,1.0,0.0,0.0,9.0,1.0,1.0,1.0,1.0,0.0,150,0,0,150,1.0,1.0,1.0,1.0,0.0,0.0,9.0,1.0,1.0,1.0,1.0,0.0,150,0,0,150,1.0,1.0,1.0,1.0,0.0,0.0,9.0,1.0,1.0,1.0,1.0,0.0,1.0,1.0,0.9465477516175151,1.0,1.0,1.0,0.18649462499888614
order,0.4,1002,350,150,150,0.0,0.05,0.95,6,2,0.005714285714285714,0.9559990930989408,0.9559990930989408,6.0,8,6,6,0,14,10,10,6,2,0,2,0,1,1,0.1111111111111111,4,1.6666666666666667,109,94,36,65,73,7,29,4,6,6,0,0.24489795918367346,5.0,5,5,1.0,1.0,6.0,18.166666666666668,10.833333333333334,150,0,0,150,1.0,1.0,1.0,1.0,0.0,0.0,9.0,1.0,1.0,1.0,1.0,0.0,150,0,0,150,1.0,1.0,1.0,1.0,0.0,0.0,9.0,1.0,1.0,1.0,1.0,0.0,150,0,0,150,1.0,1.0,1.0,1.0,0.0,0.0,9.0,1.0,1.0,1.0,1.0,0.0,1.0,1.0,0.9465477516175151,1.0,1.0,1.0,0.20355004200246185
order,0.4,1003,350,150,150,0.0,0.05,0.95,6,2,0.005714285714285714,0.945029303540063,0.945029303540063,6.0,8,6,6,0,14,10,10,6,2,0,2,0,1,1,0.1111111111111111,4,1.6666666666666667,109,94,36,65,73,7,29,4,6,6,0,0.24489795918367346,5.0,5,5,1.0,1.0,6.0,18.166666666666668,10.833333333333334,150,0,0,150,1.0,1.0,1.0,1.0,0.0,0.0,9.0,1.0,1.0,1.0,1.0,0.0,150,0,0,150,1.0,1.0,1.0,1.0,0.0,0.0,9.0,1.0,1.0,1.0,1.0,0.0,150,0,0,150,1.0,1.0,1.0,1.0,0.0,0.0,9.0,1.0,1.0,1.0,1.0,0.0,1.0,1.0,0.9465477516175151,1.0,1.0,1.0,0.1837969170010183
order,0.4,1004,350,150,150,0.0,0.05,0.95,6,2,0.005714285714285714,0.9619780596506257,0.9619780596506257,6.0,8,6,6,0,14,10,10,6,2,0,2,0,1,1,0.1111111111111111,4,1.6666666666666667,109,94,36,65,73,7,29,4,6,6,0,0.24489795918367346,5.0,5,5,1.0,1.0,6.0,18.166666666666668,10.833333333333334,150,0,0,150,1.0,1.0,1.0,1.0,0.0,0.0,9.0,1.0,1.0,1.0,1.0,0.0,150,0,0,150,1.0,1.0,1.0,1.0,0.0,0.0,9.0,1.0,1.0,1.0,1.0,0.0,150,0,0,150,1.0,1.0,1.0,1.0,0.0,0.0,9.0,1.0,1.0,1.0,1.0,0.0,1.0,1.0,0.9465477516175151,1.0,1.0,1.0,0.186495375004597
order,0.4,1005,350,150,150,0.0,0.05,0.95,6,2,0.005714285714285714,0.9757442507989857,0.9757442507989857,6.0,8,6,6,0,14,10,10,6,2,0,2,0,1,1,0.1111111111111111,4,1.6666666666666667,109,94,36,65,73,7,29,4,6,6,0,0.24489795918367346,5.0,5,5,1.0,1.0,6.0,18.166666666666668,10.833333333333334,150,0,0,150,1.0,1.0,1.0,1.0,0.0,0.0,9.0,1.0,1.0,1.0,1.0,0.0,150,0,0,150,1.0,1.0,1.0,1.0,0.0,0.0,9.0,1.0,1.0,1.0,1.0,0.0,150,0,0,150,1.0,1.0,1.0,1.0,0.0,0.0,9.0,1.0,1.0,1.0,1.0,0.0,1.0,1.0,0.9465477516175151,1.0,1.0,1.0,0.20346774999052286
order,0.4,1006,350,150,150,0.0,0.05,0.95,6,2,0.005714285714285714,0.9353374239130026,0.9353374239130026,6.0,8,6,6,0,14,10,10,6,2,0,2,0,1,1,0.1111111111111111,4,1.6666666666666667,109,94,36,65,73,7,29,4,6,6,0,0.24489795918367346,5.0,5,5,1.0,1.0,6.0,18.166666666666668,10.833333333333334,150,0,0,150,1.0,1.0,1.0,1.0,0.0,0.0,9.0,1.0,1.0,1.0,1.0,0.0,150,0,0,150,1.0,1.0,1.0,1.0,0.0,0.0,9.0,1.0,1.0,1.0,1.0,0.0,150,0,0,150,1.0,1.0,1.0,1.0,0.0,0.0,9.0,1.0,1.0,1.0,1.0,0.0,1.0,1.0,0.9465477516175151,1.0,1.0,1.0,0.1837168339989148
order,0.4,1007,350,150,150,0.0,0.05,0.95,6,2,0.005714285714285714,0.9757442507989857,0.9757442507989857,6.0,8,6,6,0,14,10,10,6,2,0,2,0,1,1,0.1111111111111111,4,1.6666666666666667,109,94,36,65,73,7,29,4,6,6,0,0.24489795918367346,5.0,5,5,1.0,1.0,6.0,18.166666666666668,10.833333333333334,150,0,0,150,1.0,1.0,1.0,1.0,0.0,0.0,9.0,1.0,1.0,1.0,1.0,0.0,150,0,0,150,1.0,1.0,1.0,1.0,0.0,0.0,9.0,1.0,1.0,1.0,1.0,0.0,150,0,0,150,1.0,1.0,1.0,1.0,0.0,0.0,9.0,1.0,1.0,1.0,1.0,0.0,1.0,1.0,0.9465477516175151,1.0,1.0,1.0,0.21569654101040214
order,0.4,1008,350,150,150,0.0,0.05,0.95,6,2,0.005714285714285714,0.9875037037775067,0.9875037037775067,6.0,8,6,6,0,14,10,10,6,2,0,2,0,1,1,0.1111111111111111,4,1.6666666666666667,109,94,36,65,73,7,29,4,6,6,0,0.24489795918367346,5.0,5,5,1.0,1.0,6.0,18.166666666666668,10.833333333333334,150,0,0,150,1.0,1.0,1.0,1.0,0.0,0.0,9.0,1.0,1.0,1.0,1.0,0.0,150,0,0,150,1.0,1.0,1.0,1.0,0.0,0.0,9.0,1.0,1.0,1.0,1.0,0.0,150,0,0,150,1.0,1.0,1.0,1.0,0.0,0.0,9.0,1.0,1.0,1.0,1.0,0.0,1.0,1.0,0.9465477516175151,1.0,1.0,1.0,0.1854545839887578
order,0.4,1009,350,150,150,0.0,0.05,0.95,6,2,0.005714285714285714,0.9192452721303128,0.9192452721303128,6.0,8,6,6,0,14,10,10,6,2,0,2,0,1,1,0.1111111111111111,4,1.6666666666666667,109,94,36,65,73,7,29,4,6,6,0,0.24489795918367346,5.0,5,5,1.0,1.0,6.0,18.166666666666668,10.833333333333334,150,0,0,150,1.0,1.0,1.0,1.0,0.0,0.0,9.0,1.0,1.0,1.0,1.0,0.0,150,0,0,150,1.0,1.0,1.0,1.0,0.0,0.0,9.0,1.0,1.0,1.0,1.0,0.0,150,0,0,150,1.0,1.0,1.0,1.0,0.0,0.0,9.0,1.0,1.0,1.0,1.0,0.0,1.0,1.0,0.9465477516175151,1.0,1.0,1.0,0.18444237500079907
order,0.4,1010,350,150,150,0.0,0.05,0.95,6,2,0.005714285714285714,0.9559990930989408,0.9559990930989408,6.0,8,6,6,0,14,10,10,6,2,0,2,0,1,1,0.1111111111111111,4,1.6666666666666667,109,94,36,65,73,7,29,4,6,6,0,0.24489795918367346,5.0,5,5,1.0,1.0,6.0,18.166666666666668,10.833333333333334,150,0,0,150,1.0,1.0,1.0,1.0,0.0,0.0,9.0,1.0,1.0,1.0,1.0,0.0,150,0,0,150,1.0,1.0,1.0,1.0,0.0,0.0,9.0,1.0,1.0,1.0,1.0,0.0,150,0,0,150,1.0,1.0,1.0,1.0,0.0,0.0,9.0,1.0,1.0,1.0,1.0,0.0,1.0,1.0,0.9465477516175151,1.0,1.0,1.0,0.21045949999825098
order,0.5,1001,350,150,150,0.0,0.05,0.95,6,2,0.005714285714285714,0.9991518824216163,0.9991518824216163,6.0,8,6,6,0,14,10,10,6,2,0,2,0,1,1,0.1111111111111111,4,1.6666666666666667,109,94,36,65,73,7,29,4,6,6,0,0.24489795918367346,5.0,5,5,1.0,1.0,6.0,18.166666666666668,10.833333333333334,150,0,0,150,1.0,1.0,1.0,1.0,0.0,0.0,9.0,1.0,1.0,1.0,1.0,0.0,150,0,0,150,1.0,1.0,1.0,1.0,0.0,0.0,9.0,1.0,1.0,1.0,1.0,0.0,150,0,0,150,1.0,1.0,1.0,1.0,0.0,0.0,9.0,1.0,1.0,1.0,1.0,0.0,1.0,1.0,0.9465477516175151,1.0,1.0,1.0,0.1961010420054663
order,0.5,1002,350,150,150,0.0,0.05,0.95,6,2,0.005714285714285714,0.9996230999014989,0.9996230999014989,6.0,8,6,6,0,14,10,10,6,2,0,2,0,1,1,0.1111111111111111,4,1.6666666666666667,109,94,36,65,73,7,29,4,6,6,0,0.24489795918367346,5.0,5,5,1.0,1.0,6.0,18.166666666666668,10.833333333333334,150,0,0,150,1.0,1.0,1.0,1.0,0.0,0.0,9.0,1.0,1.0,1.0,1.0,0.0,150,0,0,150,1.0,1.0,1.0,1.0,0.0,0.0,9.0,1.0,1.0,1.0,1.0,0.0,150,0,0,150,1.0,1.0,1.0,1.0,0.0,0.0,9.0,1.0,1.0,1.0,1.0,0.0,1.0,1.0,0.9465477516175151,1.0,1.0,1.0,0.18805008300114423
order,0.5,1003,350,150,150,0.0,0.05,0.95,6,2,0.005714285714285714,0.9980912674949578,0.9980912674949578,6.0,8,6,6,0,14,10,10,6,2,0,2,0,1,1,0.1111111111111111,4,1.6666666666666667,109,94,36,65,73,7,29,4,6,6,0,0.24489795918367346,5.0,5,5,1.0,1.0,6.0,18.166666666666668,10.833333333333334,150,0,0,150,1.0,1.0,1.0,1.0,0.0,0.0,9.0,1.0,1.0,1.0,1.0,0.0,150,0,0,150,1.0,1.0,1.0,1.0,0.0,0.0,9.0,1.0,1.0,1.0,1.0,0.0,150,0,0,150,1.0,1.0,1.0,1.0,0.0,0.0,9.0,1.0,1.0,1.0,1.0,0.0,1.0,1.0,0.9465477516175151,1.0,1.0,1.0,0.19282450000173412
order,0.5,1004,350,150,150,0.0,0.05,0.95,6,2,0.005714285714285714,0.992354923921686,0.992354923921686,6.0,8,6,6,0,14,10,10,6,2,0,2,0,1,1,0.1111111111111111,4,1.6666666666666667,109,94,36,65,73,7,29,4,6,6,0,0.24489795918367346,5.0,5,5,1.0,1.0,6.0,18.166666666666668,10.833333333333334,150,0,0,150,1.0,1.0,1.0,1.0,0.0,0.0,9.0,1.0,1.0,1.0,1.0,0.0,150,0,0,150,1.0,1.0,1.0,1.0,0.0,0.0,9.0,1.0,1.0,1.0,1.0,0.0,150,0,0,150,1.0,1.0,1.0,1.0,0.0,0.0,9.0,1.0,1.0,1.0,1.0,0.0,1.0,1.0,0.9465477516175151,1.0,1.0,1.0,0.19284483400406316
order,0.5,1005,350,150,150,0.0,0.05,0.95,6,2,0.005714285714285714,0.9988455359952018,0.9988455359952018,6.0,8,6,6,0,14,10,10,6,2,0,2,0,1,1,0.1111111111111111,4,1.6666666666666667,109,94,36,65,73,7,29,4,6,6,0,0.24489795918367346,5.0,5,5,1.0,1.0,6.0,18.166666666666668,10.833333333333334,150,0,0,150,1.0,1.0,1.0,1.0,0.0,0.0,9.0,1.0,1.0,1.0,1.0,0.0,150,0,0,150,1.0,1.0,1.0,1.0,0.0,0.0,9.0,1.0,1.0,1.0,1.0,0.0,150,0,0,150,1.0,1.0,1.0,1.0,0.0,0.0,9.0,1.0,1.0,1.0,1.0,0.0,1.0,1.0,0.9465477516175151,1.0,1.0,1.0,0.22681733299396
order,0.5,1006,350,150,150,0.0,0.05,0.95,6,2,0.005714285714285714,0.9966055314361755,0.9966055314361755,6.0,8,6,6,0,14,10,10,6,2,0,2,0,1,1,0.1111111111111111,4,1.6666666666666667,109,94,36,65,73,7,29,4,6,6,0,0.24489795918367346,5.0,5,5,1.0,1.0,6.0,18.166666666666668,10.833333333333334,150,0,0,150,1.0,1.0,1.0,1.0,0.0,0.0,9.0,1.0,1.0,1.0,1.0,0.0,150,0,0,150,1.0,1.0,1.0,1.0,0.0,0.0,9.0,1.0,1.0,1.0,1.0,0.0,150,0,0,150,1.0,1.0,1.0,1.0,0.0,0.0,9.0,1.0,1.0,1.0,1.0,0.0,1.0,1.0,0.9465477516175151,1.0,1.0,1.0,0.18618091600365005
order,0.5,1007,350,150,150,0.0,0.05,0.95,6,2,0.005714285714285714,0.9976432959863936,0.9976432959863936,6.0,8,6,6,0,14,10,10,6,2,0,2,0,1,1,0.1111111111111111,4,1.6666666666666667,109,94,36,65,73,7,29,4,6,6,0,0.24489795918367346,5.0,5,5,1.0,1.0,6.0,18.166666666666668,10.833333333333334,150,0,0,150,1.0,1.0,1.0,1.0,0.0,0.0,9.0,1.0,1.0,1.0,1.0,0.0,150,0,0,150,1.0,1.0,1.0,1.0,0.0,0.0,9.0,1.0,1.0,1.0,1.0,0.0,150,0,0,150,1.0,1.0,1.0,1.0,0.0,0.0,9.0,1.0,1.0,1.0,1.0,0.0,1.0,1.0,0.9465477516175151,1.0,1.0,1.0,0.20319775000098161
order,0.5,1008,350,150,150,0.0,0.05,0.95,6,2,0.005714285714285714,0.9984920054061961,0.9984920054061961,6.0,8,6,6,0,14,10,10,6,2,0,2,0,1,1,0.1111111111111111,4,1.6666666666666667,109,94,36,65,73,7,29,4,6,6,0,0.24489795918367346,5.0,5,5,1.0,1.0,6.0,18.166666666666668,10.833333333333334,150,0,0,150,1.0,1.0,1.0,1.0,0.0,0.0,9.0,1.0,1.0,1.0,1.0,0.0,150,0,0,150,1.0,1.0,1.0,1.0,0.0,0.0,9.0,1.0,1.0,1.0,1.0,0.0,150,0,0,150,1.0,1.0,1.0,1.0,0.0,0.0,9.0,1.0,1.0,1.0,1.0,0.0,1.0,1.0,0.9465477516175151,1.0,1.0,1.0,0.18842683400725946
order,0.5,1009,350,150,150,0.0,0.05,0.95,6,2,0.005714285714285714,0.9991518824216163,0.9991518824216163,6.0,8,6,6,0,14,10,10,6,2,0,2,0,1,1,0.1111111111111111,4,1.6666666666666667,109,94,36,65,73,7,29,4,6,6,0,0.24489795918367346,5.0,5,5,1.0,1.0,6.0,18.166666666666668,10.833333333333334,150,0,0,150,1.0,1.0,1.0,1.0,0.0,0.0,9.0,1.0,1.0,1.0,1.0,0.0,150,0,0,150,1.0,1.0,1.0,1.0,0.0,0.0,9.0,1.0,1.0,1.0,1.0,0.0,150,0,0,150,1.0,1.0,1.0,1.0,0.0,0.0,9.0,1.0,1.0,1.0,1.0,0.0,1.0,1.0,0.9465477516175151,1.0,1.0,1.0,0.19906391701078974
order,0.5,1010,350,150,150,0.0,0.05,0.95,6,2,0.005714285714285714,0.9994110647387552,0.9994110647387552,6.0,8,6,6,0,14,10,10,6,2,0,2,0,1,1,0.1111111111111111,4,1.6666666666666667,109,94,36,65,73,7,29,4,6,6,0,0.24489795918367346,5.0,5,5,1.0,1.0,6.0,18.166666666666668,10.833333333333334,150,0,0,150,1.0,1.0,1.0,1.0,0.0,0.0,9.0,1.0,1.0,1.0,1.0,0.0,150,0,0,150,1.0,1.0,1.0,1.0,0.0,0.0,9.0,1.0,1.0,1.0,1.0,0.0,150,0,0,150,1.0,1.0,1.0,1.0,0.0,0.0,9.0,1.0,1.0,1.0,1.0,0.0,1.0,1.0,0.9465477516175151,1.0,1.0,1.0,0.20754662502440624
rework,0.0,1001,350,150,150,0.0,0.05,0.95,6,1,0.002857142857142857,0.0,0.0,6.0,7,6,6,0,12,8,7,6,0,0,0,0,0,0,0.125,2,1.3333333333333333,112,97,37,67,75,7,30,4,6,6,0,0.25170068027210885,5.0,5,5,1.0,1.0,6.166666666666667,18.666666666666668,11.166666666666666,150,0,0,150,1.0,1.0,1.0,1.0,0.0,0.0,10.0,1.0,1.0,1.0,1.0,0.0,150,0,30,120,0.9,0.8333333333333334,1.0,0.9090909090909091,0.2,0.0,10.0,0.8,0.9,0.9090909090909091,0.9523809523809523,0.04329004329004327,150,0,0,150,1.0,1.0,1.0,1.0,0.0,0.0,10.0,1.0,1.0,1.0,1.0,0.0,1.0,1.0,0.9465477516175151,1.0,1.0,1.0,0.18689766598981805
rework,0.0,1002,350,150,150,0.0,0.05,0.95,6,1,0.002857142857142857,0.0,0.0,6.0,7,6,6,0,12,8,7,6,0,0,0,0,0,0,0.125,2,1.3333333333333333,112,97,37,67,75,7,30,4,6,6,0,0.25170068027210885,5.0,5,5,1.0,1.0,6.166666666666667,18.666666666666668,11.166666666666666,150,0,0,150,1.0,1.0,1.0,1.0,0.0,0.0,10.0,1.0,1.0,1.0,1.0,0.0,150,0,30,120,0.9,0.8333333333333334,1.0,0.9090909090909091,0.2,0.0,10.0,0.8,0.9,0.9090909090909091,0.9523809523809523,0.04329004329004327,150,0,0,150,1.0,1.0,1.0,1.0,0.0,0.0,10.0,1.0,1.0,1.0,1.0,0.0,1.0,1.0,0.9465477516175151,1.0,1.0,1.0,0.20629770899540745
rework,0.0,1003,350,150,150,0.0,0.05,0.95,6,1,0.002857142857142857,0.0,0.0,6.0,7,6,6,0,12,8,7,6,0,0,0,0,0,0,0.125,2,1.3333333333333333,112,97,37,67,75,7,30,4,6,6,0,0.25170068027210885,5.0,5,5,1.0,1.0,6.166666666666667,18.666666666666668,11.166666666666666,150,0,0,150,1.0,1.0,1.0,1.0,0.0,0.0,10.0,1.0,1.0,1.0,1.0,0.0,150,0,30,120,0.9,0.8333333333333334,1.0,0.9090909090909091,0.2,0.0,10.0,0.8,0.9,0.9090909090909091,0.9523809523809523,0.04329004329004327,150,0,0,150,1.0,1.0,1.0,1.0,0.0,0.0,10.0,1.0,1.0,1.0,1.0,0.0,1.0,1.0,0.9465477516175151,1.0,1.0,1.0,0.19130645800032653
rework,0.0,1004,350,150,150,0.0,0.05,0.95,6,1,0.002857142857142857,0.0,0.0,6.0,7,6,6,0,12,8,7,6,0,0,0,0,0,0,0.125,2,1.3333333333333333,112,97,37,67,75,7,30,4,6,6,0,0.25170068027210885,5.0,5,5,1.0,1.0,6.166666666666667,18.666666666666668,11.166666666666666,150,0,0,150,1.0,1.0,1.0,1.0,0.0,0.0,10.0,1.0,1.0,1.0,1.0,0.0,150,0,30,120,0.9,0.8333333333333334,1.0,0.9090909090909091,0.2,0.0,10.0,0.8,0.9,0.9090909090909091,0.9523809523809523,0.04329004329004327,150,0,0,150,1.0,1.0,1.0,1.0,0.0,0.0,10.0,1.0,1.0,1.0,1.0,0.0,1.0,1.0,0.9465477516175151,1.0,1.0,1.0,0.18753737499355339
rework,0.0,1005,350,150,150,0.0,0.05,0.95,6,1,0.002857142857142857,0.0,0.0,6.0,7,6,6,0,12,8,7,6,0,0,0,0,0,0,0.125,2,1.3333333333333333,112,97,37,67,75,7,30,4,6,6,0,0.25170068027210885,5.0,5,5,1.0,1.0,6.166666666666667,18.666666666666668,11.166666666666666,150,0,0,150,1.0,1.0,1.0,1.0,0.0,0.0,10.0,1.0,1.0,1.0,1.0,0.0,150,0,30,120,0.9,0.8333333333333334,1.0,0.9090909090909091,0.2,0.0,10.0,0.8,0.9,0.9090909090909091,0.9523809523809523,0.04329004329004327,150,0,0,150,1.0,1.0,1.0,1.0,0.0,0.0,10.0,1.0,1.0,1.0,1.0,0.0,1.0,1.0,0.9465477516175151,1.0,1.0,1.0,0.20666887497645803
rework,0.0,1006,350,150,150,0.0,0.05,0.95,6,1,0.002857142857142857,0.0,0.0,6.0,7,6,6,0,12,8,7,6,0,0,0,0,0,0,0.125,2,1.3333333333333333,112,97,37,67,75,7,30,4,6,6,0,0.25170068027210885,5.0,5,5,1.0,1.0,6.166666666666667,18.666666666666668,11.166666666666666,150,0,0,150,1.0,1.0,1.0,1.0,0.0,0.0,10.0,1.0,1.0,1.0,1.0,0.0,150,0,30,120,0.9,0.8333333333333334,1.0,0.9090909090909091,0.2,0.0,10.0,0.8,0.9,0.9090909090909091,0.9523809523809523,0.04329004329004327,150,0,0,150,1.0,1.0,1.0,1.0,0.0,0.0,10.0,1.0,1.0,1.0,1.0,0.0,1.0,1.0,0.9465477516175151,1.0,1.0,1.0,0.18672891598544084
rework,0.0,1007,350,150,150,0.0,0.05,0.95,6,1,0.002857142857142857,0.0,0.0,6.0,7,6,6,0,12,8,7,6,0,0,0,0,0,0,0.125,2,1.3333333333333333,112,97,37,67,75,7,30,4,6,6,0,0.25170068027210885,5.0,5,5,1.0,1.0,6.166666666666667,18.666666666666668,11.166666666666666,150,0,0,150,1.0,1.0,1.0,1.0,0.0,0.0,10.0,1.0,1.0,1.0,1.0,0.0,150,0,30,120,0.9,0.8333333333333334,1.0,0.9090909090909091,0.2,0.0,10.0,0.8,0.9,0.9090909090909091,0.9523809523809523,0.04329004329004327,150,0,0,150,1.0,1.0,1.0,1.0,0.0,0.0,10.0,1.0,1.0,1.0,1.0,0.0,1.0,1.0,0.9465477516175151,1.0,1.0,1.0,0.21227716701105237
rework,0.0,1008,350,150,150,0.0,0.05,0.95,6,1,0.002857142857142857,0.0,0.0,6.0,7,6,6,0,12,8,7,6,0,0,0,0,0,0,0.125,2,1.3333333333333333,112,97,37,67,75,7,30,4,6,6,0,0.25170068027210885,5.0,5,5,1.0,1.0,6.166666666666667,18.666666666666668,11.166666666666666,150,0,0,150,1.0,1.0,1.0,1.0,0.0,0.0,10.0,1.0,1.0,1.0,1.0,0.0,150,0,30,120,0.9,0.8333333333333334,1.0,0.9090909090909091,0.2,0.0,10.0,0.8,0.9,0.9090909090909091,0.9523809523809523,0.04329004329004327,150,0,0,150,1.0,1.0,1.0,1.0,0.0,0.0,10.0,1.0,1.0,1.0,1.0,0.0,1.0,1.0,0.9465477516175151,1.0,1.0,1.0,0.18922370800282806
rework,0.0,1009,350,150,150,0.0,0.05,0.95,6,1,0.002857142857142857,0.0,0.0,6.0,7,6,6,0,12,8,7,6,0,0,0,0,0,0,0.125,2,1.3333333333333333,112,97,37,67,75,7,30,4,6,6,0,0.25170068027210885,5.0,5,5,1.0,1.0,6.166666666666667,18.666666666666668,11.166666666666666,150,0,0,150,1.0,1.0,1.0,1.0,0.0,0.0,10.0,1.0,1.0,1.0,1.0,0.0,150,0,30,120,0.9,0.8333333333333334,1.0,0.9090909090909091,0.2,0.0,10.0,0.8,0.9,0.9090909090909091,0.9523809523809523,0.04329004329004327,150,0,0,150,1.0,1.0,1.0,1.0,0.0,0.0,10.0,1.0,1.0,1.0,1.0,0.0,1.0,1.0,0.9465477516175151,1.0,1.0,1.0,0.18598845900851302
rework,0.0,1010,350,150,150,0.0,0.05,0.95,6,1,0.002857142857142857,0.0,0.0,6.0,7,6,6,0,12,8,7,6,0,0,0,0,0,0,0.125,2,1.3333333333333333,112,97,37,67,75,7,30,4,6,6,0,0.25170068027210885,5.0,5,5,1.0,1.0,6.166666666666667,18.666666666666668,11.166666666666666,150,0,0,150,1.0,1.0,1.0,1.0,0.0,0.0,10.0,1.0,1.0,1.0,1.0,0.0,150,0,30,120,0.9,0.8333333333333334,1.0,0.9090909090909091,0.2,0.0,10.0,0.8,0.9,0.9090909090909091,0.9523809523809523,0.04329004329004327,150,0,0,150,1.0,1.0,1.0,1.0,0.0,0.0,10.0,1.0,1.0,1.0,1.0,0.0,1.0,1.0,0.9465477516175151,1.0,1.0,1.0,0.21380229201167822
rework,0.05,1001,350,150,150,0.0,0.05,0.95,8,2,0.005714285714285714,0.2802972131580829,0.2802972131580829,6.145714285714286,8,8,8,0,16,12,12,8,2,2,0,0,1,2,0.09090909090909091,4,1.5,112,97,37,67,75,7,30,4,8,6,2,0.13805970149253732,3.75,5,5,1.0,0.9986872586872587,4.625,14.0,8.375,150,0,0,150,1.0,1.0,1.0,1.0,0.0,0.0,10.0,1.0,1.0,1.0,1.0,0.0,75,75,30,120,0.65,0.7142857142857143,0.5,0.588235294117647,0.2,0.5,10.0,0.8,0.65,0.588235294117647,0.625,0.03676470588235303,75,75,30,120,0.65,0.7142857142857143,0.5,0.588235294117647,0.2,0.5,10.0,0.8,0.65,0.588235294117647,0.625,0.03676470588235303,1.0,0.9932486100079428,0.8994334916147152,1.0,0.9514285714285714,0.9995663265306122,0.2157919160090387
rework,0.05,1002,350,150,150,0.0,0.05,0.95,8,2,0.005714285714285714,0.2679047298713761,0.2679047298713761,6.137142857142857,8,8,8,0,16,12,12,8,2,2,0,0,1,2,0.09090909090909091,4,1.5,112,97,37,67,75,7,30,4,8,6,2,0.13805970149253732,3.75,5,5,1.0,0.9987644787644788,4.625,14.0,8.375,150,0,0,150,1.0,1.0,1.0,1.0,0.0,0.0,10.0,1.0,1.0,1.0,1.0,0.0,75,75,30,120,0.65,0.7142857142857143,0.5,0.588235294117647,0.2,0.5,10.0,0.8,0.65,0.588235294117647,0.625,0.03676470588235303,75,75,30,120,0.65,0.7142857142857143,0.5,0.588235294117647,0.2,0.5,10.0,0.8,0.65,0.588235294117647,0.625,0.03676470588235303,1.0,0.9936356404136834,0.8975584900923305,1.0,0.9542857142857143,0.9995918367346938,0.20380124999792315
rework,0.05,1003,350,150,150,0.0,0.05,0.95,8,2,0.005714285714285714,0.21544882762652257,0.21544882762652257,6.102857142857143,8,8,8,0,16,12,12,8,2,2,0,0,1,2,0.09090909090909091,4,1.5,112,97,37,67,75,7,30,4,8,6,2,0.13805970149253732,3.75,5,5,1.0,0.999073359073359,4.625,14.0,8.375,150,0,0,150,1.0,1.0,1.0,1.0,0.0,0.0,10.0,1.0,1.0,1.0,1.0,0.0,75,75,30,120,0.65,0.7142857142857143,0.5,0.588235294117647,0.2,0.5,10.0,0.8,0.65,0.588235294117647,0.625,0.03676470588235303,75,75,30,120,0.65,0.7142857142857143,0.5,0.588235294117647,0.2,0.5,10.0,0.8,0.65,0.588235294117647,0.625,0.03676470588235303,1.0,0.9951961569255404,0.8878537069718982,1.0,0.9657142857142857,0.9996938775510205,0.23454154198407196
rework,0.05,1004,350,150,150,0.0,0.05,0.95,8,2,0.005714285714285714,0.33868381719018026,0.33868381719018026,6.188571428571429,8,8,8,0,16,12,12,8,2,2,0,0,1,2,0.09090909090909091,4,1.5,144,128,64,96,80,6,58,7,8,8,0,0.23880597014925373,7.0,7,14,0.59,1.0,8.0,18.0,12.0,150,0,0,150,1.0,1.0,1.0,1.0,0.0,0.0,10.0,1.0,1.0,1.0,1.0,0.0,150,0,0,150,1.0,1.0,1.0,1.0,0.0,0.0,10.0,1.0,1.0,1.0,1.0,0.0,150,0,0,150,1.0,1.0,1.0,1.0,0.0,0.0,10.0,1.0,1.0,1.0,1.0,0.0,1.0,0.9913317572892041,0.9068112175799792,1.0,1.0,1.0,0.24603495802148245
rework,0.05,1005,350,150,150,0.0,0.05,0.95,8,2,0.005714285714285714,0.29243470830906976,0.29243470830906976,6.154285714285714,8,8,8,0,16,12,12,8,2,2,0,0,1,2,0.09090909090909091,4,1.5,144,128,64,96,80,6,58,7,8,8,0,0.23880597014925373,7.0,7,14,0.585,1.0,8.0,18.0,12.0,150,0,0,150,1.0,1.0,1.0,1.0,0.0,0.0,10.0,1.0,1.0,1.0,1.0,0.0,150,0,0,150,1.0,1.0,1.0,1.0,0.0,0.0,10.0,1.0,1.0,1.0,1.0,0.0,150,0,0,150,1.0,1.0,1.0,1.0,0.0,0.0,10.0,1.0,1.0,1.0,1.0,0.0,1.0,0.992862807295797,0.9011507042227844,1.0,1.0,1.0,0.2456937920069322
rework,0.05,1006,350,150,150,0.0,0.05,0.95,8,2,0.005714285714285714,0.2679047298713761,0.2679047298713761,6.137142857142857,8,8,8,0,16,12,12,8,2,2,0,0,1,2,0.09090909090909091,4,1.5,112,97,37,67,75,7,30,4,8,6,2,0.13805970149253732,3.75,5,5,1.0,0.9987644787644788,4.625,14.0,8.375,150,0,0,150,1.0,1.0,1.0,1.0,0.0,0.0,10.0,1.0,1.0,1.0,1.0,0.0,75,75,30,120,0.65,0.7142857142857143,0.5,0.588235294117647,0.2,0.5,10.0,0.8,0.65,0.588235294117647,0.625,0.03676470588235303,75,75,30,120,0.65,0.7142857142857143,0.5,0.588235294117647,0.2,0.5,10.0,0.8,0.65,0.588235294117647,0.625,0.03676470588235303,1.0,0.9936356404136834,0.8975584900923305,1.0,0.9542857142857143,0.9995918367346938,0.22059083299245685
rework,0.05,1007,350,150,150,0.0,0.05,0.95,8,2,0.005714285714285714,0.37123232664087563,0.37123232664087563,6.214285714285714,8,8,8,0,16,12,12,8,2,2,0,0,1,2,0.09090909090909091,4,1.5,144,128,64,96,80,6,58,7,8,8,0,0.23880597014925373,7.0,7,14,0.59375,1.0,8.0,18.0,12.0,150,0,0,150,1.0,1.0,1.0,1.0,0.0,0.0,10.0,1.0,1.0,1.0,1.0,0.0,150,0,0,150,1.0,1.0,1.0,1.0,0.0,0.0,10.0,1.0,1.0,1.0,1.0,0.0,150,0,0,150,1.0,1.0,1.0,1.0,0.0,0.0,10.0,1.0,1.0,1.0,1.0,0.0,1.0,0.9901960784313726,0.9101373725172679,1.0,1.0,1.0,0.23324991698609665
rework,0.05,1008,350,150,150,0.0,0.05,0.95,8,2,0.005714285714285714,0.21544882762652257,0.21544882762652257,6.102857142857143,8,8,8,0,16,12,12,8,2,2,0,0,1,2,0.09090909090909091,4,1.5,112,97,37,67,75,7,30,4,8,6,2,0.13805970149253732,3.75,5,5,1.0,0.999073359073359,4.625,14.0,8.375,150,0,0,150,1.0,1.0,1.0,1.0,0.0,0.0,10.0,1.0,1.0,1.0,1.0,0.0,75,75,30,120,0.65,0.7142857142857143,0.5,0.588235294117647,0.2,0.5,10.0,0.8,0.65,0.588235294117647,0.625,0.03676470588235303,75,75,30,120,0.65,0.7142857142857143,0.5,0.588235294117647,0.2,0.5,10.0,0.8,0.65,0.588235294117647,0.625,0.03676470588235303,1.0,0.9951961569255404,0.8878537069718982,1.0,0.9657142857142857,0.9996938775510205,0.20928966600331478
rework,0.05,1009,350,150,150,0.0,0.05,0.95,8,2,0.005714285714285714,0.22903531870627022,0.22903531870627022,6.111428571428571,8,8,8,0,16,12,12,8,2,2,0,0,1,2,0.09090909090909091,4,1.5,112,97,37,67,75,7,30,4,8,6,2,0.13805970149253732,3.75,5,5,1.0,0.998996138996139,4.625,14.0,8.375,150,0,0,150,1.0,1.0,1.0,1.0,0.0,0.0,10.0,1.0,1.0,1.0,1.0,0.0,75,75,30,120,0.65,0.7142857142857143,0.5,0.588235294117647,0.2,0.5,10.0,0.8,0.65,0.588235294117647,0.625,0.03676470588235303,75,75,30,120,0.65,0.7142857142857143,0.5,0.588235294117647,0.2,0.5,10.0,0.8,0.65,0.588235294117647,0.625,0.03676470588235303,1.0,0.9948041566746603,0.8906940217192748,1.0,0.9628571428571429,0.9996683673469388,0.224607374984771
rework,0.05,1010,350,150,150,0.0,0.05,0.95,8,2,0.005714285714285714,0.22903531870627022,0.22903531870627022,6.111428571428571,8,8,8,0,16,12,12,8,2,2,0,0,1,2,0.09090909090909091,4,1.5,112,97,37,67,75,7,30,4,8,6,2,0.13805970149253732,3.75,5,5,1.0,0.998996138996139,4.625,14.0,8.375,150,0,0,150,1.0,1.0,1.0,1.0,0.0,0.0,10.0,1.0,1.0,1.0,1.0,0.0,75,75,30,120,0.65,0.7142857142857143,0.5,0.588235294117647,0.2,0.5,10.0,0.8,0.65,0.588235294117647,0.625,0.03676470588235303,75,75,30,120,0.65,0.7142857142857143,0.5,0.588235294117647,0.2,0.5,10.0,0.8,0.65,0.588235294117647,0.625,0.03676470588235303,1.0,0.9948041566746603,0.8906940217192748,1.0,0.9628571428571429,0.9996683673469388,0.20049445901531726
rework,0.1,1001,350,150,150,0.0,0.05,0.95,8,2,0.005714285714285714,0.4689955935892812,0.4689955935892812,6.3,8,8,8,0,16,12,12,8,2,2,0,0,1,2,0.09090909090909091,4,1.5,144,128,64,96,80,6,58,7,8,8,0,0.23880597014925373,7.0,7,14,0.60625,1.0,8.0,18.0,12.0,150,0,0,150,1.0,1.0,1.0,1.0,0.0,0.0,10.0,1.0,1.0,1.0,1.0,0.0,150,0,0,150,1.0,1.0,1.0,1.0,0.0,0.0,10.0,1.0,1.0,1.0,1.0,0.0,150,0,0,150,1.0,1.0,1.0,1.0,0.0,0.0,10.0,1.0,1.0,1.0,1.0,0.0,1.0,0.9864864864864865,0.9179640421315508,1.0,1.0,1.0,0.23318304200074635
rework,0.1,1002,350,150,150,0.0,0.05,0.95,8,2,0.005714285714285714,0.47798763982120274,0.47798763982120274,6.308571428571429,8,8,8,0,16,12,12,8,2,2,0,0,1,2,0.09090909090909091,4,1.5,144,128,64,96,80,6,58,7,8,8,0,0.23880597014925373,7.0,7,14,0.6075,1.0,8.0,18.0,12.0,150,0,0,150,1.0,1.0,1.0,1.0,0.0,0.0,10.0,1.0,1.0,1.0,1.0,0.0,150,0,0,150,1.0,1.0,1.0,1.0,0.0,0.0,10.0,1.0,1.0,1.0,1.0,0.0,150,0,0,150,1.0,1.0,1.0,1.0,0.0,0.0,10.0,1.0,1.0,1.0,1.0,0.0,1.0,0.9861218195836546,0.9185633456122893,1.0,1.0,1.0,0.2545107920013834
rework,0.1,1003,350,150,150,0.0,0.05,0.95,8,2,0.005714285714285714,0.5375182490299424,0.5375182490299424,6.368571428571428,8,8,8,0,16,12,12,8,2,2,0,0,1,2,0.09090909090909091,4,1.5,144,128,64,96,80,6,58,7,8,8,0,0.23880597014925373,7.0,7,14,0.61625,1.0,8.0,18.0,12.0,150,0,0,150,1.0,1.0,1.0,1.0,0.0,0.0,10.0,1.0,1.0,1.0,1.0,0.0,150,0,0,150,1.0,1.0,1.0,1.0,0.0,0.0,10.0,1.0,1.0,1.0,1.0,0.0,150,0,0,150,1.0,1.0,1.0,1.0,0.0,0.0,10.0,1.0,1.0,1.0,1.0,0.0,1.0,0.9836003051106026,0.9221622862739793,1.0,1.0,1.0,0.23438208401785232
rework,0.1,1004,350,150,150,0.0,0.05,0.95,8,2,0.005714285714285714,0.49559186098696384,0.49559186098696384,6.325714285714286,8,8,8,0,16,12,12,8,2,2,0,0,1,2,0.09090909090909091,4,1.5,144,128,64,96,80,6,58,7,8,8,0,0.23880597014925373,7.0,7,14,0.61,1.0,8.0,18.0,12.0,150,0,0,150,1.0,1.0,1.0,1.0,0.0,0.0,10.0,1.0,1.0,1.0,1.0,0.0,150,0,0,150,1.0,1.0,1.0,1.0,0.0,0.0,10.0,1.0,1.0,1.0,1.0,0.0,150,0,0,150,1.0,1.0,1.0,1.0,0.0,0.0,10.0,1.0,1.0,1.0,1.0,0.0,1.0,0.9853958493466565,0.9196910759461712,1.0,1.0,1.0,0.27187445797608234
rework,0.1,1005,350,150,150,0.0,0.05,0.95,8,2,0.005714285714285714,0.45987267461382586,0.45987267461382586,6.291428571428572,8,8,8,0,16,12,12,8,2,2,0,0,1,2,0.09090909090909091,4,1.5,144,128,64,96,80,6,58,7,8,8,0,0.23880597014925373,7.0,7,14,0.605,1.0,8.0,18.0,12.0,150,0,0,150,1.0,1.0,1.0,1.0,0.0,0.0,10.0,1.0,1.0,1.0,1.0,0.0,150,0,0,150,1.0,1.0,1.0,1.0,0.0,0.0,10.0,1.0,1.0,1.0,1.0,0.0,150,0,0,150,1.0,1.0,1.0,1.0,0.0,0.0,10.0,1.0,1.0,1.0,1.0,0.0,1.0,0.9868522815158546,0.9173388189368219,1.0,1.0,1.0,0.2909606249886565
rework,0.1,1006,350,150,150,0.0,0.05,0.95,8,2,0.005714285714285714,0.4689955935892812,0.4689955935892812,6.3,8,8,8,0,16,12,12,8,2,2,0,0,1,2,0.09090909090909091,4,1.5,144,128,64,96,80,6,58,7,8,8,0,0.23880597014925373,7.0,7,14,0.60625,1.0,8.0,18.0,12.0,150,0,0,150,1.0,1.0,1.0,1.0,0.0,0.0,10.0,1.0,1.0,1.0,1.0,0.0,150,0,0,150,1.0,1.0,1.0,1.0,0.0,0.0,10.0,1.0,1.0,1.0,1.0,0.0,150,0,0,150,1.0,1.0,1.0,1.0,0.0,0.0,10.0,1.0,1.0,1.0,1.0,0.0,1.0,0.9864864864864865,0.9179640421315508,1.0,1.0,1.0,0.23627583298366517
rework,0.1,1007,350,150,150,0.0,0.05,0.95,8,2,0.005714285714285714,0.5293608652873644,0.5293608652873644,6.36,8,8,8,0,16,12,12,8,2,2,0,0,1,2,0.09090909090909091,4,1.5,144,128,64,96,80,6,58,7,8,8,0,0.23880597014925373,7.0,7,14,0.615,1.0,8.0,18.0,12.0,150,0,0,150,1.0,1.0,1.0,1.0,0.0,0.0,10.0,1.0,1.0,1.0,1.0,0.0,150,0,0,150,1.0,1.0,1.0,1.0,0.0,0.0,10.0,1.0,1.0,1.0,1.0,0.0,150,0,0,150,1.0,1.0,1.0,1.0,0.0,0.0,10.0,1.0,1.0,1.0,1.0,0.0,1.0,0.983957219251337,0.9217030538669726,1.0,1.0,1.0,0.24322754199965857
rework,0.1,1008,350,150,150,0.0,0.05,0.95,8,2,0.005714285714285714,0.6134037890618231,0.6134037890618231,6.454285714285715,8,8,8,0,16,12,12,8,2,2,0,0,1,2,0.09090909090909091,4,1.5,144,128,64,96,80,6,58,7,8,8,0,0.23880597014925373,7.0,7,14,0.62875,1.0,8.0,18.0,12.0,150,0,0,150,1.0,1.0,1.0,1.0,0.0,0.0,10.0,1.0,1.0,1.0,1.0,0.0,150,0,0,150,1.0,1.0,1.0,1.0,0.0,0.0,10.0,1.0,1.0,1.0,1.0,0.0,150,0,0,150,1.0,1.0,1.0,1.0,0.0,0.0,10.0,1.0,1.0,1.0,1.0,0.0,1.0,0.9800901577761082,0.9260255102564408,1.0,1.0,1.0,0.2668809579918161
rework,0.1,1009,350,150,150,0.0,0.05,0.95,8,2,0.005714285714285714,0.5613430716452643,0.5613430716452643,6.394285714285714,8,8,8,0,16,12,12,8,2,2,0,0,1,2,0.09090909090909091,4,1.5,144,128,64,96,80,6,58,7,8,8,0,0.23880597014925373,7.0,7,14,0.62,1.0,8.0,18.0,12.0,150,0,0,150,1.0,1.0,1.0,1.0,0.0,0.0,10.0,1.0,1.0,1.0,1.0,0.0,150,0,0,150,1.0,1.0,1.0,1.0,0.0,0.0,10.0,1.0,1.0,1.0,1.0,0.0,150,0,0,150,1.0,1.0,1.0,1.0,0.0,0.0,10.0,1.0,1.0,1.0,1.0,0.0,1.0,0.982536066818527,0.9234503693768525,1.0,1.0,1.0,0.23830850000376813
rework,0.1,1010,350,150,150,0.0,0.05,0.95,8,2,0.005714285714285714,0.49559186098696384,0.49559186098696384,6.325714285714286,8,8,8,0,16,12,12,8,2,2,0,0,1,2,0.09090909090909091,4,1.5,144,128,64,96,80,6,58,7,8,8,0,0.23880597014925373,7.0,7,14,0.61,1.0,8.0,18.0,12.0,150,0,0,150,1.0,1.0,1.0,1.0,0.0,0.0,10.0,1.0,1.0,1.0,1.0,0.0,150,0,0,150,1.0,1.0,1.0,1.0,0.0,0.0,10.0,1.0,1.0,1.0,1.0,0.0,150,0,0,150,1.0,1.0,1.0,1.0,0.0,0.0,10.0,1.0,1.0,1.0,1.0,0.0,1.0,0.9853958493466565,0.9196910759461712,1.0,1.0,1.0,0.23722791601903737
rework,0.2,1001,350,150,150,0.0,0.05,0.95,8,2,0.005714285714285714,0.6674153980208081,0.6674153980208081,6.522857142857143,8,8,8,0,16,12,12,8,2,2,0,0,1,2,0.09090909090909091,4,1.5,144,128,64,96,80,6,58,7,8,8,0,0.23880597014925373,7.0,7,14,0.63875,1.0,8.0,18.0,12.0,150,0,0,150,1.0,1.0,1.0,1.0,0.0,0.0,10.0,1.0,1.0,1.0,1.0,0.0,150,0,0,150,1.0,1.0,1.0,1.0,0.0,0.0,10.0,1.0,1.0,1.0,1.0,0.0,150,0,0,150,1.0,1.0,1.0,1.0,0.0,0.0,10.0,1.0,1.0,1.0,1.0,0.0,1.0,0.9773570898292502,0.9284173294818856,1.0,1.0,1.0,0.2667498750088271
rework,0.2,1002,350,150,150,0.0,0.05,0.95,8,2,0.005714285714285714,0.6544263555504453,0.6544263555504453,6.505714285714285,8,8,8,0,16,12,12,8,2,2,0,0,1,2,0.09090909090909091,4,1.5,144,128,64,96,80,6,58,7,8,8,0,0.23880597014925373,7.0,7,14,0.63625,1.0,8.0,18.0,12.0,150,0,0,150,1.0,1.0,1.0,1.0,0.0,0.0,10.0,1.0,1.0,1.0,1.0,0.0,150,0,0,150,1.0,1.0,1.0,1.0,0.0,0.0,10.0,1.0,1.0,1.0,1.0,0.0,150,0,0,150,1.0,1.0,1.0,1.0,0.0,0.0,10.0,1.0,1.0,1.0,1.0,0.0,1.0,0.9780342516753537,0.9278642648103141,1.0,1.0,1.0,0.2475662920041941
rework,0.2,1003,350,150,150,0.0,0.05,0.95,8,2,0.005714285714285714,0.7219280948873623,0.7219280948873623,6.6,8,8,8,0,16,12,12,8,2,2,0,0,1,2,0.09090909090909091,4,1.5,144,128,64,96,80,6,58,7,8,8,0,0.23880597014925373,7.0,7,14,0.65,1.0,8.0,18.0,12.0,150,0,0,150,1.0,1.0,1.0,1.0,0.0,0.0,10.0,1.0,1.0,1.0,1.0,0.0,150,0,0,150,1.0,1.0,1.0,1.0,0.0,0.0,10.0,1.0,1.0,1.0,1.0,0.0,150,0,0,150,1.0,1.0,1.0,1.0,0.0,0.0,10.0,1.0,1.0,1.0,1.0,0.0,1.0,0.9743589743589743,0.9306122540716588,1.0,1.0,1.0,0.2542155410046689
rework,0.2,1004,350,150,150,0.0,0.05,0.95,8,2,0.005714285714285714,0.7601675029619657,0.7601675029619657,6.66,8,8,8,0,16,12,12,8,2,2,0,0,1,2,0.09090909090909091,4,1.5,144,128,64,96,80,6,58,7,8,8,0,0.23880597014925373,7.0,7,14,0.65875,1.0,8.0,18.0,12.0,150,0,0,150,1.0,1.0,1.0,1.0,0.0,0.0,10.0,1.0,1.0,1.0,1.0,0.0,150,0,0,150,1.0,1.0,1.0,1.0,0.0,0.0,10.0,1.0,1.0,1.0,1.0,0.0,150,0,0,150,1.0,1.0,1.0,1.0,0.0,0.0,10.0,1.0,1.0,1.0,1.0,0.0,1.0,0.9720812182741116,0.9320530266648397,1.0,1.0,1.0,0.26324050000403076
rework,0.2,1005,350,150,150,0.0,0.05,0.95,8,2,0.005714285714285714,0.7219280948873623,0.7219280948873623,6.6,8,8,8,0,16,12,12,8,2,2,0,0,1,2,0.09090909090909091,4,1.5,144,128,64,96,80,6,58,7,8,8,0,0.23880597014925373,7.0,7,14,0.65,1.0,8.0,18.0,12.0,150,0,0,150,1.0,1.0,1.0,1.0,0.0,0.0,10.0,1.0,1.0,1.0,1.0,0.0,150,0,0,150,1.0,1.0,1.0,1.0,0.0,0.0,10.0,1.0,1.0,1.0,1.0,0.0,150,0,0,150,1.0,1.0,1.0,1.0,0.0,0.0,10.0,1.0,1.0,1.0,1.0,0.0,1.0,0.9743589743589743,0.9306122540716588,1.0,1.0,1.0,0.24531758402008563
rework,0.2,1006,350,150,150,0.0,0.05,0.95,8,2,0.005714285714285714,0.7276057075889695,0.7276057075889695,6.6085714285714285,8,8,8,0,16,12,12,8,2,2,0,0,1,2,0.09090909090909091,4,1.5,144,128,64,96,80,6,58,7,8,8,0,0.23880597014925373,7.0,7,14,0.65125,1.0,8.0,18.0,12.0,150,0,0,150,1.0,1.0,1.0,1.0,0.0,0.0,10.0,1.0,1.0,1.0,1.0,0.0,150,0,0,150,1.0,1.0,1.0,1.0,0.0,0.0,10.0,1.0,1.0,1.0,1.0,0.0,150,0,0,150,1.0,1.0,1.0,1.0,0.0,0.0,10.0,1.0,1.0,1.0,1.0,0.0,1.0,0.9740307242136065,0.9308306760707434,1.0,1.0,1.0,0.23789408401353285
rework,0.2,1007,350,150,150,0.0,0.05,0.95,8,2,0.005714285714285714,0.7332104880580959,0.7332104880580959,6.617142857142857,8,8,8,0,16,12,12,8,2,2,0,0,1,2,0.09090909090909091,4,1.5,144,128,64,96,80,6,58,7,8,8,0,0.23880597014925373,7.0,7,14,0.6525,1.0,8.0,18.0,12.0,150,0,0,150,1.0,1.0,1.0,1.0,0.0,0.0,10.0,1.0,1.0,1.0,1.0,0.0,150,0,0,150,1.0,1.0,1.0,1.0,0.0,0.0,10.0,1.0,1.0,1.0,1.0,0.0,150,0,0,150,1.0,1.0,1.0,1.0,0.0,0.0,10.0,1.0,1.0,1.0,1.0,0.0,1.0,0.9737034331628927,0.931044657417617,1.0,1.0,1.0,0.25737358297919855
rework,0.2,1008,350,150,150,0.0,0.05,0.95,8,2,0.005714285714285714,0.74959525725948,0.74959525725948,6.642857142857143,8,8,8,0,16,12,12,8,2,2,0,0,1,2,0.09090909090909091,4,1.5,144,128,64,96,80,6,58,7,8,8,0,0.23880597014925373,7.0,7,14,0.65625,1.0,8.0,18.0,12.0,150,0,0,150,1.0,1.0,1.0,1.0,0.0,0.0,10.0,1.0,1.0,1.0,1.0,0.0,150,0,0,150,1.0,1.0,1.0,1.0,0.0,0.0,10.0,1.0,1.0,1.0,1.0,0.0,150,0,0,150,1.0,1.0,1.0,1.0,0.0,0.0,10.0,1.0,1.0,1.0,1.0,0.0,1.0,0.9727272727272728,0.9316614406755573,1.0,1.0,1.0,0.2653532910044305
rework,0.2,1009,350,150,150,0.0,0.05,0.95,8,2,0.005714285714285714,0.7854077763427121,0.7854077763427121,6.702857142857143,8,8,8,0,16,12,12,8,2,2,0,0,1,2,0.09090909090909091,4,1.5,144,128,64,96,80,6,58,7,8,8,0,0.23880597014925373,7.0,7,14,0.665,1.0,8.0,18.0,12.0,150,0,0,150,1.0,1.0,1.0,1.0,0.0,0.0,10.0,1.0,1.0,1.0,1.0,0.0,150,0,0,150,1.0,1.0,1.0,1.0,0.0,0.0,10.0,1.0,1.0,1.0,1.0,0.0,150,0,0,150,1.0,1.0,1.0,1.0,0.0,0.0,10.0,1.0,1.0,1.0,1.0,0.0,1.0,0.9704823614110871,0.9329703979381767,1.0,1.0,1.0,0.2368541670148261
rework,0.2,1010,350,150,150,0.0,0.05,0.95,8,2,0.005714285714285714,0.6737866213769796,0.6737866213769796,6.531428571428571,8,8,8,0,16,12,12,8,2,2,0,0,1,2,0.09090909090909091,4,1.5,144,128,64,96,80,6,58,7,8,8,0,0.23880597014925373,7.0,7,14,0.64,1.0,8.0,18.0,12.0,150,0,0,150,1.0,1.0,1.0,1.0,0.0,0.0,10.0,1.0,1.0,1.0,1.0,0.0,150,0,0,150,1.0,1.0,1.0,1.0,0.0,0.0,10.0,1.0,1.0,1.0,1.0,0.0,150,0,0,150,1.0,1.0,1.0,1.0,0.0,0.0,10.0,1.0,1.0,1.0,1.0,0.0,1.0,0.9770200148257969,0.9286840050223725,1.0,1.0,1.0,0.25394087500171736
rework,0.3,1001,350,150,150,0.0,0.05,0.95,8,2,0.005714285714285714,0.8394072488103348,0.8394072488103348,6.805714285714286,8,8,8,0,16,12,12,8,2,2,0,0,1,2,0.09090909090909091,4,1.5,144,128,64,96,80,6,58,7,8,8,0,0.23880597014925373,7.0,7,14,0.68,1.0,8.0,18.0,12.0,150,0,0,150,1.0,1.0,1.0,1.0,0.0,0.0,10.0,1.0,1.0,1.0,1.0,0.0,150,0,0,150,1.0,1.0,1.0,1.0,0.0,0.0,10.0,1.0,1.0,1.0,1.0,0.0,150,0,0,150,1.0,1.0,1.0,1.0,0.0,0.0,10.0,1.0,1.0,1.0,1.0,0.0,1.0,0.9667374380750177,0.934874576131024,1.0,1.0,1.0,0.25696395797422156
rework,0.3,1002,350,150,150,0.0,0.05,0.95,8,2,0.005714285714285714,0.851528483004295,0.851528483004295,6.831428571428572,8,8,8,0,16,12,12,8,2,2,0,0,1,2,0.09090909090909091,4,1.5,144,128,64,96,80,6,58,7,8,8,0,0.23880597014925373,7.0,7,14,0.68375,1.0,8.0,18.0,12.0,150,0,0,150,1.0,1.0,1.0,1.0,0.0,0.0,10.0,1.0,1.0,1.0,1.0,0.0,150,0,0,150,1.0,1.0,1.0,1.0,0.0,0.0,10.0,1.0,1.0,1.0,1.0,0.0,150,0,0,150,1.0,1.0,1.0,1.0,0.0,0.0,10.0,1.0,1.0,1.0,1.0,0.0,1.0,0.9658210007047217,0.9352963935096015,1.0,1.0,1.0,0.23881991699454375
rework,0.3,1003,350,150,150,0.0,0.05,0.95,8,2,0.005714285714285714,0.8915175299634532,0.8915175299634532,6.925714285714286,8,8,8,0,16,12,12,8,2,2,0,0,1,2,0.09090909090909091,4,1.5,144,128,64,96,80,6,58,7,8,8,0,0.23880597014925373,7.0,7,14,0.6975,1.0,8.0,18.0,12.0,150,0,0,150,1.0,1.0,1.0,1.0,0.0,0.0,10.0,1.0,1.0,1.0,1.0,0.0,150,0,0,150,1.0,1.0,1.0,1.0,0.0,0.0,10.0,1.0,1.0,1.0,1.0,0.0,150,0,0,150,1.0,1.0,1.0,1.0,0.0,0.0,10.0,1.0,1.0,1.0,1.0,0.0,1.0,0.9625260235947259,0.9366952171257625,1.0,1.0,1.0,0.23768037499394268
rework,0.3,1004,350,150,150,0.0,0.05,0.95,8,2,0.005714285714285714,0.8777702575462527,0.8777702575462527,6.8914285714285715,8,8,8,0,16,12,12,8,2,2,0,0,1,2,0.09090909090909091,4,1.5,144,128,64,96,80,6,58,7,8,8,0,0.23880597014925373,7.0,7,14,0.6925,1.0,8.0,18.0,12.0,150,0,0,150,1.0,1.0,1.0,1.0,0.0,0.0,10.0,1.0,1.0,1.0,1.0,0.0,150,0,0,150,1.0,1.0,1.0,1.0,0.0,0.0,10.0,1.0,1.0,1.0,1.0,0.0,150,0,0,150,1.0,1.0,1.0,1.0,0.0,0.0,10.0,1.0,1.0,1.0,1.0,0.0,1.0,0.9637124912770412,0.9362112871878748,1.0,1.0,1.0,0.25737808301346377
rework,0.3,1005,350,150,150,0.0,0.05,0.95,8,2,0.005714285714285714,0.9134601452569628,0.9134601452569628,6.985714285714286,8,8,8,0,16,12,12,8,2,2,0,0,1,2,0.09090909090909091,4,1.5,144,128,64,96,80,6,58,7,8,8,0,0.23880597014925373,7.0,7,14,0.70625,1.0,8.0,18.0,12.0,150,0,0,150,1.0,1.0,1.0,1.0,0.0,0.0,10.0,1.0,1.0,1.0,1.0,0.0,150,0,0,150,1.0,1.0,1.0,1.0,0.0,0.0,10.0,1.0,1.0,1.0,1.0,0.0,150,0,0,150,1.0,1.0,1.0,1.0,0.0,0.0,10.0,1.0,1.0,1.0,1.0,0.0,1.0,0.9604810996563574,0.937482988357937,1.0,1.0,1.0,0.24559999999473803
rework,0.3,1006,350,150,150,0.0,0.05,0.95,8,2,0.005714285714285714,0.884755458835062,0.884755458835062,6.908571428571428,8,8,8,0,16,12,12,8,2,2,0,0,1,2,0.09090909090909091,4,1.5,144,128,64,96,80,6,58,7,8,8,0,0.23880597014925373,7.0,7,14,0.6950000000000001,1.0,8.0,18.0,12.0,150,0,0,150,1.0,1.0,1.0,1.0,0.0,0.0,10.0,1.0,1.0,1.0,1.0,0.0,150,0,0,150,1.0,1.0,1.0,1.0,0.0,0.0,10.0,1.0,1.0,1.0,1.0,0.0,150,0,0,150,1.0,1.0,1.0,1.0,0.0,0.0,10.0,1.0,1.0,1.0,1.0,0.0,1.0,0.9631176061238692,0.9364565368796298,1.0,1.0,1.0,0.2370262920157984
rework,0.3,1007,350,150,150,0.0,0.05,0.95,8,2,0.005714285714285714,0.9012473167687269,0.9012473167687269,6.951428571428571,8,8,8,0,16,12,12,8,2,2,0,0,1,2,0.09090909090909091,4,1.5,144,128,64,96,80,6,58,7,8,8,0,0.23880597014925373,7.0,7,14,0.70125,1.0,8.0,18.0,12.0,150,0,0,150,1.0,1.0,1.0,1.0,0.0,0.0,10.0,1.0,1.0,1.0,1.0,0.0,150,0,0,150,1.0,1.0,1.0,1.0,0.0,0.0,10.0,1.0,1.0,1.0,1.0,0.0,150,0,0,150,1.0,1.0,1.0,1.0,0.0,0.0,10.0,1.0,1.0,1.0,1.0,0.0,1.0,0.9616447823082239,0.9370415644567267,1.0,1.0,1.0,0.26147191601921804
rework,0.3,1008,350,150,150,0.0,0.05,0.95,8,2,0.005714285714285714,0.945029303540063,0.945029303540063,7.088571428571429,8,8,8,0,16,12,12,8,2,2,0,0,1,2,0.09090909090909091,4,1.5,144,128,64,96,80,6,58,7,8,8,0,0.23880597014925373,7.0,7,14,0.7212500000000001,1.0,8.0,18.0,12.0,150,0,0,150,1.0,1.0,1.0,1.0,0.0,0.0,10.0,1.0,1.0,1.0,1.0,0.0,150,0,0,150,1.0,1.0,1.0,1.0,0.0,0.0,10.0,1.0,1.0,1.0,1.0,0.0,150,0,0,150,1.0,1.0,1.0,1.0,0.0,0.0,10.0,1.0,1.0,1.0,1.0,0.0,1.0,0.9570655848546316,0.9386850751943487,1.0,1.0,1.0,0.2518186670204159
rework,0.3,1009,350,150,150,0.0,0.05,0.95,8,2,0.005714285714285714,0.9378374318500289,0.9378374318500289,7.062857142857143,8,8,8,0,16,12,12,8,2,2,0,0,1,2,0.09090909090909091,4,1.5,144,128,64,96,80,6,58,7,8,8,0,0.23880597014925373,7.0,7,14,0.7175,1.0,8.0,18.0,12.0,150,0,0,150,1.0,1.0,1.0,1.0,0.0,0.0,10.0,1.0,1.0,1.0,1.0,0.0,150,0,0,150,1.0,1.0,1.0,1.0,0.0,0.0,10.0,1.0,1.0,1.0,1.0,0.0,150,0,0,150,1.0,1.0,1.0,1.0,0.0,0.0,10.0,1.0,1.0,1.0,1.0,0.0,1.0,0.957909029192125,0.9384002418554173,1.0,1.0,1.0,0.24762887501856312
rework,0.3,1010,350,150,150,0.0,0.05,0.95,8,2,0.005714285714285714,0.9043814577244937,0.9043814577244937,6.96,8,8,8,0,16,12,12,8,2,2,0,0,1,2,0.09090909090909091,4,1.5,144,128,64,96,80,6,58,7,8,8,0,0.23880597014925373,7.0,7,14,0.7025,1.0,8.0,18.0,12.0,150,0,0,150,1.0,1.0,1.0,1.0,0.0,0.0,10.0,1.0,1.0,1.0,1.0,0.0,150,0,0,150,1.0,1.0,1.0,1.0,0.0,0.0,10.0,1.0,1.0,1.0,1.0,0.0,150,0,0,150,1.0,1.0,1.0,1.0,0.0,0.0,10.0,1.0,1.0,1.0,1.0,0.0,1.0,0.961352657004831,0.9371540388828798,1.0,1.0,1.0,0.2616875420208089
rework,0.4,1001,350,150,150,0.0,0.05,0.95,8,2,0.005714285714285714,0.9559990930989408,0.9559990930989408,7.131428571428572,8,8,8,0,16,12,12,8,2,2,0,0,1,2,0.09090909090909091,4,1.5,144,128,64,96,80,6,58,7,8,8,0,0.23880597014925373,7.0,7,14,0.7275,1.0,8.0,18.0,12.0,150,0,0,150,1.0,1.0,1.0,1.0,0.0,0.0,10.0,1.0,1.0,1.0,1.0,0.0,150,0,0,150,1.0,1.0,1.0,1.0,0.0,0.0,10.0,1.0,1.0,1.0,1.0,0.0,150,0,0,150,1.0,1.0,1.0,1.0,0.0,0.0,10.0,1.0,1.0,1.0,1.0,0.0,1.0,0.9556749496306246,0.9391390437830562,1.0,1.0,1.0,0.2688067080162
rework,0.4,1002,350,150,150,0.0,0.05,0.95,8,2,0.005714285714285714,0.9840182561871096,0.9840182561871096,7.277142857142858,8,8,8,0,16,12,12,8,2,2,0,0,1,2,0.09090909090909091,4,1.5,144,128,64,96,80,6,58,7,8,8,0,0.23880597014925373,7.0,7,14,0.74875,1.0,8.0,18.0,12.0,150,0,0,150,1.0,1.0,1.0,1.0,0.0,0.0,10.0,1.0,1.0,1.0,1.0,0.0,150,0,0,150,1.0,1.0,1.0,1.0,0.0,0.0,10.0,1.0,1.0,1.0,1.0,0.0,150,0,0,150,1.0,1.0,1.0,1.0,0.0,0.0,10.0,1.0,1.0,1.0,1.0,0.0,1.0,0.9510833880499016,0.9405157782350229,1.0,1.0,1.0,0.24275574999046512
rework,0.4,1003,350,150,150,0.0,0.05,0.95,8,2,0.005714285714285714,0.9638714504040671,0.9638714504040671,7.1657142857142855,8,8,8,0,16,12,12,8,2,2,0,0,1,2,0.09090909090909091,4,1.5,144,128,64,96,80,6,58,7,8,8,0,0.23880597014925373,7.0,7,14,0.7325,1.0,8.0,18.0,12.0,150,0,0,150,1.0,1.0,1.0,1.0,0.0,0.0,10.0,1.0,1.0,1.0,1.0,0.0,150,0,0,150,1.0,1.0,1.0,1.0,0.0,0.0,10.0,1.0,1.0,1.0,1.0,0.0,150,0,0,150,1.0,1.0,1.0,1.0,0.0,0.0,10.0,1.0,1.0,1.0,1.0,0.0,1.0,0.9545758183032732,0.9394849064728019,1.0,1.0,1.0,0.23954037501243874
rework,0.4,1004,350,150,150,0.0,0.05,0.95,8,2,0.005714285714285714,0.9473244766045473,0.9473244766045473,7.097142857142857,8,8,8,0,16,12,12,8,2,2,0,0,1,2,0.09090909090909091,4,1.5,144,128,64,96,80,6,58,7,8,8,0,0.23880597014925373,7.0,7,14,0.7225,1.0,8.0,18.0,12.0,150,0,0,150,1.0,1.0,1.0,1.0,0.0,0.0,10.0,1.0,1.0,1.0,1.0,0.0,150,0,0,150,1.0,1.0,1.0,1.0,0.0,0.0,10.0,1.0,1.0,1.0,1.0,0.0,150,0,0,150,1.0,1.0,1.0,1.0,0.0,0.0,10.0,1.0,1.0,1.0,1.0,0.0,1.0,0.9567859554355166,0.938777890927038,1.0,1.0,1.0,0.25934008398326114
rework,0.4,1005,350,150,150,0.0,0.05,0.95,8,2,0.005714285714285714,0.9875037037775067,0.9875037037775067,7.3028571428571425,8,8,8,0,16,12,12,8,2,2,0,0,1,2,0.09090909090909091,4,1.5,144,128,64,96,80,6,58,7,8,8,0,0.23880597014925373,7.0,7,14,0.7525,1.0,8.0,18.0,12.0,150,0,0,150,1.0,1.0,1.0,1.0,0.0,0.0,10.0,1.0,1.0,1.0,1.0,0.0,150,0,0,150,1.0,1.0,1.0,1.0,0.0,0.0,10.0,1.0,1.0,1.0,1.0,0.0,150,0,0,150,1.0,1.0,1.0,1.0,0.0,0.0,10.0,1.0,1.0,1.0,1.0,0.0,1.0,0.9502943100065402,0.9407356440861335,1.0,1.0,1.0,0.2449755840061698
rework,0.4,1006,350,150,150,0.0,0.05,0.95,8,2,0.005714285714285714,0.9709505944546686,0.9709505944546686,7.2,8,8,8,0,16,12,12,8,2,2,0,0,1,2,0.09090909090909091,4,1.5,144,128,64,96,80,6,58,7,8,8,0,0.23880597014925373,7.0,7,14,0.7375,1.0,8.0,18.0,12.0,150,0,0,150,1.0,1.0,1.0,1.0,0.0,0.0,10.0,1.0,1.0,1.0,1.0,0.0,150,0,0,150,1.0,1.0,1.0,1.0,0.0,0.0,10.0,1.0,1.0,1.0,1.0,0.0,150,0,0,150,1.0,1.0,1.0,1.0,0.0,0.0,10.0,1.0,1.0,1.0,1.0,0.0,1.0,0.9534883720930233,0.9398165639995762,1.0,1.0,1.0,0.2389665830123704
rework,0.4,1007,350,150,150,0.0,0.05,0.95,8,2,0.005714285714285714,0.945029303540063,0.945029303540063,7.088571428571429,8,8,8,0,16,12,12,8,2,2,0,0,1,2,0.09090909090909091,4,1.5,144,128,64,96,80,6,58,7,8,8,0,0.23880597014925373,7.0,7,14,0.7212500000000001,1.0,8.0,18.0,12.0,150,0,0,150,1.0,1.0,1.0,1.0,0.0,0.0,10.0,1.0,1.0,1.0,1.0,0.0,150,0,0,150,1.0,1.0,1.0,1.0,0.0,0.0,10.0,1.0,1.0,1.0,1.0,0.0,150,0,0,150,1.0,1.0,1.0,1.0,0.0,0.0,10.0,1.0,1.0,1.0,1.0,0.0,1.0,0.9570655848546316,0.9386850751943487,1.0,1.0,1.0,0.2583617920172401
rework,0.4,1008,350,150,150,0.0,0.05,0.95,8,2,0.005714285714285714,0.9638714504040671,0.9638714504040671,7.1657142857142855,8,8,8,0,16,12,12,8,2,2,0,0,1,2,0.09090909090909091,4,1.5,144,128,64,96,80,6,58,7,8,8,0,0.23880597014925373,7.0,7,14,0.7325,1.0,8.0,18.0,12.0,150,0,0,150,1.0,1.0,1.0,1.0,0.0,0.0,10.0,1.0,1.0,1.0,1.0,0.0,150,0,0,150,1.0,1.0,1.0,1.0,0.0,0.0,10.0,1.0,1.0,1.0,1.0,0.0,150,0,0,150,1.0,1.0,1.0,1.0,0.0,0.0,10.0,1.0,1.0,1.0,1.0,0.0,1.0,0.9545758183032732,0.9394849064728019,1.0,1.0,1.0,0.26630120899062604
rework,0.4,1009,350,150,150,0.0,0.05,0.95,8,2,0.005714285714285714,0.9638714504040671,0.9638714504040671,7.1657142857142855,8,8,8,0,16,12,12,8,2,2,0,0,1,2,0.09090909090909091,4,1.5,144,128,64,96,80,6,58,7,8,8,0,0.23880597014925373,7.0,7,14,0.7325,1.0,8.0,18.0,12.0,150,0,0,150,1.0,1.0,1.0,1.0,0.0,0.0,10.0,1.0,1.0,1.0,1.0,0.0,150,0,0,150,1.0,1.0,1.0,1.0,0.0,0.0,10.0,1.0,1.0,1.0,1.0,0.0,150,0,0,150,1.0,1.0,1.0,1.0,0.0,0.0,10.0,1.0,1.0,1.0,1.0,0.0,1.0,0.9545758183032732,0.9394849064728019,1.0,1.0,1.0,0.24186904201633297
rework,0.4,1010,350,150,150,0.0,0.05,0.95,8,2,0.005714285714285714,0.9619780596506257,0.9619780596506257,7.1571428571428575,8,8,8,0,16,12,12,8,2,2,0,0,1,2,0.09090909090909091,4,1.5,144,128,64,96,80,6,58,7,8,8,0,0.23880597014925373,7.0,7,14,0.73125,1.0,8.0,18.0,12.0,150,0,0,150,1.0,1.0,1.0,1.0,0.0,0.0,10.0,1.0,1.0,1.0,1.0,0.0,150,0,0,150,1.0,1.0,1.0,1.0,0.0,0.0,10.0,1.0,1.0,1.0,1.0,0.0,150,0,0,150,1.0,1.0,1.0,1.0,0.0,0.0,10.0,1.0,1.0,1.0,1.0,0.0,1.0,0.9548494983277592,0.939399813000519,1.0,1.0,1.0,0.2481949170178268
rework,0.5,1001,350,150,150,0.0,0.05,0.95,8,2,0.005714285714285714,0.999976445667063,0.999976445667063,7.491428571428571,8,8,8,0,16,12,12,8,2,2,0,0,1,2,0.09090909090909091,4,1.5,144,128,64,96,80,6,58,7,8,8,0,0.23880597014925373,7.0,7,14,0.78,1.0,8.0,18.0,12.0,150,0,0,150,1.0,1.0,1.0,1.0,0.0,0.0,10.0,1.0,1.0,1.0,1.0,0.0,150,0,0,150,1.0,1.0,1.0,1.0,0.0,0.0,10.0,1.0,1.0,1.0,1.0,0.0,150,0,0,150,1.0,1.0,1.0,1.0,0.0,0.0,10.0,1.0,1.0,1.0,1.0,0.0,1.0,0.9446916719643992,0.9421792433173429,1.0,1.0,1.0,0.2764972090080846
rework,0.5,1002,350,150,150,0.0,0.05,0.95,8,2,0.005714285714285714,0.9996230999014989,0.9996230999014989,7.534285714285715,8,8,8,0,16,12,12,8,2,2,0,0,1,2,0.09090909090909091,4,1.5,144,128,64,96,80,6,58,7,8,8,0,0.23880597014925373,7.0,7,14,0.78625,1.0,8.0,18.0,12.0,150,0,0,150,1.0,1.0,1.0,1.0,0.0,0.0,10.0,1.0,1.0,1.0,1.0,0.0,150,0,0,150,1.0,1.0,1.0,1.0,0.0,0.0,10.0,1.0,1.0,1.0,1.0,0.0,150,0,0,150,1.0,1.0,1.0,1.0,0.0,0.0,10.0,1.0,1.0,1.0,1.0,0.0,1.0,0.943461781427669,0.9424716848334529,1.0,1.0,1.0,0.2445241670066025
rework,0.5,1003,350,150,150,0.0,0.05,0.95,8,2,0.005714285714285714,0.9994110647387552,0.9994110647387552,7.542857142857143,8,8,8,0,16,12,12,8,2,2,0,0,1,2,0.09090909090909091,4,1.5,144,128,64,96,80,6,58,7,8,8,0,0.23880597014925373,7.0,7,14,0.7875,1.0,8.0,18.0,12.0,150,0,0,150,1.0,1.0,1.0,1.0,0.0,0.0,10.0,1.0,1.0,1.0,1.0,0.0,150,0,0,150,1.0,1.0,1.0,1.0,0.0,0.0,10.0,1.0,1.0,1.0,1.0,0.0,150,0,0,150,1.0,1.0,1.0,1.0,0.0,0.0,10.0,1.0,1.0,1.0,1.0,0.0,1.0,0.943217665615142,0.9425287919139104,1.0,1.0,1.0,0.24893012500251643
rework,0.5,1004,350,150,150,0.0,0.05,0.95,8,2,0.005714285714285714,0.9895875212220556,0.9895875212220556,7.32,8,8,8,0,16,12,12,8,2,2,0,0,1,2,0.09090909090909091,4,1.5,144,128,64,96,80,6,58,7,8,8,0,0.23880597014925373,7.0,7,14,0.755,1.0,8.0,18.0,12.0,150,0,0,150,1.0,1.0,1.0,1.0,0.0,0.0,10.0,1.0,1.0,1.0,1.0,0.0,150,0,0,150,1.0,1.0,1.0,1.0,0.0,0.0,10.0,1.0,1.0,1.0,1.0,0.0,150,0,0,150,1.0,1.0,1.0,1.0,0.0,0.0,10.0,1.0,1.0,1.0,1.0,0.0,1.0,0.9497716894977168,0.9408788281204703,1.0,1.0,1.0,0.26590774999931455
rework,0.5,1005,350,150,150,0.0,0.05,0.95,8,2,0.005714285714285714,0.9999057811299177,0.9999057811299177,7.482857142857143,8,8,8,0,16,12,12,8,2,2,0,0,1,2,0.09090909090909091,4,1.5,144,128,64,96,80,6,58,7,8,8,0,0.23880597014925373,7.0,7,14,0.7787499999999999,1.0,8.0,18.0,12.0,150,0,0,150,1.0,1.0,1.0,1.0,0.0,0.0,10.0,1.0,1.0,1.0,1.0,0.0,150,0,0,150,1.0,1.0,1.0,1.0,0.0,0.0,10.0,1.0,1.0,1.0,1.0,0.0,150,0,0,150,1.0,1.0,1.0,1.0,0.0,0.0,10.0,1.0,1.0,1.0,1.0,0.0,1.0,0.9449395289624443,0.9421193283611216,1.0,1.0,1.0,0.2483187499747146
rework,0.5,1006,350,150,150,0.0,0.05,0.95,8,2,0.005714285714285714,0.9772445152396547,0.9772445152396547,7.765714285714286,8,8,8,0,16,12,12,8,2,2,0,0,1,2,0.09090909090909091,4,1.5,144,128,64,96,80,6,58,7,8,8,0,0.23880597014925373,7.0,7,14,0.82,1.0,8.0,18.0,12.0,150,0,0,150,1.0,1.0,1.0,1.0,0.0,0.0,10.0,1.0,1.0,1.0,1.0,0.0,150,0,0,150,1.0,1.0,1.0,1.0,0.0,0.0,10.0,1.0,1.0,1.0,1.0,0.0,150,0,0,150,1.0,1.0,1.0,1.0,0.0,0.0,10.0,1.0,1.0,1.0,1.0,0.0,1.0,0.937080024434942,0.9438728385931567,1.0,1.0,1.0,0.24268308299360797
rework,0.5,1007,350,150,150,0.0,0.05,0.95,8,2,0.005714285714285714,0.9991518824216163,0.9991518824216163,7.551428571428572,8,8,8,0,16,12,12,8,2,2,0,0,1,2,0.09090909090909091,4,1.5,144,128,64,96,80,6,58,7,8,8,0,0.23880597014925373,7.0,7,14,0.78875,1.0,8.0,18.0,12.0,150,0,0,150,1.0,1.0,1.0,1.0,0.0,0.0,10.0,1.0,1.0,1.0,1.0,0.0,150,0,0,150,1.0,1.0,1.0,1.0,0.0,0.0,10.0,1.0,1.0,1.0,1.0,0.0,150,0,0,150,1.0,1.0,1.0,1.0,0.0,0.0,10.0,1.0,1.0,1.0,1.0,0.0,1.0,0.9429741650913673,0.9425854531472335,1.0,1.0,1.0,0.24189325000043027
rework,0.5,1008,350,150,150,0.0,0.05,0.95,8,2,0.005714285714285714,0.9960156701674572,0.9960156701674572,7.611428571428571,8,8,8,0,16,12,12,8,2,2,0,0,1,2,0.09090909090909091,4,1.5,144,128,64,96,80,6,58,7,8,8,0,0.23880597014925373,7.0,7,14,0.7975,1.0,8.0,18.0,12.0,150,0,0,150,1.0,1.0,1.0,1.0,0.0,0.0,10.0,1.0,1.0,1.0,1.0,0.0,150,0,0,150,1.0,1.0,1.0,1.0,0.0,0.0,10.0,1.0,1.0,1.0,1.0,0.0,150,0,0,150,1.0,1.0,1.0,1.0,0.0,0.0,10.0,1.0,1.0,1.0,1.0,0.0,1.0,0.9412866958151156,0.9429700881542198,1.0,1.0,1.0,0.2676148749887943
rework,0.5,1009,350,150,150,0.0,0.05,0.95,8,2,0.005714285714285714,0.9980912674949578,0.9980912674949578,7.577142857142857,8,8,8,0,16,12,12,8,2,2,0,0,1,2,0.09090909090909091,4,1.5,144,128,64,96,80,6,58,7,8,8,0,0.23880597014925373,7.0,7,14,0.7925,1.0,8.0,18.0,12.0,150,0,0,150,1.0,1.0,1.0,1.0,0.0,0.0,10.0,1.0,1.0,1.0,1.0,0.0,150,0,0,150,1.0,1.0,1.0,1.0,0.0,0.0,10.0,1.0,1.0,1.0,1.0,0.0,150,0,0,150,1.0,1.0,1.0,1.0,0.0,0.0,10.0,1.0,1.0,1.0,1.0,0.0,1.0,0.9422473320778405,0.9427528212114858,1.0,1.0,1.0,0.2415654160140548
rework,0.5,1010,350,150,150,0.0,0.05,0.95,8,2,0.005714285714285714,0.9999057811299177,0.9999057811299177,7.517142857142857,8,8,8,0,16,12,12,8,2,2,0,0,1,2,0.09090909090909091,4,1.5,144,128,64,96,80,6,58,7,8,8,0,0.23880597014925373,7.0,7,14,0.78375,1.0,8.0,18.0,12.0,150,0,0,150,1.0,1.0,1.0,1.0,0.0,0.0,10.0,1.0,1.0,1.0,1.0,0.0,150,0,0,150,1.0,1.0,1.0,1.0,0.0,0.0,10.0,1.0,1.0,1.0,1.0,0.0,150,0,0,150,1.0,1.0,1.0,1.0,0.0,0.0,10.0,1.0,1.0,1.0,1.0,0.0,1.0,0.9439518682710576,0.9423561085375134,1.0,1.0,1.0,0.2412765409972053
