case:concept:name,concept:name,time:timestamp,event_index
train_00000,Register,2025-01-01 08:00:00,0
train_00000,Check,2025-01-01 08:01:00,1
train_00000,Assess,2025-01-01 08:02:00,2
train_00000,Decide,2025-01-01 08:03:00,3
train_00000,Notify,2025-01-01 08:04:00,4
train_00000,Archive,2025-01-01 08:05:00,5
train_00001,Register,2025-01-02 08:00:00,0
train_00001,Check,2025-01-02 08:01:00,1
train_00001,Assess,2025-01-02 08:02:00,2
train_00001,Decide,2025-01-02 08:03:00,3
train_00001,Notify,2025-01-02 08:04:00,4
train_00001,Archive,2025-01-02 08:05:00,5
train_00002,Register,2025-01-03 08:00:00,0
train_00002,Check,2025-01-03 08:01:00,1
train_00002,Assess,2025-01-03 08:02:00,2
train_00002,Decide,2025-01-03 08:03:00,3
train_00002,Notify,2025-01-03 08:04:00,4
train_00002,Archive,2025-01-03 08:05:00,5
train_00003,Register,2025-01-04 08:00:00,0
train_00003,Check,2025-01-04 08:01:00,1
train_00003,Assess,2025-01-04 08:02:00,2
train_00003,Decide,2025-01-04 08:03:00,3
train_00003,Notify,2025-01-04 08:04:00,4
train_00003,Archive,2025-01-04 08:05:00,5
train_00004,Register,2025-01-05 08:00:00,0
train_00004,Check,2025-01-05 08:01:00,1
train_00004,Assess,2025-01-05 08:02:00,2
train_00004,Decide,2025-01-05 08:03:00,3
train_00004,Notify,2025-01-05 08:04:00,4
train_00004,Archive,2025-01-05 08:05:00,5
train_00005,Register,2025-01-06 08:00:00,0
train_00005,Check,2025-01-06 08:01:00,1
train_00005,Assess,2025-01-06 08:02:00,2
train_00005,Decide,2025-01-06 08:03:00,3
train_00005,Notify,2025-01-06 08:04:00,4
train_00005,Archive,2025-01-06 08:05:00,5
train_00006,Register,2025-01-07 08:00:00,0
train_00006,Check,2025-01-07 08:01:00,1
train_00006,Assess,2025-01-07 08:02:00,2
train_00006,Decide,2025-01-07 08:03:00,3
train_00006,Notify,2025-01-07 08:04:00,4
train_00006,Archive,2025-01-07 08:05:00,5
train_00007,Register,2025-01-08 08:00:00,0
train_00007,Check,2025-01-08 08:01:00,1
train_00007,Assess,2025-01-08 08:02:00,2
train_00007,Decide,2025-01-08 08:03:00,3
train_00007,Notify,2025-01-08 08:04:00,4
train_00007,Archive,2025-01-08 08:05:00,5
train_00008,Register,2025-01-09 08:00:00,0
train_00008,Check,2025-01-09 08:01:00,1
train_00008,Assess,2025-01-09 08:02:00,2
train_00008,Decide,2025-01-09 08:03:00,3
train_00008,Notify,2025-01-09 08:04:00,4
train_00008,Archive,2025-01-09 08:05:00,5
train_00009,Register,2025-01-10 08:00:00,0
train_00009,Check,2025-01-10 08:01:00,1
train_00009,Assess,2025-01-10 08:02:00,2
train_00009,Decide,2025-01-10 08:03:00,3
train_00009,Notify,2025-01-10 08:04:00,4
train_00009,Archive,2025-01-10 08:05:00,5
train_00010,Register,2025-01-11 08:00:00,0
train_00010,Check,2025-01-11 08:01:00,1
train_00010,Assess,2025-01-11 08:02:00,2
train_00010,Decide,2025-01-11 08:03:00,3
train_00010,Notify,2025-01-11 08:04:00,4
train_00010,Archive,2025-01-11 08:05:00,5
train_00011,Register,2025-01-12 08:00:00,0
train_00011,Check,2025-01-12 08:01:00,1
train_00011,Assess,2025-01-12 08:02:00,2
train_00011,Manual review,2025-01-12 08:03:00,3
train_00011,Rework,2025-01-12 08:04:00,4
train_00011,Assess,2025-01-12 08:05:00,5
train_00011,Decide,2025-01-12 08:06:00,6
train_00011,Notify,2025-01-12 08:07:00,7
train_00011,Archive,2025-01-12 08:08:00,8
train_00012,Register,2025-01-13 08:00:00,0
train_00012,Check,2025-01-13 08:01:00,1
train_00012,Assess,2025-01-13 08:02:00,2
train_00012,Decide,2025-01-13 08:03:00,3
train_00012,Notify,2025-01-13 08:04:00,4
train_00012,Archive,2025-01-13 08:05:00,5
train_00013,Register,2025-01-14 08:00:00,0
train_00013,Check,2025-01-14 08:01:00,1
train_00013,Assess,2025-01-14 08:02:00,2
train_00013,Decide,2025-01-14 08:03:00,3
train_00013,Notify,2025-01-14 08:04:00,4
train_00013,Archive,2025-01-14 08:05:00,5
train_00014,Register,2025-01-15 08:00:00,0
train_00014,Check,2025-01-15 08:01:00,1
train_00014,Assess,2025-01-15 08:02:00,2
train_00014,Decide,2025-01-15 08:03:00,3
train_00014,Notify,2025-01-15 08:04:00,4
train_00014,Archive,2025-01-15 08:05:00,5
train_00015,Register,2025-01-16 08:00:00,0
train_00015,Check,2025-01-16 08:01:00,1
train_00015,Assess,2025-01-16 08:02:00,2
train_00015,Decide,2025-01-16 08:03:00,3
train_00015,Notify,2025-01-16 08:04:00,4
train_00015,Archive,2025-01-16 08:05:00,5
train_00016,Register,2025-01-17 08:00:00,0
train_00016,Check,2025-01-17 08:01:00,1
train_00016,Assess,2025-01-17 08:02:00,2
train_00016,Decide,2025-01-17 08:03:00,3
train_00016,Notify,2025-01-17 08:04:00,4
train_00016,Archive,2025-01-17 08:05:00,5
train_00017,Register,2025-01-18 08:00:00,0
train_00017,Check,2025-01-18 08:01:00,1
train_00017,Assess,2025-01-18 08:02:00,2
train_00017,Decide,2025-01-18 08:03:00,3
train_00017,Notify,2025-01-18 08:04:00,4
train_00017,Archive,2025-01-18 08:05:00,5
train_00018,Register,2025-01-19 08:00:00,0
train_00018,Check,2025-01-19 08:01:00,1
train_00018,Assess,2025-01-19 08:02:00,2
train_00018,Decide,2025-01-19 08:03:00,3
train_00018,Notify,2025-01-19 08:04:00,4
train_00018,Archive,2025-01-19 08:05:00,5
train_00019,Register,2025-01-20 08:00:00,0
train_00019,Check,2025-01-20 08:01:00,1
train_00019,Assess,2025-01-20 08:02:00,2
train_00019,Decide,2025-01-20 08:03:00,3
train_00019,Notify,2025-01-20 08:04:00,4
train_00019,Archive,2025-01-20 08:05:00,5
train_00020,Register,2025-01-21 08:00:00,0
train_00020,Check,2025-01-21 08:01:00,1
train_00020,Assess,2025-01-21 08:02:00,2
train_00020,Manual review,2025-01-21 08:03:00,3
train_00020,Rework,2025-01-21 08:04:00,4
train_00020,Assess,2025-01-21 08:05:00,5
train_00020,Decide,2025-01-21 08:06:00,6
train_00020,Notify,2025-01-21 08:07:00,7
train_00020,Archive,2025-01-21 08:08:00,8
train_00021,Register,2025-01-22 08:00:00,0
train_00021,Check,2025-01-22 08:01:00,1
train_00021,Assess,2025-01-22 08:02:00,2
train_00021,Decide,2025-01-22 08:03:00,3
train_00021,Notify,2025-01-22 08:04:00,4
train_00021,Archive,2025-01-22 08:05:00,5
train_00022,Register,2025-01-23 08:00:00,0
train_00022,Check,2025-01-23 08:01:00,1
train_00022,Assess,2025-01-23 08:02:00,2
train_00022,Decide,2025-01-23 08:03:00,3
train_00022,Notify,2025-01-23 08:04:00,4
train_00022,Archive,2025-01-23 08:05:00,5
train_00023,Register,2025-01-24 08:00:00,0
train_00023,Check,2025-01-24 08:01:00,1
train_00023,Assess,2025-01-24 08:02:00,2
train_00023,Decide,2025-01-24 08:03:00,3
train_00023,Notify,2025-01-24 08:04:00,4
train_00023,Archive,2025-01-24 08:05:00,5
train_00024,Register,2025-01-25 08:00:00,0
train_00024,Check,2025-01-25 08:01:00,1
train_00024,Assess,2025-01-25 08:02:00,2
train_00024,Decide,2025-01-25 08:03:00,3
train_00024,Notify,2025-01-25 08:04:00,4
train_00024,Archive,2025-01-25 08:05:00,5
train_00025,Register,2025-01-26 08:00:00,0
train_00025,Check,2025-01-26 08:01:00,1
train_00025,Assess,2025-01-26 08:02:00,2
train_00025,Decide,2025-01-26 08:03:00,3
train_00025,Notify,2025-01-26 08:04:00,4
train_00025,Archive,2025-01-26 08:05:00,5
train_00026,Register,2025-01-27 08:00:00,0
train_00026,Check,2025-01-27 08:01:00,1
train_00026,Assess,2025-01-27 08:02:00,2
train_00026,Manual review,2025-01-27 08:03:00,3
train_00026,Rework,2025-01-27 08:04:00,4
train_00026,Assess,2025-01-27 08:05:00,5
train_00026,Decide,2025-01-27 08:06:00,6
train_00026,Notify,2025-01-27 08:07:00,7
train_00026,Archive,2025-01-27 08:08:00,8
train_00027,Register,2025-01-28 08:00:00,0
train_00027,Check,2025-01-28 08:01:00,1
train_00027,Assess,2025-01-28 08:02:00,2
train_00027,Decide,2025-01-28 08:03:00,3
train_00027,Notify,2025-01-28 08:04:00,4
train_00027,Archive,2025-01-28 08:05:00,5
train_00028,Register,2025-01-29 08:00:00,0
train_00028,Check,2025-01-29 08:01:00,1
train_00028,Assess,2025-01-29 08:02:00,2
train_00028,Manual review,2025-01-29 08:03:00,3
train_00028,Rework,2025-01-29 08:04:00,4
train_00028,Assess,2025-01-29 08:05:00,5
train_00028,Decide,2025-01-29 08:06:00,6
train_00028,Notify,2025-01-29 08:07:00,7
train_00028,Archive,2025-01-29 08:08:00,8
train_00029,Register,2025-01-30 08:00:00,0
train_00029,Check,2025-01-30 08:01:00,1
train_00029,Assess,2025-01-30 08:02:00,2
train_00029,Decide,2025-01-30 08:03:00,3
train_00029,Notify,2025-01-30 08:04:00,4
train_00029,Archive,2025-01-30 08:05:00,5
train_00030,Register,2025-01-31 08:00:00,0
train_00030,Check,2025-01-31 08:01:00,1
train_00030,Assess,2025-01-31 08:02:00,2
train_00030,Decide,2025-01-31 08:03:00,3
train_00030,Notify,2025-01-31 08:04:00,4
train_00030,Archive,2025-01-31 08:05:00,5
train_00031,Register,2025-02-01 08:00:00,0
train_00031,Check,2025-02-01 08:01:00,1
train_00031,Assess,2025-02-01 08:02:00,2
train_00031,Decide,2025-02-01 08:03:00,3
train_00031,Notify,2025-02-01 08:04:00,4
train_00031,Archive,2025-02-01 08:05:00,5
train_00032,Register,2025-02-02 08:00:00,0
train_00032,Check,2025-02-02 08:01:00,1
train_00032,Assess,2025-02-02 08:02:00,2
train_00032,Decide,2025-02-02 08:03:00,3
train_00032,Notify,2025-02-02 08:04:00,4
train_00032,Archive,2025-02-02 08:05:00,5
train_00033,Register,2025-02-03 08:00:00,0
train_00033,Check,2025-02-03 08:01:00,1
train_00033,Assess,2025-02-03 08:02:00,2
train_00033,Decide,2025-02-03 08:03:00,3
train_00033,Notify,2025-02-03 08:04:00,4
train_00033,Archive,2025-02-03 08:05:00,5
train_00034,Register,2025-02-04 08:00:00,0
train_00034,Check,2025-02-04 08:01:00,1
train_00034,Assess,2025-02-04 08:02:00,2
train_00034,Decide,2025-02-04 08:03:00,3
train_00034,Notify,2025-02-04 08:04:00,4
train_00034,Archive,2025-02-04 08:05:00,5
train_00035,Register,2025-02-05 08:00:00,0
train_00035,Check,2025-02-05 08:01:00,1
train_00035,Assess,2025-02-05 08:02:00,2
train_00035,Decide,2025-02-05 08:03:00,3
train_00035,Notify,2025-02-05 08:04:00,4
train_00035,Archive,2025-02-05 08:05:00,5
train_00036,Register,2025-02-06 08:00:00,0
train_00036,Check,2025-02-06 08:01:00,1
train_00036,Assess,2025-02-06 08:02:00,2
train_00036,Decide,2025-02-06 08:03:00,3
train_00036,Notify,2025-02-06 08:04:00,4
train_00036,Archive,2025-02-06 08:05:00,5
train_00037,Register,2025-02-07 08:00:00,0
train_00037,Check,2025-02-07 08:01:00,1
train_00037,Assess,2025-02-07 08:02:00,2
train_00037,Manual review,2025-02-07 08:03:00,3
train_00037,Rework,2025-02-07 08:04:00,4
train_00037,Assess,2025-02-07 08:05:00,5
train_00037,Decide,2025-02-07 08:06:00,6
train_00037,Notify,2025-02-07 08:07:00,7
train_00037,Archive,2025-02-07 08:08:00,8
train_00038,Register,2025-02-08 08:00:00,0
train_00038,Check,2025-02-08 08:01:00,1
train_00038,Assess,2025-02-08 08:02:00,2
train_00038,Decide,2025-02-08 08:03:00,3
train_00038,Notify,2025-02-08 08:04:00,4
train_00038,Archive,2025-02-08 08:05:00,5
train_00039,Register,2025-02-09 08:00:00,0
train_00039,Check,2025-02-09 08:01:00,1
train_00039,Assess,2025-02-09 08:02:00,2
train_00039,Decide,2025-02-09 08:03:00,3
train_00039,Notify,2025-02-09 08:04:00,4
train_00039,Archive,2025-02-09 08:05:00,5
train_00040,Register,2025-02-10 08:00:00,0
train_00040,Check,2025-02-10 08:01:00,1
train_00040,Assess,2025-02-10 08:02:00,2
train_00040,Decide,2025-02-10 08:03:00,3
train_00040,Notify,2025-02-10 08:04:00,4
train_00040,Archive,2025-02-10 08:05:00,5
train_00041,Register,2025-02-11 08:00:00,0
train_00041,Check,2025-02-11 08:01:00,1
train_00041,Assess,2025-02-11 08:02:00,2
train_00041,Decide,2025-02-11 08:03:00,3
train_00041,Notify,2025-02-11 08:04:00,4
train_00041,Archive,2025-02-11 08:05:00,5
train_00042,Register,2025-02-12 08:00:00,0
train_00042,Check,2025-02-12 08:01:00,1
train_00042,Assess,2025-02-12 08:02:00,2
train_00042,Decide,2025-02-12 08:03:00,3
train_00042,Notify,2025-02-12 08:04:00,4
train_00042,Archive,2025-02-12 08:05:00,5
train_00043,Register,2025-02-13 08:00:00,0
train_00043,Check,2025-02-13 08:01:00,1
train_00043,Assess,2025-02-13 08:02:00,2
train_00043,Decide,2025-02-13 08:03:00,3
train_00043,Notify,2025-02-13 08:04:00,4
train_00043,Archive,2025-02-13 08:05:00,5
train_00044,Register,2025-02-14 08:00:00,0
train_00044,Check,2025-02-14 08:01:00,1
train_00044,Assess,2025-02-14 08:02:00,2
train_00044,Decide,2025-02-14 08:03:00,3
train_00044,Notify,2025-02-14 08:04:00,4
train_00044,Archive,2025-02-14 08:05:00,5
train_00045,Register,2025-02-15 08:00:00,0
train_00045,Check,2025-02-15 08:01:00,1
train_00045,Assess,2025-02-15 08:02:00,2
train_00045,Decide,2025-02-15 08:03:00,3
train_00045,Notify,2025-02-15 08:04:00,4
train_00045,Archive,2025-02-15 08:05:00,5
train_00046,Register,2025-02-16 08:00:00,0
train_00046,Check,2025-02-16 08:01:00,1
train_00046,Assess,2025-02-16 08:02:00,2
train_00046,Decide,2025-02-16 08:03:00,3
train_00046,Notify,2025-02-16 08:04:00,4
train_00046,Archive,2025-02-16 08:05:00,5
train_00047,Register,2025-02-17 08:00:00,0
train_00047,Check,2025-02-17 08:01:00,1
train_00047,Assess,2025-02-17 08:02:00,2
train_00047,Decide,2025-02-17 08:03:00,3
train_00047,Notify,2025-02-17 08:04:00,4
train_00047,Archive,2025-02-17 08:05:00,5
train_00048,Register,2025-02-18 08:00:00,0
train_00048,Check,2025-02-18 08:01:00,1
train_00048,Assess,2025-02-18 08:02:00,2
train_00048,Decide,2025-02-18 08:03:00,3
train_00048,Notify,2025-02-18 08:04:00,4
train_00048,Archive,2025-02-18 08:05:00,5
train_00049,Register,2025-02-19 08:00:00,0
train_00049,Check,2025-02-19 08:01:00,1
train_00049,Assess,2025-02-19 08:02:00,2
train_00049,Decide,2025-02-19 08:03:00,3
train_00049,Notify,2025-02-19 08:04:00,4
train_00049,Archive,2025-02-19 08:05:00,5
train_00050,Register,2025-02-20 08:00:00,0
train_00050,Check,2025-02-20 08:01:00,1
train_00050,Assess,2025-02-20 08:02:00,2
train_00050,Decide,2025-02-20 08:03:00,3
train_00050,Notify,2025-02-20 08:04:00,4
train_00050,Archive,2025-02-20 08:05:00,5
train_00051,Register,2025-02-21 08:00:00,0
train_00051,Check,2025-02-21 08:01:00,1
train_00051,Assess,2025-02-21 08:02:00,2
train_00051,Manual review,2025-02-21 08:03:00,3
train_00051,Rework,2025-02-21 08:04:00,4
train_00051,Assess,2025-02-21 08:05:00,5
train_00051,Decide,2025-02-21 08:06:00,6
train_00051,Notify,2025-02-21 08:07:00,7
train_00051,Archive,2025-02-21 08:08:00,8
train_00052,Register,2025-02-22 08:00:00,0
train_00052,Check,2025-02-22 08:01:00,1
train_00052,Assess,2025-02-22 08:02:00,2
train_00052,Decide,2025-02-22 08:03:00,3
train_00052,Notify,2025-02-22 08:04:00,4
train_00052,Archive,2025-02-22 08:05:00,5
train_00053,Register,2025-02-23 08:00:00,0
train_00053,Check,2025-02-23 08:01:00,1
train_00053,Assess,2025-02-23 08:02:00,2
train_00053,Decide,2025-02-23 08:03:00,3
train_00053,Notify,2025-02-23 08:04:00,4
train_00053,Archive,2025-02-23 08:05:00,5
train_00054,Register,2025-02-24 08:00:00,0
train_00054,Check,2025-02-24 08:01:00,1
train_00054,Assess,2025-02-24 08:02:00,2
train_00054,Decide,2025-02-24 08:03:00,3
train_00054,Notify,2025-02-24 08:04:00,4
train_00054,Archive,2025-02-24 08:05:00,5
train_00055,Register,2025-02-25 08:00:00,0
train_00055,Check,2025-02-25 08:01:00,1
train_00055,Assess,2025-02-25 08:02:00,2
train_00055,Decide,2025-02-25 08:03:00,3
train_00055,Notify,2025-02-25 08:04:00,4
train_00055,Archive,2025-02-25 08:05:00,5
train_00056,Register,2025-02-26 08:00:00,0
train_00056,Check,2025-02-26 08:01:00,1
train_00056,Assess,2025-02-26 08:02:00,2
train_00056,Decide,2025-02-26 08:03:00,3
train_00056,Notify,2025-02-26 08:04:00,4
train_00056,Archive,2025-02-26 08:05:00,5
train_00057,Register,2025-02-27 08:00:00,0
train_00057,Check,2025-02-27 08:01:00,1
train_00057,Assess,2025-02-27 08:02:00,2
train_00057,Decide,2025-02-27 08:03:00,3
train_00057,Notify,2025-02-27 08:04:00,4
train_00057,Archive,2025-02-27 08:05:00,5
train_00058,Register,2025-02-28 08:00:00,0
train_00058,Check,2025-02-28 08:01:00,1
train_00058,Assess,2025-02-28 08:02:00,2
train_00058,Decide,2025-02-28 08:03:00,3
train_00058,Notify,2025-02-28 08:04:00,4
train_00058,Archive,2025-02-28 08:05:00,5
train_00059,Register,2025-03-01 08:00:00,0
train_00059,Check,2025-03-01 08:01:00,1
train_00059,Assess,2025-03-01 08:02:00,2
train_00059,Decide,2025-03-01 08:03:00,3
train_00059,Notify,2025-03-01 08:04:00,4
train_00059,Archive,2025-03-01 08:05:00,5
train_00060,Register,2025-03-02 08:00:00,0
train_00060,Check,2025-03-02 08:01:00,1
train_00060,Assess,2025-03-02 08:02:00,2
train_00060,Decide,2025-03-02 08:03:00,3
train_00060,Notify,2025-03-02 08:04:00,4
train_00060,Archive,2025-03-02 08:05:00,5
train_00061,Register,2025-03-03 08:00:00,0
train_00061,Check,2025-03-03 08:01:00,1
train_00061,Assess,2025-03-03 08:02:00,2
train_00061,Decide,2025-03-03 08:03:00,3
train_00061,Notify,2025-03-03 08:04:00,4
train_00061,Archive,2025-03-03 08:05:00,5
train_00062,Register,2025-03-04 08:00:00,0
train_00062,Check,2025-03-04 08:01:00,1
train_00062,Assess,2025-03-04 08:02:00,2
train_00062,Decide,2025-03-04 08:03:00,3
train_00062,Notify,2025-03-04 08:04:00,4
train_00062,Archive,2025-03-04 08:05:00,5
train_00063,Register,2025-03-05 08:00:00,0
train_00063,Check,2025-03-05 08:01:00,1
train_00063,Assess,2025-03-05 08:02:00,2
train_00063,Decide,2025-03-05 08:03:00,3
train_00063,Notify,2025-03-05 08:04:00,4
train_00063,Archive,2025-03-05 08:05:00,5
train_00064,Register,2025-03-06 08:00:00,0
train_00064,Check,2025-03-06 08:01:00,1
train_00064,Assess,2025-03-06 08:02:00,2
train_00064,Decide,2025-03-06 08:03:00,3
train_00064,Notify,2025-03-06 08:04:00,4
train_00064,Archive,2025-03-06 08:05:00,5
train_00065,Register,2025-03-07 08:00:00,0
train_00065,Check,2025-03-07 08:01:00,1
train_00065,Assess,2025-03-07 08:02:00,2
train_00065,Decide,2025-03-07 08:03:00,3
train_00065,Notify,2025-03-07 08:04:00,4
train_00065,Archive,2025-03-07 08:05:00,5
train_00066,Register,2025-03-08 08:00:00,0
train_00066,Check,2025-03-08 08:01:00,1
train_00066,Assess,2025-03-08 08:02:00,2
train_00066,Decide,2025-03-08 08:03:00,3
train_00066,Notify,2025-03-08 08:04:00,4
train_00066,Archive,2025-03-08 08:05:00,5
train_00067,Register,2025-03-09 08:00:00,0
train_00067,Check,2025-03-09 08:01:00,1
train_00067,Assess,2025-03-09 08:02:00,2
train_00067,Decide,2025-03-09 08:03:00,3
train_00067,Notify,2025-03-09 08:04:00,4
train_00067,Archive,2025-03-09 08:05:00,5
train_00068,Register,2025-03-10 08:00:00,0
train_00068,Check,2025-03-10 08:01:00,1
train_00068,Assess,2025-03-10 08:02:00,2
train_00068,Decide,2025-03-10 08:03:00,3
train_00068,Notify,2025-03-10 08:04:00,4
train_00068,Archive,2025-03-10 08:05:00,5
train_00069,Register,2025-03-11 08:00:00,0
train_00069,Check,2025-03-11 08:01:00,1
train_00069,Assess,2025-03-11 08:02:00,2
train_00069,Decide,2025-03-11 08:03:00,3
train_00069,Notify,2025-03-11 08:04:00,4
train_00069,Archive,2025-03-11 08:05:00,5
train_00070,Register,2025-03-12 08:00:00,0
train_00070,Check,2025-03-12 08:01:00,1
train_00070,Assess,2025-03-12 08:02:00,2
train_00070,Manual review,2025-03-12 08:03:00,3
train_00070,Rework,2025-03-12 08:04:00,4
train_00070,Assess,2025-03-12 08:05:00,5
train_00070,Decide,2025-03-12 08:06:00,6
train_00070,Notify,2025-03-12 08:07:00,7
train_00070,Archive,2025-03-12 08:08:00,8
train_00071,Register,2025-03-13 08:00:00,0
train_00071,Check,2025-03-13 08:01:00,1
train_00071,Assess,2025-03-13 08:02:00,2
train_00071,Decide,2025-03-13 08:03:00,3
train_00071,Notify,2025-03-13 08:04:00,4
train_00071,Archive,2025-03-13 08:05:00,5
train_00072,Register,2025-03-14 08:00:00,0
train_00072,Check,2025-03-14 08:01:00,1
train_00072,Assess,2025-03-14 08:02:00,2
train_00072,Decide,2025-03-14 08:03:00,3
train_00072,Notify,2025-03-14 08:04:00,4
train_00072,Archive,2025-03-14 08:05:00,5
train_00073,Register,2025-03-15 08:00:00,0
train_00073,Check,2025-03-15 08:01:00,1
train_00073,Assess,2025-03-15 08:02:00,2
train_00073,Decide,2025-03-15 08:03:00,3
train_00073,Notify,2025-03-15 08:04:00,4
train_00073,Archive,2025-03-15 08:05:00,5
train_00074,Register,2025-03-16 08:00:00,0
train_00074,Check,2025-03-16 08:01:00,1
train_00074,Assess,2025-03-16 08:02:00,2
train_00074,Decide,2025-03-16 08:03:00,3
train_00074,Notify,2025-03-16 08:04:00,4
train_00074,Archive,2025-03-16 08:05:00,5
train_00075,Register,2025-03-17 08:00:00,0
train_00075,Check,2025-03-17 08:01:00,1
train_00075,Assess,2025-03-17 08:02:00,2
train_00075,Decide,2025-03-17 08:03:00,3
train_00075,Notify,2025-03-17 08:04:00,4
train_00075,Archive,2025-03-17 08:05:00,5
train_00076,Register,2025-03-18 08:00:00,0
train_00076,Check,2025-03-18 08:01:00,1
train_00076,Assess,2025-03-18 08:02:00,2
train_00076,Decide,2025-03-18 08:03:00,3
train_00076,Notify,2025-03-18 08:04:00,4
train_00076,Archive,2025-03-18 08:05:00,5
train_00077,Register,2025-03-19 08:00:00,0
train_00077,Check,2025-03-19 08:01:00,1
train_00077,Assess,2025-03-19 08:02:00,2
train_00077,Decide,2025-03-19 08:03:00,3
train_00077,Notify,2025-03-19 08:04:00,4
train_00077,Archive,2025-03-19 08:05:00,5
train_00078,Register,2025-03-20 08:00:00,0
train_00078,Check,2025-03-20 08:01:00,1
train_00078,Assess,2025-03-20 08:02:00,2
train_00078,Decide,2025-03-20 08:03:00,3
train_00078,Notify,2025-03-20 08:04:00,4
train_00078,Archive,2025-03-20 08:05:00,5
train_00079,Register,2025-03-21 08:00:00,0
train_00079,Check,2025-03-21 08:01:00,1
train_00079,Assess,2025-03-21 08:02:00,2
train_00079,Decide,2025-03-21 08:03:00,3
train_00079,Notify,2025-03-21 08:04:00,4
train_00079,Archive,2025-03-21 08:05:00,5
train_00080,Register,2025-03-22 08:00:00,0
train_00080,Check,2025-03-22 08:01:00,1
train_00080,Assess,2025-03-22 08:02:00,2
train_00080,Decide,2025-03-22 08:03:00,3
train_00080,Notify,2025-03-22 08:04:00,4
train_00080,Archive,2025-03-22 08:05:00,5
train_00081,Register,2025-03-23 08:00:00,0
train_00081,Check,2025-03-23 08:01:00,1
train_00081,Assess,2025-03-23 08:02:00,2
train_00081,Decide,2025-03-23 08:03:00,3
train_00081,Notify,2025-03-23 08:04:00,4
train_00081,Archive,2025-03-23 08:05:00,5
train_00082,Register,2025-03-24 08:00:00,0
train_00082,Check,2025-03-24 08:01:00,1
train_00082,Assess,2025-03-24 08:02:00,2
train_00082,Decide,2025-03-24 08:03:00,3
train_00082,Notify,2025-03-24 08:04:00,4
train_00082,Archive,2025-03-24 08:05:00,5
train_00083,Register,2025-03-25 08:00:00,0
train_00083,Check,2025-03-25 08:01:00,1
train_00083,Assess,2025-03-25 08:02:00,2
train_00083,Decide,2025-03-25 08:03:00,3
train_00083,Notify,2025-03-25 08:04:00,4
train_00083,Archive,2025-03-25 08:05:00,5
train_00084,Register,2025-03-26 08:00:00,0
train_00084,Check,2025-03-26 08:01:00,1
train_00084,Assess,2025-03-26 08:02:00,2
train_00084,Decide,2025-03-26 08:03:00,3
train_00084,Notify,2025-03-26 08:04:00,4
train_00084,Archive,2025-03-26 08:05:00,5
train_00085,Register,2025-03-27 08:00:00,0
train_00085,Check,2025-03-27 08:01:00,1
train_00085,Assess,2025-03-27 08:02:00,2
train_00085,Decide,2025-03-27 08:03:00,3
train_00085,Notify,2025-03-27 08:04:00,4
train_00085,Archive,2025-03-27 08:05:00,5
train_00086,Register,2025-03-28 08:00:00,0
train_00086,Check,2025-03-28 08:01:00,1
train_00086,Assess,2025-03-28 08:02:00,2
train_00086,Decide,2025-03-28 08:03:00,3
train_00086,Notify,2025-03-28 08:04:00,4
train_00086,Archive,2025-03-28 08:05:00,5
train_00087,Register,2025-03-29 08:00:00,0
train_00087,Check,2025-03-29 08:01:00,1
train_00087,Assess,2025-03-29 08:02:00,2
train_00087,Decide,2025-03-29 08:03:00,3
train_00087,Notify,2025-03-29 08:04:00,4
train_00087,Archive,2025-03-29 08:05:00,5
train_00088,Register,2025-03-30 08:00:00,0
train_00088,Check,2025-03-30 08:01:00,1
train_00088,Assess,2025-03-30 08:02:00,2
train_00088,Decide,2025-03-30 08:03:00,3
train_00088,Notify,2025-03-30 08:04:00,4
train_00088,Archive,2025-03-30 08:05:00,5
train_00089,Register,2025-03-31 08:00:00,0
train_00089,Check,2025-03-31 08:01:00,1
train_00089,Assess,2025-03-31 08:02:00,2
train_00089,Decide,2025-03-31 08:03:00,3
train_00089,Notify,2025-03-31 08:04:00,4
train_00089,Archive,2025-03-31 08:05:00,5
train_00090,Register,2025-04-01 08:00:00,0
train_00090,Check,2025-04-01 08:01:00,1
train_00090,Assess,2025-04-01 08:02:00,2
train_00090,Decide,2025-04-01 08:03:00,3
train_00090,Notify,2025-04-01 08:04:00,4
train_00090,Archive,2025-04-01 08:05:00,5
train_00091,Register,2025-04-02 08:00:00,0
train_00091,Check,2025-04-02 08:01:00,1
train_00091,Assess,2025-04-02 08:02:00,2
train_00091,Decide,2025-04-02 08:03:00,3
train_00091,Notify,2025-04-02 08:04:00,4
train_00091,Archive,2025-04-02 08:05:00,5
train_00092,Register,2025-04-03 08:00:00,0
train_00092,Check,2025-04-03 08:01:00,1
train_00092,Assess,2025-04-03 08:02:00,2
train_00092,Decide,2025-04-03 08:03:00,3
train_00092,Notify,2025-04-03 08:04:00,4
train_00092,Archive,2025-04-03 08:05:00,5
train_00093,Register,2025-04-04 08:00:00,0
train_00093,Check,2025-04-04 08:01:00,1
train_00093,Assess,2025-04-04 08:02:00,2
train_00093,Decide,2025-04-04 08:03:00,3
train_00093,Notify,2025-04-04 08:04:00,4
train_00093,Archive,2025-04-04 08:05:00,5
train_00094,Register,2025-04-05 08:00:00,0
train_00094,Check,2025-04-05 08:01:00,1
train_00094,Assess,2025-04-05 08:02:00,2
train_00094,Decide,2025-04-05 08:03:00,3
train_00094,Notify,2025-04-05 08:04:00,4
train_00094,Archive,2025-04-05 08:05:00,5
train_00095,Register,2025-04-06 08:00:00,0
train_00095,Check,2025-04-06 08:01:00,1
train_00095,Assess,2025-04-06 08:02:00,2
train_00095,Decide,2025-04-06 08:03:00,3
train_00095,Notify,2025-04-06 08:04:00,4
train_00095,Archive,2025-04-06 08:05:00,5
train_00096,Register,2025-04-07 08:00:00,0
train_00096,Check,2025-04-07 08:01:00,1
train_00096,Assess,2025-04-07 08:02:00,2
train_00096,Decide,2025-04-07 08:03:00,3
train_00096,Notify,2025-04-07 08:04:00,4
train_00096,Archive,2025-04-07 08:05:00,5
train_00097,Register,2025-04-08 08:00:00,0
train_00097,Check,2025-04-08 08:01:00,1
train_00097,Assess,2025-04-08 08:02:00,2
train_00097,Decide,2025-04-08 08:03:00,3
train_00097,Notify,2025-04-08 08:04:00,4
train_00097,Archive,2025-04-08 08:05:00,5
train_00098,Register,2025-04-09 08:00:00,0
train_00098,Check,2025-04-09 08:01:00,1
train_00098,Assess,2025-04-09 08:02:00,2
train_00098,Decide,2025-04-09 08:03:00,3
train_00098,Notify,2025-04-09 08:04:00,4
train_00098,Archive,2025-04-09 08:05:00,5
train_00099,Register,2025-04-10 08:00:00,0
train_00099,Check,2025-04-10 08:01:00,1
train_00099,Assess,2025-04-10 08:02:00,2
train_00099,Decide,2025-04-10 08:03:00,3
train_00099,Notify,2025-04-10 08:04:00,4
train_00099,Archive,2025-04-10 08:05:00,5
train_00100,Register,2025-04-11 08:00:00,0
train_00100,Check,2025-04-11 08:01:00,1
train_00100,Assess,2025-04-11 08:02:00,2
train_00100,Decide,2025-04-11 08:03:00,3
train_00100,Notify,2025-04-11 08:04:00,4
train_00100,Archive,2025-04-11 08:05:00,5
train_00101,Register,2025-04-12 08:00:00,0
train_00101,Check,2025-04-12 08:01:00,1
train_00101,Assess,2025-04-12 08:02:00,2
train_00101,Decide,2025-04-12 08:03:00,3
train_00101,Notify,2025-04-12 08:04:00,4
train_00101,Archive,2025-04-12 08:05:00,5
train_00102,Register,2025-04-13 08:00:00,0
train_00102,Check,2025-04-13 08:01:00,1
train_00102,Assess,2025-04-13 08:02:00,2
train_00102,Decide,2025-04-13 08:03:00,3
train_00102,Notify,2025-04-13 08:04:00,4
train_00102,Archive,2025-04-13 08:05:00,5
train_00103,Register,2025-04-14 08:00:00,0
train_00103,Check,2025-04-14 08:01:00,1
train_00103,Assess,2025-04-14 08:02:00,2
train_00103,Decide,2025-04-14 08:03:00,3
train_00103,Notify,2025-04-14 08:04:00,4
train_00103,Archive,2025-04-14 08:05:00,5
train_00104,Register,2025-04-15 08:00:00,0
train_00104,Check,2025-04-15 08:01:00,1
train_00104,Assess,2025-04-15 08:02:00,2
train_00104,Decide,2025-04-15 08:03:00,3
train_00104,Notify,2025-04-15 08:04:00,4
train_00104,Archive,2025-04-15 08:05:00,5
train_00105,Register,2025-04-16 08:00:00,0
train_00105,Check,2025-04-16 08:01:00,1
train_00105,Assess,2025-04-16 08:02:00,2
train_00105,Manual review,2025-04-16 08:03:00,3
train_00105,Rework,2025-04-16 08:04:00,4
train_00105,Assess,2025-04-16 08:05:00,5
train_00105,Decide,2025-04-16 08:06:00,6
train_00105,Notify,2025-04-16 08:07:00,7
train_00105,Archive,2025-04-16 08:08:00,8
train_00106,Register,2025-04-17 08:00:00,0
train_00106,Check,2025-04-17 08:01:00,1
train_00106,Assess,2025-04-17 08:02:00,2
train_00106,Decide,2025-04-17 08:03:00,3
train_00106,Notify,2025-04-17 08:04:00,4
train_00106,Archive,2025-04-17 08:05:00,5
train_00107,Register,2025-04-18 08:00:00,0
train_00107,Check,2025-04-18 08:01:00,1
train_00107,Assess,2025-04-18 08:02:00,2
train_00107,Decide,2025-04-18 08:03:00,3
train_00107,Notify,2025-04-18 08:04:00,4
train_00107,Archive,2025-04-18 08:05:00,5
train_00108,Register,2025-04-19 08:00:00,0
train_00108,Check,2025-04-19 08:01:00,1
train_00108,Assess,2025-04-19 08:02:00,2
train_00108,Decide,2025-04-19 08:03:00,3
train_00108,Notify,2025-04-19 08:04:00,4
train_00108,Archive,2025-04-19 08:05:00,5
train_00109,Register,2025-04-20 08:00:00,0
train_00109,Check,2025-04-20 08:01:00,1
train_00109,Assess,2025-04-20 08:02:00,2
train_00109,Decide,2025-04-20 08:03:00,3
train_00109,Notify,2025-04-20 08:04:00,4
train_00109,Archive,2025-04-20 08:05:00,5
train_00110,Register,2025-04-21 08:00:00,0
train_00110,Check,2025-04-21 08:01:00,1
train_00110,Assess,2025-04-21 08:02:00,2
train_00110,Decide,2025-04-21 08:03:00,3
train_00110,Notify,2025-04-21 08:04:00,4
train_00110,Archive,2025-04-21 08:05:00,5
train_00111,Register,2025-04-22 08:00:00,0
train_00111,Check,2025-04-22 08:01:00,1
train_00111,Assess,2025-04-22 08:02:00,2
train_00111,Decide,2025-04-22 08:03:00,3
train_00111,Notify,2025-04-22 08:04:00,4
train_00111,Archive,2025-04-22 08:05:00,5
train_00112,Register,2025-04-23 08:00:00,0
train_00112,Check,2025-04-23 08:01:00,1
train_00112,Assess,2025-04-23 08:02:00,2
train_00112,Decide,2025-04-23 08:03:00,3
train_00112,Notify,2025-04-23 08:04:00,4
train_00112,Archive,2025-04-23 08:05:00,5
train_00113,Register,2025-04-24 08:00:00,0
train_00113,Check,2025-04-24 08:01:00,1
train_00113,Assess,2025-04-24 08:02:00,2
train_00113,Decide,2025-04-24 08:03:00,3
train_00113,Notify,2025-04-24 08:04:00,4
train_00113,Archive,2025-04-24 08:05:00,5
train_00114,Register,2025-04-25 08:00:00,0
train_00114,Check,2025-04-25 08:01:00,1
train_00114,Assess,2025-04-25 08:02:00,2
train_00114,Decide,2025-04-25 08:03:00,3
train_00114,Notify,2025-04-25 08:04:00,4
train_00114,Archive,2025-04-25 08:05:00,5
train_00115,Register,2025-04-26 08:00:00,0
train_00115,Check,2025-04-26 08:01:00,1
train_00115,Assess,2025-04-26 08:02:00,2
train_00115,Manual review,2025-04-26 08:03:00,3
train_00115,Rework,2025-04-26 08:04:00,4
train_00115,Assess,2025-04-26 08:05:00,5
train_00115,Decide,2025-04-26 08:06:00,6
train_00115,Notify,2025-04-26 08:07:00,7
train_00115,Archive,2025-04-26 08:08:00,8
train_00116,Register,2025-04-27 08:00:00,0
train_00116,Check,2025-04-27 08:01:00,1
train_00116,Assess,2025-04-27 08:02:00,2
train_00116,Decide,2025-04-27 08:03:00,3
train_00116,Notify,2025-04-27 08:04:00,4
train_00116,Archive,2025-04-27 08:05:00,5
train_00117,Register,2025-04-28 08:00:00,0
train_00117,Check,2025-04-28 08:01:00,1
train_00117,Assess,2025-04-28 08:02:00,2
train_00117,Decide,2025-04-28 08:03:00,3
train_00117,Notify,2025-04-28 08:04:00,4
train_00117,Archive,2025-04-28 08:05:00,5
train_00118,Register,2025-04-29 08:00:00,0
train_00118,Check,2025-04-29 08:01:00,1
train_00118,Assess,2025-04-29 08:02:00,2
train_00118,Decide,2025-04-29 08:03:00,3
train_00118,Notify,2025-04-29 08:04:00,4
train_00118,Archive,2025-04-29 08:05:00,5
train_00119,Register,2025-04-30 08:00:00,0
train_00119,Check,2025-04-30 08:01:00,1
train_00119,Assess,2025-04-30 08:02:00,2
train_00119,Decide,2025-04-30 08:03:00,3
train_00119,Notify,2025-04-30 08:04:00,4
train_00119,Archive,2025-04-30 08:05:00,5
train_00120,Register,2025-05-01 08:00:00,0
train_00120,Check,2025-05-01 08:01:00,1
train_00120,Assess,2025-05-01 08:02:00,2
train_00120,Decide,2025-05-01 08:03:00,3
train_00120,Notify,2025-05-01 08:04:00,4
train_00120,Archive,2025-05-01 08:05:00,5
train_00121,Register,2025-05-02 08:00:00,0
train_00121,Check,2025-05-02 08:01:00,1
train_00121,Assess,2025-05-02 08:02:00,2
train_00121,Decide,2025-05-02 08:03:00,3
train_00121,Notify,2025-05-02 08:04:00,4
train_00121,Archive,2025-05-02 08:05:00,5
train_00122,Register,2025-05-03 08:00:00,0
train_00122,Check,2025-05-03 08:01:00,1
train_00122,Assess,2025-05-03 08:02:00,2
train_00122,Decide,2025-05-03 08:03:00,3
train_00122,Notify,2025-05-03 08:04:00,4
train_00122,Archive,2025-05-03 08:05:00,5
train_00123,Register,2025-05-04 08:00:00,0
train_00123,Check,2025-05-04 08:01:00,1
train_00123,Assess,2025-05-04 08:02:00,2
train_00123,Decide,2025-05-04 08:03:00,3
train_00123,Notify,2025-05-04 08:04:00,4
train_00123,Archive,2025-05-04 08:05:00,5
train_00124,Register,2025-05-05 08:00:00,0
train_00124,Check,2025-05-05 08:01:00,1
train_00124,Assess,2025-05-05 08:02:00,2
train_00124,Decide,2025-05-05 08:03:00,3
train_00124,Notify,2025-05-05 08:04:00,4
train_00124,Archive,2025-05-05 08:05:00,5
train_00125,Register,2025-05-06 08:00:00,0
train_00125,Check,2025-05-06 08:01:00,1
train_00125,Assess,2025-05-06 08:02:00,2
train_00125,Decide,2025-05-06 08:03:00,3
train_00125,Notify,2025-05-06 08:04:00,4
train_00125,Archive,2025-05-06 08:05:00,5
train_00126,Register,2025-05-07 08:00:00,0
train_00126,Check,2025-05-07 08:01:00,1
train_00126,Assess,2025-05-07 08:02:00,2
train_00126,Decide,2025-05-07 08:03:00,3
train_00126,Notify,2025-05-07 08:04:00,4
train_00126,Archive,2025-05-07 08:05:00,5
train_00127,Register,2025-05-08 08:00:00,0
train_00127,Check,2025-05-08 08:01:00,1
train_00127,Assess,2025-05-08 08:02:00,2
train_00127,Manual review,2025-05-08 08:03:00,3
train_00127,Rework,2025-05-08 08:04:00,4
train_00127,Assess,2025-05-08 08:05:00,5
train_00127,Decide,2025-05-08 08:06:00,6
train_00127,Notify,2025-05-08 08:07:00,7
train_00127,Archive,2025-05-08 08:08:00,8
train_00128,Register,2025-05-09 08:00:00,0
train_00128,Check,2025-05-09 08:01:00,1
train_00128,Assess,2025-05-09 08:02:00,2
train_00128,Decide,2025-05-09 08:03:00,3
train_00128,Notify,2025-05-09 08:04:00,4
train_00128,Archive,2025-05-09 08:05:00,5
train_00129,Register,2025-05-10 08:00:00,0
train_00129,Check,2025-05-10 08:01:00,1
train_00129,Assess,2025-05-10 08:02:00,2
train_00129,Decide,2025-05-10 08:03:00,3
train_00129,Notify,2025-05-10 08:04:00,4
train_00129,Archive,2025-05-10 08:05:00,5
train_00130,Register,2025-05-11 08:00:00,0
train_00130,Check,2025-05-11 08:01:00,1
train_00130,Assess,2025-05-11 08:02:00,2
train_00130,Decide,2025-05-11 08:03:00,3
train_00130,Notify,2025-05-11 08:04:00,4
train_00130,Archive,2025-05-11 08:05:00,5
train_00131,Register,2025-05-12 08:00:00,0
train_00131,Check,2025-05-12 08:01:00,1
train_00131,Assess,2025-05-12 08:02:00,2
train_00131,Decide,2025-05-12 08:03:00,3
train_00131,Notify,2025-05-12 08:04:00,4
train_00131,Archive,2025-05-12 08:05:00,5
train_00132,Register,2025-05-13 08:00:00,0
train_00132,Check,2025-05-13 08:01:00,1
train_00132,Assess,2025-05-13 08:02:00,2
train_00132,Decide,2025-05-13 08:03:00,3
train_00132,Notify,2025-05-13 08:04:00,4
train_00132,Archive,2025-05-13 08:05:00,5
train_00133,Register,2025-05-14 08:00:00,0
train_00133,Check,2025-05-14 08:01:00,1
train_00133,Assess,2025-05-14 08:02:00,2
train_00133,Decide,2025-05-14 08:03:00,3
train_00133,Notify,2025-05-14 08:04:00,4
train_00133,Archive,2025-05-14 08:05:00,5
train_00134,Register,2025-05-15 08:00:00,0
train_00134,Check,2025-05-15 08:01:00,1
train_00134,Assess,2025-05-15 08:02:00,2
train_00134,Decide,2025-05-15 08:03:00,3
train_00134,Notify,2025-05-15 08:04:00,4
train_00134,Archive,2025-05-15 08:05:00,5
train_00135,Register,2025-05-16 08:00:00,0
train_00135,Check,2025-05-16 08:01:00,1
train_00135,Assess,2025-05-16 08:02:00,2
train_00135,Decide,2025-05-16 08:03:00,3
train_00135,Notify,2025-05-16 08:04:00,4
train_00135,Archive,2025-05-16 08:05:00,5
train_00136,Register,2025-05-17 08:00:00,0
train_00136,Check,2025-05-17 08:01:00,1
train_00136,Assess,2025-05-17 08:02:00,2
train_00136,Decide,2025-05-17 08:03:00,3
train_00136,Notify,2025-05-17 08:04:00,4
train_00136,Archive,2025-05-17 08:05:00,5
train_00137,Register,2025-05-18 08:00:00,0
train_00137,Check,2025-05-18 08:01:00,1
train_00137,Assess,2025-05-18 08:02:00,2
train_00137,Decide,2025-05-18 08:03:00,3
train_00137,Notify,2025-05-18 08:04:00,4
train_00137,Archive,2025-05-18 08:05:00,5
train_00138,Register,2025-05-19 08:00:00,0
train_00138,Check,2025-05-19 08:01:00,1
train_00138,Assess,2025-05-19 08:02:00,2
train_00138,Decide,2025-05-19 08:03:00,3
train_00138,Notify,2025-05-19 08:04:00,4
train_00138,Archive,2025-05-19 08:05:00,5
train_00139,Register,2025-05-20 08:00:00,0
train_00139,Check,2025-05-20 08:01:00,1
train_00139,Assess,2025-05-20 08:02:00,2
train_00139,Decide,2025-05-20 08:03:00,3
train_00139,Notify,2025-05-20 08:04:00,4
train_00139,Archive,2025-05-20 08:05:00,5
train_00140,Register,2025-05-21 08:00:00,0
train_00140,Check,2025-05-21 08:01:00,1
train_00140,Assess,2025-05-21 08:02:00,2
train_00140,Decide,2025-05-21 08:03:00,3
train_00140,Notify,2025-05-21 08:04:00,4
train_00140,Archive,2025-05-21 08:05:00,5
train_00141,Register,2025-05-22 08:00:00,0
train_00141,Check,2025-05-22 08:01:00,1
train_00141,Assess,2025-05-22 08:02:00,2
train_00141,Decide,2025-05-22 08:03:00,3
train_00141,Notify,2025-05-22 08:04:00,4
train_00141,Archive,2025-05-22 08:05:00,5
train_00142,Register,2025-05-23 08:00:00,0
train_00142,Check,2025-05-23 08:01:00,1
train_00142,Assess,2025-05-23 08:02:00,2
train_00142,Decide,2025-05-23 08:03:00,3
train_00142,Notify,2025-05-23 08:04:00,4
train_00142,Archive,2025-05-23 08:05:00,5
train_00143,Register,2025-05-24 08:00:00,0
train_00143,Check,2025-05-24 08:01:00,1
train_00143,Assess,2025-05-24 08:02:00,2
train_00143,Decide,2025-05-24 08:03:00,3
train_00143,Notify,2025-05-24 08:04:00,4
train_00143,Archive,2025-05-24 08:05:00,5
train_00144,Register,2025-05-25 08:00:00,0
train_00144,Check,2025-05-25 08:01:00,1
train_00144,Assess,2025-05-25 08:02:00,2
train_00144,Decide,2025-05-25 08:03:00,3
train_00144,Notify,2025-05-25 08:04:00,4
train_00144,Archive,2025-05-25 08:05:00,5
train_00145,Register,2025-05-26 08:00:00,0
train_00145,Check,2025-05-26 08:01:00,1
train_00145,Assess,2025-05-26 08:02:00,2
train_00145,Manual review,2025-05-26 08:03:00,3
train_00145,Rework,2025-05-26 08:04:00,4
train_00145,Assess,2025-05-26 08:05:00,5
train_00145,Decide,2025-05-26 08:06:00,6
train_00145,Notify,2025-05-26 08:07:00,7
train_00145,Archive,2025-05-26 08:08:00,8
train_00146,Register,2025-05-27 08:00:00,0
train_00146,Check,2025-05-27 08:01:00,1
train_00146,Assess,2025-05-27 08:02:00,2
train_00146,Decide,2025-05-27 08:03:00,3
train_00146,Notify,2025-05-27 08:04:00,4
train_00146,Archive,2025-05-27 08:05:00,5
train_00147,Register,2025-05-28 08:00:00,0
train_00147,Check,2025-05-28 08:01:00,1
train_00147,Assess,2025-05-28 08:02:00,2
train_00147,Decide,2025-05-28 08:03:00,3
train_00147,Notify,2025-05-28 08:04:00,4
train_00147,Archive,2025-05-28 08:05:00,5
train_00148,Register,2025-05-29 08:00:00,0
train_00148,Check,2025-05-29 08:01:00,1
train_00148,Assess,2025-05-29 08:02:00,2
train_00148,Decide,2025-05-29 08:03:00,3
train_00148,Notify,2025-05-29 08:04:00,4
train_00148,Archive,2025-05-29 08:05:00,5
train_00149,Register,2025-05-30 08:00:00,0
train_00149,Check,2025-05-30 08:01:00,1
train_00149,Assess,2025-05-30 08:02:00,2
train_00149,Decide,2025-05-30 08:03:00,3
train_00149,Notify,2025-05-30 08:04:00,4
train_00149,Archive,2025-05-30 08:05:00,5
train_00150,Register,2025-05-31 08:00:00,0
train_00150,Check,2025-05-31 08:01:00,1
train_00150,Assess,2025-05-31 08:02:00,2
train_00150,Decide,2025-05-31 08:03:00,3
train_00150,Notify,2025-05-31 08:04:00,4
train_00150,Archive,2025-05-31 08:05:00,5
train_00151,Register,2025-06-01 08:00:00,0
train_00151,Check,2025-06-01 08:01:00,1
train_00151,Assess,2025-06-01 08:02:00,2
train_00151,Decide,2025-06-01 08:03:00,3
train_00151,Notify,2025-06-01 08:04:00,4
train_00151,Archive,2025-06-01 08:05:00,5
train_00152,Register,2025-06-02 08:00:00,0
train_00152,Check,2025-06-02 08:01:00,1
train_00152,Assess,2025-06-02 08:02:00,2
train_00152,Decide,2025-06-02 08:03:00,3
train_00152,Notify,2025-06-02 08:04:00,4
train_00152,Archive,2025-06-02 08:05:00,5
train_00153,Register,2025-06-03 08:00:00,0
train_00153,Check,2025-06-03 08:01:00,1
train_00153,Assess,2025-06-03 08:02:00,2
train_00153,Decide,2025-06-03 08:03:00,3
train_00153,Notify,2025-06-03 08:04:00,4
train_00153,Archive,2025-06-03 08:05:00,5
train_00154,Register,2025-06-04 08:00:00,0
train_00154,Check,2025-06-04 08:01:00,1
train_00154,Assess,2025-06-04 08:02:00,2
train_00154,Decide,2025-06-04 08:03:00,3
train_00154,Notify,2025-06-04 08:04:00,4
train_00154,Archive,2025-06-04 08:05:00,5
train_00155,Register,2025-06-05 08:00:00,0
train_00155,Check,2025-06-05 08:01:00,1
train_00155,Assess,2025-06-05 08:02:00,2
train_00155,Decide,2025-06-05 08:03:00,3
train_00155,Notify,2025-06-05 08:04:00,4
train_00155,Archive,2025-06-05 08:05:00,5
train_00156,Register,2025-06-06 08:00:00,0
train_00156,Check,2025-06-06 08:01:00,1
train_00156,Assess,2025-06-06 08:02:00,2
train_00156,Decide,2025-06-06 08:03:00,3
train_00156,Notify,2025-06-06 08:04:00,4
train_00156,Archive,2025-06-06 08:05:00,5
train_00157,Register,2025-06-07 08:00:00,0
train_00157,Check,2025-06-07 08:01:00,1
train_00157,Assess,2025-06-07 08:02:00,2
train_00157,Decide,2025-06-07 08:03:00,3
train_00157,Notify,2025-06-07 08:04:00,4
train_00157,Archive,2025-06-07 08:05:00,5
train_00158,Register,2025-06-08 08:00:00,0
train_00158,Check,2025-06-08 08:01:00,1
train_00158,Assess,2025-06-08 08:02:00,2
train_00158,Decide,2025-06-08 08:03:00,3
train_00158,Notify,2025-06-08 08:04:00,4
train_00158,Archive,2025-06-08 08:05:00,5
train_00159,Register,2025-06-09 08:00:00,0
train_00159,Check,2025-06-09 08:01:00,1
train_00159,Assess,2025-06-09 08:02:00,2
train_00159,Decide,2025-06-09 08:03:00,3
train_00159,Notify,2025-06-09 08:04:00,4
train_00159,Archive,2025-06-09 08:05:00,5
train_00160,Register,2025-06-10 08:00:00,0
train_00160,Check,2025-06-10 08:01:00,1
train_00160,Assess,2025-06-10 08:02:00,2
train_00160,Decide,2025-06-10 08:03:00,3
train_00160,Notify,2025-06-10 08:04:00,4
train_00160,Archive,2025-06-10 08:05:00,5
train_00161,Register,2025-06-11 08:00:00,0
train_00161,Check,2025-06-11 08:01:00,1
train_00161,Assess,2025-06-11 08:02:00,2
train_00161,Decide,2025-06-11 08:03:00,3
train_00161,Notify,2025-06-11 08:04:00,4
train_00161,Archive,2025-06-11 08:05:00,5
train_00162,Register,2025-06-12 08:00:00,0
train_00162,Check,2025-06-12 08:01:00,1
train_00162,Assess,2025-06-12 08:02:00,2
train_00162,Decide,2025-06-12 08:03:00,3
train_00162,Notify,2025-06-12 08:04:00,4
train_00162,Archive,2025-06-12 08:05:00,5
train_00163,Register,2025-06-13 08:00:00,0
train_00163,Check,2025-06-13 08:01:00,1
train_00163,Assess,2025-06-13 08:02:00,2
train_00163,Decide,2025-06-13 08:03:00,3
train_00163,Notify,2025-06-13 08:04:00,4
train_00163,Archive,2025-06-13 08:05:00,5
train_00164,Register,2025-06-14 08:00:00,0
train_00164,Check,2025-06-14 08:01:00,1
train_00164,Assess,2025-06-14 08:02:00,2
train_00164,Decide,2025-06-14 08:03:00,3
train_00164,Notify,2025-06-14 08:04:00,4
train_00164,Archive,2025-06-14 08:05:00,5
train_00165,Register,2025-06-15 08:00:00,0
train_00165,Check,2025-06-15 08:01:00,1
train_00165,Assess,2025-06-15 08:02:00,2
train_00165,Decide,2025-06-15 08:03:00,3
train_00165,Notify,2025-06-15 08:04:00,4
train_00165,Archive,2025-06-15 08:05:00,5
train_00166,Register,2025-06-16 08:00:00,0
train_00166,Check,2025-06-16 08:01:00,1
train_00166,Assess,2025-06-16 08:02:00,2
train_00166,Decide,2025-06-16 08:03:00,3
train_00166,Notify,2025-06-16 08:04:00,4
train_00166,Archive,2025-06-16 08:05:00,5
train_00167,Register,2025-06-17 08:00:00,0
train_00167,Check,2025-06-17 08:01:00,1
train_00167,Assess,2025-06-17 08:02:00,2
train_00167,Decide,2025-06-17 08:03:00,3
train_00167,Notify,2025-06-17 08:04:00,4
train_00167,Archive,2025-06-17 08:05:00,5
train_00168,Register,2025-06-18 08:00:00,0
train_00168,Check,2025-06-18 08:01:00,1
train_00168,Assess,2025-06-18 08:02:00,2
train_00168,Decide,2025-06-18 08:03:00,3
train_00168,Notify,2025-06-18 08:04:00,4
train_00168,Archive,2025-06-18 08:05:00,5
train_00169,Register,2025-06-19 08:00:00,0
train_00169,Check,2025-06-19 08:01:00,1
train_00169,Assess,2025-06-19 08:02:00,2
train_00169,Decide,2025-06-19 08:03:00,3
train_00169,Notify,2025-06-19 08:04:00,4
train_00169,Archive,2025-06-19 08:05:00,5
train_00170,Register,2025-06-20 08:00:00,0
train_00170,Check,2025-06-20 08:01:00,1
train_00170,Assess,2025-06-20 08:02:00,2
train_00170,Manual review,2025-06-20 08:03:00,3
train_00170,Rework,2025-06-20 08:04:00,4
train_00170,Assess,2025-06-20 08:05:00,5
train_00170,Decide,2025-06-20 08:06:00,6
train_00170,Notify,2025-06-20 08:07:00,7
train_00170,Archive,2025-06-20 08:08:00,8
train_00171,Register,2025-06-21 08:00:00,0
train_00171,Check,2025-06-21 08:01:00,1
train_00171,Assess,2025-06-21 08:02:00,2
train_00171,Decide,2025-06-21 08:03:00,3
train_00171,Notify,2025-06-21 08:04:00,4
train_00171,Archive,2025-06-21 08:05:00,5
train_00172,Register,2025-06-22 08:00:00,0
train_00172,Check,2025-06-22 08:01:00,1
train_00172,Assess,2025-06-22 08:02:00,2
train_00172,Decide,2025-06-22 08:03:00,3
train_00172,Notify,2025-06-22 08:04:00,4
train_00172,Archive,2025-06-22 08:05:00,5
train_00173,Register,2025-06-23 08:00:00,0
train_00173,Check,2025-06-23 08:01:00,1
train_00173,Assess,2025-06-23 08:02:00,2
train_00173,Decide,2025-06-23 08:03:00,3
train_00173,Notify,2025-06-23 08:04:00,4
train_00173,Archive,2025-06-23 08:05:00,5
train_00174,Register,2025-06-24 08:00:00,0
train_00174,Check,2025-06-24 08:01:00,1
train_00174,Assess,2025-06-24 08:02:00,2
train_00174,Decide,2025-06-24 08:03:00,3
train_00174,Notify,2025-06-24 08:04:00,4
train_00174,Archive,2025-06-24 08:05:00,5
train_00175,Register,2025-06-25 08:00:00,0
train_00175,Check,2025-06-25 08:01:00,1
train_00175,Assess,2025-06-25 08:02:00,2
train_00175,Decide,2025-06-25 08:03:00,3
train_00175,Notify,2025-06-25 08:04:00,4
train_00175,Archive,2025-06-25 08:05:00,5
train_00176,Register,2025-06-26 08:00:00,0
train_00176,Check,2025-06-26 08:01:00,1
train_00176,Assess,2025-06-26 08:02:00,2
train_00176,Decide,2025-06-26 08:03:00,3
train_00176,Notify,2025-06-26 08:04:00,4
train_00176,Archive,2025-06-26 08:05:00,5
train_00177,Register,2025-06-27 08:00:00,0
train_00177,Check,2025-06-27 08:01:00,1
train_00177,Assess,2025-06-27 08:02:00,2
train_00177,Decide,2025-06-27 08:03:00,3
train_00177,Notify,2025-06-27 08:04:00,4
train_00177,Archive,2025-06-27 08:05:00,5
train_00178,Register,2025-06-28 08:00:00,0
train_00178,Check,2025-06-28 08:01:00,1
train_00178,Assess,2025-06-28 08:02:00,2
train_00178,Decide,2025-06-28 08:03:00,3
train_00178,Notify,2025-06-28 08:04:00,4
train_00178,Archive,2025-06-28 08:05:00,5
train_00179,Register,2025-06-29 08:00:00,0
train_00179,Check,2025-06-29 08:01:00,1
train_00179,Assess,2025-06-29 08:02:00,2
train_00179,Decide,2025-06-29 08:03:00,3
train_00179,Notify,2025-06-29 08:04:00,4
train_00179,Archive,2025-06-29 08:05:00,5
train_00180,Register,2025-06-30 08:00:00,0
train_00180,Check,2025-06-30 08:01:00,1
train_00180,Assess,2025-06-30 08:02:00,2
train_00180,Decide,2025-06-30 08:03:00,3
train_00180,Notify,2025-06-30 08:04:00,4
train_00180,Archive,2025-06-30 08:05:00,5
train_00181,Register,2025-07-01 08:00:00,0
train_00181,Check,2025-07-01 08:01:00,1
train_00181,Assess,2025-07-01 08:02:00,2
train_00181,Decide,2025-07-01 08:03:00,3
train_00181,Notify,2025-07-01 08:04:00,4
train_00181,Archive,2025-07-01 08:05:00,5
train_00182,Register,2025-07-02 08:00:00,0
train_00182,Check,2025-07-02 08:01:00,1
train_00182,Assess,2025-07-02 08:02:00,2
train_00182,Decide,2025-07-02 08:03:00,3
train_00182,Notify,2025-07-02 08:04:00,4
train_00182,Archive,2025-07-02 08:05:00,5
train_00183,Register,2025-07-03 08:00:00,0
train_00183,Check,2025-07-03 08:01:00,1
train_00183,Assess,2025-07-03 08:02:00,2
train_00183,Decide,2025-07-03 08:03:00,3
train_00183,Notify,2025-07-03 08:04:00,4
train_00183,Archive,2025-07-03 08:05:00,5
train_00184,Register,2025-07-04 08:00:00,0
train_00184,Check,2025-07-04 08:01:00,1
train_00184,Assess,2025-07-04 08:02:00,2
train_00184,Decide,2025-07-04 08:03:00,3
train_00184,Notify,2025-07-04 08:04:00,4
train_00184,Archive,2025-07-04 08:05:00,5
train_00185,Register,2025-07-05 08:00:00,0
train_00185,Check,2025-07-05 08:01:00,1
train_00185,Assess,2025-07-05 08:02:00,2
train_00185,Manual review,2025-07-05 08:03:00,3
train_00185,Rework,2025-07-05 08:04:00,4
train_00185,Assess,2025-07-05 08:05:00,5
train_00185,Decide,2025-07-05 08:06:00,6
train_00185,Notify,2025-07-05 08:07:00,7
train_00185,Archive,2025-07-05 08:08:00,8
train_00186,Register,2025-07-06 08:00:00,0
train_00186,Check,2025-07-06 08:01:00,1
train_00186,Assess,2025-07-06 08:02:00,2
train_00186,Decide,2025-07-06 08:03:00,3
train_00186,Notify,2025-07-06 08:04:00,4
train_00186,Archive,2025-07-06 08:05:00,5
train_00187,Register,2025-07-07 08:00:00,0
train_00187,Check,2025-07-07 08:01:00,1
train_00187,Assess,2025-07-07 08:02:00,2
train_00187,Decide,2025-07-07 08:03:00,3
train_00187,Notify,2025-07-07 08:04:00,4
train_00187,Archive,2025-07-07 08:05:00,5
train_00188,Register,2025-07-08 08:00:00,0
train_00188,Check,2025-07-08 08:01:00,1
train_00188,Assess,2025-07-08 08:02:00,2
train_00188,Decide,2025-07-08 08:03:00,3
train_00188,Notify,2025-07-08 08:04:00,4
train_00188,Archive,2025-07-08 08:05:00,5
train_00189,Register,2025-07-09 08:00:00,0
train_00189,Check,2025-07-09 08:01:00,1
train_00189,Assess,2025-07-09 08:02:00,2
train_00189,Decide,2025-07-09 08:03:00,3
train_00189,Notify,2025-07-09 08:04:00,4
train_00189,Archive,2025-07-09 08:05:00,5
train_00190,Register,2025-07-10 08:00:00,0
train_00190,Check,2025-07-10 08:01:00,1
train_00190,Assess,2025-07-10 08:02:00,2
train_00190,Decide,2025-07-10 08:03:00,3
train_00190,Notify,2025-07-10 08:04:00,4
train_00190,Archive,2025-07-10 08:05:00,5
train_00191,Register,2025-07-11 08:00:00,0
train_00191,Check,2025-07-11 08:01:00,1
train_00191,Assess,2025-07-11 08:02:00,2
train_00191,Decide,2025-07-11 08:03:00,3
train_00191,Notify,2025-07-11 08:04:00,4
train_00191,Archive,2025-07-11 08:05:00,5
train_00192,Register,2025-07-12 08:00:00,0
train_00192,Check,2025-07-12 08:01:00,1
train_00192,Assess,2025-07-12 08:02:00,2
train_00192,Decide,2025-07-12 08:03:00,3
train_00192,Notify,2025-07-12 08:04:00,4
train_00192,Archive,2025-07-12 08:05:00,5
train_00193,Register,2025-07-13 08:00:00,0
train_00193,Check,2025-07-13 08:01:00,1
train_00193,Assess,2025-07-13 08:02:00,2
train_00193,Decide,2025-07-13 08:03:00,3
train_00193,Notify,2025-07-13 08:04:00,4
train_00193,Archive,2025-07-13 08:05:00,5
train_00194,Register,2025-07-14 08:00:00,0
train_00194,Check,2025-07-14 08:01:00,1
train_00194,Assess,2025-07-14 08:02:00,2
train_00194,Decide,2025-07-14 08:03:00,3
train_00194,Notify,2025-07-14 08:04:00,4
train_00194,Archive,2025-07-14 08:05:00,5
train_00195,Register,2025-07-15 08:00:00,0
train_00195,Check,2025-07-15 08:01:00,1
train_00195,Assess,2025-07-15 08:02:00,2
train_00195,Decide,2025-07-15 08:03:00,3
train_00195,Notify,2025-07-15 08:04:00,4
train_00195,Archive,2025-07-15 08:05:00,5
train_00196,Register,2025-07-16 08:00:00,0
train_00196,Check,2025-07-16 08:01:00,1
train_00196,Assess,2025-07-16 08:02:00,2
train_00196,Decide,2025-07-16 08:03:00,3
train_00196,Notify,2025-07-16 08:04:00,4
train_00196,Archive,2025-07-16 08:05:00,5
train_00197,Register,2025-07-17 08:00:00,0
train_00197,Check,2025-07-17 08:01:00,1
train_00197,Assess,2025-07-17 08:02:00,2
train_00197,Decide,2025-07-17 08:03:00,3
train_00197,Notify,2025-07-17 08:04:00,4
train_00197,Archive,2025-07-17 08:05:00,5
train_00198,Register,2025-07-18 08:00:00,0
train_00198,Check,2025-07-18 08:01:00,1
train_00198,Assess,2025-07-18 08:02:00,2
train_00198,Decide,2025-07-18 08:03:00,3
train_00198,Notify,2025-07-18 08:04:00,4
train_00198,Archive,2025-07-18 08:05:00,5
train_00199,Register,2025-07-19 08:00:00,0
train_00199,Check,2025-07-19 08:01:00,1
train_00199,Assess,2025-07-19 08:02:00,2
train_00199,Decide,2025-07-19 08:03:00,3
train_00199,Notify,2025-07-19 08:04:00,4
train_00199,Archive,2025-07-19 08:05:00,5
train_00200,Register,2025-07-20 08:00:00,0
train_00200,Check,2025-07-20 08:01:00,1
train_00200,Assess,2025-07-20 08:02:00,2
train_00200,Decide,2025-07-20 08:03:00,3
train_00200,Notify,2025-07-20 08:04:00,4
train_00200,Archive,2025-07-20 08:05:00,5
train_00201,Register,2025-07-21 08:00:00,0
train_00201,Check,2025-07-21 08:01:00,1
train_00201,Assess,2025-07-21 08:02:00,2
train_00201,Manual review,2025-07-21 08:03:00,3
train_00201,Rework,2025-07-21 08:04:00,4
train_00201,Assess,2025-07-21 08:05:00,5
train_00201,Decide,2025-07-21 08:06:00,6
train_00201,Notify,2025-07-21 08:07:00,7
train_00201,Archive,2025-07-21 08:08:00,8
train_00202,Register,2025-07-22 08:00:00,0
train_00202,Check,2025-07-22 08:01:00,1
train_00202,Assess,2025-07-22 08:02:00,2
train_00202,Decide,2025-07-22 08:03:00,3
train_00202,Notify,2025-07-22 08:04:00,4
train_00202,Archive,2025-07-22 08:05:00,5
train_00203,Register,2025-07-23 08:00:00,0
train_00203,Check,2025-07-23 08:01:00,1
train_00203,Assess,2025-07-23 08:02:00,2
train_00203,Decide,2025-07-23 08:03:00,3
train_00203,Notify,2025-07-23 08:04:00,4
train_00203,Archive,2025-07-23 08:05:00,5
train_00204,Register,2025-07-24 08:00:00,0
train_00204,Check,2025-07-24 08:01:00,1
train_00204,Assess,2025-07-24 08:02:00,2
train_00204,Decide,2025-07-24 08:03:00,3
train_00204,Notify,2025-07-24 08:04:00,4
train_00204,Archive,2025-07-24 08:05:00,5
train_00205,Register,2025-07-25 08:00:00,0
train_00205,Check,2025-07-25 08:01:00,1
train_00205,Assess,2025-07-25 08:02:00,2
train_00205,Decide,2025-07-25 08:03:00,3
train_00205,Notify,2025-07-25 08:04:00,4
train_00205,Archive,2025-07-25 08:05:00,5
train_00206,Register,2025-07-26 08:00:00,0
train_00206,Check,2025-07-26 08:01:00,1
train_00206,Assess,2025-07-26 08:02:00,2
train_00206,Decide,2025-07-26 08:03:00,3
train_00206,Notify,2025-07-26 08:04:00,4
train_00206,Archive,2025-07-26 08:05:00,5
train_00207,Register,2025-07-27 08:00:00,0
train_00207,Check,2025-07-27 08:01:00,1
train_00207,Assess,2025-07-27 08:02:00,2
train_00207,Decide,2025-07-27 08:03:00,3
train_00207,Notify,2025-07-27 08:04:00,4
train_00207,Archive,2025-07-27 08:05:00,5
train_00208,Register,2025-07-28 08:00:00,0
train_00208,Check,2025-07-28 08:01:00,1
train_00208,Assess,2025-07-28 08:02:00,2
train_00208,Decide,2025-07-28 08:03:00,3
train_00208,Notify,2025-07-28 08:04:00,4
train_00208,Archive,2025-07-28 08:05:00,5
train_00209,Register,2025-07-29 08:00:00,0
train_00209,Check,2025-07-29 08:01:00,1
train_00209,Assess,2025-07-29 08:02:00,2
train_00209,Manual review,2025-07-29 08:03:00,3
train_00209,Rework,2025-07-29 08:04:00,4
train_00209,Assess,2025-07-29 08:05:00,5
train_00209,Decide,2025-07-29 08:06:00,6
train_00209,Notify,2025-07-29 08:07:00,7
train_00209,Archive,2025-07-29 08:08:00,8
train_00210,Register,2025-07-30 08:00:00,0
train_00210,Check,2025-07-30 08:01:00,1
train_00210,Assess,2025-07-30 08:02:00,2
train_00210,Decide,2025-07-30 08:03:00,3
train_00210,Notify,2025-07-30 08:04:00,4
train_00210,Archive,2025-07-30 08:05:00,5
train_00211,Register,2025-07-31 08:00:00,0
train_00211,Check,2025-07-31 08:01:00,1
train_00211,Assess,2025-07-31 08:02:00,2
train_00211,Decide,2025-07-31 08:03:00,3
train_00211,Notify,2025-07-31 08:04:00,4
train_00211,Archive,2025-07-31 08:05:00,5
train_00212,Register,2025-08-01 08:00:00,0
train_00212,Check,2025-08-01 08:01:00,1
train_00212,Assess,2025-08-01 08:02:00,2
train_00212,Decide,2025-08-01 08:03:00,3
train_00212,Notify,2025-08-01 08:04:00,4
train_00212,Archive,2025-08-01 08:05:00,5
train_00213,Register,2025-08-02 08:00:00,0
train_00213,Check,2025-08-02 08:01:00,1
train_00213,Assess,2025-08-02 08:02:00,2
train_00213,Decide,2025-08-02 08:03:00,3
train_00213,Notify,2025-08-02 08:04:00,4
train_00213,Archive,2025-08-02 08:05:00,5
train_00214,Register,2025-08-03 08:00:00,0
train_00214,Check,2025-08-03 08:01:00,1
train_00214,Assess,2025-08-03 08:02:00,2
train_00214,Decide,2025-08-03 08:03:00,3
train_00214,Notify,2025-08-03 08:04:00,4
train_00214,Archive,2025-08-03 08:05:00,5
train_00215,Register,2025-08-04 08:00:00,0
train_00215,Check,2025-08-04 08:01:00,1
train_00215,Assess,2025-08-04 08:02:00,2
train_00215,Decide,2025-08-04 08:03:00,3
train_00215,Notify,2025-08-04 08:04:00,4
train_00215,Archive,2025-08-04 08:05:00,5
train_00216,Register,2025-08-05 08:00:00,0
train_00216,Check,2025-08-05 08:01:00,1
train_00216,Assess,2025-08-05 08:02:00,2
train_00216,Decide,2025-08-05 08:03:00,3
train_00216,Notify,2025-08-05 08:04:00,4
train_00216,Archive,2025-08-05 08:05:00,5
train_00217,Register,2025-08-06 08:00:00,0
train_00217,Check,2025-08-06 08:01:00,1
train_00217,Assess,2025-08-06 08:02:00,2
train_00217,Decide,2025-08-06 08:03:00,3
train_00217,Notify,2025-08-06 08:04:00,4
train_00217,Archive,2025-08-06 08:05:00,5
train_00218,Register,2025-08-07 08:00:00,0
train_00218,Check,2025-08-07 08:01:00,1
train_00218,Assess,2025-08-07 08:02:00,2
train_00218,Decide,2025-08-07 08:03:00,3
train_00218,Notify,2025-08-07 08:04:00,4
train_00218,Archive,2025-08-07 08:05:00,5
train_00219,Register,2025-08-08 08:00:00,0
train_00219,Check,2025-08-08 08:01:00,1
train_00219,Assess,2025-08-08 08:02:00,2
train_00219,Decide,2025-08-08 08:03:00,3
train_00219,Notify,2025-08-08 08:04:00,4
train_00219,Archive,2025-08-08 08:05:00,5
train_00220,Register,2025-08-09 08:00:00,0
train_00220,Check,2025-08-09 08:01:00,1
train_00220,Assess,2025-08-09 08:02:00,2
train_00220,Decide,2025-08-09 08:03:00,3
train_00220,Notify,2025-08-09 08:04:00,4
train_00220,Archive,2025-08-09 08:05:00,5
train_00221,Register,2025-08-10 08:00:00,0
train_00221,Check,2025-08-10 08:01:00,1
train_00221,Assess,2025-08-10 08:02:00,2
train_00221,Decide,2025-08-10 08:03:00,3
train_00221,Notify,2025-08-10 08:04:00,4
train_00221,Archive,2025-08-10 08:05:00,5
train_00222,Register,2025-08-11 08:00:00,0
train_00222,Check,2025-08-11 08:01:00,1
train_00222,Assess,2025-08-11 08:02:00,2
train_00222,Manual review,2025-08-11 08:03:00,3
train_00222,Rework,2025-08-11 08:04:00,4
train_00222,Assess,2025-08-11 08:05:00,5
train_00222,Decide,2025-08-11 08:06:00,6
train_00222,Notify,2025-08-11 08:07:00,7
train_00222,Archive,2025-08-11 08:08:00,8
train_00223,Register,2025-08-12 08:00:00,0
train_00223,Check,2025-08-12 08:01:00,1
train_00223,Assess,2025-08-12 08:02:00,2
train_00223,Decide,2025-08-12 08:03:00,3
train_00223,Notify,2025-08-12 08:04:00,4
train_00223,Archive,2025-08-12 08:05:00,5
train_00224,Register,2025-08-13 08:00:00,0
train_00224,Check,2025-08-13 08:01:00,1
train_00224,Assess,2025-08-13 08:02:00,2
train_00224,Manual review,2025-08-13 08:03:00,3
train_00224,Rework,2025-08-13 08:04:00,4
train_00224,Assess,2025-08-13 08:05:00,5
train_00224,Decide,2025-08-13 08:06:00,6
train_00224,Notify,2025-08-13 08:07:00,7
train_00224,Archive,2025-08-13 08:08:00,8
train_00225,Register,2025-08-14 08:00:00,0
train_00225,Check,2025-08-14 08:01:00,1
train_00225,Assess,2025-08-14 08:02:00,2
train_00225,Decide,2025-08-14 08:03:00,3
train_00225,Notify,2025-08-14 08:04:00,4
train_00225,Archive,2025-08-14 08:05:00,5
train_00226,Register,2025-08-15 08:00:00,0
train_00226,Check,2025-08-15 08:01:00,1
train_00226,Assess,2025-08-15 08:02:00,2
train_00226,Decide,2025-08-15 08:03:00,3
train_00226,Notify,2025-08-15 08:04:00,4
train_00226,Archive,2025-08-15 08:05:00,5
train_00227,Register,2025-08-16 08:00:00,0
train_00227,Check,2025-08-16 08:01:00,1
train_00227,Assess,2025-08-16 08:02:00,2
train_00227,Decide,2025-08-16 08:03:00,3
train_00227,Notify,2025-08-16 08:04:00,4
train_00227,Archive,2025-08-16 08:05:00,5
train_00228,Register,2025-08-17 08:00:00,0
train_00228,Check,2025-08-17 08:01:00,1
train_00228,Assess,2025-08-17 08:02:00,2
train_00228,Decide,2025-08-17 08:03:00,3
train_00228,Notify,2025-08-17 08:04:00,4
train_00228,Archive,2025-08-17 08:05:00,5
train_00229,Register,2025-08-18 08:00:00,0
train_00229,Check,2025-08-18 08:01:00,1
train_00229,Assess,2025-08-18 08:02:00,2
train_00229,Decide,2025-08-18 08:03:00,3
train_00229,Notify,2025-08-18 08:04:00,4
train_00229,Archive,2025-08-18 08:05:00,5
train_00230,Register,2025-08-19 08:00:00,0
train_00230,Check,2025-08-19 08:01:00,1
train_00230,Assess,2025-08-19 08:02:00,2
train_00230,Decide,2025-08-19 08:03:00,3
train_00230,Notify,2025-08-19 08:04:00,4
train_00230,Archive,2025-08-19 08:05:00,5
train_00231,Register,2025-08-20 08:00:00,0
train_00231,Check,2025-08-20 08:01:00,1
train_00231,Assess,2025-08-20 08:02:00,2
train_00231,Decide,2025-08-20 08:03:00,3
train_00231,Notify,2025-08-20 08:04:00,4
train_00231,Archive,2025-08-20 08:05:00,5
train_00232,Register,2025-08-21 08:00:00,0
train_00232,Check,2025-08-21 08:01:00,1
train_00232,Assess,2025-08-21 08:02:00,2
train_00232,Decide,2025-08-21 08:03:00,3
train_00232,Notify,2025-08-21 08:04:00,4
train_00232,Archive,2025-08-21 08:05:00,5
train_00233,Register,2025-08-22 08:00:00,0
train_00233,Check,2025-08-22 08:01:00,1
train_00233,Assess,2025-08-22 08:02:00,2
train_00233,Decide,2025-08-22 08:03:00,3
train_00233,Notify,2025-08-22 08:04:00,4
train_00233,Archive,2025-08-22 08:05:00,5
train_00234,Register,2025-08-23 08:00:00,0
train_00234,Check,2025-08-23 08:01:00,1
train_00234,Assess,2025-08-23 08:02:00,2
train_00234,Decide,2025-08-23 08:03:00,3
train_00234,Notify,2025-08-23 08:04:00,4
train_00234,Archive,2025-08-23 08:05:00,5
train_00235,Register,2025-08-24 08:00:00,0
train_00235,Check,2025-08-24 08:01:00,1
train_00235,Assess,2025-08-24 08:02:00,2
train_00235,Decide,2025-08-24 08:03:00,3
train_00235,Notify,2025-08-24 08:04:00,4
train_00235,Archive,2025-08-24 08:05:00,5
train_00236,Register,2025-08-25 08:00:00,0
train_00236,Check,2025-08-25 08:01:00,1
train_00236,Assess,2025-08-25 08:02:00,2
train_00236,Decide,2025-08-25 08:03:00,3
train_00236,Notify,2025-08-25 08:04:00,4
train_00236,Archive,2025-08-25 08:05:00,5
train_00237,Register,2025-08-26 08:00:00,0
train_00237,Check,2025-08-26 08:01:00,1
train_00237,Assess,2025-08-26 08:02:00,2
train_00237,Decide,2025-08-26 08:03:00,3
train_00237,Notify,2025-08-26 08:04:00,4
train_00237,Archive,2025-08-26 08:05:00,5
train_00238,Register,2025-08-27 08:00:00,0
train_00238,Check,2025-08-27 08:01:00,1
train_00238,Assess,2025-08-27 08:02:00,2
train_00238,Decide,2025-08-27 08:03:00,3
train_00238,Notify,2025-08-27 08:04:00,4
train_00238,Archive,2025-08-27 08:05:00,5
train_00239,Register,2025-08-28 08:00:00,0
train_00239,Check,2025-08-28 08:01:00,1
train_00239,Assess,2025-08-28 08:02:00,2
train_00239,Decide,2025-08-28 08:03:00,3
train_00239,Notify,2025-08-28 08:04:00,4
train_00239,Archive,2025-08-28 08:05:00,5
train_00240,Register,2025-08-29 08:00:00,0
train_00240,Check,2025-08-29 08:01:00,1
train_00240,Assess,2025-08-29 08:02:00,2
train_00240,Decide,2025-08-29 08:03:00,3
train_00240,Notify,2025-08-29 08:04:00,4
train_00240,Archive,2025-08-29 08:05:00,5
train_00241,Register,2025-08-30 08:00:00,0
train_00241,Check,2025-08-30 08:01:00,1
train_00241,Assess,2025-08-30 08:02:00,2
train_00241,Decide,2025-08-30 08:03:00,3
train_00241,Notify,2025-08-30 08:04:00,4
train_00241,Archive,2025-08-30 08:05:00,5
train_00242,Register,2025-08-31 08:00:00,0
train_00242,Check,2025-08-31 08:01:00,1
train_00242,Assess,2025-08-31 08:02:00,2
train_00242,Decide,2025-08-31 08:03:00,3
train_00242,Notify,2025-08-31 08:04:00,4
train_00242,Archive,2025-08-31 08:05:00,5
train_00243,Register,2025-09-01 08:00:00,0
train_00243,Check,2025-09-01 08:01:00,1
train_00243,Assess,2025-09-01 08:02:00,2
train_00243,Decide,2025-09-01 08:03:00,3
train_00243,Notify,2025-09-01 08:04:00,4
train_00243,Archive,2025-09-01 08:05:00,5
train_00244,Register,2025-09-02 08:00:00,0
train_00244,Check,2025-09-02 08:01:00,1
train_00244,Assess,2025-09-02 08:02:00,2
train_00244,Decide,2025-09-02 08:03:00,3
train_00244,Notify,2025-09-02 08:04:00,4
train_00244,Archive,2025-09-02 08:05:00,5
train_00245,Register,2025-09-03 08:00:00,0
train_00245,Check,2025-09-03 08:01:00,1
train_00245,Assess,2025-09-03 08:02:00,2
train_00245,Decide,2025-09-03 08:03:00,3
train_00245,Notify,2025-09-03 08:04:00,4
train_00245,Archive,2025-09-03 08:05:00,5
train_00246,Register,2025-09-04 08:00:00,0
train_00246,Check,2025-09-04 08:01:00,1
train_00246,Assess,2025-09-04 08:02:00,2
train_00246,Decide,2025-09-04 08:03:00,3
train_00246,Notify,2025-09-04 08:04:00,4
train_00246,Archive,2025-09-04 08:05:00,5
train_00247,Register,2025-09-05 08:00:00,0
train_00247,Check,2025-09-05 08:01:00,1
train_00247,Assess,2025-09-05 08:02:00,2
train_00247,Decide,2025-09-05 08:03:00,3
train_00247,Notify,2025-09-05 08:04:00,4
train_00247,Archive,2025-09-05 08:05:00,5
train_00248,Register,2025-09-06 08:00:00,0
train_00248,Check,2025-09-06 08:01:00,1
train_00248,Assess,2025-09-06 08:02:00,2
train_00248,Decide,2025-09-06 08:03:00,3
train_00248,Notify,2025-09-06 08:04:00,4
train_00248,Archive,2025-09-06 08:05:00,5
train_00249,Register,2025-09-07 08:00:00,0
train_00249,Check,2025-09-07 08:01:00,1
train_00249,Assess,2025-09-07 08:02:00,2
train_00249,Decide,2025-09-07 08:03:00,3
train_00249,Notify,2025-09-07 08:04:00,4
train_00249,Archive,2025-09-07 08:05:00,5
train_00250,Register,2025-09-08 08:00:00,0
train_00250,Check,2025-09-08 08:01:00,1
train_00250,Assess,2025-09-08 08:02:00,2
train_00250,Decide,2025-09-08 08:03:00,3
train_00250,Notify,2025-09-08 08:04:00,4
train_00250,Archive,2025-09-08 08:05:00,5
train_00251,Register,2025-09-09 08:00:00,0
train_00251,Check,2025-09-09 08:01:00,1
train_00251,Assess,2025-09-09 08:02:00,2
train_00251,Decide,2025-09-09 08:03:00,3
train_00251,Notify,2025-09-09 08:04:00,4
train_00251,Archive,2025-09-09 08:05:00,5
train_00252,Register,2025-09-10 08:00:00,0
train_00252,Check,2025-09-10 08:01:00,1
train_00252,Assess,2025-09-10 08:02:00,2
train_00252,Decide,2025-09-10 08:03:00,3
train_00252,Notify,2025-09-10 08:04:00,4
train_00252,Archive,2025-09-10 08:05:00,5
train_00253,Register,2025-09-11 08:00:00,0
train_00253,Check,2025-09-11 08:01:00,1
train_00253,Assess,2025-09-11 08:02:00,2
train_00253,Decide,2025-09-11 08:03:00,3
train_00253,Notify,2025-09-11 08:04:00,4
train_00253,Archive,2025-09-11 08:05:00,5
train_00254,Register,2025-09-12 08:00:00,0
train_00254,Check,2025-09-12 08:01:00,1
train_00254,Assess,2025-09-12 08:02:00,2
train_00254,Decide,2025-09-12 08:03:00,3
train_00254,Notify,2025-09-12 08:04:00,4
train_00254,Archive,2025-09-12 08:05:00,5
train_00255,Register,2025-09-13 08:00:00,0
train_00255,Check,2025-09-13 08:01:00,1
train_00255,Assess,2025-09-13 08:02:00,2
train_00255,Decide,2025-09-13 08:03:00,3
train_00255,Notify,2025-09-13 08:04:00,4
train_00255,Archive,2025-09-13 08:05:00,5
train_00256,Register,2025-09-14 08:00:00,0
train_00256,Check,2025-09-14 08:01:00,1
train_00256,Assess,2025-09-14 08:02:00,2
train_00256,Decide,2025-09-14 08:03:00,3
train_00256,Notify,2025-09-14 08:04:00,4
train_00256,Archive,2025-09-14 08:05:00,5
train_00257,Register,2025-09-15 08:00:00,0
train_00257,Check,2025-09-15 08:01:00,1
train_00257,Assess,2025-09-15 08:02:00,2
train_00257,Decide,2025-09-15 08:03:00,3
train_00257,Notify,2025-09-15 08:04:00,4
train_00257,Archive,2025-09-15 08:05:00,5
train_00258,Register,2025-09-16 08:00:00,0
train_00258,Check,2025-09-16 08:01:00,1
train_00258,Assess,2025-09-16 08:02:00,2
train_00258,Decide,2025-09-16 08:03:00,3
train_00258,Notify,2025-09-16 08:04:00,4
train_00258,Archive,2025-09-16 08:05:00,5
train_00259,Register,2025-09-17 08:00:00,0
train_00259,Check,2025-09-17 08:01:00,1
train_00259,Assess,2025-09-17 08:02:00,2
train_00259,Manual review,2025-09-17 08:03:00,3
train_00259,Rework,2025-09-17 08:04:00,4
train_00259,Assess,2025-09-17 08:05:00,5
train_00259,Decide,2025-09-17 08:06:00,6
train_00259,Notify,2025-09-17 08:07:00,7
train_00259,Archive,2025-09-17 08:08:00,8
train_00260,Register,2025-09-18 08:00:00,0
train_00260,Check,2025-09-18 08:01:00,1
train_00260,Assess,2025-09-18 08:02:00,2
train_00260,Decide,2025-09-18 08:03:00,3
train_00260,Notify,2025-09-18 08:04:00,4
train_00260,Archive,2025-09-18 08:05:00,5
train_00261,Register,2025-09-19 08:00:00,0
train_00261,Check,2025-09-19 08:01:00,1
train_00261,Assess,2025-09-19 08:02:00,2
train_00261,Decide,2025-09-19 08:03:00,3
train_00261,Notify,2025-09-19 08:04:00,4
train_00261,Archive,2025-09-19 08:05:00,5
train_00262,Register,2025-09-20 08:00:00,0
train_00262,Check,2025-09-20 08:01:00,1
train_00262,Assess,2025-09-20 08:02:00,2
train_00262,Decide,2025-09-20 08:03:00,3
train_00262,Notify,2025-09-20 08:04:00,4
train_00262,Archive,2025-09-20 08:05:00,5
train_00263,Register,2025-09-21 08:00:00,0
train_00263,Check,2025-09-21 08:01:00,1
train_00263,Assess,2025-09-21 08:02:00,2
train_00263,Decide,2025-09-21 08:03:00,3
train_00263,Notify,2025-09-21 08:04:00,4
train_00263,Archive,2025-09-21 08:05:00,5
train_00264,Register,2025-09-22 08:00:00,0
train_00264,Check,2025-09-22 08:01:00,1
train_00264,Assess,2025-09-22 08:02:00,2
train_00264,Decide,2025-09-22 08:03:00,3
train_00264,Notify,2025-09-22 08:04:00,4
train_00264,Archive,2025-09-22 08:05:00,5
train_00265,Register,2025-09-23 08:00:00,0
train_00265,Check,2025-09-23 08:01:00,1
train_00265,Assess,2025-09-23 08:02:00,2
train_00265,Decide,2025-09-23 08:03:00,3
train_00265,Notify,2025-09-23 08:04:00,4
train_00265,Archive,2025-09-23 08:05:00,5
train_00266,Register,2025-09-24 08:00:00,0
train_00266,Check,2025-09-24 08:01:00,1
train_00266,Assess,2025-09-24 08:02:00,2
train_00266,Decide,2025-09-24 08:03:00,3
train_00266,Notify,2025-09-24 08:04:00,4
train_00266,Archive,2025-09-24 08:05:00,5
train_00267,Register,2025-09-25 08:00:00,0
train_00267,Check,2025-09-25 08:01:00,1
train_00267,Assess,2025-09-25 08:02:00,2
train_00267,Decide,2025-09-25 08:03:00,3
train_00267,Notify,2025-09-25 08:04:00,4
train_00267,Archive,2025-09-25 08:05:00,5
train_00268,Register,2025-09-26 08:00:00,0
train_00268,Check,2025-09-26 08:01:00,1
train_00268,Assess,2025-09-26 08:02:00,2
train_00268,Decide,2025-09-26 08:03:00,3
train_00268,Notify,2025-09-26 08:04:00,4
train_00268,Archive,2025-09-26 08:05:00,5
train_00269,Register,2025-09-27 08:00:00,0
train_00269,Check,2025-09-27 08:01:00,1
train_00269,Assess,2025-09-27 08:02:00,2
train_00269,Decide,2025-09-27 08:03:00,3
train_00269,Notify,2025-09-27 08:04:00,4
train_00269,Archive,2025-09-27 08:05:00,5
train_00270,Register,2025-09-28 08:00:00,0
train_00270,Check,2025-09-28 08:01:00,1
train_00270,Assess,2025-09-28 08:02:00,2
train_00270,Decide,2025-09-28 08:03:00,3
train_00270,Notify,2025-09-28 08:04:00,4
train_00270,Archive,2025-09-28 08:05:00,5
train_00271,Register,2025-09-29 08:00:00,0
train_00271,Check,2025-09-29 08:01:00,1
train_00271,Assess,2025-09-29 08:02:00,2
train_00271,Decide,2025-09-29 08:03:00,3
train_00271,Notify,2025-09-29 08:04:00,4
train_00271,Archive,2025-09-29 08:05:00,5
train_00272,Register,2025-09-30 08:00:00,0
train_00272,Check,2025-09-30 08:01:00,1
train_00272,Assess,2025-09-30 08:02:00,2
train_00272,Decide,2025-09-30 08:03:00,3
train_00272,Notify,2025-09-30 08:04:00,4
train_00272,Archive,2025-09-30 08:05:00,5
train_00273,Register,2025-10-01 08:00:00,0
train_00273,Check,2025-10-01 08:01:00,1
train_00273,Assess,2025-10-01 08:02:00,2
train_00273,Decide,2025-10-01 08:03:00,3
train_00273,Notify,2025-10-01 08:04:00,4
train_00273,Archive,2025-10-01 08:05:00,5
train_00274,Register,2025-10-02 08:00:00,0
train_00274,Check,2025-10-02 08:01:00,1
train_00274,Assess,2025-10-02 08:02:00,2
train_00274,Manual review,2025-10-02 08:03:00,3
train_00274,Rework,2025-10-02 08:04:00,4
train_00274,Assess,2025-10-02 08:05:00,5
train_00274,Decide,2025-10-02 08:06:00,6
train_00274,Notify,2025-10-02 08:07:00,7
train_00274,Archive,2025-10-02 08:08:00,8
train_00275,Register,2025-10-03 08:00:00,0
train_00275,Check,2025-10-03 08:01:00,1
train_00275,Assess,2025-10-03 08:02:00,2
train_00275,Decide,2025-10-03 08:03:00,3
train_00275,Notify,2025-10-03 08:04:00,4
train_00275,Archive,2025-10-03 08:05:00,5
train_00276,Register,2025-10-04 08:00:00,0
train_00276,Check,2025-10-04 08:01:00,1
train_00276,Assess,2025-10-04 08:02:00,2
train_00276,Decide,2025-10-04 08:03:00,3
train_00276,Notify,2025-10-04 08:04:00,4
train_00276,Archive,2025-10-04 08:05:00,5
train_00277,Register,2025-10-05 08:00:00,0
train_00277,Check,2025-10-05 08:01:00,1
train_00277,Assess,2025-10-05 08:02:00,2
train_00277,Decide,2025-10-05 08:03:00,3
train_00277,Notify,2025-10-05 08:04:00,4
train_00277,Archive,2025-10-05 08:05:00,5
train_00278,Register,2025-10-06 08:00:00,0
train_00278,Check,2025-10-06 08:01:00,1
train_00278,Assess,2025-10-06 08:02:00,2
train_00278,Decide,2025-10-06 08:03:00,3
train_00278,Notify,2025-10-06 08:04:00,4
train_00278,Archive,2025-10-06 08:05:00,5
train_00279,Register,2025-10-07 08:00:00,0
train_00279,Check,2025-10-07 08:01:00,1
train_00279,Assess,2025-10-07 08:02:00,2
train_00279,Decide,2025-10-07 08:03:00,3
train_00279,Notify,2025-10-07 08:04:00,4
train_00279,Archive,2025-10-07 08:05:00,5
train_00280,Register,2025-10-08 08:00:00,0
train_00280,Check,2025-10-08 08:01:00,1
train_00280,Assess,2025-10-08 08:02:00,2
train_00280,Decide,2025-10-08 08:03:00,3
train_00280,Notify,2025-10-08 08:04:00,4
train_00280,Archive,2025-10-08 08:05:00,5
train_00281,Register,2025-10-09 08:00:00,0
train_00281,Check,2025-10-09 08:01:00,1
train_00281,Assess,2025-10-09 08:02:00,2
train_00281,Decide,2025-10-09 08:03:00,3
train_00281,Notify,2025-10-09 08:04:00,4
train_00281,Archive,2025-10-09 08:05:00,5
train_00282,Register,2025-10-10 08:00:00,0
train_00282,Check,2025-10-10 08:01:00,1
train_00282,Assess,2025-10-10 08:02:00,2
train_00282,Manual review,2025-10-10 08:03:00,3
train_00282,Rework,2025-10-10 08:04:00,4
train_00282,Assess,2025-10-10 08:05:00,5
train_00282,Decide,2025-10-10 08:06:00,6
train_00282,Notify,2025-10-10 08:07:00,7
train_00282,Archive,2025-10-10 08:08:00,8
train_00283,Register,2025-10-11 08:00:00,0
train_00283,Check,2025-10-11 08:01:00,1
train_00283,Assess,2025-10-11 08:02:00,2
train_00283,Decide,2025-10-11 08:03:00,3
train_00283,Notify,2025-10-11 08:04:00,4
train_00283,Archive,2025-10-11 08:05:00,5
train_00284,Register,2025-10-12 08:00:00,0
train_00284,Check,2025-10-12 08:01:00,1
train_00284,Assess,2025-10-12 08:02:00,2
train_00284,Decide,2025-10-12 08:03:00,3
train_00284,Notify,2025-10-12 08:04:00,4
train_00284,Archive,2025-10-12 08:05:00,5
train_00285,Register,2025-10-13 08:00:00,0
train_00285,Check,2025-10-13 08:01:00,1
train_00285,Assess,2025-10-13 08:02:00,2
train_00285,Decide,2025-10-13 08:03:00,3
train_00285,Notify,2025-10-13 08:04:00,4
train_00285,Archive,2025-10-13 08:05:00,5
train_00286,Register,2025-10-14 08:00:00,0
train_00286,Check,2025-10-14 08:01:00,1
train_00286,Assess,2025-10-14 08:02:00,2
train_00286,Decide,2025-10-14 08:03:00,3
train_00286,Notify,2025-10-14 08:04:00,4
train_00286,Archive,2025-10-14 08:05:00,5
train_00287,Register,2025-10-15 08:00:00,0
train_00287,Check,2025-10-15 08:01:00,1
train_00287,Assess,2025-10-15 08:02:00,2
train_00287,Decide,2025-10-15 08:03:00,3
train_00287,Notify,2025-10-15 08:04:00,4
train_00287,Archive,2025-10-15 08:05:00,5
train_00288,Register,2025-10-16 08:00:00,0
train_00288,Check,2025-10-16 08:01:00,1
train_00288,Assess,2025-10-16 08:02:00,2
train_00288,Decide,2025-10-16 08:03:00,3
train_00288,Notify,2025-10-16 08:04:00,4
train_00288,Archive,2025-10-16 08:05:00,5
train_00289,Register,2025-10-17 08:00:00,0
train_00289,Check,2025-10-17 08:01:00,1
train_00289,Assess,2025-10-17 08:02:00,2
train_00289,Decide,2025-10-17 08:03:00,3
train_00289,Notify,2025-10-17 08:04:00,4
train_00289,Archive,2025-10-17 08:05:00,5
train_00290,Register,2025-10-18 08:00:00,0
train_00290,Check,2025-10-18 08:01:00,1
train_00290,Assess,2025-10-18 08:02:00,2
train_00290,Decide,2025-10-18 08:03:00,3
train_00290,Notify,2025-10-18 08:04:00,4
train_00290,Archive,2025-10-18 08:05:00,5
train_00291,Register,2025-10-19 08:00:00,0
train_00291,Check,2025-10-19 08:01:00,1
train_00291,Assess,2025-10-19 08:02:00,2
train_00291,Decide,2025-10-19 08:03:00,3
train_00291,Notify,2025-10-19 08:04:00,4
train_00291,Archive,2025-10-19 08:05:00,5
train_00292,Register,2025-10-20 08:00:00,0
train_00292,Check,2025-10-20 08:01:00,1
train_00292,Assess,2025-10-20 08:02:00,2
train_00292,Manual review,2025-10-20 08:03:00,3
train_00292,Rework,2025-10-20 08:04:00,4
train_00292,Assess,2025-10-20 08:05:00,5
train_00292,Decide,2025-10-20 08:06:00,6
train_00292,Notify,2025-10-20 08:07:00,7
train_00292,Archive,2025-10-20 08:08:00,8
train_00293,Register,2025-10-21 08:00:00,0
train_00293,Check,2025-10-21 08:01:00,1
train_00293,Assess,2025-10-21 08:02:00,2
train_00293,Decide,2025-10-21 08:03:00,3
train_00293,Notify,2025-10-21 08:04:00,4
train_00293,Archive,2025-10-21 08:05:00,5
train_00294,Register,2025-10-22 08:00:00,0
train_00294,Check,2025-10-22 08:01:00,1
train_00294,Assess,2025-10-22 08:02:00,2
train_00294,Decide,2025-10-22 08:03:00,3
train_00294,Notify,2025-10-22 08:04:00,4
train_00294,Archive,2025-10-22 08:05:00,5
train_00295,Register,2025-10-23 08:00:00,0
train_00295,Check,2025-10-23 08:01:00,1
train_00295,Assess,2025-10-23 08:02:00,2
train_00295,Manual review,2025-10-23 08:03:00,3
train_00295,Rework,2025-10-23 08:04:00,4
train_00295,Assess,2025-10-23 08:05:00,5
train_00295,Decide,2025-10-23 08:06:00,6
train_00295,Notify,2025-10-23 08:07:00,7
train_00295,Archive,2025-10-23 08:08:00,8
train_00296,Register,2025-10-24 08:00:00,0
train_00296,Check,2025-10-24 08:01:00,1
train_00296,Assess,2025-10-24 08:02:00,2
train_00296,Decide,2025-10-24 08:03:00,3
train_00296,Notify,2025-10-24 08:04:00,4
train_00296,Archive,2025-10-24 08:05:00,5
train_00297,Register,2025-10-25 08:00:00,0
train_00297,Check,2025-10-25 08:01:00,1
train_00297,Assess,2025-10-25 08:02:00,2
train_00297,Decide,2025-10-25 08:03:00,3
train_00297,Notify,2025-10-25 08:04:00,4
train_00297,Archive,2025-10-25 08:05:00,5
train_00298,Register,2025-10-26 08:00:00,0
train_00298,Check,2025-10-26 08:01:00,1
train_00298,Assess,2025-10-26 08:02:00,2
train_00298,Decide,2025-10-26 08:03:00,3
train_00298,Notify,2025-10-26 08:04:00,4
train_00298,Archive,2025-10-26 08:05:00,5
train_00299,Register,2025-10-27 08:00:00,0
train_00299,Check,2025-10-27 08:01:00,1
train_00299,Assess,2025-10-27 08:02:00,2
train_00299,Decide,2025-10-27 08:03:00,3
train_00299,Notify,2025-10-27 08:04:00,4
train_00299,Archive,2025-10-27 08:05:00,5
train_00300,Register,2025-10-28 08:00:00,0
train_00300,Check,2025-10-28 08:01:00,1
train_00300,Assess,2025-10-28 08:02:00,2
train_00300,Decide,2025-10-28 08:03:00,3
train_00300,Notify,2025-10-28 08:04:00,4
train_00300,Archive,2025-10-28 08:05:00,5
train_00301,Register,2025-10-29 08:00:00,0
train_00301,Check,2025-10-29 08:01:00,1
train_00301,Assess,2025-10-29 08:02:00,2
train_00301,Manual review,2025-10-29 08:03:00,3
train_00301,Rework,2025-10-29 08:04:00,4
train_00301,Assess,2025-10-29 08:05:00,5
train_00301,Decide,2025-10-29 08:06:00,6
train_00301,Notify,2025-10-29 08:07:00,7
train_00301,Archive,2025-10-29 08:08:00,8
train_00302,Register,2025-10-30 08:00:00,0
train_00302,Check,2025-10-30 08:01:00,1
train_00302,Assess,2025-10-30 08:02:00,2
train_00302,Manual review,2025-10-30 08:03:00,3
train_00302,Rework,2025-10-30 08:04:00,4
train_00302,Assess,2025-10-30 08:05:00,5
train_00302,Decide,2025-10-30 08:06:00,6
train_00302,Notify,2025-10-30 08:07:00,7
train_00302,Archive,2025-10-30 08:08:00,8
train_00303,Register,2025-10-31 08:00:00,0
train_00303,Check,2025-10-31 08:01:00,1
train_00303,Assess,2025-10-31 08:02:00,2
train_00303,Decide,2025-10-31 08:03:00,3
train_00303,Notify,2025-10-31 08:04:00,4
train_00303,Archive,2025-10-31 08:05:00,5
train_00304,Register,2025-11-01 08:00:00,0
train_00304,Check,2025-11-01 08:01:00,1
train_00304,Assess,2025-11-01 08:02:00,2
train_00304,Decide,2025-11-01 08:03:00,3
train_00304,Notify,2025-11-01 08:04:00,4
train_00304,Archive,2025-11-01 08:05:00,5
train_00305,Register,2025-11-02 08:00:00,0
train_00305,Check,2025-11-02 08:01:00,1
train_00305,Assess,2025-11-02 08:02:00,2
train_00305,Decide,2025-11-02 08:03:00,3
train_00305,Notify,2025-11-02 08:04:00,4
train_00305,Archive,2025-11-02 08:05:00,5
train_00306,Register,2025-11-03 08:00:00,0
train_00306,Check,2025-11-03 08:01:00,1
train_00306,Assess,2025-11-03 08:02:00,2
train_00306,Decide,2025-11-03 08:03:00,3
train_00306,Notify,2025-11-03 08:04:00,4
train_00306,Archive,2025-11-03 08:05:00,5
train_00307,Register,2025-11-04 08:00:00,0
train_00307,Check,2025-11-04 08:01:00,1
train_00307,Assess,2025-11-04 08:02:00,2
train_00307,Decide,2025-11-04 08:03:00,3
train_00307,Notify,2025-11-04 08:04:00,4
train_00307,Archive,2025-11-04 08:05:00,5
train_00308,Register,2025-11-05 08:00:00,0
train_00308,Check,2025-11-05 08:01:00,1
train_00308,Assess,2025-11-05 08:02:00,2
train_00308,Decide,2025-11-05 08:03:00,3
train_00308,Notify,2025-11-05 08:04:00,4
train_00308,Archive,2025-11-05 08:05:00,5
train_00309,Register,2025-11-06 08:00:00,0
train_00309,Check,2025-11-06 08:01:00,1
train_00309,Assess,2025-11-06 08:02:00,2
train_00309,Decide,2025-11-06 08:03:00,3
train_00309,Notify,2025-11-06 08:04:00,4
train_00309,Archive,2025-11-06 08:05:00,5
train_00310,Register,2025-11-07 08:00:00,0
train_00310,Check,2025-11-07 08:01:00,1
train_00310,Assess,2025-11-07 08:02:00,2
train_00310,Decide,2025-11-07 08:03:00,3
train_00310,Notify,2025-11-07 08:04:00,4
train_00310,Archive,2025-11-07 08:05:00,5
train_00311,Register,2025-11-08 08:00:00,0
train_00311,Check,2025-11-08 08:01:00,1
train_00311,Assess,2025-11-08 08:02:00,2
train_00311,Decide,2025-11-08 08:03:00,3
train_00311,Notify,2025-11-08 08:04:00,4
train_00311,Archive,2025-11-08 08:05:00,5
train_00312,Register,2025-11-09 08:00:00,0
train_00312,Check,2025-11-09 08:01:00,1
train_00312,Assess,2025-11-09 08:02:00,2
train_00312,Decide,2025-11-09 08:03:00,3
train_00312,Notify,2025-11-09 08:04:00,4
train_00312,Archive,2025-11-09 08:05:00,5
train_00313,Register,2025-11-10 08:00:00,0
train_00313,Check,2025-11-10 08:01:00,1
train_00313,Assess,2025-11-10 08:02:00,2
train_00313,Decide,2025-11-10 08:03:00,3
train_00313,Notify,2025-11-10 08:04:00,4
train_00313,Archive,2025-11-10 08:05:00,5
train_00314,Register,2025-11-11 08:00:00,0
train_00314,Check,2025-11-11 08:01:00,1
train_00314,Assess,2025-11-11 08:02:00,2
train_00314,Decide,2025-11-11 08:03:00,3
train_00314,Notify,2025-11-11 08:04:00,4
train_00314,Archive,2025-11-11 08:05:00,5
train_00315,Register,2025-11-12 08:00:00,0
train_00315,Check,2025-11-12 08:01:00,1
train_00315,Assess,2025-11-12 08:02:00,2
train_00315,Decide,2025-11-12 08:03:00,3
train_00315,Notify,2025-11-12 08:04:00,4
train_00315,Archive,2025-11-12 08:05:00,5
train_00316,Register,2025-11-13 08:00:00,0
train_00316,Check,2025-11-13 08:01:00,1
train_00316,Assess,2025-11-13 08:02:00,2
train_00316,Decide,2025-11-13 08:03:00,3
train_00316,Notify,2025-11-13 08:04:00,4
train_00316,Archive,2025-11-13 08:05:00,5
train_00317,Register,2025-11-14 08:00:00,0
train_00317,Check,2025-11-14 08:01:00,1
train_00317,Assess,2025-11-14 08:02:00,2
train_00317,Decide,2025-11-14 08:03:00,3
train_00317,Notify,2025-11-14 08:04:00,4
train_00317,Archive,2025-11-14 08:05:00,5
train_00318,Register,2025-11-15 08:00:00,0
train_00318,Check,2025-11-15 08:01:00,1
train_00318,Assess,2025-11-15 08:02:00,2
train_00318,Decide,2025-11-15 08:03:00,3
train_00318,Notify,2025-11-15 08:04:00,4
train_00318,Archive,2025-11-15 08:05:00,5
train_00319,Register,2025-11-16 08:00:00,0
train_00319,Check,2025-11-16 08:01:00,1
train_00319,Assess,2025-11-16 08:02:00,2
train_00319,Decide,2025-11-16 08:03:00,3
train_00319,Notify,2025-11-16 08:04:00,4
train_00319,Archive,2025-11-16 08:05:00,5
train_00320,Register,2025-11-17 08:00:00,0
train_00320,Check,2025-11-17 08:01:00,1
train_00320,Assess,2025-11-17 08:02:00,2
train_00320,Manual review,2025-11-17 08:03:00,3
train_00320,Rework,2025-11-17 08:04:00,4
train_00320,Assess,2025-11-17 08:05:00,5
train_00320,Decide,2025-11-17 08:06:00,6
train_00320,Notify,2025-11-17 08:07:00,7
train_00320,Archive,2025-11-17 08:08:00,8
train_00321,Register,2025-11-18 08:00:00,0
train_00321,Check,2025-11-18 08:01:00,1
train_00321,Assess,2025-11-18 08:02:00,2
train_00321,Decide,2025-11-18 08:03:00,3
train_00321,Notify,2025-11-18 08:04:00,4
train_00321,Archive,2025-11-18 08:05:00,5
train_00322,Register,2025-11-19 08:00:00,0
train_00322,Check,2025-11-19 08:01:00,1
train_00322,Assess,2025-11-19 08:02:00,2
train_00322,Decide,2025-11-19 08:03:00,3
train_00322,Notify,2025-11-19 08:04:00,4
train_00322,Archive,2025-11-19 08:05:00,5
train_00323,Register,2025-11-20 08:00:00,0
train_00323,Check,2025-11-20 08:01:00,1
train_00323,Assess,2025-11-20 08:02:00,2
train_00323,Decide,2025-11-20 08:03:00,3
train_00323,Notify,2025-11-20 08:04:00,4
train_00323,Archive,2025-11-20 08:05:00,5
train_00324,Register,2025-11-21 08:00:00,0
train_00324,Check,2025-11-21 08:01:00,1
train_00324,Assess,2025-11-21 08:02:00,2
train_00324,Decide,2025-11-21 08:03:00,3
train_00324,Notify,2025-11-21 08:04:00,4
train_00324,Archive,2025-11-21 08:05:00,5
train_00325,Register,2025-11-22 08:00:00,0
train_00325,Check,2025-11-22 08:01:00,1
train_00325,Assess,2025-11-22 08:02:00,2
train_00325,Decide,2025-11-22 08:03:00,3
train_00325,Notify,2025-11-22 08:04:00,4
train_00325,Archive,2025-11-22 08:05:00,5
train_00326,Register,2025-11-23 08:00:00,0
train_00326,Check,2025-11-23 08:01:00,1
train_00326,Assess,2025-11-23 08:02:00,2
train_00326,Decide,2025-11-23 08:03:00,3
train_00326,Notify,2025-11-23 08:04:00,4
train_00326,Archive,2025-11-23 08:05:00,5
train_00327,Register,2025-11-24 08:00:00,0
train_00327,Check,2025-11-24 08:01:00,1
train_00327,Assess,2025-11-24 08:02:00,2
train_00327,Manual review,2025-11-24 08:03:00,3
train_00327,Rework,2025-11-24 08:04:00,4
train_00327,Assess,2025-11-24 08:05:00,5
train_00327,Decide,2025-11-24 08:06:00,6
train_00327,Notify,2025-11-24 08:07:00,7
train_00327,Archive,2025-11-24 08:08:00,8
train_00328,Register,2025-11-25 08:00:00,0
train_00328,Check,2025-11-25 08:01:00,1
train_00328,Assess,2025-11-25 08:02:00,2
train_00328,Decide,2025-11-25 08:03:00,3
train_00328,Notify,2025-11-25 08:04:00,4
train_00328,Archive,2025-11-25 08:05:00,5
train_00329,Register,2025-11-26 08:00:00,0
train_00329,Check,2025-11-26 08:01:00,1
train_00329,Assess,2025-11-26 08:02:00,2
train_00329,Decide,2025-11-26 08:03:00,3
train_00329,Notify,2025-11-26 08:04:00,4
train_00329,Archive,2025-11-26 08:05:00,5
train_00330,Register,2025-11-27 08:00:00,0
train_00330,Check,2025-11-27 08:01:00,1
train_00330,Assess,2025-11-27 08:02:00,2
train_00330,Decide,2025-11-27 08:03:00,3
train_00330,Notify,2025-11-27 08:04:00,4
train_00330,Archive,2025-11-27 08:05:00,5
train_00331,Register,2025-11-28 08:00:00,0
train_00331,Check,2025-11-28 08:01:00,1
train_00331,Assess,2025-11-28 08:02:00,2
train_00331,Decide,2025-11-28 08:03:00,3
train_00331,Notify,2025-11-28 08:04:00,4
train_00331,Archive,2025-11-28 08:05:00,5
train_00332,Register,2025-11-29 08:00:00,0
train_00332,Check,2025-11-29 08:01:00,1
train_00332,Assess,2025-11-29 08:02:00,2
train_00332,Manual review,2025-11-29 08:03:00,3
train_00332,Rework,2025-11-29 08:04:00,4
train_00332,Assess,2025-11-29 08:05:00,5
train_00332,Decide,2025-11-29 08:06:00,6
train_00332,Notify,2025-11-29 08:07:00,7
train_00332,Archive,2025-11-29 08:08:00,8
train_00333,Register,2025-11-30 08:00:00,0
train_00333,Check,2025-11-30 08:01:00,1
train_00333,Assess,2025-11-30 08:02:00,2
train_00333,Manual review,2025-11-30 08:03:00,3
train_00333,Rework,2025-11-30 08:04:00,4
train_00333,Assess,2025-11-30 08:05:00,5
train_00333,Decide,2025-11-30 08:06:00,6
train_00333,Notify,2025-11-30 08:07:00,7
train_00333,Archive,2025-11-30 08:08:00,8
train_00334,Register,2025-12-01 08:00:00,0
train_00334,Check,2025-12-01 08:01:00,1
train_00334,Assess,2025-12-01 08:02:00,2
train_00334,Decide,2025-12-01 08:03:00,3
train_00334,Notify,2025-12-01 08:04:00,4
train_00334,Archive,2025-12-01 08:05:00,5
train_00335,Register,2025-12-02 08:00:00,0
train_00335,Check,2025-12-02 08:01:00,1
train_00335,Assess,2025-12-02 08:02:00,2
train_00335,Decide,2025-12-02 08:03:00,3
train_00335,Notify,2025-12-02 08:04:00,4
train_00335,Archive,2025-12-02 08:05:00,5
train_00336,Register,2025-12-03 08:00:00,0
train_00336,Check,2025-12-03 08:01:00,1
train_00336,Assess,2025-12-03 08:02:00,2
train_00336,Decide,2025-12-03 08:03:00,3
train_00336,Notify,2025-12-03 08:04:00,4
train_00336,Archive,2025-12-03 08:05:00,5
train_00337,Register,2025-12-04 08:00:00,0
train_00337,Check,2025-12-04 08:01:00,1
train_00337,Assess,2025-12-04 08:02:00,2
train_00337,Decide,2025-12-04 08:03:00,3
train_00337,Notify,2025-12-04 08:04:00,4
train_00337,Archive,2025-12-04 08:05:00,5
train_00338,Register,2025-12-05 08:00:00,0
train_00338,Check,2025-12-05 08:01:00,1
train_00338,Assess,2025-12-05 08:02:00,2
train_00338,Decide,2025-12-05 08:03:00,3
train_00338,Notify,2025-12-05 08:04:00,4
train_00338,Archive,2025-12-05 08:05:00,5
train_00339,Register,2025-12-06 08:00:00,0
train_00339,Check,2025-12-06 08:01:00,1
train_00339,Assess,2025-12-06 08:02:00,2
train_00339,Decide,2025-12-06 08:03:00,3
train_00339,Notify,2025-12-06 08:04:00,4
train_00339,Archive,2025-12-06 08:05:00,5
train_00340,Register,2025-12-07 08:00:00,0
train_00340,Check,2025-12-07 08:01:00,1
train_00340,Assess,2025-12-07 08:02:00,2
train_00340,Manual review,2025-12-07 08:03:00,3
train_00340,Rework,2025-12-07 08:04:00,4
train_00340,Assess,2025-12-07 08:05:00,5
train_00340,Decide,2025-12-07 08:06:00,6
train_00340,Notify,2025-12-07 08:07:00,7
train_00340,Archive,2025-12-07 08:08:00,8
train_00341,Register,2025-12-08 08:00:00,0
train_00341,Check,2025-12-08 08:01:00,1
train_00341,Assess,2025-12-08 08:02:00,2
train_00341,Decide,2025-12-08 08:03:00,3
train_00341,Notify,2025-12-08 08:04:00,4
train_00341,Archive,2025-12-08 08:05:00,5
train_00342,Register,2025-12-09 08:00:00,0
train_00342,Check,2025-12-09 08:01:00,1
train_00342,Assess,2025-12-09 08:02:00,2
train_00342,Decide,2025-12-09 08:03:00,3
train_00342,Notify,2025-12-09 08:04:00,4
train_00342,Archive,2025-12-09 08:05:00,5
train_00343,Register,2025-12-10 08:00:00,0
train_00343,Check,2025-12-10 08:01:00,1
train_00343,Assess,2025-12-10 08:02:00,2
train_00343,Decide,2025-12-10 08:03:00,3
train_00343,Notify,2025-12-10 08:04:00,4
train_00343,Archive,2025-12-10 08:05:00,5
train_00344,Register,2025-12-11 08:00:00,0
train_00344,Check,2025-12-11 08:01:00,1
train_00344,Assess,2025-12-11 08:02:00,2
train_00344,Decide,2025-12-11 08:03:00,3
train_00344,Notify,2025-12-11 08:04:00,4
train_00344,Archive,2025-12-11 08:05:00,5
train_00345,Register,2025-12-12 08:00:00,0
train_00345,Check,2025-12-12 08:01:00,1
train_00345,Assess,2025-12-12 08:02:00,2
train_00345,Decide,2025-12-12 08:03:00,3
train_00345,Notify,2025-12-12 08:04:00,4
train_00345,Archive,2025-12-12 08:05:00,5
train_00346,Register,2025-12-13 08:00:00,0
train_00346,Check,2025-12-13 08:01:00,1
train_00346,Assess,2025-12-13 08:02:00,2
train_00346,Decide,2025-12-13 08:03:00,3
train_00346,Notify,2025-12-13 08:04:00,4
train_00346,Archive,2025-12-13 08:05:00,5
train_00347,Register,2025-12-14 08:00:00,0
train_00347,Check,2025-12-14 08:01:00,1
train_00347,Assess,2025-12-14 08:02:00,2
train_00347,Decide,2025-12-14 08:03:00,3
train_00347,Notify,2025-12-14 08:04:00,4
train_00347,Archive,2025-12-14 08:05:00,5
train_00348,Register,2025-12-15 08:00:00,0
train_00348,Check,2025-12-15 08:01:00,1
train_00348,Assess,2025-12-15 08:02:00,2
train_00348,Decide,2025-12-15 08:03:00,3
train_00348,Notify,2025-12-15 08:04:00,4
train_00348,Archive,2025-12-15 08:05:00,5
train_00349,Register,2025-12-16 08:00:00,0
train_00349,Check,2025-12-16 08:01:00,1
train_00349,Assess,2025-12-16 08:02:00,2
train_00349,Decide,2025-12-16 08:03:00,3
train_00349,Notify,2025-12-16 08:04:00,4
train_00349,Archive,2025-12-16 08:05:00,5
train_00350,Register,2025-12-17 08:00:00,0
train_00350,Check,2025-12-17 08:01:00,1
train_00350,Assess,2025-12-17 08:02:00,2
train_00350,Decide,2025-12-17 08:03:00,3
train_00350,Notify,2025-12-17 08:04:00,4
train_00350,Archive,2025-12-17 08:05:00,5
train_00351,Register,2025-12-18 08:00:00,0
train_00351,Check,2025-12-18 08:01:00,1
train_00351,Assess,2025-12-18 08:02:00,2
train_00351,Decide,2025-12-18 08:03:00,3
train_00351,Notify,2025-12-18 08:04:00,4
train_00351,Archive,2025-12-18 08:05:00,5
train_00352,Register,2025-12-19 08:00:00,0
train_00352,Check,2025-12-19 08:01:00,1
train_00352,Assess,2025-12-19 08:02:00,2
train_00352,Decide,2025-12-19 08:03:00,3
train_00352,Notify,2025-12-19 08:04:00,4
train_00352,Archive,2025-12-19 08:05:00,5
train_00353,Register,2025-12-20 08:00:00,0
train_00353,Check,2025-12-20 08:01:00,1
train_00353,Assess,2025-12-20 08:02:00,2
train_00353,Decide,2025-12-20 08:03:00,3
train_00353,Notify,2025-12-20 08:04:00,4
train_00353,Archive,2025-12-20 08:05:00,5
train_00354,Register,2025-12-21 08:00:00,0
train_00354,Check,2025-12-21 08:01:00,1
train_00354,Assess,2025-12-21 08:02:00,2
train_00354,Decide,2025-12-21 08:03:00,3
train_00354,Notify,2025-12-21 08:04:00,4
train_00354,Archive,2025-12-21 08:05:00,5
train_00355,Register,2025-12-22 08:00:00,0
train_00355,Check,2025-12-22 08:01:00,1
train_00355,Assess,2025-12-22 08:02:00,2
train_00355,Decide,2025-12-22 08:03:00,3
train_00355,Notify,2025-12-22 08:04:00,4
train_00355,Archive,2025-12-22 08:05:00,5
train_00356,Register,2025-12-23 08:00:00,0
train_00356,Check,2025-12-23 08:01:00,1
train_00356,Assess,2025-12-23 08:02:00,2
train_00356,Decide,2025-12-23 08:03:00,3
train_00356,Notify,2025-12-23 08:04:00,4
train_00356,Archive,2025-12-23 08:05:00,5
train_00357,Register,2025-12-24 08:00:00,0
train_00357,Check,2025-12-24 08:01:00,1
train_00357,Assess,2025-12-24 08:02:00,2
train_00357,Decide,2025-12-24 08:03:00,3
train_00357,Notify,2025-12-24 08:04:00,4
train_00357,Archive,2025-12-24 08:05:00,5
train_00358,Register,2025-12-25 08:00:00,0
train_00358,Check,2025-12-25 08:01:00,1
train_00358,Assess,2025-12-25 08:02:00,2
train_00358,Decide,2025-12-25 08:03:00,3
train_00358,Notify,2025-12-25 08:04:00,4
train_00358,Archive,2025-12-25 08:05:00,5
train_00359,Register,2025-12-26 08:00:00,0
train_00359,Check,2025-12-26 08:01:00,1
train_00359,Assess,2025-12-26 08:02:00,2
train_00359,Decide,2025-12-26 08:03:00,3
train_00359,Notify,2025-12-26 08:04:00,4
train_00359,Archive,2025-12-26 08:05:00,5
train_00360,Register,2025-12-27 08:00:00,0
train_00360,Check,2025-12-27 08:01:00,1
train_00360,Assess,2025-12-27 08:02:00,2
train_00360,Decide,2025-12-27 08:03:00,3
train_00360,Notify,2025-12-27 08:04:00,4
train_00360,Archive,2025-12-27 08:05:00,5
train_00361,Register,2025-12-28 08:00:00,0
train_00361,Check,2025-12-28 08:01:00,1
train_00361,Assess,2025-12-28 08:02:00,2
train_00361,Decide,2025-12-28 08:03:00,3
train_00361,Notify,2025-12-28 08:04:00,4
train_00361,Archive,2025-12-28 08:05:00,5
train_00362,Register,2025-12-29 08:00:00,0
train_00362,Check,2025-12-29 08:01:00,1
train_00362,Assess,2025-12-29 08:02:00,2
train_00362,Decide,2025-12-29 08:03:00,3
train_00362,Notify,2025-12-29 08:04:00,4
train_00362,Archive,2025-12-29 08:05:00,5
train_00363,Register,2025-12-30 08:00:00,0
train_00363,Check,2025-12-30 08:01:00,1
train_00363,Assess,2025-12-30 08:02:00,2
train_00363,Decide,2025-12-30 08:03:00,3
train_00363,Notify,2025-12-30 08:04:00,4
train_00363,Archive,2025-12-30 08:05:00,5
train_00364,Register,2025-12-31 08:00:00,0
train_00364,Check,2025-12-31 08:01:00,1
train_00364,Assess,2025-12-31 08:02:00,2
train_00364,Decide,2025-12-31 08:03:00,3
train_00364,Notify,2025-12-31 08:04:00,4
train_00364,Archive,2025-12-31 08:05:00,5
train_00365,Register,2026-01-01 08:00:00,0
train_00365,Check,2026-01-01 08:01:00,1
train_00365,Assess,2026-01-01 08:02:00,2
train_00365,Decide,2026-01-01 08:03:00,3
train_00365,Notify,2026-01-01 08:04:00,4
train_00365,Archive,2026-01-01 08:05:00,5
train_00366,Register,2026-01-02 08:00:00,0
train_00366,Check,2026-01-02 08:01:00,1
train_00366,Assess,2026-01-02 08:02:00,2
train_00366,Decide,2026-01-02 08:03:00,3
train_00366,Notify,2026-01-02 08:04:00,4
train_00366,Archive,2026-01-02 08:05:00,5
train_00367,Register,2026-01-03 08:00:00,0
train_00367,Check,2026-01-03 08:01:00,1
train_00367,Assess,2026-01-03 08:02:00,2
train_00367,Decide,2026-01-03 08:03:00,3
train_00367,Notify,2026-01-03 08:04:00,4
train_00367,Archive,2026-01-03 08:05:00,5
train_00368,Register,2026-01-04 08:00:00,0
train_00368,Check,2026-01-04 08:01:00,1
train_00368,Assess,2026-01-04 08:02:00,2
train_00368,Manual review,2026-01-04 08:03:00,3
train_00368,Rework,2026-01-04 08:04:00,4
train_00368,Assess,2026-01-04 08:05:00,5
train_00368,Decide,2026-01-04 08:06:00,6
train_00368,Notify,2026-01-04 08:07:00,7
train_00368,Archive,2026-01-04 08:08:00,8
train_00369,Register,2026-01-05 08:00:00,0
train_00369,Check,2026-01-05 08:01:00,1
train_00369,Assess,2026-01-05 08:02:00,2
train_00369,Decide,2026-01-05 08:03:00,3
train_00369,Notify,2026-01-05 08:04:00,4
train_00369,Archive,2026-01-05 08:05:00,5
train_00370,Register,2026-01-06 08:00:00,0
train_00370,Check,2026-01-06 08:01:00,1
train_00370,Assess,2026-01-06 08:02:00,2
train_00370,Decide,2026-01-06 08:03:00,3
train_00370,Notify,2026-01-06 08:04:00,4
train_00370,Archive,2026-01-06 08:05:00,5
train_00371,Register,2026-01-07 08:00:00,0
train_00371,Check,2026-01-07 08:01:00,1
train_00371,Assess,2026-01-07 08:02:00,2
train_00371,Manual review,2026-01-07 08:03:00,3
train_00371,Rework,2026-01-07 08:04:00,4
train_00371,Assess,2026-01-07 08:05:00,5
train_00371,Decide,2026-01-07 08:06:00,6
train_00371,Notify,2026-01-07 08:07:00,7
train_00371,Archive,2026-01-07 08:08:00,8
train_00372,Register,2026-01-08 08:00:00,0
train_00372,Check,2026-01-08 08:01:00,1
train_00372,Assess,2026-01-08 08:02:00,2
train_00372,Decide,2026-01-08 08:03:00,3
train_00372,Notify,2026-01-08 08:04:00,4
train_00372,Archive,2026-01-08 08:05:00,5
train_00373,Register,2026-01-09 08:00:00,0
train_00373,Check,2026-01-09 08:01:00,1
train_00373,Assess,2026-01-09 08:02:00,2
train_00373,Decide,2026-01-09 08:03:00,3
train_00373,Notify,2026-01-09 08:04:00,4
train_00373,Archive,2026-01-09 08:05:00,5
train_00374,Register,2026-01-10 08:00:00,0
train_00374,Check,2026-01-10 08:01:00,1
train_00374,Assess,2026-01-10 08:02:00,2
train_00374,Decide,2026-01-10 08:03:00,3
train_00374,Notify,2026-01-10 08:04:00,4
train_00374,Archive,2026-01-10 08:05:00,5
train_00375,Register,2026-01-11 08:00:00,0
train_00375,Check,2026-01-11 08:01:00,1
train_00375,Assess,2026-01-11 08:02:00,2
train_00375,Decide,2026-01-11 08:03:00,3
train_00375,Notify,2026-01-11 08:04:00,4
train_00375,Archive,2026-01-11 08:05:00,5
train_00376,Register,2026-01-12 08:00:00,0
train_00376,Check,2026-01-12 08:01:00,1
train_00376,Assess,2026-01-12 08:02:00,2
train_00376,Decide,2026-01-12 08:03:00,3
train_00376,Notify,2026-01-12 08:04:00,4
train_00376,Archive,2026-01-12 08:05:00,5
train_00377,Register,2026-01-13 08:00:00,0
train_00377,Check,2026-01-13 08:01:00,1
train_00377,Assess,2026-01-13 08:02:00,2
train_00377,Manual review,2026-01-13 08:03:00,3
train_00377,Rework,2026-01-13 08:04:00,4
train_00377,Assess,2026-01-13 08:05:00,5
train_00377,Decide,2026-01-13 08:06:00,6
train_00377,Notify,2026-01-13 08:07:00,7
train_00377,Archive,2026-01-13 08:08:00,8
train_00378,Register,2026-01-14 08:00:00,0
train_00378,Check,2026-01-14 08:01:00,1
train_00378,Assess,2026-01-14 08:02:00,2
train_00378,Decide,2026-01-14 08:03:00,3
train_00378,Notify,2026-01-14 08:04:00,4
train_00378,Archive,2026-01-14 08:05:00,5
train_00379,Register,2026-01-15 08:00:00,0
train_00379,Check,2026-01-15 08:01:00,1
train_00379,Assess,2026-01-15 08:02:00,2
train_00379,Decide,2026-01-15 08:03:00,3
train_00379,Notify,2026-01-15 08:04:00,4
train_00379,Archive,2026-01-15 08:05:00,5
train_00380,Register,2026-01-16 08:00:00,0
train_00380,Check,2026-01-16 08:01:00,1
train_00380,Assess,2026-01-16 08:02:00,2
train_00380,Decide,2026-01-16 08:03:00,3
train_00380,Notify,2026-01-16 08:04:00,4
train_00380,Archive,2026-01-16 08:05:00,5
train_00381,Register,2026-01-17 08:00:00,0
train_00381,Check,2026-01-17 08:01:00,1
train_00381,Assess,2026-01-17 08:02:00,2
train_00381,Decide,2026-01-17 08:03:00,3
train_00381,Notify,2026-01-17 08:04:00,4
train_00381,Archive,2026-01-17 08:05:00,5
train_00382,Register,2026-01-18 08:00:00,0
train_00382,Check,2026-01-18 08:01:00,1
train_00382,Assess,2026-01-18 08:02:00,2
train_00382,Decide,2026-01-18 08:03:00,3
train_00382,Notify,2026-01-18 08:04:00,4
train_00382,Archive,2026-01-18 08:05:00,5
train_00383,Register,2026-01-19 08:00:00,0
train_00383,Check,2026-01-19 08:01:00,1
train_00383,Assess,2026-01-19 08:02:00,2
train_00383,Decide,2026-01-19 08:03:00,3
train_00383,Notify,2026-01-19 08:04:00,4
train_00383,Archive,2026-01-19 08:05:00,5
train_00384,Register,2026-01-20 08:00:00,0
train_00384,Check,2026-01-20 08:01:00,1
train_00384,Assess,2026-01-20 08:02:00,2
train_00384,Decide,2026-01-20 08:03:00,3
train_00384,Notify,2026-01-20 08:04:00,4
train_00384,Archive,2026-01-20 08:05:00,5
train_00385,Register,2026-01-21 08:00:00,0
train_00385,Check,2026-01-21 08:01:00,1
train_00385,Assess,2026-01-21 08:02:00,2
train_00385,Decide,2026-01-21 08:03:00,3
train_00385,Notify,2026-01-21 08:04:00,4
train_00385,Archive,2026-01-21 08:05:00,5
train_00386,Register,2026-01-22 08:00:00,0
train_00386,Check,2026-01-22 08:01:00,1
train_00386,Assess,2026-01-22 08:02:00,2
train_00386,Decide,2026-01-22 08:03:00,3
train_00386,Notify,2026-01-22 08:04:00,4
train_00386,Archive,2026-01-22 08:05:00,5
train_00387,Register,2026-01-23 08:00:00,0
train_00387,Check,2026-01-23 08:01:00,1
train_00387,Assess,2026-01-23 08:02:00,2
train_00387,Decide,2026-01-23 08:03:00,3
train_00387,Notify,2026-01-23 08:04:00,4
train_00387,Archive,2026-01-23 08:05:00,5
train_00388,Register,2026-01-24 08:00:00,0
train_00388,Check,2026-01-24 08:01:00,1
train_00388,Assess,2026-01-24 08:02:00,2
train_00388,Decide,2026-01-24 08:03:00,3
train_00388,Notify,2026-01-24 08:04:00,4
train_00388,Archive,2026-01-24 08:05:00,5
train_00389,Register,2026-01-25 08:00:00,0
train_00389,Check,2026-01-25 08:01:00,1
train_00389,Assess,2026-01-25 08:02:00,2
train_00389,Decide,2026-01-25 08:03:00,3
train_00389,Notify,2026-01-25 08:04:00,4
train_00389,Archive,2026-01-25 08:05:00,5
train_00390,Register,2026-01-26 08:00:00,0
train_00390,Check,2026-01-26 08:01:00,1
train_00390,Assess,2026-01-26 08:02:00,2
train_00390,Decide,2026-01-26 08:03:00,3
train_00390,Notify,2026-01-26 08:04:00,4
train_00390,Archive,2026-01-26 08:05:00,5
train_00391,Register,2026-01-27 08:00:00,0
train_00391,Check,2026-01-27 08:01:00,1
train_00391,Assess,2026-01-27 08:02:00,2
train_00391,Decide,2026-01-27 08:03:00,3
train_00391,Notify,2026-01-27 08:04:00,4
train_00391,Archive,2026-01-27 08:05:00,5
train_00392,Register,2026-01-28 08:00:00,0
train_00392,Check,2026-01-28 08:01:00,1
train_00392,Assess,2026-01-28 08:02:00,2
train_00392,Decide,2026-01-28 08:03:00,3
train_00392,Notify,2026-01-28 08:04:00,4
train_00392,Archive,2026-01-28 08:05:00,5
train_00393,Register,2026-01-29 08:00:00,0
train_00393,Check,2026-01-29 08:01:00,1
train_00393,Assess,2026-01-29 08:02:00,2
train_00393,Decide,2026-01-29 08:03:00,3
train_00393,Notify,2026-01-29 08:04:00,4
train_00393,Archive,2026-01-29 08:05:00,5
train_00394,Register,2026-01-30 08:00:00,0
train_00394,Check,2026-01-30 08:01:00,1
train_00394,Assess,2026-01-30 08:02:00,2
train_00394,Decide,2026-01-30 08:03:00,3
train_00394,Notify,2026-01-30 08:04:00,4
train_00394,Archive,2026-01-30 08:05:00,5
train_00395,Register,2026-01-31 08:00:00,0
train_00395,Check,2026-01-31 08:01:00,1
train_00395,Assess,2026-01-31 08:02:00,2
train_00395,Decide,2026-01-31 08:03:00,3
train_00395,Notify,2026-01-31 08:04:00,4
train_00395,Archive,2026-01-31 08:05:00,5
train_00396,Register,2026-02-01 08:00:00,0
train_00396,Check,2026-02-01 08:01:00,1
train_00396,Assess,2026-02-01 08:02:00,2
train_00396,Decide,2026-02-01 08:03:00,3
train_00396,Notify,2026-02-01 08:04:00,4
train_00396,Archive,2026-02-01 08:05:00,5
train_00397,Register,2026-02-02 08:00:00,0
train_00397,Check,2026-02-02 08:01:00,1
train_00397,Assess,2026-02-02 08:02:00,2
train_00397,Decide,2026-02-02 08:03:00,3
train_00397,Notify,2026-02-02 08:04:00,4
train_00397,Archive,2026-02-02 08:05:00,5
train_00398,Register,2026-02-03 08:00:00,0
train_00398,Check,2026-02-03 08:01:00,1
train_00398,Assess,2026-02-03 08:02:00,2
train_00398,Decide,2026-02-03 08:03:00,3
train_00398,Notify,2026-02-03 08:04:00,4
train_00398,Archive,2026-02-03 08:05:00,5
train_00399,Register,2026-02-04 08:00:00,0
train_00399,Check,2026-02-04 08:01:00,1
train_00399,Assess,2026-02-04 08:02:00,2
train_00399,Decide,2026-02-04 08:03:00,3
train_00399,Notify,2026-02-04 08:04:00,4
train_00399,Archive,2026-02-04 08:05:00,5
train_00400,Register,2026-02-05 08:00:00,0
train_00400,Check,2026-02-05 08:01:00,1
train_00400,Assess,2026-02-05 08:02:00,2
train_00400,Decide,2026-02-05 08:03:00,3
train_00400,Notify,2026-02-05 08:04:00,4
train_00400,Archive,2026-02-05 08:05:00,5
train_00401,Register,2026-02-06 08:00:00,0
train_00401,Check,2026-02-06 08:01:00,1
train_00401,Assess,2026-02-06 08:02:00,2
train_00401,Decide,2026-02-06 08:03:00,3
train_00401,Notify,2026-02-06 08:04:00,4
train_00401,Archive,2026-02-06 08:05:00,5
train_00402,Register,2026-02-07 08:00:00,0
train_00402,Check,2026-02-07 08:01:00,1
train_00402,Assess,2026-02-07 08:02:00,2
train_00402,Decide,2026-02-07 08:03:00,3
train_00402,Notify,2026-02-07 08:04:00,4
train_00402,Archive,2026-02-07 08:05:00,5
train_00403,Register,2026-02-08 08:00:00,0
train_00403,Check,2026-02-08 08:01:00,1
train_00403,Assess,2026-02-08 08:02:00,2
train_00403,Decide,2026-02-08 08:03:00,3
train_00403,Notify,2026-02-08 08:04:00,4
train_00403,Archive,2026-02-08 08:05:00,5
train_00404,Register,2026-02-09 08:00:00,0
train_00404,Check,2026-02-09 08:01:00,1
train_00404,Assess,2026-02-09 08:02:00,2
train_00404,Decide,2026-02-09 08:03:00,3
train_00404,Notify,2026-02-09 08:04:00,4
train_00404,Archive,2026-02-09 08:05:00,5
train_00405,Register,2026-02-10 08:00:00,0
train_00405,Check,2026-02-10 08:01:00,1
train_00405,Assess,2026-02-10 08:02:00,2
train_00405,Decide,2026-02-10 08:03:00,3
train_00405,Notify,2026-02-10 08:04:00,4
train_00405,Archive,2026-02-10 08:05:00,5
train_00406,Register,2026-02-11 08:00:00,0
train_00406,Check,2026-02-11 08:01:00,1
train_00406,Assess,2026-02-11 08:02:00,2
train_00406,Decide,2026-02-11 08:03:00,3
train_00406,Notify,2026-02-11 08:04:00,4
train_00406,Archive,2026-02-11 08:05:00,5
train_00407,Register,2026-02-12 08:00:00,0
train_00407,Check,2026-02-12 08:01:00,1
train_00407,Assess,2026-02-12 08:02:00,2
train_00407,Decide,2026-02-12 08:03:00,3
train_00407,Notify,2026-02-12 08:04:00,4
train_00407,Archive,2026-02-12 08:05:00,5
train_00408,Register,2026-02-13 08:00:00,0
train_00408,Check,2026-02-13 08:01:00,1
train_00408,Assess,2026-02-13 08:02:00,2
train_00408,Decide,2026-02-13 08:03:00,3
train_00408,Notify,2026-02-13 08:04:00,4
train_00408,Archive,2026-02-13 08:05:00,5
train_00409,Register,2026-02-14 08:00:00,0
train_00409,Check,2026-02-14 08:01:00,1
train_00409,Assess,2026-02-14 08:02:00,2
train_00409,Decide,2026-02-14 08:03:00,3
train_00409,Notify,2026-02-14 08:04:00,4
train_00409,Archive,2026-02-14 08:05:00,5
train_00410,Register,2026-02-15 08:00:00,0
train_00410,Check,2026-02-15 08:01:00,1
train_00410,Assess,2026-02-15 08:02:00,2
train_00410,Decide,2026-02-15 08:03:00,3
train_00410,Notify,2026-02-15 08:04:00,4
train_00410,Archive,2026-02-15 08:05:00,5
train_00411,Register,2026-02-16 08:00:00,0
train_00411,Check,2026-02-16 08:01:00,1
train_00411,Assess,2026-02-16 08:02:00,2
train_00411,Decide,2026-02-16 08:03:00,3
train_00411,Notify,2026-02-16 08:04:00,4
train_00411,Archive,2026-02-16 08:05:00,5
train_00412,Register,2026-02-17 08:00:00,0
train_00412,Check,2026-02-17 08:01:00,1
train_00412,Assess,2026-02-17 08:02:00,2
train_00412,Decide,2026-02-17 08:03:00,3
train_00412,Notify,2026-02-17 08:04:00,4
train_00412,Archive,2026-02-17 08:05:00,5
train_00413,Register,2026-02-18 08:00:00,0
train_00413,Check,2026-02-18 08:01:00,1
train_00413,Assess,2026-02-18 08:02:00,2
train_00413,Decide,2026-02-18 08:03:00,3
train_00413,Notify,2026-02-18 08:04:00,4
train_00413,Archive,2026-02-18 08:05:00,5
train_00414,Register,2026-02-19 08:00:00,0
train_00414,Check,2026-02-19 08:01:00,1
train_00414,Assess,2026-02-19 08:02:00,2
train_00414,Decide,2026-02-19 08:03:00,3
train_00414,Notify,2026-02-19 08:04:00,4
train_00414,Archive,2026-02-19 08:05:00,5
train_00415,Register,2026-02-20 08:00:00,0
train_00415,Check,2026-02-20 08:01:00,1
train_00415,Assess,2026-02-20 08:02:00,2
train_00415,Decide,2026-02-20 08:03:00,3
train_00415,Notify,2026-02-20 08:04:00,4
train_00415,Archive,2026-02-20 08:05:00,5
train_00416,Register,2026-02-21 08:00:00,0
train_00416,Check,2026-02-21 08:01:00,1
train_00416,Assess,2026-02-21 08:02:00,2
train_00416,Decide,2026-02-21 08:03:00,3
train_00416,Notify,2026-02-21 08:04:00,4
train_00416,Archive,2026-02-21 08:05:00,5
train_00417,Register,2026-02-22 08:00:00,0
train_00417,Check,2026-02-22 08:01:00,1
train_00417,Assess,2026-02-22 08:02:00,2
train_00417,Decide,2026-02-22 08:03:00,3
train_00417,Notify,2026-02-22 08:04:00,4
train_00417,Archive,2026-02-22 08:05:00,5
train_00418,Register,2026-02-23 08:00:00,0
train_00418,Check,2026-02-23 08:01:00,1
train_00418,Assess,2026-02-23 08:02:00,2
train_00418,Decide,2026-02-23 08:03:00,3
train_00418,Notify,2026-02-23 08:04:00,4
train_00418,Archive,2026-02-23 08:05:00,5
train_00419,Register,2026-02-24 08:00:00,0
train_00419,Check,2026-02-24 08:01:00,1
train_00419,Assess,2026-02-24 08:02:00,2
train_00419,Decide,2026-02-24 08:03:00,3
train_00419,Notify,2026-02-24 08:04:00,4
train_00419,Archive,2026-02-24 08:05:00,5
train_00420,Register,2026-02-25 08:00:00,0
train_00420,Check,2026-02-25 08:01:00,1
train_00420,Assess,2026-02-25 08:02:00,2
train_00420,Decide,2026-02-25 08:03:00,3
train_00420,Notify,2026-02-25 08:04:00,4
train_00420,Archive,2026-02-25 08:05:00,5
train_00421,Register,2026-02-26 08:00:00,0
train_00421,Check,2026-02-26 08:01:00,1
train_00421,Assess,2026-02-26 08:02:00,2
train_00421,Decide,2026-02-26 08:03:00,3
train_00421,Notify,2026-02-26 08:04:00,4
train_00421,Archive,2026-02-26 08:05:00,5
train_00422,Register,2026-02-27 08:00:00,0
train_00422,Check,2026-02-27 08:01:00,1
train_00422,Assess,2026-02-27 08:02:00,2
train_00422,Decide,2026-02-27 08:03:00,3
train_00422,Notify,2026-02-27 08:04:00,4
train_00422,Archive,2026-02-27 08:05:00,5
train_00423,Register,2026-02-28 08:00:00,0
train_00423,Check,2026-02-28 08:01:00,1
train_00423,Assess,2026-02-28 08:02:00,2
train_00423,Decide,2026-02-28 08:03:00,3
train_00423,Notify,2026-02-28 08:04:00,4
train_00423,Archive,2026-02-28 08:05:00,5
train_00424,Register,2026-03-01 08:00:00,0
train_00424,Check,2026-03-01 08:01:00,1
train_00424,Assess,2026-03-01 08:02:00,2
train_00424,Decide,2026-03-01 08:03:00,3
train_00424,Notify,2026-03-01 08:04:00,4
train_00424,Archive,2026-03-01 08:05:00,5
train_00425,Register,2026-03-02 08:00:00,0
train_00425,Check,2026-03-02 08:01:00,1
train_00425,Assess,2026-03-02 08:02:00,2
train_00425,Manual review,2026-03-02 08:03:00,3
train_00425,Rework,2026-03-02 08:04:00,4
train_00425,Assess,2026-03-02 08:05:00,5
train_00425,Decide,2026-03-02 08:06:00,6
train_00425,Notify,2026-03-02 08:07:00,7
train_00425,Archive,2026-03-02 08:08:00,8
train_00426,Register,2026-03-03 08:00:00,0
train_00426,Check,2026-03-03 08:01:00,1
train_00426,Assess,2026-03-03 08:02:00,2
train_00426,Decide,2026-03-03 08:03:00,3
train_00426,Notify,2026-03-03 08:04:00,4
train_00426,Archive,2026-03-03 08:05:00,5
train_00427,Register,2026-03-04 08:00:00,0
train_00427,Check,2026-03-04 08:01:00,1
train_00427,Assess,2026-03-04 08:02:00,2
train_00427,Decide,2026-03-04 08:03:00,3
train_00427,Notify,2026-03-04 08:04:00,4
train_00427,Archive,2026-03-04 08:05:00,5
train_00428,Register,2026-03-05 08:00:00,0
train_00428,Check,2026-03-05 08:01:00,1
train_00428,Assess,2026-03-05 08:02:00,2
train_00428,Decide,2026-03-05 08:03:00,3
train_00428,Notify,2026-03-05 08:04:00,4
train_00428,Archive,2026-03-05 08:05:00,5
train_00429,Register,2026-03-06 08:00:00,0
train_00429,Check,2026-03-06 08:01:00,1
train_00429,Assess,2026-03-06 08:02:00,2
train_00429,Decide,2026-03-06 08:03:00,3
train_00429,Notify,2026-03-06 08:04:00,4
train_00429,Archive,2026-03-06 08:05:00,5
train_00430,Register,2026-03-07 08:00:00,0
train_00430,Check,2026-03-07 08:01:00,1
train_00430,Assess,2026-03-07 08:02:00,2
train_00430,Decide,2026-03-07 08:03:00,3
train_00430,Notify,2026-03-07 08:04:00,4
train_00430,Archive,2026-03-07 08:05:00,5
train_00431,Register,2026-03-08 08:00:00,0
train_00431,Check,2026-03-08 08:01:00,1
train_00431,Assess,2026-03-08 08:02:00,2
train_00431,Decide,2026-03-08 08:03:00,3
train_00431,Notify,2026-03-08 08:04:00,4
train_00431,Archive,2026-03-08 08:05:00,5
train_00432,Register,2026-03-09 08:00:00,0
train_00432,Check,2026-03-09 08:01:00,1
train_00432,Assess,2026-03-09 08:02:00,2
train_00432,Decide,2026-03-09 08:03:00,3
train_00432,Notify,2026-03-09 08:04:00,4
train_00432,Archive,2026-03-09 08:05:00,5
train_00433,Register,2026-03-10 08:00:00,0
train_00433,Check,2026-03-10 08:01:00,1
train_00433,Assess,2026-03-10 08:02:00,2
train_00433,Decide,2026-03-10 08:03:00,3
train_00433,Notify,2026-03-10 08:04:00,4
train_00433,Archive,2026-03-10 08:05:00,5
train_00434,Register,2026-03-11 08:00:00,0
train_00434,Check,2026-03-11 08:01:00,1
train_00434,Assess,2026-03-11 08:02:00,2
train_00434,Decide,2026-03-11 08:03:00,3
train_00434,Notify,2026-03-11 08:04:00,4
train_00434,Archive,2026-03-11 08:05:00,5
train_00435,Register,2026-03-12 08:00:00,0
train_00435,Check,2026-03-12 08:01:00,1
train_00435,Assess,2026-03-12 08:02:00,2
train_00435,Decide,2026-03-12 08:03:00,3
train_00435,Notify,2026-03-12 08:04:00,4
train_00435,Archive,2026-03-12 08:05:00,5
train_00436,Register,2026-03-13 08:00:00,0
train_00436,Check,2026-03-13 08:01:00,1
train_00436,Assess,2026-03-13 08:02:00,2
train_00436,Decide,2026-03-13 08:03:00,3
train_00436,Notify,2026-03-13 08:04:00,4
train_00436,Archive,2026-03-13 08:05:00,5
train_00437,Register,2026-03-14 08:00:00,0
train_00437,Check,2026-03-14 08:01:00,1
train_00437,Assess,2026-03-14 08:02:00,2
train_00437,Decide,2026-03-14 08:03:00,3
train_00437,Notify,2026-03-14 08:04:00,4
train_00437,Archive,2026-03-14 08:05:00,5
train_00438,Register,2026-03-15 08:00:00,0
train_00438,Check,2026-03-15 08:01:00,1
train_00438,Assess,2026-03-15 08:02:00,2
train_00438,Decide,2026-03-15 08:03:00,3
train_00438,Notify,2026-03-15 08:04:00,4
train_00438,Archive,2026-03-15 08:05:00,5
train_00439,Register,2026-03-16 08:00:00,0
train_00439,Check,2026-03-16 08:01:00,1
train_00439,Assess,2026-03-16 08:02:00,2
train_00439,Decide,2026-03-16 08:03:00,3
train_00439,Notify,2026-03-16 08:04:00,4
train_00439,Archive,2026-03-16 08:05:00,5
train_00440,Register,2026-03-17 08:00:00,0
train_00440,Check,2026-03-17 08:01:00,1
train_00440,Assess,2026-03-17 08:02:00,2
train_00440,Decide,2026-03-17 08:03:00,3
train_00440,Notify,2026-03-17 08:04:00,4
train_00440,Archive,2026-03-17 08:05:00,5
train_00441,Register,2026-03-18 08:00:00,0
train_00441,Check,2026-03-18 08:01:00,1
train_00441,Assess,2026-03-18 08:02:00,2
train_00441,Decide,2026-03-18 08:03:00,3
train_00441,Notify,2026-03-18 08:04:00,4
train_00441,Archive,2026-03-18 08:05:00,5
train_00442,Register,2026-03-19 08:00:00,0
train_00442,Check,2026-03-19 08:01:00,1
train_00442,Assess,2026-03-19 08:02:00,2
train_00442,Manual review,2026-03-19 08:03:00,3
train_00442,Rework,2026-03-19 08:04:00,4
train_00442,Assess,2026-03-19 08:05:00,5
train_00442,Decide,2026-03-19 08:06:00,6
train_00442,Notify,2026-03-19 08:07:00,7
train_00442,Archive,2026-03-19 08:08:00,8
train_00443,Register,2026-03-20 08:00:00,0
train_00443,Check,2026-03-20 08:01:00,1
train_00443,Assess,2026-03-20 08:02:00,2
train_00443,Decide,2026-03-20 08:03:00,3
train_00443,Notify,2026-03-20 08:04:00,4
train_00443,Archive,2026-03-20 08:05:00,5
train_00444,Register,2026-03-21 08:00:00,0
train_00444,Check,2026-03-21 08:01:00,1
train_00444,Assess,2026-03-21 08:02:00,2
train_00444,Decide,2026-03-21 08:03:00,3
train_00444,Notify,2026-03-21 08:04:00,4
train_00444,Archive,2026-03-21 08:05:00,5
train_00445,Register,2026-03-22 08:00:00,0
train_00445,Check,2026-03-22 08:01:00,1
train_00445,Assess,2026-03-22 08:02:00,2
train_00445,Decide,2026-03-22 08:03:00,3
train_00445,Notify,2026-03-22 08:04:00,4
train_00445,Archive,2026-03-22 08:05:00,5
train_00446,Register,2026-03-23 08:00:00,0
train_00446,Check,2026-03-23 08:01:00,1
train_00446,Assess,2026-03-23 08:02:00,2
train_00446,Decide,2026-03-23 08:03:00,3
train_00446,Notify,2026-03-23 08:04:00,4
train_00446,Archive,2026-03-23 08:05:00,5
train_00447,Register,2026-03-24 08:00:00,0
train_00447,Check,2026-03-24 08:01:00,1
train_00447,Assess,2026-03-24 08:02:00,2
train_00447,Decide,2026-03-24 08:03:00,3
train_00447,Notify,2026-03-24 08:04:00,4
train_00447,Archive,2026-03-24 08:05:00,5
train_00448,Register,2026-03-25 08:00:00,0
train_00448,Check,2026-03-25 08:01:00,1
train_00448,Assess,2026-03-25 08:02:00,2
train_00448,Decide,2026-03-25 08:03:00,3
train_00448,Notify,2026-03-25 08:04:00,4
train_00448,Archive,2026-03-25 08:05:00,5
train_00449,Register,2026-03-26 08:00:00,0
train_00449,Check,2026-03-26 08:01:00,1
train_00449,Assess,2026-03-26 08:02:00,2
train_00449,Decide,2026-03-26 08:03:00,3
train_00449,Notify,2026-03-26 08:04:00,4
train_00449,Archive,2026-03-26 08:05:00,5
train_00450,Register,2026-03-27 08:00:00,0
train_00450,Check,2026-03-27 08:01:00,1
train_00450,Assess,2026-03-27 08:02:00,2
train_00450,Decide,2026-03-27 08:03:00,3
train_00450,Notify,2026-03-27 08:04:00,4
train_00450,Archive,2026-03-27 08:05:00,5
train_00451,Register,2026-03-28 08:00:00,0
train_00451,Check,2026-03-28 08:01:00,1
train_00451,Assess,2026-03-28 08:02:00,2
train_00451,Decide,2026-03-28 08:03:00,3
train_00451,Notify,2026-03-28 08:04:00,4
train_00451,Archive,2026-03-28 08:05:00,5
train_00452,Register,2026-03-29 08:00:00,0
train_00452,Check,2026-03-29 08:01:00,1
train_00452,Assess,2026-03-29 08:02:00,2
train_00452,Decide,2026-03-29 08:03:00,3
train_00452,Notify,2026-03-29 08:04:00,4
train_00452,Archive,2026-03-29 08:05:00,5
train_00453,Register,2026-03-30 08:00:00,0
train_00453,Check,2026-03-30 08:01:00,1
train_00453,Assess,2026-03-30 08:02:00,2
train_00453,Decide,2026-03-30 08:03:00,3
train_00453,Notify,2026-03-30 08:04:00,4
train_00453,Archive,2026-03-30 08:05:00,5
train_00454,Register,2026-03-31 08:00:00,0
train_00454,Check,2026-03-31 08:01:00,1
train_00454,Assess,2026-03-31 08:02:00,2
train_00454,Decide,2026-03-31 08:03:00,3
train_00454,Notify,2026-03-31 08:04:00,4
train_00454,Archive,2026-03-31 08:05:00,5
train_00455,Register,2026-04-01 08:00:00,0
train_00455,Check,2026-04-01 08:01:00,1
train_00455,Assess,2026-04-01 08:02:00,2
train_00455,Decide,2026-04-01 08:03:00,3
train_00455,Notify,2026-04-01 08:04:00,4
train_00455,Archive,2026-04-01 08:05:00,5
train_00456,Register,2026-04-02 08:00:00,0
train_00456,Check,2026-04-02 08:01:00,1
train_00456,Assess,2026-04-02 08:02:00,2
train_00456,Decide,2026-04-02 08:03:00,3
train_00456,Notify,2026-04-02 08:04:00,4
train_00456,Archive,2026-04-02 08:05:00,5
train_00457,Register,2026-04-03 08:00:00,0
train_00457,Check,2026-04-03 08:01:00,1
train_00457,Assess,2026-04-03 08:02:00,2
train_00457,Decide,2026-04-03 08:03:00,3
train_00457,Notify,2026-04-03 08:04:00,4
train_00457,Archive,2026-04-03 08:05:00,5
train_00458,Register,2026-04-04 08:00:00,0
train_00458,Check,2026-04-04 08:01:00,1
train_00458,Assess,2026-04-04 08:02:00,2
train_00458,Manual review,2026-04-04 08:03:00,3
train_00458,Rework,2026-04-04 08:04:00,4
train_00458,Assess,2026-04-04 08:05:00,5
train_00458,Decide,2026-04-04 08:06:00,6
train_00458,Notify,2026-04-04 08:07:00,7
train_00458,Archive,2026-04-04 08:08:00,8
train_00459,Register,2026-04-05 08:00:00,0
train_00459,Check,2026-04-05 08:01:00,1
train_00459,Assess,2026-04-05 08:02:00,2
train_00459,Manual review,2026-04-05 08:03:00,3
train_00459,Rework,2026-04-05 08:04:00,4
train_00459,Assess,2026-04-05 08:05:00,5
train_00459,Decide,2026-04-05 08:06:00,6
train_00459,Notify,2026-04-05 08:07:00,7
train_00459,Archive,2026-04-05 08:08:00,8
train_00460,Register,2026-04-06 08:00:00,0
train_00460,Check,2026-04-06 08:01:00,1
train_00460,Assess,2026-04-06 08:02:00,2
train_00460,Decide,2026-04-06 08:03:00,3
train_00460,Notify,2026-04-06 08:04:00,4
train_00460,Archive,2026-04-06 08:05:00,5
train_00461,Register,2026-04-07 08:00:00,0
train_00461,Check,2026-04-07 08:01:00,1
train_00461,Assess,2026-04-07 08:02:00,2
train_00461,Decide,2026-04-07 08:03:00,3
train_00461,Notify,2026-04-07 08:04:00,4
train_00461,Archive,2026-04-07 08:05:00,5
train_00462,Register,2026-04-08 08:00:00,0
train_00462,Check,2026-04-08 08:01:00,1
train_00462,Assess,2026-04-08 08:02:00,2
train_00462,Decide,2026-04-08 08:03:00,3
train_00462,Notify,2026-04-08 08:04:00,4
train_00462,Archive,2026-04-08 08:05:00,5
train_00463,Register,2026-04-09 08:00:00,0
train_00463,Check,2026-04-09 08:01:00,1
train_00463,Assess,2026-04-09 08:02:00,2
train_00463,Decide,2026-04-09 08:03:00,3
train_00463,Notify,2026-04-09 08:04:00,4
train_00463,Archive,2026-04-09 08:05:00,5
train_00464,Register,2026-04-10 08:00:00,0
train_00464,Check,2026-04-10 08:01:00,1
train_00464,Assess,2026-04-10 08:02:00,2
train_00464,Decide,2026-04-10 08:03:00,3
train_00464,Notify,2026-04-10 08:04:00,4
train_00464,Archive,2026-04-10 08:05:00,5
train_00465,Register,2026-04-11 08:00:00,0
train_00465,Check,2026-04-11 08:01:00,1
train_00465,Assess,2026-04-11 08:02:00,2
train_00465,Decide,2026-04-11 08:03:00,3
train_00465,Notify,2026-04-11 08:04:00,4
train_00465,Archive,2026-04-11 08:05:00,5
train_00466,Register,2026-04-12 08:00:00,0
train_00466,Check,2026-04-12 08:01:00,1
train_00466,Assess,2026-04-12 08:02:00,2
train_00466,Decide,2026-04-12 08:03:00,3
train_00466,Notify,2026-04-12 08:04:00,4
train_00466,Archive,2026-04-12 08:05:00,5
train_00467,Register,2026-04-13 08:00:00,0
train_00467,Check,2026-04-13 08:01:00,1
train_00467,Assess,2026-04-13 08:02:00,2
train_00467,Decide,2026-04-13 08:03:00,3
train_00467,Notify,2026-04-13 08:04:00,4
train_00467,Archive,2026-04-13 08:05:00,5
train_00468,Register,2026-04-14 08:00:00,0
train_00468,Check,2026-04-14 08:01:00,1
train_00468,Assess,2026-04-14 08:02:00,2
train_00468,Decide,2026-04-14 08:03:00,3
train_00468,Notify,2026-04-14 08:04:00,4
train_00468,Archive,2026-04-14 08:05:00,5
train_00469,Register,2026-04-15 08:00:00,0
train_00469,Check,2026-04-15 08:01:00,1
train_00469,Assess,2026-04-15 08:02:00,2
train_00469,Decide,2026-04-15 08:03:00,3
train_00469,Notify,2026-04-15 08:04:00,4
train_00469,Archive,2026-04-15 08:05:00,5
train_00470,Register,2026-04-16 08:00:00,0
train_00470,Check,2026-04-16 08:01:00,1
train_00470,Assess,2026-04-16 08:02:00,2
train_00470,Decide,2026-04-16 08:03:00,3
train_00470,Notify,2026-04-16 08:04:00,4
train_00470,Archive,2026-04-16 08:05:00,5
train_00471,Register,2026-04-17 08:00:00,0
train_00471,Check,2026-04-17 08:01:00,1
train_00471,Assess,2026-04-17 08:02:00,2
train_00471,Decide,2026-04-17 08:03:00,3
train_00471,Notify,2026-04-17 08:04:00,4
train_00471,Archive,2026-04-17 08:05:00,5
train_00472,Register,2026-04-18 08:00:00,0
train_00472,Check,2026-04-18 08:01:00,1
train_00472,Assess,2026-04-18 08:02:00,2
train_00472,Decide,2026-04-18 08:03:00,3
train_00472,Notify,2026-04-18 08:04:00,4
train_00472,Archive,2026-04-18 08:05:00,5
train_00473,Register,2026-04-19 08:00:00,0
train_00473,Check,2026-04-19 08:01:00,1
train_00473,Assess,2026-04-19 08:02:00,2
train_00473,Decide,2026-04-19 08:03:00,3
train_00473,Notify,2026-04-19 08:04:00,4
train_00473,Archive,2026-04-19 08:05:00,5
train_00474,Register,2026-04-20 08:00:00,0
train_00474,Check,2026-04-20 08:01:00,1
train_00474,Assess,2026-04-20 08:02:00,2
train_00474,Decide,2026-04-20 08:03:00,3
train_00474,Notify,2026-04-20 08:04:00,4
train_00474,Archive,2026-04-20 08:05:00,5
train_00475,Register,2026-04-21 08:00:00,0
train_00475,Check,2026-04-21 08:01:00,1
train_00475,Assess,2026-04-21 08:02:00,2
train_00475,Decide,2026-04-21 08:03:00,3
train_00475,Notify,2026-04-21 08:04:00,4
train_00475,Archive,2026-04-21 08:05:00,5
train_00476,Register,2026-04-22 08:00:00,0
train_00476,Check,2026-04-22 08:01:00,1
train_00476,Assess,2026-04-22 08:02:00,2
train_00476,Decide,2026-04-22 08:03:00,3
train_00476,Notify,2026-04-22 08:04:00,4
train_00476,Archive,2026-04-22 08:05:00,5
train_00477,Register,2026-04-23 08:00:00,0
train_00477,Check,2026-04-23 08:01:00,1
train_00477,Assess,2026-04-23 08:02:00,2
train_00477,Decide,2026-04-23 08:03:00,3
train_00477,Notify,2026-04-23 08:04:00,4
train_00477,Archive,2026-04-23 08:05:00,5
train_00478,Register,2026-04-24 08:00:00,0
train_00478,Check,2026-04-24 08:01:00,1
train_00478,Assess,2026-04-24 08:02:00,2
train_00478,Decide,2026-04-24 08:03:00,3
train_00478,Notify,2026-04-24 08:04:00,4
train_00478,Archive,2026-04-24 08:05:00,5
train_00479,Register,2026-04-25 08:00:00,0
train_00479,Check,2026-04-25 08:01:00,1
train_00479,Assess,2026-04-25 08:02:00,2
train_00479,Decide,2026-04-25 08:03:00,3
train_00479,Notify,2026-04-25 08:04:00,4
train_00479,Archive,2026-04-25 08:05:00,5
train_00480,Register,2026-04-26 08:00:00,0
train_00480,Check,2026-04-26 08:01:00,1
train_00480,Assess,2026-04-26 08:02:00,2
train_00480,Decide,2026-04-26 08:03:00,3
train_00480,Notify,2026-04-26 08:04:00,4
train_00480,Archive,2026-04-26 08:05:00,5
train_00481,Register,2026-04-27 08:00:00,0
train_00481,Check,2026-04-27 08:01:00,1
train_00481,Assess,2026-04-27 08:02:00,2
train_00481,Decide,2026-04-27 08:03:00,3
train_00481,Notify,2026-04-27 08:04:00,4
train_00481,Archive,2026-04-27 08:05:00,5
train_00482,Register,2026-04-28 08:00:00,0
train_00482,Check,2026-04-28 08:01:00,1
train_00482,Assess,2026-04-28 08:02:00,2
train_00482,Decide,2026-04-28 08:03:00,3
train_00482,Notify,2026-04-28 08:04:00,4
train_00482,Archive,2026-04-28 08:05:00,5
train_00483,Register,2026-04-29 08:00:00,0
train_00483,Check,2026-04-29 08:01:00,1
train_00483,Assess,2026-04-29 08:02:00,2
train_00483,Decide,2026-04-29 08:03:00,3
train_00483,Notify,2026-04-29 08:04:00,4
train_00483,Archive,2026-04-29 08:05:00,5
train_00484,Register,2026-04-30 08:00:00,0
train_00484,Check,2026-04-30 08:01:00,1
train_00484,Assess,2026-04-30 08:02:00,2
train_00484,Decide,2026-04-30 08:03:00,3
train_00484,Notify,2026-04-30 08:04:00,4
train_00484,Archive,2026-04-30 08:05:00,5
train_00485,Register,2026-05-01 08:00:00,0
train_00485,Check,2026-05-01 08:01:00,1
train_00485,Assess,2026-05-01 08:02:00,2
train_00485,Decide,2026-05-01 08:03:00,3
train_00485,Notify,2026-05-01 08:04:00,4
train_00485,Archive,2026-05-01 08:05:00,5
train_00486,Register,2026-05-02 08:00:00,0
train_00486,Check,2026-05-02 08:01:00,1
train_00486,Assess,2026-05-02 08:02:00,2
train_00486,Decide,2026-05-02 08:03:00,3
train_00486,Notify,2026-05-02 08:04:00,4
train_00486,Archive,2026-05-02 08:05:00,5
train_00487,Register,2026-05-03 08:00:00,0
train_00487,Check,2026-05-03 08:01:00,1
train_00487,Assess,2026-05-03 08:02:00,2
train_00487,Decide,2026-05-03 08:03:00,3
train_00487,Notify,2026-05-03 08:04:00,4
train_00487,Archive,2026-05-03 08:05:00,5
train_00488,Register,2026-05-04 08:00:00,0
train_00488,Check,2026-05-04 08:01:00,1
train_00488,Assess,2026-05-04 08:02:00,2
train_00488,Decide,2026-05-04 08:03:00,3
train_00488,Notify,2026-05-04 08:04:00,4
train_00488,Archive,2026-05-04 08:05:00,5
train_00489,Register,2026-05-05 08:00:00,0
train_00489,Check,2026-05-05 08:01:00,1
train_00489,Assess,2026-05-05 08:02:00,2
train_00489,Decide,2026-05-05 08:03:00,3
train_00489,Notify,2026-05-05 08:04:00,4
train_00489,Archive,2026-05-05 08:05:00,5
train_00490,Register,2026-05-06 08:00:00,0
train_00490,Check,2026-05-06 08:01:00,1
train_00490,Assess,2026-05-06 08:02:00,2
train_00490,Decide,2026-05-06 08:03:00,3
train_00490,Notify,2026-05-06 08:04:00,4
train_00490,Archive,2026-05-06 08:05:00,5
train_00491,Register,2026-05-07 08:00:00,0
train_00491,Check,2026-05-07 08:01:00,1
train_00491,Assess,2026-05-07 08:02:00,2
train_00491,Decide,2026-05-07 08:03:00,3
train_00491,Notify,2026-05-07 08:04:00,4
train_00491,Archive,2026-05-07 08:05:00,5
train_00492,Register,2026-05-08 08:00:00,0
train_00492,Check,2026-05-08 08:01:00,1
train_00492,Assess,2026-05-08 08:02:00,2
train_00492,Decide,2026-05-08 08:03:00,3
train_00492,Notify,2026-05-08 08:04:00,4
train_00492,Archive,2026-05-08 08:05:00,5
train_00493,Register,2026-05-09 08:00:00,0
train_00493,Check,2026-05-09 08:01:00,1
train_00493,Assess,2026-05-09 08:02:00,2
train_00493,Decide,2026-05-09 08:03:00,3
train_00493,Notify,2026-05-09 08:04:00,4
train_00493,Archive,2026-05-09 08:05:00,5
train_00494,Register,2026-05-10 08:00:00,0
train_00494,Check,2026-05-10 08:01:00,1
train_00494,Assess,2026-05-10 08:02:00,2
train_00494,Decide,2026-05-10 08:03:00,3
train_00494,Notify,2026-05-10 08:04:00,4
train_00494,Archive,2026-05-10 08:05:00,5
train_00495,Register,2026-05-11 08:00:00,0
train_00495,Check,2026-05-11 08:01:00,1
train_00495,Assess,2026-05-11 08:02:00,2
train_00495,Decide,2026-05-11 08:03:00,3
train_00495,Notify,2026-05-11 08:04:00,4
train_00495,Archive,2026-05-11 08:05:00,5
train_00496,Register,2026-05-12 08:00:00,0
train_00496,Check,2026-05-12 08:01:00,1
train_00496,Assess,2026-05-12 08:02:00,2
train_00496,Decide,2026-05-12 08:03:00,3
train_00496,Notify,2026-05-12 08:04:00,4
train_00496,Archive,2026-05-12 08:05:00,5
train_00497,Register,2026-05-13 08:00:00,0
train_00497,Check,2026-05-13 08:01:00,1
train_00497,Assess,2026-05-13 08:02:00,2
train_00497,Decide,2026-05-13 08:03:00,3
train_00497,Notify,2026-05-13 08:04:00,4
train_00497,Archive,2026-05-13 08:05:00,5
train_00498,Register,2026-05-14 08:00:00,0
train_00498,Check,2026-05-14 08:01:00,1
train_00498,Assess,2026-05-14 08:02:00,2
train_00498,Decide,2026-05-14 08:03:00,3
train_00498,Notify,2026-05-14 08:04:00,4
train_00498,Archive,2026-05-14 08:05:00,5
train_00499,Register,2026-05-15 08:00:00,0
train_00499,Check,2026-05-15 08:01:00,1
train_00499,Assess,2026-05-15 08:02:00,2
train_00499,Decide,2026-05-15 08:03:00,3
train_00499,Notify,2026-05-15 08:04:00,4
train_00499,Archive,2026-05-15 08:05:00,5
train_00500,Register,2026-05-16 08:00:00,0
train_00500,Check,2026-05-16 08:01:00,1
train_00500,Assess,2026-05-16 08:02:00,2
train_00500,Decide,2026-05-16 08:03:00,3
train_00500,Notify,2026-05-16 08:04:00,4
train_00500,Archive,2026-05-16 08:05:00,5
train_00501,Register,2026-05-17 08:00:00,0
train_00501,Check,2026-05-17 08:01:00,1
train_00501,Assess,2026-05-17 08:02:00,2
train_00501,Decide,2026-05-17 08:03:00,3
train_00501,Notify,2026-05-17 08:04:00,4
train_00501,Archive,2026-05-17 08:05:00,5
train_00502,Register,2026-05-18 08:00:00,0
train_00502,Check,2026-05-18 08:01:00,1
train_00502,Assess,2026-05-18 08:02:00,2
train_00502,Decide,2026-05-18 08:03:00,3
train_00502,Notify,2026-05-18 08:04:00,4
train_00502,Archive,2026-05-18 08:05:00,5
train_00503,Register,2026-05-19 08:00:00,0
train_00503,Check,2026-05-19 08:01:00,1
train_00503,Assess,2026-05-19 08:02:00,2
train_00503,Decide,2026-05-19 08:03:00,3
train_00503,Notify,2026-05-19 08:04:00,4
train_00503,Archive,2026-05-19 08:05:00,5
train_00504,Register,2026-05-20 08:00:00,0
train_00504,Check,2026-05-20 08:01:00,1
train_00504,Assess,2026-05-20 08:02:00,2
train_00504,Decide,2026-05-20 08:03:00,3
train_00504,Notify,2026-05-20 08:04:00,4
train_00504,Archive,2026-05-20 08:05:00,5
train_00505,Register,2026-05-21 08:00:00,0
train_00505,Check,2026-05-21 08:01:00,1
train_00505,Assess,2026-05-21 08:02:00,2
train_00505,Decide,2026-05-21 08:03:00,3
train_00505,Notify,2026-05-21 08:04:00,4
train_00505,Archive,2026-05-21 08:05:00,5
train_00506,Register,2026-05-22 08:00:00,0
train_00506,Check,2026-05-22 08:01:00,1
train_00506,Assess,2026-05-22 08:02:00,2
train_00506,Decide,2026-05-22 08:03:00,3
train_00506,Notify,2026-05-22 08:04:00,4
train_00506,Archive,2026-05-22 08:05:00,5
train_00507,Register,2026-05-23 08:00:00,0
train_00507,Check,2026-05-23 08:01:00,1
train_00507,Assess,2026-05-23 08:02:00,2
train_00507,Decide,2026-05-23 08:03:00,3
train_00507,Notify,2026-05-23 08:04:00,4
train_00507,Archive,2026-05-23 08:05:00,5
train_00508,Register,2026-05-24 08:00:00,0
train_00508,Check,2026-05-24 08:01:00,1
train_00508,Assess,2026-05-24 08:02:00,2
train_00508,Decide,2026-05-24 08:03:00,3
train_00508,Notify,2026-05-24 08:04:00,4
train_00508,Archive,2026-05-24 08:05:00,5
train_00509,Register,2026-05-25 08:00:00,0
train_00509,Check,2026-05-25 08:01:00,1
train_00509,Assess,2026-05-25 08:02:00,2
train_00509,Decide,2026-05-25 08:03:00,3
train_00509,Notify,2026-05-25 08:04:00,4
train_00509,Archive,2026-05-25 08:05:00,5
train_00510,Register,2026-05-26 08:00:00,0
train_00510,Check,2026-05-26 08:01:00,1
train_00510,Assess,2026-05-26 08:02:00,2
train_00510,Decide,2026-05-26 08:03:00,3
train_00510,Notify,2026-05-26 08:04:00,4
train_00510,Archive,2026-05-26 08:05:00,5
train_00511,Register,2026-05-27 08:00:00,0
train_00511,Check,2026-05-27 08:01:00,1
train_00511,Assess,2026-05-27 08:02:00,2
train_00511,Decide,2026-05-27 08:03:00,3
train_00511,Notify,2026-05-27 08:04:00,4
train_00511,Archive,2026-05-27 08:05:00,5
train_00512,Register,2026-05-28 08:00:00,0
train_00512,Check,2026-05-28 08:01:00,1
train_00512,Assess,2026-05-28 08:02:00,2
train_00512,Decide,2026-05-28 08:03:00,3
train_00512,Notify,2026-05-28 08:04:00,4
train_00512,Archive,2026-05-28 08:05:00,5
train_00513,Register,2026-05-29 08:00:00,0
train_00513,Check,2026-05-29 08:01:00,1
train_00513,Assess,2026-05-29 08:02:00,2
train_00513,Manual review,2026-05-29 08:03:00,3
train_00513,Rework,2026-05-29 08:04:00,4
train_00513,Assess,2026-05-29 08:05:00,5
train_00513,Decide,2026-05-29 08:06:00,6
train_00513,Notify,2026-05-29 08:07:00,7
train_00513,Archive,2026-05-29 08:08:00,8
train_00514,Register,2026-05-30 08:00:00,0
train_00514,Check,2026-05-30 08:01:00,1
train_00514,Assess,2026-05-30 08:02:00,2
train_00514,Decide,2026-05-30 08:03:00,3
train_00514,Notify,2026-05-30 08:04:00,4
train_00514,Archive,2026-05-30 08:05:00,5
train_00515,Register,2026-05-31 08:00:00,0
train_00515,Check,2026-05-31 08:01:00,1
train_00515,Assess,2026-05-31 08:02:00,2
train_00515,Decide,2026-05-31 08:03:00,3
train_00515,Notify,2026-05-31 08:04:00,4
train_00515,Archive,2026-05-31 08:05:00,5
train_00516,Register,2026-06-01 08:00:00,0
train_00516,Check,2026-06-01 08:01:00,1
train_00516,Assess,2026-06-01 08:02:00,2
train_00516,Decide,2026-06-01 08:03:00,3
train_00516,Notify,2026-06-01 08:04:00,4
train_00516,Archive,2026-06-01 08:05:00,5
train_00517,Register,2026-06-02 08:00:00,0
train_00517,Check,2026-06-02 08:01:00,1
train_00517,Assess,2026-06-02 08:02:00,2
train_00517,Decide,2026-06-02 08:03:00,3
train_00517,Notify,2026-06-02 08:04:00,4
train_00517,Archive,2026-06-02 08:05:00,5
train_00518,Register,2026-06-03 08:00:00,0
train_00518,Check,2026-06-03 08:01:00,1
train_00518,Assess,2026-06-03 08:02:00,2
train_00518,Decide,2026-06-03 08:03:00,3
train_00518,Notify,2026-06-03 08:04:00,4
train_00518,Archive,2026-06-03 08:05:00,5
train_00519,Register,2026-06-04 08:00:00,0
train_00519,Check,2026-06-04 08:01:00,1
train_00519,Assess,2026-06-04 08:02:00,2
train_00519,Decide,2026-06-04 08:03:00,3
train_00519,Notify,2026-06-04 08:04:00,4
train_00519,Archive,2026-06-04 08:05:00,5
train_00520,Register,2026-06-05 08:00:00,0
train_00520,Check,2026-06-05 08:01:00,1
train_00520,Assess,2026-06-05 08:02:00,2
train_00520,Manual review,2026-06-05 08:03:00,3
train_00520,Rework,2026-06-05 08:04:00,4
train_00520,Assess,2026-06-05 08:05:00,5
train_00520,Decide,2026-06-05 08:06:00,6
train_00520,Notify,2026-06-05 08:07:00,7
train_00520,Archive,2026-06-05 08:08:00,8
train_00521,Register,2026-06-06 08:00:00,0
train_00521,Check,2026-06-06 08:01:00,1
train_00521,Assess,2026-06-06 08:02:00,2
train_00521,Decide,2026-06-06 08:03:00,3
train_00521,Notify,2026-06-06 08:04:00,4
train_00521,Archive,2026-06-06 08:05:00,5
train_00522,Register,2026-06-07 08:00:00,0
train_00522,Check,2026-06-07 08:01:00,1
train_00522,Assess,2026-06-07 08:02:00,2
train_00522,Decide,2026-06-07 08:03:00,3
train_00522,Notify,2026-06-07 08:04:00,4
train_00522,Archive,2026-06-07 08:05:00,5
train_00523,Register,2026-06-08 08:00:00,0
train_00523,Check,2026-06-08 08:01:00,1
train_00523,Assess,2026-06-08 08:02:00,2
train_00523,Decide,2026-06-08 08:03:00,3
train_00523,Notify,2026-06-08 08:04:00,4
train_00523,Archive,2026-06-08 08:05:00,5
train_00524,Register,2026-06-09 08:00:00,0
train_00524,Check,2026-06-09 08:01:00,1
train_00524,Assess,2026-06-09 08:02:00,2
train_00524,Decide,2026-06-09 08:03:00,3
train_00524,Notify,2026-06-09 08:04:00,4
train_00524,Archive,2026-06-09 08:05:00,5
train_00525,Register,2026-06-10 08:00:00,0
train_00525,Check,2026-06-10 08:01:00,1
train_00525,Assess,2026-06-10 08:02:00,2
train_00525,Decide,2026-06-10 08:03:00,3
train_00525,Notify,2026-06-10 08:04:00,4
train_00525,Archive,2026-06-10 08:05:00,5
train_00526,Register,2026-06-11 08:00:00,0
train_00526,Check,2026-06-11 08:01:00,1
train_00526,Assess,2026-06-11 08:02:00,2
train_00526,Decide,2026-06-11 08:03:00,3
train_00526,Notify,2026-06-11 08:04:00,4
train_00526,Archive,2026-06-11 08:05:00,5
train_00527,Register,2026-06-12 08:00:00,0
train_00527,Check,2026-06-12 08:01:00,1
train_00527,Assess,2026-06-12 08:02:00,2
train_00527,Decide,2026-06-12 08:03:00,3
train_00527,Notify,2026-06-12 08:04:00,4
train_00527,Archive,2026-06-12 08:05:00,5
train_00528,Register,2026-06-13 08:00:00,0
train_00528,Check,2026-06-13 08:01:00,1
train_00528,Assess,2026-06-13 08:02:00,2
train_00528,Decide,2026-06-13 08:03:00,3
train_00528,Notify,2026-06-13 08:04:00,4
train_00528,Archive,2026-06-13 08:05:00,5
train_00529,Register,2026-06-14 08:00:00,0
train_00529,Check,2026-06-14 08:01:00,1
train_00529,Assess,2026-06-14 08:02:00,2
train_00529,Decide,2026-06-14 08:03:00,3
train_00529,Notify,2026-06-14 08:04:00,4
train_00529,Archive,2026-06-14 08:05:00,5
train_00530,Register,2026-06-15 08:00:00,0
train_00530,Check,2026-06-15 08:01:00,1
train_00530,Assess,2026-06-15 08:02:00,2
train_00530,Decide,2026-06-15 08:03:00,3
train_00530,Notify,2026-06-15 08:04:00,4
train_00530,Archive,2026-06-15 08:05:00,5
train_00531,Register,2026-06-16 08:00:00,0
train_00531,Check,2026-06-16 08:01:00,1
train_00531,Assess,2026-06-16 08:02:00,2
train_00531,Decide,2026-06-16 08:03:00,3
train_00531,Notify,2026-06-16 08:04:00,4
train_00531,Archive,2026-06-16 08:05:00,5
train_00532,Register,2026-06-17 08:00:00,0
train_00532,Check,2026-06-17 08:01:00,1
train_00532,Assess,2026-06-17 08:02:00,2
train_00532,Manual review,2026-06-17 08:03:00,3
train_00532,Rework,2026-06-17 08:04:00,4
train_00532,Assess,2026-06-17 08:05:00,5
train_00532,Decide,2026-06-17 08:06:00,6
train_00532,Notify,2026-06-17 08:07:00,7
train_00532,Archive,2026-06-17 08:08:00,8
train_00533,Register,2026-06-18 08:00:00,0
train_00533,Check,2026-06-18 08:01:00,1
train_00533,Assess,2026-06-18 08:02:00,2
train_00533,Decide,2026-06-18 08:03:00,3
train_00533,Notify,2026-06-18 08:04:00,4
train_00533,Archive,2026-06-18 08:05:00,5
train_00534,Register,2026-06-19 08:00:00,0
train_00534,Check,2026-06-19 08:01:00,1
train_00534,Assess,2026-06-19 08:02:00,2
train_00534,Decide,2026-06-19 08:03:00,3
train_00534,Notify,2026-06-19 08:04:00,4
train_00534,Archive,2026-06-19 08:05:00,5
train_00535,Register,2026-06-20 08:00:00,0
train_00535,Check,2026-06-20 08:01:00,1
train_00535,Assess,2026-06-20 08:02:00,2
train_00535,Decide,2026-06-20 08:03:00,3
train_00535,Notify,2026-06-20 08:04:00,4
train_00535,Archive,2026-06-20 08:05:00,5
train_00536,Register,2026-06-21 08:00:00,0
train_00536,Check,2026-06-21 08:01:00,1
train_00536,Assess,2026-06-21 08:02:00,2
train_00536,Decide,2026-06-21 08:03:00,3
train_00536,Notify,2026-06-21 08:04:00,4
train_00536,Archive,2026-06-21 08:05:00,5
train_00537,Register,2026-06-22 08:00:00,0
train_00537,Check,2026-06-22 08:01:00,1
train_00537,Assess,2026-06-22 08:02:00,2
train_00537,Decide,2026-06-22 08:03:00,3
train_00537,Notify,2026-06-22 08:04:00,4
train_00537,Archive,2026-06-22 08:05:00,5
train_00538,Register,2026-06-23 08:00:00,0
train_00538,Check,2026-06-23 08:01:00,1
train_00538,Assess,2026-06-23 08:02:00,2
train_00538,Decide,2026-06-23 08:03:00,3
train_00538,Notify,2026-06-23 08:04:00,4
train_00538,Archive,2026-06-23 08:05:00,5
train_00539,Register,2026-06-24 08:00:00,0
train_00539,Check,2026-06-24 08:01:00,1
train_00539,Assess,2026-06-24 08:02:00,2
train_00539,Decide,2026-06-24 08:03:00,3
train_00539,Notify,2026-06-24 08:04:00,4
train_00539,Archive,2026-06-24 08:05:00,5
train_00540,Register,2026-06-25 08:00:00,0
train_00540,Check,2026-06-25 08:01:00,1
train_00540,Assess,2026-06-25 08:02:00,2
train_00540,Decide,2026-06-25 08:03:00,3
train_00540,Notify,2026-06-25 08:04:00,4
train_00540,Archive,2026-06-25 08:05:00,5
train_00541,Register,2026-06-26 08:00:00,0
train_00541,Check,2026-06-26 08:01:00,1
train_00541,Assess,2026-06-26 08:02:00,2
train_00541,Decide,2026-06-26 08:03:00,3
train_00541,Notify,2026-06-26 08:04:00,4
train_00541,Archive,2026-06-26 08:05:00,5
train_00542,Register,2026-06-27 08:00:00,0
train_00542,Check,2026-06-27 08:01:00,1
train_00542,Assess,2026-06-27 08:02:00,2
train_00542,Decide,2026-06-27 08:03:00,3
train_00542,Notify,2026-06-27 08:04:00,4
train_00542,Archive,2026-06-27 08:05:00,5
train_00543,Register,2026-06-28 08:00:00,0
train_00543,Check,2026-06-28 08:01:00,1
train_00543,Assess,2026-06-28 08:02:00,2
train_00543,Decide,2026-06-28 08:03:00,3
train_00543,Notify,2026-06-28 08:04:00,4
train_00543,Archive,2026-06-28 08:05:00,5
train_00544,Register,2026-06-29 08:00:00,0
train_00544,Check,2026-06-29 08:01:00,1
train_00544,Assess,2026-06-29 08:02:00,2
train_00544,Decide,2026-06-29 08:03:00,3
train_00544,Notify,2026-06-29 08:04:00,4
train_00544,Archive,2026-06-29 08:05:00,5
train_00545,Register,2026-06-30 08:00:00,0
train_00545,Check,2026-06-30 08:01:00,1
train_00545,Assess,2026-06-30 08:02:00,2
train_00545,Manual review,2026-06-30 08:03:00,3
train_00545,Rework,2026-06-30 08:04:00,4
train_00545,Assess,2026-06-30 08:05:00,5
train_00545,Decide,2026-06-30 08:06:00,6
train_00545,Notify,2026-06-30 08:07:00,7
train_00545,Archive,2026-06-30 08:08:00,8
train_00546,Register,2026-07-01 08:00:00,0
train_00546,Check,2026-07-01 08:01:00,1
train_00546,Assess,2026-07-01 08:02:00,2
train_00546,Decide,2026-07-01 08:03:00,3
train_00546,Notify,2026-07-01 08:04:00,4
train_00546,Archive,2026-07-01 08:05:00,5
train_00547,Register,2026-07-02 08:00:00,0
train_00547,Check,2026-07-02 08:01:00,1
train_00547,Assess,2026-07-02 08:02:00,2
train_00547,Decide,2026-07-02 08:03:00,3
train_00547,Notify,2026-07-02 08:04:00,4
train_00547,Archive,2026-07-02 08:05:00,5
train_00548,Register,2026-07-03 08:00:00,0
train_00548,Check,2026-07-03 08:01:00,1
train_00548,Assess,2026-07-03 08:02:00,2
train_00548,Decide,2026-07-03 08:03:00,3
train_00548,Notify,2026-07-03 08:04:00,4
train_00548,Archive,2026-07-03 08:05:00,5
train_00549,Register,2026-07-04 08:00:00,0
train_00549,Check,2026-07-04 08:01:00,1
train_00549,Assess,2026-07-04 08:02:00,2
train_00549,Decide,2026-07-04 08:03:00,3
train_00549,Notify,2026-07-04 08:04:00,4
train_00549,Archive,2026-07-04 08:05:00,5
train_00550,Register,2026-07-05 08:00:00,0
train_00550,Check,2026-07-05 08:01:00,1
train_00550,Assess,2026-07-05 08:02:00,2
train_00550,Manual review,2026-07-05 08:03:00,3
train_00550,Rework,2026-07-05 08:04:00,4
train_00550,Assess,2026-07-05 08:05:00,5
train_00550,Decide,2026-07-05 08:06:00,6
train_00550,Notify,2026-07-05 08:07:00,7
train_00550,Archive,2026-07-05 08:08:00,8
train_00551,Register,2026-07-06 08:00:00,0
train_00551,Check,2026-07-06 08:01:00,1
train_00551,Assess,2026-07-06 08:02:00,2
train_00551,Decide,2026-07-06 08:03:00,3
train_00551,Notify,2026-07-06 08:04:00,4
train_00551,Archive,2026-07-06 08:05:00,5
train_00552,Register,2026-07-07 08:00:00,0
train_00552,Check,2026-07-07 08:01:00,1
train_00552,Assess,2026-07-07 08:02:00,2
train_00552,Decide,2026-07-07 08:03:00,3
train_00552,Notify,2026-07-07 08:04:00,4
train_00552,Archive,2026-07-07 08:05:00,5
train_00553,Register,2026-07-08 08:00:00,0
train_00553,Check,2026-07-08 08:01:00,1
train_00553,Assess,2026-07-08 08:02:00,2
train_00553,Decide,2026-07-08 08:03:00,3
train_00553,Notify,2026-07-08 08:04:00,4
train_00553,Archive,2026-07-08 08:05:00,5
train_00554,Register,2026-07-09 08:00:00,0
train_00554,Check,2026-07-09 08:01:00,1
train_00554,Assess,2026-07-09 08:02:00,2
train_00554,Decide,2026-07-09 08:03:00,3
train_00554,Notify,2026-07-09 08:04:00,4
train_00554,Archive,2026-07-09 08:05:00,5
train_00555,Register,2026-07-10 08:00:00,0
train_00555,Check,2026-07-10 08:01:00,1
train_00555,Assess,2026-07-10 08:02:00,2
train_00555,Decide,2026-07-10 08:03:00,3
train_00555,Notify,2026-07-10 08:04:00,4
train_00555,Archive,2026-07-10 08:05:00,5
train_00556,Register,2026-07-11 08:00:00,0
train_00556,Check,2026-07-11 08:01:00,1
train_00556,Assess,2026-07-11 08:02:00,2
train_00556,Decide,2026-07-11 08:03:00,3
train_00556,Notify,2026-07-11 08:04:00,4
train_00556,Archive,2026-07-11 08:05:00,5
train_00557,Register,2026-07-12 08:00:00,0
train_00557,Check,2026-07-12 08:01:00,1
train_00557,Assess,2026-07-12 08:02:00,2
train_00557,Decide,2026-07-12 08:03:00,3
train_00557,Notify,2026-07-12 08:04:00,4
train_00557,Archive,2026-07-12 08:05:00,5
train_00558,Register,2026-07-13 08:00:00,0
train_00558,Check,2026-07-13 08:01:00,1
train_00558,Assess,2026-07-13 08:02:00,2
train_00558,Decide,2026-07-13 08:03:00,3
train_00558,Notify,2026-07-13 08:04:00,4
train_00558,Archive,2026-07-13 08:05:00,5
train_00559,Register,2026-07-14 08:00:00,0
train_00559,Check,2026-07-14 08:01:00,1
train_00559,Assess,2026-07-14 08:02:00,2
train_00559,Decide,2026-07-14 08:03:00,3
train_00559,Notify,2026-07-14 08:04:00,4
train_00559,Archive,2026-07-14 08:05:00,5
train_00560,Register,2026-07-15 08:00:00,0
train_00560,Check,2026-07-15 08:01:00,1
train_00560,Assess,2026-07-15 08:02:00,2
train_00560,Decide,2026-07-15 08:03:00,3
train_00560,Notify,2026-07-15 08:04:00,4
train_00560,Archive,2026-07-15 08:05:00,5
train_00561,Register,2026-07-16 08:00:00,0
train_00561,Check,2026-07-16 08:01:00,1
train_00561,Assess,2026-07-16 08:02:00,2
train_00561,Decide,2026-07-16 08:03:00,3
train_00561,Notify,2026-07-16 08:04:00,4
train_00561,Archive,2026-07-16 08:05:00,5
train_00562,Register,2026-07-17 08:00:00,0
train_00562,Check,2026-07-17 08:01:00,1
train_00562,Assess,2026-07-17 08:02:00,2
train_00562,Decide,2026-07-17 08:03:00,3
train_00562,Notify,2026-07-17 08:04:00,4
train_00562,Archive,2026-07-17 08:05:00,5
train_00563,Register,2026-07-18 08:00:00,0
train_00563,Check,2026-07-18 08:01:00,1
train_00563,Assess,2026-07-18 08:02:00,2
train_00563,Decide,2026-07-18 08:03:00,3
train_00563,Notify,2026-07-18 08:04:00,4
train_00563,Archive,2026-07-18 08:05:00,5
train_00564,Register,2026-07-19 08:00:00,0
train_00564,Check,2026-07-19 08:01:00,1
train_00564,Assess,2026-07-19 08:02:00,2
train_00564,Decide,2026-07-19 08:03:00,3
train_00564,Notify,2026-07-19 08:04:00,4
train_00564,Archive,2026-07-19 08:05:00,5
train_00565,Register,2026-07-20 08:00:00,0
train_00565,Check,2026-07-20 08:01:00,1
train_00565,Assess,2026-07-20 08:02:00,2
train_00565,Decide,2026-07-20 08:03:00,3
train_00565,Notify,2026-07-20 08:04:00,4
train_00565,Archive,2026-07-20 08:05:00,5
train_00566,Register,2026-07-21 08:00:00,0
train_00566,Check,2026-07-21 08:01:00,1
train_00566,Assess,2026-07-21 08:02:00,2
train_00566,Decide,2026-07-21 08:03:00,3
train_00566,Notify,2026-07-21 08:04:00,4
train_00566,Archive,2026-07-21 08:05:00,5
train_00567,Register,2026-07-22 08:00:00,0
train_00567,Check,2026-07-22 08:01:00,1
train_00567,Assess,2026-07-22 08:02:00,2
train_00567,Decide,2026-07-22 08:03:00,3
train_00567,Notify,2026-07-22 08:04:00,4
train_00567,Archive,2026-07-22 08:05:00,5
train_00568,Register,2026-07-23 08:00:00,0
train_00568,Check,2026-07-23 08:01:00,1
train_00568,Assess,2026-07-23 08:02:00,2
train_00568,Decide,2026-07-23 08:03:00,3
train_00568,Notify,2026-07-23 08:04:00,4
train_00568,Archive,2026-07-23 08:05:00,5
train_00569,Register,2026-07-24 08:00:00,0
train_00569,Check,2026-07-24 08:01:00,1
train_00569,Assess,2026-07-24 08:02:00,2
train_00569,Decide,2026-07-24 08:03:00,3
train_00569,Notify,2026-07-24 08:04:00,4
train_00569,Archive,2026-07-24 08:05:00,5
train_00570,Register,2026-07-25 08:00:00,0
train_00570,Check,2026-07-25 08:01:00,1
train_00570,Assess,2026-07-25 08:02:00,2
train_00570,Manual review,2026-07-25 08:03:00,3
train_00570,Rework,2026-07-25 08:04:00,4
train_00570,Assess,2026-07-25 08:05:00,5
train_00570,Decide,2026-07-25 08:06:00,6
train_00570,Notify,2026-07-25 08:07:00,7
train_00570,Archive,2026-07-25 08:08:00,8
train_00571,Register,2026-07-26 08:00:00,0
train_00571,Check,2026-07-26 08:01:00,1
train_00571,Assess,2026-07-26 08:02:00,2
train_00571,Decide,2026-07-26 08:03:00,3
train_00571,Notify,2026-07-26 08:04:00,4
train_00571,Archive,2026-07-26 08:05:00,5
train_00572,Register,2026-07-27 08:00:00,0
train_00572,Check,2026-07-27 08:01:00,1
train_00572,Assess,2026-07-27 08:02:00,2
train_00572,Decide,2026-07-27 08:03:00,3
train_00572,Notify,2026-07-27 08:04:00,4
train_00572,Archive,2026-07-27 08:05:00,5
train_00573,Register,2026-07-28 08:00:00,0
train_00573,Check,2026-07-28 08:01:00,1
train_00573,Assess,2026-07-28 08:02:00,2
train_00573,Decide,2026-07-28 08:03:00,3
train_00573,Notify,2026-07-28 08:04:00,4
train_00573,Archive,2026-07-28 08:05:00,5
train_00574,Register,2026-07-29 08:00:00,0
train_00574,Check,2026-07-29 08:01:00,1
train_00574,Assess,2026-07-29 08:02:00,2
train_00574,Decide,2026-07-29 08:03:00,3
train_00574,Notify,2026-07-29 08:04:00,4
train_00574,Archive,2026-07-29 08:05:00,5
train_00575,Register,2026-07-30 08:00:00,0
train_00575,Check,2026-07-30 08:01:00,1
train_00575,Assess,2026-07-30 08:02:00,2
train_00575,Decide,2026-07-30 08:03:00,3
train_00575,Notify,2026-07-30 08:04:00,4
train_00575,Archive,2026-07-30 08:05:00,5
train_00576,Register,2026-07-31 08:00:00,0
train_00576,Check,2026-07-31 08:01:00,1
train_00576,Assess,2026-07-31 08:02:00,2
train_00576,Decide,2026-07-31 08:03:00,3
train_00576,Notify,2026-07-31 08:04:00,4
train_00576,Archive,2026-07-31 08:05:00,5
train_00577,Register,2026-08-01 08:00:00,0
train_00577,Check,2026-08-01 08:01:00,1
train_00577,Assess,2026-08-01 08:02:00,2
train_00577,Decide,2026-08-01 08:03:00,3
train_00577,Notify,2026-08-01 08:04:00,4
train_00577,Archive,2026-08-01 08:05:00,5
train_00578,Register,2026-08-02 08:00:00,0
train_00578,Check,2026-08-02 08:01:00,1
train_00578,Assess,2026-08-02 08:02:00,2
train_00578,Decide,2026-08-02 08:03:00,3
train_00578,Notify,2026-08-02 08:04:00,4
train_00578,Archive,2026-08-02 08:05:00,5
train_00579,Register,2026-08-03 08:00:00,0
train_00579,Check,2026-08-03 08:01:00,1
train_00579,Assess,2026-08-03 08:02:00,2
train_00579,Decide,2026-08-03 08:03:00,3
train_00579,Notify,2026-08-03 08:04:00,4
train_00579,Archive,2026-08-03 08:05:00,5
train_00580,Register,2026-08-04 08:00:00,0
train_00580,Check,2026-08-04 08:01:00,1
train_00580,Assess,2026-08-04 08:02:00,2
train_00580,Decide,2026-08-04 08:03:00,3
train_00580,Notify,2026-08-04 08:04:00,4
train_00580,Archive,2026-08-04 08:05:00,5
train_00581,Register,2026-08-05 08:00:00,0
train_00581,Check,2026-08-05 08:01:00,1
train_00581,Assess,2026-08-05 08:02:00,2
train_00581,Decide,2026-08-05 08:03:00,3
train_00581,Notify,2026-08-05 08:04:00,4
train_00581,Archive,2026-08-05 08:05:00,5
train_00582,Register,2026-08-06 08:00:00,0
train_00582,Check,2026-08-06 08:01:00,1
train_00582,Assess,2026-08-06 08:02:00,2
train_00582,Decide,2026-08-06 08:03:00,3
train_00582,Notify,2026-08-06 08:04:00,4
train_00582,Archive,2026-08-06 08:05:00,5
train_00583,Register,2026-08-07 08:00:00,0
train_00583,Check,2026-08-07 08:01:00,1
train_00583,Assess,2026-08-07 08:02:00,2
train_00583,Decide,2026-08-07 08:03:00,3
train_00583,Notify,2026-08-07 08:04:00,4
train_00583,Archive,2026-08-07 08:05:00,5
train_00584,Register,2026-08-08 08:00:00,0
train_00584,Check,2026-08-08 08:01:00,1
train_00584,Assess,2026-08-08 08:02:00,2
train_00584,Decide,2026-08-08 08:03:00,3
train_00584,Notify,2026-08-08 08:04:00,4
train_00584,Archive,2026-08-08 08:05:00,5
train_00585,Register,2026-08-09 08:00:00,0
train_00585,Check,2026-08-09 08:01:00,1
train_00585,Assess,2026-08-09 08:02:00,2
train_00585,Decide,2026-08-09 08:03:00,3
train_00585,Notify,2026-08-09 08:04:00,4
train_00585,Archive,2026-08-09 08:05:00,5
train_00586,Register,2026-08-10 08:00:00,0
train_00586,Check,2026-08-10 08:01:00,1
train_00586,Assess,2026-08-10 08:02:00,2
train_00586,Decide,2026-08-10 08:03:00,3
train_00586,Notify,2026-08-10 08:04:00,4
train_00586,Archive,2026-08-10 08:05:00,5
train_00587,Register,2026-08-11 08:00:00,0
train_00587,Check,2026-08-11 08:01:00,1
train_00587,Assess,2026-08-11 08:02:00,2
train_00587,Decide,2026-08-11 08:03:00,3
train_00587,Notify,2026-08-11 08:04:00,4
train_00587,Archive,2026-08-11 08:05:00,5
train_00588,Register,2026-08-12 08:00:00,0
train_00588,Check,2026-08-12 08:01:00,1
train_00588,Assess,2026-08-12 08:02:00,2
train_00588,Decide,2026-08-12 08:03:00,3
train_00588,Notify,2026-08-12 08:04:00,4
train_00588,Archive,2026-08-12 08:05:00,5
train_00589,Register,2026-08-13 08:00:00,0
train_00589,Check,2026-08-13 08:01:00,1
train_00589,Assess,2026-08-13 08:02:00,2
train_00589,Decide,2026-08-13 08:03:00,3
train_00589,Notify,2026-08-13 08:04:00,4
train_00589,Archive,2026-08-13 08:05:00,5
train_00590,Register,2026-08-14 08:00:00,0
train_00590,Check,2026-08-14 08:01:00,1
train_00590,Assess,2026-08-14 08:02:00,2
train_00590,Decide,2026-08-14 08:03:00,3
train_00590,Notify,2026-08-14 08:04:00,4
train_00590,Archive,2026-08-14 08:05:00,5
train_00591,Register,2026-08-15 08:00:00,0
train_00591,Check,2026-08-15 08:01:00,1
train_00591,Assess,2026-08-15 08:02:00,2
train_00591,Decide,2026-08-15 08:03:00,3
train_00591,Notify,2026-08-15 08:04:00,4
train_00591,Archive,2026-08-15 08:05:00,5
train_00592,Register,2026-08-16 08:00:00,0
train_00592,Check,2026-08-16 08:01:00,1
train_00592,Assess,2026-08-16 08:02:00,2
train_00592,Manual review,2026-08-16 08:03:00,3
train_00592,Rework,2026-08-16 08:04:00,4
train_00592,Assess,2026-08-16 08:05:00,5
train_00592,Decide,2026-08-16 08:06:00,6
train_00592,Notify,2026-08-16 08:07:00,7
train_00592,Archive,2026-08-16 08:08:00,8
train_00593,Register,2026-08-17 08:00:00,0
train_00593,Check,2026-08-17 08:01:00,1
train_00593,Assess,2026-08-17 08:02:00,2
train_00593,Decide,2026-08-17 08:03:00,3
train_00593,Notify,2026-08-17 08:04:00,4
train_00593,Archive,2026-08-17 08:05:00,5
train_00594,Register,2026-08-18 08:00:00,0
train_00594,Check,2026-08-18 08:01:00,1
train_00594,Assess,2026-08-18 08:02:00,2
train_00594,Decide,2026-08-18 08:03:00,3
train_00594,Notify,2026-08-18 08:04:00,4
train_00594,Archive,2026-08-18 08:05:00,5
train_00595,Register,2026-08-19 08:00:00,0
train_00595,Check,2026-08-19 08:01:00,1
train_00595,Assess,2026-08-19 08:02:00,2
train_00595,Decide,2026-08-19 08:03:00,3
train_00595,Notify,2026-08-19 08:04:00,4
train_00595,Archive,2026-08-19 08:05:00,5
train_00596,Register,2026-08-20 08:00:00,0
train_00596,Check,2026-08-20 08:01:00,1
train_00596,Assess,2026-08-20 08:02:00,2
train_00596,Decide,2026-08-20 08:03:00,3
train_00596,Notify,2026-08-20 08:04:00,4
train_00596,Archive,2026-08-20 08:05:00,5
train_00597,Register,2026-08-21 08:00:00,0
train_00597,Check,2026-08-21 08:01:00,1
train_00597,Assess,2026-08-21 08:02:00,2
train_00597,Decide,2026-08-21 08:03:00,3
train_00597,Notify,2026-08-21 08:04:00,4
train_00597,Archive,2026-08-21 08:05:00,5
train_00598,Register,2026-08-22 08:00:00,0
train_00598,Check,2026-08-22 08:01:00,1
train_00598,Assess,2026-08-22 08:02:00,2
train_00598,Decide,2026-08-22 08:03:00,3
train_00598,Notify,2026-08-22 08:04:00,4
train_00598,Archive,2026-08-22 08:05:00,5
train_00599,Register,2026-08-23 08:00:00,0
train_00599,Check,2026-08-23 08:01:00,1
train_00599,Assess,2026-08-23 08:02:00,2
train_00599,Decide,2026-08-23 08:03:00,3
train_00599,Notify,2026-08-23 08:04:00,4
train_00599,Archive,2026-08-23 08:05:00,5
train_00600,Register,2026-08-24 08:00:00,0
train_00600,Check,2026-08-24 08:01:00,1
train_00600,Assess,2026-08-24 08:02:00,2
train_00600,Decide,2026-08-24 08:03:00,3
train_00600,Notify,2026-08-24 08:04:00,4
train_00600,Archive,2026-08-24 08:05:00,5
train_00601,Register,2026-08-25 08:00:00,0
train_00601,Check,2026-08-25 08:01:00,1
train_00601,Assess,2026-08-25 08:02:00,2
train_00601,Decide,2026-08-25 08:03:00,3
train_00601,Notify,2026-08-25 08:04:00,4
train_00601,Archive,2026-08-25 08:05:00,5
train_00602,Register,2026-08-26 08:00:00,0
train_00602,Check,2026-08-26 08:01:00,1
train_00602,Assess,2026-08-26 08:02:00,2
train_00602,Decide,2026-08-26 08:03:00,3
train_00602,Notify,2026-08-26 08:04:00,4
train_00602,Archive,2026-08-26 08:05:00,5
train_00603,Register,2026-08-27 08:00:00,0
train_00603,Check,2026-08-27 08:01:00,1
train_00603,Assess,2026-08-27 08:02:00,2
train_00603,Decide,2026-08-27 08:03:00,3
train_00603,Notify,2026-08-27 08:04:00,4
train_00603,Archive,2026-08-27 08:05:00,5
train_00604,Register,2026-08-28 08:00:00,0
train_00604,Check,2026-08-28 08:01:00,1
train_00604,Assess,2026-08-28 08:02:00,2
train_00604,Decide,2026-08-28 08:03:00,3
train_00604,Notify,2026-08-28 08:04:00,4
train_00604,Archive,2026-08-28 08:05:00,5
train_00605,Register,2026-08-29 08:00:00,0
train_00605,Check,2026-08-29 08:01:00,1
train_00605,Assess,2026-08-29 08:02:00,2
train_00605,Decide,2026-08-29 08:03:00,3
train_00605,Notify,2026-08-29 08:04:00,4
train_00605,Archive,2026-08-29 08:05:00,5
train_00606,Register,2026-08-30 08:00:00,0
train_00606,Check,2026-08-30 08:01:00,1
train_00606,Assess,2026-08-30 08:02:00,2
train_00606,Decide,2026-08-30 08:03:00,3
train_00606,Notify,2026-08-30 08:04:00,4
train_00606,Archive,2026-08-30 08:05:00,5
train_00607,Register,2026-08-31 08:00:00,0
train_00607,Check,2026-08-31 08:01:00,1
train_00607,Assess,2026-08-31 08:02:00,2
train_00607,Manual review,2026-08-31 08:03:00,3
train_00607,Rework,2026-08-31 08:04:00,4
train_00607,Assess,2026-08-31 08:05:00,5
train_00607,Decide,2026-08-31 08:06:00,6
train_00607,Notify,2026-08-31 08:07:00,7
train_00607,Archive,2026-08-31 08:08:00,8
train_00608,Register,2026-09-01 08:00:00,0
train_00608,Check,2026-09-01 08:01:00,1
train_00608,Assess,2026-09-01 08:02:00,2
train_00608,Decide,2026-09-01 08:03:00,3
train_00608,Notify,2026-09-01 08:04:00,4
train_00608,Archive,2026-09-01 08:05:00,5
train_00609,Register,2026-09-02 08:00:00,0
train_00609,Check,2026-09-02 08:01:00,1
train_00609,Assess,2026-09-02 08:02:00,2
train_00609,Decide,2026-09-02 08:03:00,3
train_00609,Notify,2026-09-02 08:04:00,4
train_00609,Archive,2026-09-02 08:05:00,5
train_00610,Register,2026-09-03 08:00:00,0
train_00610,Check,2026-09-03 08:01:00,1
train_00610,Assess,2026-09-03 08:02:00,2
train_00610,Decide,2026-09-03 08:03:00,3
train_00610,Notify,2026-09-03 08:04:00,4
train_00610,Archive,2026-09-03 08:05:00,5
train_00611,Register,2026-09-04 08:00:00,0
train_00611,Check,2026-09-04 08:01:00,1
train_00611,Assess,2026-09-04 08:02:00,2
train_00611,Decide,2026-09-04 08:03:00,3
train_00611,Notify,2026-09-04 08:04:00,4
train_00611,Archive,2026-09-04 08:05:00,5
train_00612,Register,2026-09-05 08:00:00,0
train_00612,Check,2026-09-05 08:01:00,1
train_00612,Assess,2026-09-05 08:02:00,2
train_00612,Decide,2026-09-05 08:03:00,3
train_00612,Notify,2026-09-05 08:04:00,4
train_00612,Archive,2026-09-05 08:05:00,5
train_00613,Register,2026-09-06 08:00:00,0
train_00613,Check,2026-09-06 08:01:00,1
train_00613,Assess,2026-09-06 08:02:00,2
train_00613,Decide,2026-09-06 08:03:00,3
train_00613,Notify,2026-09-06 08:04:00,4
train_00613,Archive,2026-09-06 08:05:00,5
train_00614,Register,2026-09-07 08:00:00,0
train_00614,Check,2026-09-07 08:01:00,1
train_00614,Assess,2026-09-07 08:02:00,2
train_00614,Decide,2026-09-07 08:03:00,3
train_00614,Notify,2026-09-07 08:04:00,4
train_00614,Archive,2026-09-07 08:05:00,5
train_00615,Register,2026-09-08 08:00:00,0
train_00615,Check,2026-09-08 08:01:00,1
train_00615,Assess,2026-09-08 08:02:00,2
train_00615,Decide,2026-09-08 08:03:00,3
train_00615,Notify,2026-09-08 08:04:00,4
train_00615,Archive,2026-09-08 08:05:00,5
train_00616,Register,2026-09-09 08:00:00,0
train_00616,Check,2026-09-09 08:01:00,1
train_00616,Assess,2026-09-09 08:02:00,2
train_00616,Decide,2026-09-09 08:03:00,3
train_00616,Notify,2026-09-09 08:04:00,4
train_00616,Archive,2026-09-09 08:05:00,5
train_00617,Register,2026-09-10 08:00:00,0
train_00617,Check,2026-09-10 08:01:00,1
train_00617,Assess,2026-09-10 08:02:00,2
train_00617,Decide,2026-09-10 08:03:00,3
train_00617,Notify,2026-09-10 08:04:00,4
train_00617,Archive,2026-09-10 08:05:00,5
train_00618,Register,2026-09-11 08:00:00,0
train_00618,Check,2026-09-11 08:01:00,1
train_00618,Assess,2026-09-11 08:02:00,2
train_00618,Decide,2026-09-11 08:03:00,3
train_00618,Notify,2026-09-11 08:04:00,4
train_00618,Archive,2026-09-11 08:05:00,5
train_00619,Register,2026-09-12 08:00:00,0
train_00619,Check,2026-09-12 08:01:00,1
train_00619,Assess,2026-09-12 08:02:00,2
train_00619,Decide,2026-09-12 08:03:00,3
train_00619,Notify,2026-09-12 08:04:00,4
train_00619,Archive,2026-09-12 08:05:00,5
train_00620,Register,2026-09-13 08:00:00,0
train_00620,Check,2026-09-13 08:01:00,1
train_00620,Assess,2026-09-13 08:02:00,2
train_00620,Decide,2026-09-13 08:03:00,3
train_00620,Notify,2026-09-13 08:04:00,4
train_00620,Archive,2026-09-13 08:05:00,5
train_00621,Register,2026-09-14 08:00:00,0
train_00621,Check,2026-09-14 08:01:00,1
train_00621,Assess,2026-09-14 08:02:00,2
train_00621,Decide,2026-09-14 08:03:00,3
train_00621,Notify,2026-09-14 08:04:00,4
train_00621,Archive,2026-09-14 08:05:00,5
train_00622,Register,2026-09-15 08:00:00,0
train_00622,Check,2026-09-15 08:01:00,1
train_00622,Assess,2026-09-15 08:02:00,2
train_00622,Decide,2026-09-15 08:03:00,3
train_00622,Notify,2026-09-15 08:04:00,4
train_00622,Archive,2026-09-15 08:05:00,5
train_00623,Register,2026-09-16 08:00:00,0
train_00623,Check,2026-09-16 08:01:00,1
train_00623,Assess,2026-09-16 08:02:00,2
train_00623,Decide,2026-09-16 08:03:00,3
train_00623,Notify,2026-09-16 08:04:00,4
train_00623,Archive,2026-09-16 08:05:00,5
train_00624,Register,2026-09-17 08:00:00,0
train_00624,Check,2026-09-17 08:01:00,1
train_00624,Assess,2026-09-17 08:02:00,2
train_00624,Decide,2026-09-17 08:03:00,3
train_00624,Notify,2026-09-17 08:04:00,4
train_00624,Archive,2026-09-17 08:05:00,5
train_00625,Register,2026-09-18 08:00:00,0
train_00625,Check,2026-09-18 08:01:00,1
train_00625,Assess,2026-09-18 08:02:00,2
train_00625,Decide,2026-09-18 08:03:00,3
train_00625,Notify,2026-09-18 08:04:00,4
train_00625,Archive,2026-09-18 08:05:00,5
train_00626,Register,2026-09-19 08:00:00,0
train_00626,Check,2026-09-19 08:01:00,1
train_00626,Assess,2026-09-19 08:02:00,2
train_00626,Decide,2026-09-19 08:03:00,3
train_00626,Notify,2026-09-19 08:04:00,4
train_00626,Archive,2026-09-19 08:05:00,5
train_00627,Register,2026-09-20 08:00:00,0
train_00627,Check,2026-09-20 08:01:00,1
train_00627,Assess,2026-09-20 08:02:00,2
train_00627,Decide,2026-09-20 08:03:00,3
train_00627,Notify,2026-09-20 08:04:00,4
train_00627,Archive,2026-09-20 08:05:00,5
train_00628,Register,2026-09-21 08:00:00,0
train_00628,Check,2026-09-21 08:01:00,1
train_00628,Assess,2026-09-21 08:02:00,2
train_00628,Decide,2026-09-21 08:03:00,3
train_00628,Notify,2026-09-21 08:04:00,4
train_00628,Archive,2026-09-21 08:05:00,5
train_00629,Register,2026-09-22 08:00:00,0
train_00629,Check,2026-09-22 08:01:00,1
train_00629,Assess,2026-09-22 08:02:00,2
train_00629,Decide,2026-09-22 08:03:00,3
train_00629,Notify,2026-09-22 08:04:00,4
train_00629,Archive,2026-09-22 08:05:00,5
train_00630,Register,2026-09-23 08:00:00,0
train_00630,Check,2026-09-23 08:01:00,1
train_00630,Assess,2026-09-23 08:02:00,2
train_00630,Decide,2026-09-23 08:03:00,3
train_00630,Notify,2026-09-23 08:04:00,4
train_00630,Archive,2026-09-23 08:05:00,5
train_00631,Register,2026-09-24 08:00:00,0
train_00631,Check,2026-09-24 08:01:00,1
train_00631,Assess,2026-09-24 08:02:00,2
train_00631,Decide,2026-09-24 08:03:00,3
train_00631,Notify,2026-09-24 08:04:00,4
train_00631,Archive,2026-09-24 08:05:00,5
train_00632,Register,2026-09-25 08:00:00,0
train_00632,Check,2026-09-25 08:01:00,1
train_00632,Assess,2026-09-25 08:02:00,2
train_00632,Decide,2026-09-25 08:03:00,3
train_00632,Notify,2026-09-25 08:04:00,4
train_00632,Archive,2026-09-25 08:05:00,5
train_00633,Register,2026-09-26 08:00:00,0
train_00633,Check,2026-09-26 08:01:00,1
train_00633,Assess,2026-09-26 08:02:00,2
train_00633,Decide,2026-09-26 08:03:00,3
train_00633,Notify,2026-09-26 08:04:00,4
train_00633,Archive,2026-09-26 08:05:00,5
train_00634,Register,2026-09-27 08:00:00,0
train_00634,Check,2026-09-27 08:01:00,1
train_00634,Assess,2026-09-27 08:02:00,2
train_00634,Decide,2026-09-27 08:03:00,3
train_00634,Notify,2026-09-27 08:04:00,4
train_00634,Archive,2026-09-27 08:05:00,5
train_00635,Register,2026-09-28 08:00:00,0
train_00635,Check,2026-09-28 08:01:00,1
train_00635,Assess,2026-09-28 08:02:00,2
train_00635,Decide,2026-09-28 08:03:00,3
train_00635,Notify,2026-09-28 08:04:00,4
train_00635,Archive,2026-09-28 08:05:00,5
train_00636,Register,2026-09-29 08:00:00,0
train_00636,Check,2026-09-29 08:01:00,1
train_00636,Assess,2026-09-29 08:02:00,2
train_00636,Decide,2026-09-29 08:03:00,3
train_00636,Notify,2026-09-29 08:04:00,4
train_00636,Archive,2026-09-29 08:05:00,5
train_00637,Register,2026-09-30 08:00:00,0
train_00637,Check,2026-09-30 08:01:00,1
train_00637,Assess,2026-09-30 08:02:00,2
train_00637,Decide,2026-09-30 08:03:00,3
train_00637,Notify,2026-09-30 08:04:00,4
train_00637,Archive,2026-09-30 08:05:00,5
train_00638,Register,2026-10-01 08:00:00,0
train_00638,Check,2026-10-01 08:01:00,1
train_00638,Assess,2026-10-01 08:02:00,2
train_00638,Decide,2026-10-01 08:03:00,3
train_00638,Notify,2026-10-01 08:04:00,4
train_00638,Archive,2026-10-01 08:05:00,5
train_00639,Register,2026-10-02 08:00:00,0
train_00639,Check,2026-10-02 08:01:00,1
train_00639,Assess,2026-10-02 08:02:00,2
train_00639,Decide,2026-10-02 08:03:00,3
train_00639,Notify,2026-10-02 08:04:00,4
train_00639,Archive,2026-10-02 08:05:00,5
train_00640,Register,2026-10-03 08:00:00,0
train_00640,Check,2026-10-03 08:01:00,1
train_00640,Assess,2026-10-03 08:02:00,2
train_00640,Decide,2026-10-03 08:03:00,3
train_00640,Notify,2026-10-03 08:04:00,4
train_00640,Archive,2026-10-03 08:05:00,5
train_00641,Register,2026-10-04 08:00:00,0
train_00641,Check,2026-10-04 08:01:00,1
train_00641,Assess,2026-10-04 08:02:00,2
train_00641,Decide,2026-10-04 08:03:00,3
train_00641,Notify,2026-10-04 08:04:00,4
train_00641,Archive,2026-10-04 08:05:00,5
train_00642,Register,2026-10-05 08:00:00,0
train_00642,Check,2026-10-05 08:01:00,1
train_00642,Assess,2026-10-05 08:02:00,2
train_00642,Decide,2026-10-05 08:03:00,3
train_00642,Notify,2026-10-05 08:04:00,4
train_00642,Archive,2026-10-05 08:05:00,5
train_00643,Register,2026-10-06 08:00:00,0
train_00643,Check,2026-10-06 08:01:00,1
train_00643,Assess,2026-10-06 08:02:00,2
train_00643,Decide,2026-10-06 08:03:00,3
train_00643,Notify,2026-10-06 08:04:00,4
train_00643,Archive,2026-10-06 08:05:00,5
train_00644,Register,2026-10-07 08:00:00,0
train_00644,Check,2026-10-07 08:01:00,1
train_00644,Assess,2026-10-07 08:02:00,2
train_00644,Decide,2026-10-07 08:03:00,3
train_00644,Notify,2026-10-07 08:04:00,4
train_00644,Archive,2026-10-07 08:05:00,5
train_00645,Register,2026-10-08 08:00:00,0
train_00645,Check,2026-10-08 08:01:00,1
train_00645,Assess,2026-10-08 08:02:00,2
train_00645,Decide,2026-10-08 08:03:00,3
train_00645,Notify,2026-10-08 08:04:00,4
train_00645,Archive,2026-10-08 08:05:00,5
train_00646,Register,2026-10-09 08:00:00,0
train_00646,Check,2026-10-09 08:01:00,1
train_00646,Assess,2026-10-09 08:02:00,2
train_00646,Decide,2026-10-09 08:03:00,3
train_00646,Notify,2026-10-09 08:04:00,4
train_00646,Archive,2026-10-09 08:05:00,5
train_00647,Register,2026-10-10 08:00:00,0
train_00647,Check,2026-10-10 08:01:00,1
train_00647,Assess,2026-10-10 08:02:00,2
train_00647,Decide,2026-10-10 08:03:00,3
train_00647,Notify,2026-10-10 08:04:00,4
train_00647,Archive,2026-10-10 08:05:00,5
train_00648,Register,2026-10-11 08:00:00,0
train_00648,Check,2026-10-11 08:01:00,1
train_00648,Assess,2026-10-11 08:02:00,2
train_00648,Manual review,2026-10-11 08:03:00,3
train_00648,Rework,2026-10-11 08:04:00,4
train_00648,Assess,2026-10-11 08:05:00,5
train_00648,Decide,2026-10-11 08:06:00,6
train_00648,Notify,2026-10-11 08:07:00,7
train_00648,Archive,2026-10-11 08:08:00,8
train_00649,Register,2026-10-12 08:00:00,0
train_00649,Check,2026-10-12 08:01:00,1
train_00649,Assess,2026-10-12 08:02:00,2
train_00649,Decide,2026-10-12 08:03:00,3
train_00649,Notify,2026-10-12 08:04:00,4
train_00649,Archive,2026-10-12 08:05:00,5
train_00650,Register,2026-10-13 08:00:00,0
train_00650,Check,2026-10-13 08:01:00,1
train_00650,Assess,2026-10-13 08:02:00,2
train_00650,Decide,2026-10-13 08:03:00,3
train_00650,Notify,2026-10-13 08:04:00,4
train_00650,Archive,2026-10-13 08:05:00,5
train_00651,Register,2026-10-14 08:00:00,0
train_00651,Check,2026-10-14 08:01:00,1
train_00651,Assess,2026-10-14 08:02:00,2
train_00651,Decide,2026-10-14 08:03:00,3
train_00651,Notify,2026-10-14 08:04:00,4
train_00651,Archive,2026-10-14 08:05:00,5
train_00652,Register,2026-10-15 08:00:00,0
train_00652,Check,2026-10-15 08:01:00,1
train_00652,Assess,2026-10-15 08:02:00,2
train_00652,Decide,2026-10-15 08:03:00,3
train_00652,Notify,2026-10-15 08:04:00,4
train_00652,Archive,2026-10-15 08:05:00,5
train_00653,Register,2026-10-16 08:00:00,0
train_00653,Check,2026-10-16 08:01:00,1
train_00653,Assess,2026-10-16 08:02:00,2
train_00653,Decide,2026-10-16 08:03:00,3
train_00653,Notify,2026-10-16 08:04:00,4
train_00653,Archive,2026-10-16 08:05:00,5
train_00654,Register,2026-10-17 08:00:00,0
train_00654,Check,2026-10-17 08:01:00,1
train_00654,Assess,2026-10-17 08:02:00,2
train_00654,Decide,2026-10-17 08:03:00,3
train_00654,Notify,2026-10-17 08:04:00,4
train_00654,Archive,2026-10-17 08:05:00,5
train_00655,Register,2026-10-18 08:00:00,0
train_00655,Check,2026-10-18 08:01:00,1
train_00655,Assess,2026-10-18 08:02:00,2
train_00655,Decide,2026-10-18 08:03:00,3
train_00655,Notify,2026-10-18 08:04:00,4
train_00655,Archive,2026-10-18 08:05:00,5
train_00656,Register,2026-10-19 08:00:00,0
train_00656,Check,2026-10-19 08:01:00,1
train_00656,Assess,2026-10-19 08:02:00,2
train_00656,Decide,2026-10-19 08:03:00,3
train_00656,Notify,2026-10-19 08:04:00,4
train_00656,Archive,2026-10-19 08:05:00,5
train_00657,Register,2026-10-20 08:00:00,0
train_00657,Check,2026-10-20 08:01:00,1
train_00657,Assess,2026-10-20 08:02:00,2
train_00657,Manual review,2026-10-20 08:03:00,3
train_00657,Rework,2026-10-20 08:04:00,4
train_00657,Assess,2026-10-20 08:05:00,5
train_00657,Decide,2026-10-20 08:06:00,6
train_00657,Notify,2026-10-20 08:07:00,7
train_00657,Archive,2026-10-20 08:08:00,8
train_00658,Register,2026-10-21 08:00:00,0
train_00658,Check,2026-10-21 08:01:00,1
train_00658,Assess,2026-10-21 08:02:00,2
train_00658,Decide,2026-10-21 08:03:00,3
train_00658,Notify,2026-10-21 08:04:00,4
train_00658,Archive,2026-10-21 08:05:00,5
train_00659,Register,2026-10-22 08:00:00,0
train_00659,Check,2026-10-22 08:01:00,1
train_00659,Assess,2026-10-22 08:02:00,2
train_00659,Decide,2026-10-22 08:03:00,3
train_00659,Notify,2026-10-22 08:04:00,4
train_00659,Archive,2026-10-22 08:05:00,5
train_00660,Register,2026-10-23 08:00:00,0
train_00660,Check,2026-10-23 08:01:00,1
train_00660,Assess,2026-10-23 08:02:00,2
train_00660,Decide,2026-10-23 08:03:00,3
train_00660,Notify,2026-10-23 08:04:00,4
train_00660,Archive,2026-10-23 08:05:00,5
train_00661,Register,2026-10-24 08:00:00,0
train_00661,Check,2026-10-24 08:01:00,1
train_00661,Assess,2026-10-24 08:02:00,2
train_00661,Decide,2026-10-24 08:03:00,3
train_00661,Notify,2026-10-24 08:04:00,4
train_00661,Archive,2026-10-24 08:05:00,5
train_00662,Register,2026-10-25 08:00:00,0
train_00662,Check,2026-10-25 08:01:00,1
train_00662,Assess,2026-10-25 08:02:00,2
train_00662,Decide,2026-10-25 08:03:00,3
train_00662,Notify,2026-10-25 08:04:00,4
train_00662,Archive,2026-10-25 08:05:00,5
train_00663,Register,2026-10-26 08:00:00,0
train_00663,Check,2026-10-26 08:01:00,1
train_00663,Assess,2026-10-26 08:02:00,2
train_00663,Decide,2026-10-26 08:03:00,3
train_00663,Notify,2026-10-26 08:04:00,4
train_00663,Archive,2026-10-26 08:05:00,5
train_00664,Register,2026-10-27 08:00:00,0
train_00664,Check,2026-10-27 08:01:00,1
train_00664,Assess,2026-10-27 08:02:00,2
train_00664,Decide,2026-10-27 08:03:00,3
train_00664,Notify,2026-10-27 08:04:00,4
train_00664,Archive,2026-10-27 08:05:00,5
train_00665,Register,2026-10-28 08:00:00,0
train_00665,Check,2026-10-28 08:01:00,1
train_00665,Assess,2026-10-28 08:02:00,2
train_00665,Manual review,2026-10-28 08:03:00,3
train_00665,Rework,2026-10-28 08:04:00,4
train_00665,Assess,2026-10-28 08:05:00,5
train_00665,Decide,2026-10-28 08:06:00,6
train_00665,Notify,2026-10-28 08:07:00,7
train_00665,Archive,2026-10-28 08:08:00,8
train_00666,Register,2026-10-29 08:00:00,0
train_00666,Check,2026-10-29 08:01:00,1
train_00666,Assess,2026-10-29 08:02:00,2
train_00666,Decide,2026-10-29 08:03:00,3
train_00666,Notify,2026-10-29 08:04:00,4
train_00666,Archive,2026-10-29 08:05:00,5
train_00667,Register,2026-10-30 08:00:00,0
train_00667,Check,2026-10-30 08:01:00,1
train_00667,Assess,2026-10-30 08:02:00,2
train_00667,Decide,2026-10-30 08:03:00,3
train_00667,Notify,2026-10-30 08:04:00,4
train_00667,Archive,2026-10-30 08:05:00,5
train_00668,Register,2026-10-31 08:00:00,0
train_00668,Check,2026-10-31 08:01:00,1
train_00668,Assess,2026-10-31 08:02:00,2
train_00668,Decide,2026-10-31 08:03:00,3
train_00668,Notify,2026-10-31 08:04:00,4
train_00668,Archive,2026-10-31 08:05:00,5
train_00669,Register,2026-11-01 08:00:00,0
train_00669,Check,2026-11-01 08:01:00,1
train_00669,Assess,2026-11-01 08:02:00,2
train_00669,Decide,2026-11-01 08:03:00,3
train_00669,Notify,2026-11-01 08:04:00,4
train_00669,Archive,2026-11-01 08:05:00,5
train_00670,Register,2026-11-02 08:00:00,0
train_00670,Check,2026-11-02 08:01:00,1
train_00670,Assess,2026-11-02 08:02:00,2
train_00670,Decide,2026-11-02 08:03:00,3
train_00670,Notify,2026-11-02 08:04:00,4
train_00670,Archive,2026-11-02 08:05:00,5
train_00671,Register,2026-11-03 08:00:00,0
train_00671,Check,2026-11-03 08:01:00,1
train_00671,Assess,2026-11-03 08:02:00,2
train_00671,Decide,2026-11-03 08:03:00,3
train_00671,Notify,2026-11-03 08:04:00,4
train_00671,Archive,2026-11-03 08:05:00,5
train_00672,Register,2026-11-04 08:00:00,0
train_00672,Check,2026-11-04 08:01:00,1
train_00672,Assess,2026-11-04 08:02:00,2
train_00672,Decide,2026-11-04 08:03:00,3
train_00672,Notify,2026-11-04 08:04:00,4
train_00672,Archive,2026-11-04 08:05:00,5
train_00673,Register,2026-11-05 08:00:00,0
train_00673,Check,2026-11-05 08:01:00,1
train_00673,Assess,2026-11-05 08:02:00,2
train_00673,Decide,2026-11-05 08:03:00,3
train_00673,Notify,2026-11-05 08:04:00,4
train_00673,Archive,2026-11-05 08:05:00,5
train_00674,Register,2026-11-06 08:00:00,0
train_00674,Check,2026-11-06 08:01:00,1
train_00674,Assess,2026-11-06 08:02:00,2
train_00674,Decide,2026-11-06 08:03:00,3
train_00674,Notify,2026-11-06 08:04:00,4
train_00674,Archive,2026-11-06 08:05:00,5
train_00675,Register,2026-11-07 08:00:00,0
train_00675,Check,2026-11-07 08:01:00,1
train_00675,Assess,2026-11-07 08:02:00,2
train_00675,Decide,2026-11-07 08:03:00,3
train_00675,Notify,2026-11-07 08:04:00,4
train_00675,Archive,2026-11-07 08:05:00,5
train_00676,Register,2026-11-08 08:00:00,0
train_00676,Check,2026-11-08 08:01:00,1
train_00676,Assess,2026-11-08 08:02:00,2
train_00676,Manual review,2026-11-08 08:03:00,3
train_00676,Rework,2026-11-08 08:04:00,4
train_00676,Assess,2026-11-08 08:05:00,5
train_00676,Decide,2026-11-08 08:06:00,6
train_00676,Notify,2026-11-08 08:07:00,7
train_00676,Archive,2026-11-08 08:08:00,8
train_00677,Register,2026-11-09 08:00:00,0
train_00677,Check,2026-11-09 08:01:00,1
train_00677,Assess,2026-11-09 08:02:00,2
train_00677,Decide,2026-11-09 08:03:00,3
train_00677,Notify,2026-11-09 08:04:00,4
train_00677,Archive,2026-11-09 08:05:00,5
train_00678,Register,2026-11-10 08:00:00,0
train_00678,Check,2026-11-10 08:01:00,1
train_00678,Assess,2026-11-10 08:02:00,2
train_00678,Decide,2026-11-10 08:03:00,3
train_00678,Notify,2026-11-10 08:04:00,4
train_00678,Archive,2026-11-10 08:05:00,5
train_00679,Register,2026-11-11 08:00:00,0
train_00679,Check,2026-11-11 08:01:00,1
train_00679,Assess,2026-11-11 08:02:00,2
train_00679,Decide,2026-11-11 08:03:00,3
train_00679,Notify,2026-11-11 08:04:00,4
train_00679,Archive,2026-11-11 08:05:00,5
train_00680,Register,2026-11-12 08:00:00,0
train_00680,Check,2026-11-12 08:01:00,1
train_00680,Assess,2026-11-12 08:02:00,2
train_00680,Decide,2026-11-12 08:03:00,3
train_00680,Notify,2026-11-12 08:04:00,4
train_00680,Archive,2026-11-12 08:05:00,5
train_00681,Register,2026-11-13 08:00:00,0
train_00681,Check,2026-11-13 08:01:00,1
train_00681,Assess,2026-11-13 08:02:00,2
train_00681,Decide,2026-11-13 08:03:00,3
train_00681,Notify,2026-11-13 08:04:00,4
train_00681,Archive,2026-11-13 08:05:00,5
train_00682,Register,2026-11-14 08:00:00,0
train_00682,Check,2026-11-14 08:01:00,1
train_00682,Assess,2026-11-14 08:02:00,2
train_00682,Decide,2026-11-14 08:03:00,3
train_00682,Notify,2026-11-14 08:04:00,4
train_00682,Archive,2026-11-14 08:05:00,5
train_00683,Register,2026-11-15 08:00:00,0
train_00683,Check,2026-11-15 08:01:00,1
train_00683,Assess,2026-11-15 08:02:00,2
train_00683,Manual review,2026-11-15 08:03:00,3
train_00683,Rework,2026-11-15 08:04:00,4
train_00683,Assess,2026-11-15 08:05:00,5
train_00683,Decide,2026-11-15 08:06:00,6
train_00683,Notify,2026-11-15 08:07:00,7
train_00683,Archive,2026-11-15 08:08:00,8
train_00684,Register,2026-11-16 08:00:00,0
train_00684,Check,2026-11-16 08:01:00,1
train_00684,Assess,2026-11-16 08:02:00,2
train_00684,Decide,2026-11-16 08:03:00,3
train_00684,Notify,2026-11-16 08:04:00,4
train_00684,Archive,2026-11-16 08:05:00,5
train_00685,Register,2026-11-17 08:00:00,0
train_00685,Check,2026-11-17 08:01:00,1
train_00685,Assess,2026-11-17 08:02:00,2
train_00685,Decide,2026-11-17 08:03:00,3
train_00685,Notify,2026-11-17 08:04:00,4
train_00685,Archive,2026-11-17 08:05:00,5
train_00686,Register,2026-11-18 08:00:00,0
train_00686,Check,2026-11-18 08:01:00,1
train_00686,Assess,2026-11-18 08:02:00,2
train_00686,Decide,2026-11-18 08:03:00,3
train_00686,Notify,2026-11-18 08:04:00,4
train_00686,Archive,2026-11-18 08:05:00,5
train_00687,Register,2026-11-19 08:00:00,0
train_00687,Check,2026-11-19 08:01:00,1
train_00687,Assess,2026-11-19 08:02:00,2
train_00687,Decide,2026-11-19 08:03:00,3
train_00687,Notify,2026-11-19 08:04:00,4
train_00687,Archive,2026-11-19 08:05:00,5
train_00688,Register,2026-11-20 08:00:00,0
train_00688,Check,2026-11-20 08:01:00,1
train_00688,Assess,2026-11-20 08:02:00,2
train_00688,Decide,2026-11-20 08:03:00,3
train_00688,Notify,2026-11-20 08:04:00,4
train_00688,Archive,2026-11-20 08:05:00,5
train_00689,Register,2026-11-21 08:00:00,0
train_00689,Check,2026-11-21 08:01:00,1
train_00689,Assess,2026-11-21 08:02:00,2
train_00689,Decide,2026-11-21 08:03:00,3
train_00689,Notify,2026-11-21 08:04:00,4
train_00689,Archive,2026-11-21 08:05:00,5
train_00690,Register,2026-11-22 08:00:00,0
train_00690,Check,2026-11-22 08:01:00,1
train_00690,Assess,2026-11-22 08:02:00,2
train_00690,Decide,2026-11-22 08:03:00,3
train_00690,Notify,2026-11-22 08:04:00,4
train_00690,Archive,2026-11-22 08:05:00,5
train_00691,Register,2026-11-23 08:00:00,0
train_00691,Check,2026-11-23 08:01:00,1
train_00691,Assess,2026-11-23 08:02:00,2
train_00691,Decide,2026-11-23 08:03:00,3
train_00691,Notify,2026-11-23 08:04:00,4
train_00691,Archive,2026-11-23 08:05:00,5
train_00692,Register,2026-11-24 08:00:00,0
train_00692,Check,2026-11-24 08:01:00,1
train_00692,Assess,2026-11-24 08:02:00,2
train_00692,Decide,2026-11-24 08:03:00,3
train_00692,Notify,2026-11-24 08:04:00,4
train_00692,Archive,2026-11-24 08:05:00,5
train_00693,Register,2026-11-25 08:00:00,0
train_00693,Check,2026-11-25 08:01:00,1
train_00693,Assess,2026-11-25 08:02:00,2
train_00693,Manual review,2026-11-25 08:03:00,3
train_00693,Rework,2026-11-25 08:04:00,4
train_00693,Assess,2026-11-25 08:05:00,5
train_00693,Decide,2026-11-25 08:06:00,6
train_00693,Notify,2026-11-25 08:07:00,7
train_00693,Archive,2026-11-25 08:08:00,8
train_00694,Register,2026-11-26 08:00:00,0
train_00694,Check,2026-11-26 08:01:00,1
train_00694,Assess,2026-11-26 08:02:00,2
train_00694,Decide,2026-11-26 08:03:00,3
train_00694,Notify,2026-11-26 08:04:00,4
train_00694,Archive,2026-11-26 08:05:00,5
train_00695,Register,2026-11-27 08:00:00,0
train_00695,Check,2026-11-27 08:01:00,1
train_00695,Assess,2026-11-27 08:02:00,2
train_00695,Decide,2026-11-27 08:03:00,3
train_00695,Notify,2026-11-27 08:04:00,4
train_00695,Archive,2026-11-27 08:05:00,5
train_00696,Register,2026-11-28 08:00:00,0
train_00696,Check,2026-11-28 08:01:00,1
train_00696,Assess,2026-11-28 08:02:00,2
train_00696,Decide,2026-11-28 08:03:00,3
train_00696,Notify,2026-11-28 08:04:00,4
train_00696,Archive,2026-11-28 08:05:00,5
train_00697,Register,2026-11-29 08:00:00,0
train_00697,Check,2026-11-29 08:01:00,1
train_00697,Assess,2026-11-29 08:02:00,2
train_00697,Decide,2026-11-29 08:03:00,3
train_00697,Notify,2026-11-29 08:04:00,4
train_00697,Archive,2026-11-29 08:05:00,5
train_00698,Register,2026-11-30 08:00:00,0
train_00698,Check,2026-11-30 08:01:00,1
train_00698,Assess,2026-11-30 08:02:00,2
train_00698,Decide,2026-11-30 08:03:00,3
train_00698,Notify,2026-11-30 08:04:00,4
train_00698,Archive,2026-11-30 08:05:00,5
train_00699,Register,2026-12-01 08:00:00,0
train_00699,Check,2026-12-01 08:01:00,1
train_00699,Assess,2026-12-01 08:02:00,2
train_00699,Decide,2026-12-01 08:03:00,3
train_00699,Notify,2026-12-01 08:04:00,4
train_00699,Archive,2026-12-01 08:05:00,5
train_00700,Register,2026-12-02 08:00:00,0
train_00700,Check,2026-12-02 08:01:00,1
train_00700,Assess,2026-12-02 08:02:00,2
train_00700,Decide,2026-12-02 08:03:00,3
train_00700,Notify,2026-12-02 08:04:00,4
train_00700,Archive,2026-12-02 08:05:00,5
train_00701,Register,2026-12-03 08:00:00,0
train_00701,Check,2026-12-03 08:01:00,1
train_00701,Assess,2026-12-03 08:02:00,2
train_00701,Decide,2026-12-03 08:03:00,3
train_00701,Notify,2026-12-03 08:04:00,4
train_00701,Archive,2026-12-03 08:05:00,5
train_00702,Register,2026-12-04 08:00:00,0
train_00702,Check,2026-12-04 08:01:00,1
train_00702,Assess,2026-12-04 08:02:00,2
train_00702,Decide,2026-12-04 08:03:00,3
train_00702,Notify,2026-12-04 08:04:00,4
train_00702,Archive,2026-12-04 08:05:00,5
train_00703,Register,2026-12-05 08:00:00,0
train_00703,Check,2026-12-05 08:01:00,1
train_00703,Assess,2026-12-05 08:02:00,2
train_00703,Decide,2026-12-05 08:03:00,3
train_00703,Notify,2026-12-05 08:04:00,4
train_00703,Archive,2026-12-05 08:05:00,5
train_00704,Register,2026-12-06 08:00:00,0
train_00704,Check,2026-12-06 08:01:00,1
train_00704,Assess,2026-12-06 08:02:00,2
train_00704,Decide,2026-12-06 08:03:00,3
train_00704,Notify,2026-12-06 08:04:00,4
train_00704,Archive,2026-12-06 08:05:00,5
train_00705,Register,2026-12-07 08:00:00,0
train_00705,Check,2026-12-07 08:01:00,1
train_00705,Assess,2026-12-07 08:02:00,2
train_00705,Decide,2026-12-07 08:03:00,3
train_00705,Notify,2026-12-07 08:04:00,4
train_00705,Archive,2026-12-07 08:05:00,5
train_00706,Register,2026-12-08 08:00:00,0
train_00706,Check,2026-12-08 08:01:00,1
train_00706,Assess,2026-12-08 08:02:00,2
train_00706,Decide,2026-12-08 08:03:00,3
train_00706,Notify,2026-12-08 08:04:00,4
train_00706,Archive,2026-12-08 08:05:00,5
train_00707,Register,2026-12-09 08:00:00,0
train_00707,Check,2026-12-09 08:01:00,1
train_00707,Assess,2026-12-09 08:02:00,2
train_00707,Decide,2026-12-09 08:03:00,3
train_00707,Notify,2026-12-09 08:04:00,4
train_00707,Archive,2026-12-09 08:05:00,5
train_00708,Register,2026-12-10 08:00:00,0
train_00708,Check,2026-12-10 08:01:00,1
train_00708,Assess,2026-12-10 08:02:00,2
train_00708,Decide,2026-12-10 08:03:00,3
train_00708,Notify,2026-12-10 08:04:00,4
train_00708,Archive,2026-12-10 08:05:00,5
train_00709,Register,2026-12-11 08:00:00,0
train_00709,Check,2026-12-11 08:01:00,1
train_00709,Assess,2026-12-11 08:02:00,2
train_00709,Decide,2026-12-11 08:03:00,3
train_00709,Notify,2026-12-11 08:04:00,4
train_00709,Archive,2026-12-11 08:05:00,5
train_00710,Register,2026-12-12 08:00:00,0
train_00710,Check,2026-12-12 08:01:00,1
train_00710,Assess,2026-12-12 08:02:00,2
train_00710,Decide,2026-12-12 08:03:00,3
train_00710,Notify,2026-12-12 08:04:00,4
train_00710,Archive,2026-12-12 08:05:00,5
train_00711,Register,2026-12-13 08:00:00,0
train_00711,Check,2026-12-13 08:01:00,1
train_00711,Assess,2026-12-13 08:02:00,2
train_00711,Decide,2026-12-13 08:03:00,3
train_00711,Notify,2026-12-13 08:04:00,4
train_00711,Archive,2026-12-13 08:05:00,5
train_00712,Register,2026-12-14 08:00:00,0
train_00712,Check,2026-12-14 08:01:00,1
train_00712,Assess,2026-12-14 08:02:00,2
train_00712,Decide,2026-12-14 08:03:00,3
train_00712,Notify,2026-12-14 08:04:00,4
train_00712,Archive,2026-12-14 08:05:00,5
train_00713,Register,2026-12-15 08:00:00,0
train_00713,Check,2026-12-15 08:01:00,1
train_00713,Assess,2026-12-15 08:02:00,2
train_00713,Decide,2026-12-15 08:03:00,3
train_00713,Notify,2026-12-15 08:04:00,4
train_00713,Archive,2026-12-15 08:05:00,5
train_00714,Register,2026-12-16 08:00:00,0
train_00714,Check,2026-12-16 08:01:00,1
train_00714,Assess,2026-12-16 08:02:00,2
train_00714,Decide,2026-12-16 08:03:00,3
train_00714,Notify,2026-12-16 08:04:00,4
train_00714,Archive,2026-12-16 08:05:00,5
train_00715,Register,2026-12-17 08:00:00,0
train_00715,Check,2026-12-17 08:01:00,1
train_00715,Assess,2026-12-17 08:02:00,2
train_00715,Decide,2026-12-17 08:03:00,3
train_00715,Notify,2026-12-17 08:04:00,4
train_00715,Archive,2026-12-17 08:05:00,5
train_00716,Register,2026-12-18 08:00:00,0
train_00716,Check,2026-12-18 08:01:00,1
train_00716,Assess,2026-12-18 08:02:00,2
train_00716,Decide,2026-12-18 08:03:00,3
train_00716,Notify,2026-12-18 08:04:00,4
train_00716,Archive,2026-12-18 08:05:00,5
train_00717,Register,2026-12-19 08:00:00,0
train_00717,Check,2026-12-19 08:01:00,1
train_00717,Assess,2026-12-19 08:02:00,2
train_00717,Decide,2026-12-19 08:03:00,3
train_00717,Notify,2026-12-19 08:04:00,4
train_00717,Archive,2026-12-19 08:05:00,5
train_00718,Register,2026-12-20 08:00:00,0
train_00718,Check,2026-12-20 08:01:00,1
train_00718,Assess,2026-12-20 08:02:00,2
train_00718,Decide,2026-12-20 08:03:00,3
train_00718,Notify,2026-12-20 08:04:00,4
train_00718,Archive,2026-12-20 08:05:00,5
train_00719,Register,2026-12-21 08:00:00,0
train_00719,Check,2026-12-21 08:01:00,1
train_00719,Assess,2026-12-21 08:02:00,2
train_00719,Decide,2026-12-21 08:03:00,3
train_00719,Notify,2026-12-21 08:04:00,4
train_00719,Archive,2026-12-21 08:05:00,5
train_00720,Register,2026-12-22 08:00:00,0
train_00720,Check,2026-12-22 08:01:00,1
train_00720,Assess,2026-12-22 08:02:00,2
train_00720,Decide,2026-12-22 08:03:00,3
train_00720,Notify,2026-12-22 08:04:00,4
train_00720,Archive,2026-12-22 08:05:00,5
train_00721,Register,2026-12-23 08:00:00,0
train_00721,Check,2026-12-23 08:01:00,1
train_00721,Assess,2026-12-23 08:02:00,2
train_00721,Decide,2026-12-23 08:03:00,3
train_00721,Notify,2026-12-23 08:04:00,4
train_00721,Archive,2026-12-23 08:05:00,5
train_00722,Register,2026-12-24 08:00:00,0
train_00722,Check,2026-12-24 08:01:00,1
train_00722,Assess,2026-12-24 08:02:00,2
train_00722,Decide,2026-12-24 08:03:00,3
train_00722,Notify,2026-12-24 08:04:00,4
train_00722,Archive,2026-12-24 08:05:00,5
train_00723,Register,2026-12-25 08:00:00,0
train_00723,Check,2026-12-25 08:01:00,1
train_00723,Assess,2026-12-25 08:02:00,2
train_00723,Manual review,2026-12-25 08:03:00,3
train_00723,Rework,2026-12-25 08:04:00,4
train_00723,Assess,2026-12-25 08:05:00,5
train_00723,Decide,2026-12-25 08:06:00,6
train_00723,Notify,2026-12-25 08:07:00,7
train_00723,Archive,2026-12-25 08:08:00,8
train_00724,Register,2026-12-26 08:00:00,0
train_00724,Check,2026-12-26 08:01:00,1
train_00724,Assess,2026-12-26 08:02:00,2
train_00724,Manual review,2026-12-26 08:03:00,3
train_00724,Rework,2026-12-26 08:04:00,4
train_00724,Assess,2026-12-26 08:05:00,5
train_00724,Decide,2026-12-26 08:06:00,6
train_00724,Notify,2026-12-26 08:07:00,7
train_00724,Archive,2026-12-26 08:08:00,8
train_00725,Register,2026-12-27 08:00:00,0
train_00725,Check,2026-12-27 08:01:00,1
train_00725,Assess,2026-12-27 08:02:00,2
train_00725,Decide,2026-12-27 08:03:00,3
train_00725,Notify,2026-12-27 08:04:00,4
train_00725,Archive,2026-12-27 08:05:00,5
train_00726,Register,2026-12-28 08:00:00,0
train_00726,Check,2026-12-28 08:01:00,1
train_00726,Assess,2026-12-28 08:02:00,2
train_00726,Decide,2026-12-28 08:03:00,3
train_00726,Notify,2026-12-28 08:04:00,4
train_00726,Archive,2026-12-28 08:05:00,5
train_00727,Register,2026-12-29 08:00:00,0
train_00727,Check,2026-12-29 08:01:00,1
train_00727,Assess,2026-12-29 08:02:00,2
train_00727,Decide,2026-12-29 08:03:00,3
train_00727,Notify,2026-12-29 08:04:00,4
train_00727,Archive,2026-12-29 08:05:00,5
train_00728,Register,2026-12-30 08:00:00,0
train_00728,Check,2026-12-30 08:01:00,1
train_00728,Assess,2026-12-30 08:02:00,2
train_00728,Decide,2026-12-30 08:03:00,3
train_00728,Notify,2026-12-30 08:04:00,4
train_00728,Archive,2026-12-30 08:05:00,5
train_00729,Register,2026-12-31 08:00:00,0
train_00729,Check,2026-12-31 08:01:00,1
train_00729,Assess,2026-12-31 08:02:00,2
train_00729,Decide,2026-12-31 08:03:00,3
train_00729,Notify,2026-12-31 08:04:00,4
train_00729,Archive,2026-12-31 08:05:00,5
train_00730,Register,2027-01-01 08:00:00,0
train_00730,Check,2027-01-01 08:01:00,1
train_00730,Assess,2027-01-01 08:02:00,2
train_00730,Decide,2027-01-01 08:03:00,3
train_00730,Notify,2027-01-01 08:04:00,4
train_00730,Archive,2027-01-01 08:05:00,5
train_00731,Register,2027-01-02 08:00:00,0
train_00731,Check,2027-01-02 08:01:00,1
train_00731,Assess,2027-01-02 08:02:00,2
train_00731,Decide,2027-01-02 08:03:00,3
train_00731,Notify,2027-01-02 08:04:00,4
train_00731,Archive,2027-01-02 08:05:00,5
train_00732,Register,2027-01-03 08:00:00,0
train_00732,Check,2027-01-03 08:01:00,1
train_00732,Assess,2027-01-03 08:02:00,2
train_00732,Decide,2027-01-03 08:03:00,3
train_00732,Notify,2027-01-03 08:04:00,4
train_00732,Archive,2027-01-03 08:05:00,5
train_00733,Register,2027-01-04 08:00:00,0
train_00733,Check,2027-01-04 08:01:00,1
train_00733,Assess,2027-01-04 08:02:00,2
train_00733,Decide,2027-01-04 08:03:00,3
train_00733,Notify,2027-01-04 08:04:00,4
train_00733,Archive,2027-01-04 08:05:00,5
train_00734,Register,2027-01-05 08:00:00,0
train_00734,Check,2027-01-05 08:01:00,1
train_00734,Assess,2027-01-05 08:02:00,2
train_00734,Decide,2027-01-05 08:03:00,3
train_00734,Notify,2027-01-05 08:04:00,4
train_00734,Archive,2027-01-05 08:05:00,5
train_00735,Register,2027-01-06 08:00:00,0
train_00735,Check,2027-01-06 08:01:00,1
train_00735,Assess,2027-01-06 08:02:00,2
train_00735,Decide,2027-01-06 08:03:00,3
train_00735,Notify,2027-01-06 08:04:00,4
train_00735,Archive,2027-01-06 08:05:00,5
train_00736,Register,2027-01-07 08:00:00,0
train_00736,Check,2027-01-07 08:01:00,1
train_00736,Assess,2027-01-07 08:02:00,2
train_00736,Decide,2027-01-07 08:03:00,3
train_00736,Notify,2027-01-07 08:04:00,4
train_00736,Archive,2027-01-07 08:05:00,5
train_00737,Register,2027-01-08 08:00:00,0
train_00737,Check,2027-01-08 08:01:00,1
train_00737,Assess,2027-01-08 08:02:00,2
train_00737,Decide,2027-01-08 08:03:00,3
train_00737,Notify,2027-01-08 08:04:00,4
train_00737,Archive,2027-01-08 08:05:00,5
train_00738,Register,2027-01-09 08:00:00,0
train_00738,Check,2027-01-09 08:01:00,1
train_00738,Assess,2027-01-09 08:02:00,2
train_00738,Decide,2027-01-09 08:03:00,3
train_00738,Notify,2027-01-09 08:04:00,4
train_00738,Archive,2027-01-09 08:05:00,5
train_00739,Register,2027-01-10 08:00:00,0
train_00739,Check,2027-01-10 08:01:00,1
train_00739,Assess,2027-01-10 08:02:00,2
train_00739,Decide,2027-01-10 08:03:00,3
train_00739,Notify,2027-01-10 08:04:00,4
train_00739,Archive,2027-01-10 08:05:00,5
train_00740,Register,2027-01-11 08:00:00,0
train_00740,Check,2027-01-11 08:01:00,1
train_00740,Assess,2027-01-11 08:02:00,2
train_00740,Decide,2027-01-11 08:03:00,3
train_00740,Notify,2027-01-11 08:04:00,4
train_00740,Archive,2027-01-11 08:05:00,5
train_00741,Register,2027-01-12 08:00:00,0
train_00741,Check,2027-01-12 08:01:00,1
train_00741,Assess,2027-01-12 08:02:00,2
train_00741,Manual review,2027-01-12 08:03:00,3
train_00741,Rework,2027-01-12 08:04:00,4
train_00741,Assess,2027-01-12 08:05:00,5
train_00741,Decide,2027-01-12 08:06:00,6
train_00741,Notify,2027-01-12 08:07:00,7
train_00741,Archive,2027-01-12 08:08:00,8
train_00742,Register,2027-01-13 08:00:00,0
train_00742,Check,2027-01-13 08:01:00,1
train_00742,Assess,2027-01-13 08:02:00,2
train_00742,Decide,2027-01-13 08:03:00,3
train_00742,Notify,2027-01-13 08:04:00,4
train_00742,Archive,2027-01-13 08:05:00,5
train_00743,Register,2027-01-14 08:00:00,0
train_00743,Check,2027-01-14 08:01:00,1
train_00743,Assess,2027-01-14 08:02:00,2
train_00743,Decide,2027-01-14 08:03:00,3
train_00743,Notify,2027-01-14 08:04:00,4
train_00743,Archive,2027-01-14 08:05:00,5
train_00744,Register,2027-01-15 08:00:00,0
train_00744,Check,2027-01-15 08:01:00,1
train_00744,Assess,2027-01-15 08:02:00,2
train_00744,Decide,2027-01-15 08:03:00,3
train_00744,Notify,2027-01-15 08:04:00,4
train_00744,Archive,2027-01-15 08:05:00,5
train_00745,Register,2027-01-16 08:00:00,0
train_00745,Check,2027-01-16 08:01:00,1
train_00745,Assess,2027-01-16 08:02:00,2
train_00745,Decide,2027-01-16 08:03:00,3
train_00745,Notify,2027-01-16 08:04:00,4
train_00745,Archive,2027-01-16 08:05:00,5
train_00746,Register,2027-01-17 08:00:00,0
train_00746,Check,2027-01-17 08:01:00,1
train_00746,Assess,2027-01-17 08:02:00,2
train_00746,Decide,2027-01-17 08:03:00,3
train_00746,Notify,2027-01-17 08:04:00,4
train_00746,Archive,2027-01-17 08:05:00,5
train_00747,Register,2027-01-18 08:00:00,0
train_00747,Check,2027-01-18 08:01:00,1
train_00747,Assess,2027-01-18 08:02:00,2
train_00747,Decide,2027-01-18 08:03:00,3
train_00747,Notify,2027-01-18 08:04:00,4
train_00747,Archive,2027-01-18 08:05:00,5
train_00748,Register,2027-01-19 08:00:00,0
train_00748,Check,2027-01-19 08:01:00,1
train_00748,Assess,2027-01-19 08:02:00,2
train_00748,Decide,2027-01-19 08:03:00,3
train_00748,Notify,2027-01-19 08:04:00,4
train_00748,Archive,2027-01-19 08:05:00,5
train_00749,Register,2027-01-20 08:00:00,0
train_00749,Check,2027-01-20 08:01:00,1
train_00749,Assess,2027-01-20 08:02:00,2
train_00749,Decide,2027-01-20 08:03:00,3
train_00749,Notify,2027-01-20 08:04:00,4
train_00749,Archive,2027-01-20 08:05:00,5
train_00750,Register,2027-01-21 08:00:00,0
train_00750,Check,2027-01-21 08:01:00,1
train_00750,Assess,2027-01-21 08:02:00,2
train_00750,Decide,2027-01-21 08:03:00,3
train_00750,Notify,2027-01-21 08:04:00,4
train_00750,Archive,2027-01-21 08:05:00,5
train_00751,Register,2027-01-22 08:00:00,0
train_00751,Check,2027-01-22 08:01:00,1
train_00751,Assess,2027-01-22 08:02:00,2
train_00751,Manual review,2027-01-22 08:03:00,3
train_00751,Rework,2027-01-22 08:04:00,4
train_00751,Assess,2027-01-22 08:05:00,5
train_00751,Decide,2027-01-22 08:06:00,6
train_00751,Notify,2027-01-22 08:07:00,7
train_00751,Archive,2027-01-22 08:08:00,8
train_00752,Register,2027-01-23 08:00:00,0
train_00752,Check,2027-01-23 08:01:00,1
train_00752,Assess,2027-01-23 08:02:00,2
train_00752,Decide,2027-01-23 08:03:00,3
train_00752,Notify,2027-01-23 08:04:00,4
train_00752,Archive,2027-01-23 08:05:00,5
train_00753,Register,2027-01-24 08:00:00,0
train_00753,Check,2027-01-24 08:01:00,1
train_00753,Assess,2027-01-24 08:02:00,2
train_00753,Decide,2027-01-24 08:03:00,3
train_00753,Notify,2027-01-24 08:04:00,4
train_00753,Archive,2027-01-24 08:05:00,5
train_00754,Register,2027-01-25 08:00:00,0
train_00754,Check,2027-01-25 08:01:00,1
train_00754,Assess,2027-01-25 08:02:00,2
train_00754,Decide,2027-01-25 08:03:00,3
train_00754,Notify,2027-01-25 08:04:00,4
train_00754,Archive,2027-01-25 08:05:00,5
train_00755,Register,2027-01-26 08:00:00,0
train_00755,Check,2027-01-26 08:01:00,1
train_00755,Assess,2027-01-26 08:02:00,2
train_00755,Decide,2027-01-26 08:03:00,3
train_00755,Notify,2027-01-26 08:04:00,4
train_00755,Archive,2027-01-26 08:05:00,5
train_00756,Register,2027-01-27 08:00:00,0
train_00756,Check,2027-01-27 08:01:00,1
train_00756,Assess,2027-01-27 08:02:00,2
train_00756,Decide,2027-01-27 08:03:00,3
train_00756,Notify,2027-01-27 08:04:00,4
train_00756,Archive,2027-01-27 08:05:00,5
train_00757,Register,2027-01-28 08:00:00,0
train_00757,Check,2027-01-28 08:01:00,1
train_00757,Assess,2027-01-28 08:02:00,2
train_00757,Decide,2027-01-28 08:03:00,3
train_00757,Notify,2027-01-28 08:04:00,4
train_00757,Archive,2027-01-28 08:05:00,5
train_00758,Register,2027-01-29 08:00:00,0
train_00758,Check,2027-01-29 08:01:00,1
train_00758,Assess,2027-01-29 08:02:00,2
train_00758,Decide,2027-01-29 08:03:00,3
train_00758,Notify,2027-01-29 08:04:00,4
train_00758,Archive,2027-01-29 08:05:00,5
train_00759,Register,2027-01-30 08:00:00,0
train_00759,Check,2027-01-30 08:01:00,1
train_00759,Assess,2027-01-30 08:02:00,2
train_00759,Decide,2027-01-30 08:03:00,3
train_00759,Notify,2027-01-30 08:04:00,4
train_00759,Archive,2027-01-30 08:05:00,5
train_00760,Register,2027-01-31 08:00:00,0
train_00760,Check,2027-01-31 08:01:00,1
train_00760,Assess,2027-01-31 08:02:00,2
train_00760,Decide,2027-01-31 08:03:00,3
train_00760,Notify,2027-01-31 08:04:00,4
train_00760,Archive,2027-01-31 08:05:00,5
train_00761,Register,2027-02-01 08:00:00,0
train_00761,Check,2027-02-01 08:01:00,1
train_00761,Assess,2027-02-01 08:02:00,2
train_00761,Decide,2027-02-01 08:03:00,3
train_00761,Notify,2027-02-01 08:04:00,4
train_00761,Archive,2027-02-01 08:05:00,5
train_00762,Register,2027-02-02 08:00:00,0
train_00762,Check,2027-02-02 08:01:00,1
train_00762,Assess,2027-02-02 08:02:00,2
train_00762,Decide,2027-02-02 08:03:00,3
train_00762,Notify,2027-02-02 08:04:00,4
train_00762,Archive,2027-02-02 08:05:00,5
train_00763,Register,2027-02-03 08:00:00,0
train_00763,Check,2027-02-03 08:01:00,1
train_00763,Assess,2027-02-03 08:02:00,2
train_00763,Decide,2027-02-03 08:03:00,3
train_00763,Notify,2027-02-03 08:04:00,4
train_00763,Archive,2027-02-03 08:05:00,5
train_00764,Register,2027-02-04 08:00:00,0
train_00764,Check,2027-02-04 08:01:00,1
train_00764,Assess,2027-02-04 08:02:00,2
train_00764,Decide,2027-02-04 08:03:00,3
train_00764,Notify,2027-02-04 08:04:00,4
train_00764,Archive,2027-02-04 08:05:00,5
train_00765,Register,2027-02-05 08:00:00,0
train_00765,Check,2027-02-05 08:01:00,1
train_00765,Assess,2027-02-05 08:02:00,2
train_00765,Decide,2027-02-05 08:03:00,3
train_00765,Notify,2027-02-05 08:04:00,4
train_00765,Archive,2027-02-05 08:05:00,5
train_00766,Register,2027-02-06 08:00:00,0
train_00766,Check,2027-02-06 08:01:00,1
train_00766,Assess,2027-02-06 08:02:00,2
train_00766,Decide,2027-02-06 08:03:00,3
train_00766,Notify,2027-02-06 08:04:00,4
train_00766,Archive,2027-02-06 08:05:00,5
train_00767,Register,2027-02-07 08:00:00,0
train_00767,Check,2027-02-07 08:01:00,1
train_00767,Assess,2027-02-07 08:02:00,2
train_00767,Decide,2027-02-07 08:03:00,3
train_00767,Notify,2027-02-07 08:04:00,4
train_00767,Archive,2027-02-07 08:05:00,5
train_00768,Register,2027-02-08 08:00:00,0
train_00768,Check,2027-02-08 08:01:00,1
train_00768,Assess,2027-02-08 08:02:00,2
train_00768,Decide,2027-02-08 08:03:00,3
train_00768,Notify,2027-02-08 08:04:00,4
train_00768,Archive,2027-02-08 08:05:00,5
train_00769,Register,2027-02-09 08:00:00,0
train_00769,Check,2027-02-09 08:01:00,1
train_00769,Assess,2027-02-09 08:02:00,2
train_00769,Decide,2027-02-09 08:03:00,3
train_00769,Notify,2027-02-09 08:04:00,4
train_00769,Archive,2027-02-09 08:05:00,5
train_00770,Register,2027-02-10 08:00:00,0
train_00770,Check,2027-02-10 08:01:00,1
train_00770,Assess,2027-02-10 08:02:00,2
train_00770,Decide,2027-02-10 08:03:00,3
train_00770,Notify,2027-02-10 08:04:00,4
train_00770,Archive,2027-02-10 08:05:00,5
train_00771,Register,2027-02-11 08:00:00,0
train_00771,Check,2027-02-11 08:01:00,1
train_00771,Assess,2027-02-11 08:02:00,2
train_00771,Decide,2027-02-11 08:03:00,3
train_00771,Notify,2027-02-11 08:04:00,4
train_00771,Archive,2027-02-11 08:05:00,5
train_00772,Register,2027-02-12 08:00:00,0
train_00772,Check,2027-02-12 08:01:00,1
train_00772,Assess,2027-02-12 08:02:00,2
train_00772,Decide,2027-02-12 08:03:00,3
train_00772,Notify,2027-02-12 08:04:00,4
train_00772,Archive,2027-02-12 08:05:00,5
train_00773,Register,2027-02-13 08:00:00,0
train_00773,Check,2027-02-13 08:01:00,1
train_00773,Assess,2027-02-13 08:02:00,2
train_00773,Decide,2027-02-13 08:03:00,3
train_00773,Notify,2027-02-13 08:04:00,4
train_00773,Archive,2027-02-13 08:05:00,5
train_00774,Register,2027-02-14 08:00:00,0
train_00774,Check,2027-02-14 08:01:00,1
train_00774,Assess,2027-02-14 08:02:00,2
train_00774,Decide,2027-02-14 08:03:00,3
train_00774,Notify,2027-02-14 08:04:00,4
train_00774,Archive,2027-02-14 08:05:00,5
train_00775,Register,2027-02-15 08:00:00,0
train_00775,Check,2027-02-15 08:01:00,1
train_00775,Assess,2027-02-15 08:02:00,2
train_00775,Manual review,2027-02-15 08:03:00,3
train_00775,Rework,2027-02-15 08:04:00,4
train_00775,Assess,2027-02-15 08:05:00,5
train_00775,Decide,2027-02-15 08:06:00,6
train_00775,Notify,2027-02-15 08:07:00,7
train_00775,Archive,2027-02-15 08:08:00,8
train_00776,Register,2027-02-16 08:00:00,0
train_00776,Check,2027-02-16 08:01:00,1
train_00776,Assess,2027-02-16 08:02:00,2
train_00776,Decide,2027-02-16 08:03:00,3
train_00776,Notify,2027-02-16 08:04:00,4
train_00776,Archive,2027-02-16 08:05:00,5
train_00777,Register,2027-02-17 08:00:00,0
train_00777,Check,2027-02-17 08:01:00,1
train_00777,Assess,2027-02-17 08:02:00,2
train_00777,Decide,2027-02-17 08:03:00,3
train_00777,Notify,2027-02-17 08:04:00,4
train_00777,Archive,2027-02-17 08:05:00,5
train_00778,Register,2027-02-18 08:00:00,0
train_00778,Check,2027-02-18 08:01:00,1
train_00778,Assess,2027-02-18 08:02:00,2
train_00778,Manual review,2027-02-18 08:03:00,3
train_00778,Rework,2027-02-18 08:04:00,4
train_00778,Assess,2027-02-18 08:05:00,5
train_00778,Decide,2027-02-18 08:06:00,6
train_00778,Notify,2027-02-18 08:07:00,7
train_00778,Archive,2027-02-18 08:08:00,8
train_00779,Register,2027-02-19 08:00:00,0
train_00779,Check,2027-02-19 08:01:00,1
train_00779,Assess,2027-02-19 08:02:00,2
train_00779,Decide,2027-02-19 08:03:00,3
train_00779,Notify,2027-02-19 08:04:00,4
train_00779,Archive,2027-02-19 08:05:00,5
train_00780,Register,2027-02-20 08:00:00,0
train_00780,Check,2027-02-20 08:01:00,1
train_00780,Assess,2027-02-20 08:02:00,2
train_00780,Decide,2027-02-20 08:03:00,3
train_00780,Notify,2027-02-20 08:04:00,4
train_00780,Archive,2027-02-20 08:05:00,5
train_00781,Register,2027-02-21 08:00:00,0
train_00781,Check,2027-02-21 08:01:00,1
train_00781,Assess,2027-02-21 08:02:00,2
train_00781,Decide,2027-02-21 08:03:00,3
train_00781,Notify,2027-02-21 08:04:00,4
train_00781,Archive,2027-02-21 08:05:00,5
train_00782,Register,2027-02-22 08:00:00,0
train_00782,Check,2027-02-22 08:01:00,1
train_00782,Assess,2027-02-22 08:02:00,2
train_00782,Decide,2027-02-22 08:03:00,3
train_00782,Notify,2027-02-22 08:04:00,4
train_00782,Archive,2027-02-22 08:05:00,5
train_00783,Register,2027-02-23 08:00:00,0
train_00783,Check,2027-02-23 08:01:00,1
train_00783,Assess,2027-02-23 08:02:00,2
train_00783,Decide,2027-02-23 08:03:00,3
train_00783,Notify,2027-02-23 08:04:00,4
train_00783,Archive,2027-02-23 08:05:00,5
train_00784,Register,2027-02-24 08:00:00,0
train_00784,Check,2027-02-24 08:01:00,1
train_00784,Assess,2027-02-24 08:02:00,2
train_00784,Decide,2027-02-24 08:03:00,3
train_00784,Notify,2027-02-24 08:04:00,4
train_00784,Archive,2027-02-24 08:05:00,5
train_00785,Register,2027-02-25 08:00:00,0
train_00785,Check,2027-02-25 08:01:00,1
train_00785,Assess,2027-02-25 08:02:00,2
train_00785,Decide,2027-02-25 08:03:00,3
train_00785,Notify,2027-02-25 08:04:00,4
train_00785,Archive,2027-02-25 08:05:00,5
train_00786,Register,2027-02-26 08:00:00,0
train_00786,Check,2027-02-26 08:01:00,1
train_00786,Assess,2027-02-26 08:02:00,2
train_00786,Decide,2027-02-26 08:03:00,3
train_00786,Notify,2027-02-26 08:04:00,4
train_00786,Archive,2027-02-26 08:05:00,5
train_00787,Register,2027-02-27 08:00:00,0
train_00787,Check,2027-02-27 08:01:00,1
train_00787,Assess,2027-02-27 08:02:00,2
train_00787,Decide,2027-02-27 08:03:00,3
train_00787,Notify,2027-02-27 08:04:00,4
train_00787,Archive,2027-02-27 08:05:00,5
train_00788,Register,2027-02-28 08:00:00,0
train_00788,Check,2027-02-28 08:01:00,1
train_00788,Assess,2027-02-28 08:02:00,2
train_00788,Decide,2027-02-28 08:03:00,3
train_00788,Notify,2027-02-28 08:04:00,4
train_00788,Archive,2027-02-28 08:05:00,5
train_00789,Register,2027-03-01 08:00:00,0
train_00789,Check,2027-03-01 08:01:00,1
train_00789,Assess,2027-03-01 08:02:00,2
train_00789,Decide,2027-03-01 08:03:00,3
train_00789,Notify,2027-03-01 08:04:00,4
train_00789,Archive,2027-03-01 08:05:00,5
train_00790,Register,2027-03-02 08:00:00,0
train_00790,Check,2027-03-02 08:01:00,1
train_00790,Assess,2027-03-02 08:02:00,2
train_00790,Decide,2027-03-02 08:03:00,3
train_00790,Notify,2027-03-02 08:04:00,4
train_00790,Archive,2027-03-02 08:05:00,5
train_00791,Register,2027-03-03 08:00:00,0
train_00791,Check,2027-03-03 08:01:00,1
train_00791,Assess,2027-03-03 08:02:00,2
train_00791,Decide,2027-03-03 08:03:00,3
train_00791,Notify,2027-03-03 08:04:00,4
train_00791,Archive,2027-03-03 08:05:00,5
train_00792,Register,2027-03-04 08:00:00,0
train_00792,Check,2027-03-04 08:01:00,1
train_00792,Assess,2027-03-04 08:02:00,2
train_00792,Decide,2027-03-04 08:03:00,3
train_00792,Notify,2027-03-04 08:04:00,4
train_00792,Archive,2027-03-04 08:05:00,5
train_00793,Register,2027-03-05 08:00:00,0
train_00793,Check,2027-03-05 08:01:00,1
train_00793,Assess,2027-03-05 08:02:00,2
train_00793,Decide,2027-03-05 08:03:00,3
train_00793,Notify,2027-03-05 08:04:00,4
train_00793,Archive,2027-03-05 08:05:00,5
train_00794,Register,2027-03-06 08:00:00,0
train_00794,Check,2027-03-06 08:01:00,1
train_00794,Assess,2027-03-06 08:02:00,2
train_00794,Decide,2027-03-06 08:03:00,3
train_00794,Notify,2027-03-06 08:04:00,4
train_00794,Archive,2027-03-06 08:05:00,5
train_00795,Register,2027-03-07 08:00:00,0
train_00795,Check,2027-03-07 08:01:00,1
train_00795,Assess,2027-03-07 08:02:00,2
train_00795,Decide,2027-03-07 08:03:00,3
train_00795,Notify,2027-03-07 08:04:00,4
train_00795,Archive,2027-03-07 08:05:00,5
train_00796,Register,2027-03-08 08:00:00,0
train_00796,Check,2027-03-08 08:01:00,1
train_00796,Assess,2027-03-08 08:02:00,2
train_00796,Manual review,2027-03-08 08:03:00,3
train_00796,Rework,2027-03-08 08:04:00,4
train_00796,Assess,2027-03-08 08:05:00,5
train_00796,Decide,2027-03-08 08:06:00,6
train_00796,Notify,2027-03-08 08:07:00,7
train_00796,Archive,2027-03-08 08:08:00,8
train_00797,Register,2027-03-09 08:00:00,0
train_00797,Check,2027-03-09 08:01:00,1
train_00797,Assess,2027-03-09 08:02:00,2
train_00797,Decide,2027-03-09 08:03:00,3
train_00797,Notify,2027-03-09 08:04:00,4
train_00797,Archive,2027-03-09 08:05:00,5
train_00798,Register,2027-03-10 08:00:00,0
train_00798,Check,2027-03-10 08:01:00,1
train_00798,Assess,2027-03-10 08:02:00,2
train_00798,Decide,2027-03-10 08:03:00,3
train_00798,Notify,2027-03-10 08:04:00,4
train_00798,Archive,2027-03-10 08:05:00,5
train_00799,Register,2027-03-11 08:00:00,0
train_00799,Check,2027-03-11 08:01:00,1
train_00799,Assess,2027-03-11 08:02:00,2
train_00799,Decide,2027-03-11 08:03:00,3
train_00799,Notify,2027-03-11 08:04:00,4
train_00799,Archive,2027-03-11 08:05:00,5
train_00800,Register,2027-03-12 08:00:00,0
train_00800,Check,2027-03-12 08:01:00,1
train_00800,Assess,2027-03-12 08:02:00,2
train_00800,Decide,2027-03-12 08:03:00,3
train_00800,Notify,2027-03-12 08:04:00,4
train_00800,Archive,2027-03-12 08:05:00,5
train_00801,Register,2027-03-13 08:00:00,0
train_00801,Check,2027-03-13 08:01:00,1
train_00801,Assess,2027-03-13 08:02:00,2
train_00801,Decide,2027-03-13 08:03:00,3
train_00801,Notify,2027-03-13 08:04:00,4
train_00801,Archive,2027-03-13 08:05:00,5
train_00802,Register,2027-03-14 08:00:00,0
train_00802,Check,2027-03-14 08:01:00,1
train_00802,Assess,2027-03-14 08:02:00,2
train_00802,Decide,2027-03-14 08:03:00,3
train_00802,Notify,2027-03-14 08:04:00,4
train_00802,Archive,2027-03-14 08:05:00,5
train_00803,Register,2027-03-15 08:00:00,0
train_00803,Check,2027-03-15 08:01:00,1
train_00803,Assess,2027-03-15 08:02:00,2
train_00803,Manual review,2027-03-15 08:03:00,3
train_00803,Rework,2027-03-15 08:04:00,4
train_00803,Assess,2027-03-15 08:05:00,5
train_00803,Decide,2027-03-15 08:06:00,6
train_00803,Notify,2027-03-15 08:07:00,7
train_00803,Archive,2027-03-15 08:08:00,8
train_00804,Register,2027-03-16 08:00:00,0
train_00804,Check,2027-03-16 08:01:00,1
train_00804,Assess,2027-03-16 08:02:00,2
train_00804,Decide,2027-03-16 08:03:00,3
train_00804,Notify,2027-03-16 08:04:00,4
train_00804,Archive,2027-03-16 08:05:00,5
train_00805,Register,2027-03-17 08:00:00,0
train_00805,Check,2027-03-17 08:01:00,1
train_00805,Assess,2027-03-17 08:02:00,2
train_00805,Decide,2027-03-17 08:03:00,3
train_00805,Notify,2027-03-17 08:04:00,4
train_00805,Archive,2027-03-17 08:05:00,5
train_00806,Register,2027-03-18 08:00:00,0
train_00806,Check,2027-03-18 08:01:00,1
train_00806,Assess,2027-03-18 08:02:00,2
train_00806,Decide,2027-03-18 08:03:00,3
train_00806,Notify,2027-03-18 08:04:00,4
train_00806,Archive,2027-03-18 08:05:00,5
train_00807,Register,2027-03-19 08:00:00,0
train_00807,Check,2027-03-19 08:01:00,1
train_00807,Assess,2027-03-19 08:02:00,2
train_00807,Decide,2027-03-19 08:03:00,3
train_00807,Notify,2027-03-19 08:04:00,4
train_00807,Archive,2027-03-19 08:05:00,5
train_00808,Register,2027-03-20 08:00:00,0
train_00808,Check,2027-03-20 08:01:00,1
train_00808,Assess,2027-03-20 08:02:00,2
train_00808,Decide,2027-03-20 08:03:00,3
train_00808,Notify,2027-03-20 08:04:00,4
train_00808,Archive,2027-03-20 08:05:00,5
train_00809,Register,2027-03-21 08:00:00,0
train_00809,Check,2027-03-21 08:01:00,1
train_00809,Assess,2027-03-21 08:02:00,2
train_00809,Decide,2027-03-21 08:03:00,3
train_00809,Notify,2027-03-21 08:04:00,4
train_00809,Archive,2027-03-21 08:05:00,5
train_00810,Register,2027-03-22 08:00:00,0
train_00810,Check,2027-03-22 08:01:00,1
train_00810,Assess,2027-03-22 08:02:00,2
train_00810,Decide,2027-03-22 08:03:00,3
train_00810,Notify,2027-03-22 08:04:00,4
train_00810,Archive,2027-03-22 08:05:00,5
train_00811,Register,2027-03-23 08:00:00,0
train_00811,Check,2027-03-23 08:01:00,1
train_00811,Assess,2027-03-23 08:02:00,2
train_00811,Decide,2027-03-23 08:03:00,3
train_00811,Notify,2027-03-23 08:04:00,4
train_00811,Archive,2027-03-23 08:05:00,5
train_00812,Register,2027-03-24 08:00:00,0
train_00812,Check,2027-03-24 08:01:00,1
train_00812,Assess,2027-03-24 08:02:00,2
train_00812,Decide,2027-03-24 08:03:00,3
train_00812,Notify,2027-03-24 08:04:00,4
train_00812,Archive,2027-03-24 08:05:00,5
train_00813,Register,2027-03-25 08:00:00,0
train_00813,Check,2027-03-25 08:01:00,1
train_00813,Assess,2027-03-25 08:02:00,2
train_00813,Decide,2027-03-25 08:03:00,3
train_00813,Notify,2027-03-25 08:04:00,4
train_00813,Archive,2027-03-25 08:05:00,5
train_00814,Register,2027-03-26 08:00:00,0
train_00814,Check,2027-03-26 08:01:00,1
train_00814,Assess,2027-03-26 08:02:00,2
train_00814,Decide,2027-03-26 08:03:00,3
train_00814,Notify,2027-03-26 08:04:00,4
train_00814,Archive,2027-03-26 08:05:00,5
train_00815,Register,2027-03-27 08:00:00,0
train_00815,Check,2027-03-27 08:01:00,1
train_00815,Assess,2027-03-27 08:02:00,2
train_00815,Decide,2027-03-27 08:03:00,3
train_00815,Notify,2027-03-27 08:04:00,4
train_00815,Archive,2027-03-27 08:05:00,5
train_00816,Register,2027-03-28 08:00:00,0
train_00816,Check,2027-03-28 08:01:00,1
train_00816,Assess,2027-03-28 08:02:00,2
train_00816,Decide,2027-03-28 08:03:00,3
train_00816,Notify,2027-03-28 08:04:00,4
train_00816,Archive,2027-03-28 08:05:00,5
train_00817,Register,2027-03-29 08:00:00,0
train_00817,Check,2027-03-29 08:01:00,1
train_00817,Assess,2027-03-29 08:02:00,2
train_00817,Decide,2027-03-29 08:03:00,3
train_00817,Notify,2027-03-29 08:04:00,4
train_00817,Archive,2027-03-29 08:05:00,5
train_00818,Register,2027-03-30 08:00:00,0
train_00818,Check,2027-03-30 08:01:00,1
train_00818,Assess,2027-03-30 08:02:00,2
train_00818,Decide,2027-03-30 08:03:00,3
train_00818,Notify,2027-03-30 08:04:00,4
train_00818,Archive,2027-03-30 08:05:00,5
train_00819,Register,2027-03-31 08:00:00,0
train_00819,Check,2027-03-31 08:01:00,1
train_00819,Assess,2027-03-31 08:02:00,2
train_00819,Decide,2027-03-31 08:03:00,3
train_00819,Notify,2027-03-31 08:04:00,4
train_00819,Archive,2027-03-31 08:05:00,5
train_00820,Register,2027-04-01 08:00:00,0
train_00820,Check,2027-04-01 08:01:00,1
train_00820,Assess,2027-04-01 08:02:00,2
train_00820,Decide,2027-04-01 08:03:00,3
train_00820,Notify,2027-04-01 08:04:00,4
train_00820,Archive,2027-04-01 08:05:00,5
train_00821,Register,2027-04-02 08:00:00,0
train_00821,Check,2027-04-02 08:01:00,1
train_00821,Assess,2027-04-02 08:02:00,2
train_00821,Decide,2027-04-02 08:03:00,3
train_00821,Notify,2027-04-02 08:04:00,4
train_00821,Archive,2027-04-02 08:05:00,5
train_00822,Register,2027-04-03 08:00:00,0
train_00822,Check,2027-04-03 08:01:00,1
train_00822,Assess,2027-04-03 08:02:00,2
train_00822,Decide,2027-04-03 08:03:00,3
train_00822,Notify,2027-04-03 08:04:00,4
train_00822,Archive,2027-04-03 08:05:00,5
train_00823,Register,2027-04-04 08:00:00,0
train_00823,Check,2027-04-04 08:01:00,1
train_00823,Assess,2027-04-04 08:02:00,2
train_00823,Decide,2027-04-04 08:03:00,3
train_00823,Notify,2027-04-04 08:04:00,4
train_00823,Archive,2027-04-04 08:05:00,5
train_00824,Register,2027-04-05 08:00:00,0
train_00824,Check,2027-04-05 08:01:00,1
train_00824,Assess,2027-04-05 08:02:00,2
train_00824,Decide,2027-04-05 08:03:00,3
train_00824,Notify,2027-04-05 08:04:00,4
train_00824,Archive,2027-04-05 08:05:00,5
train_00825,Register,2027-04-06 08:00:00,0
train_00825,Check,2027-04-06 08:01:00,1
train_00825,Assess,2027-04-06 08:02:00,2
train_00825,Decide,2027-04-06 08:03:00,3
train_00825,Notify,2027-04-06 08:04:00,4
train_00825,Archive,2027-04-06 08:05:00,5
train_00826,Register,2027-04-07 08:00:00,0
train_00826,Check,2027-04-07 08:01:00,1
train_00826,Assess,2027-04-07 08:02:00,2
train_00826,Manual review,2027-04-07 08:03:00,3
train_00826,Rework,2027-04-07 08:04:00,4
train_00826,Assess,2027-04-07 08:05:00,5
train_00826,Decide,2027-04-07 08:06:00,6
train_00826,Notify,2027-04-07 08:07:00,7
train_00826,Archive,2027-04-07 08:08:00,8
train_00827,Register,2027-04-08 08:00:00,0
train_00827,Check,2027-04-08 08:01:00,1
train_00827,Assess,2027-04-08 08:02:00,2
train_00827,Decide,2027-04-08 08:03:00,3
train_00827,Notify,2027-04-08 08:04:00,4
train_00827,Archive,2027-04-08 08:05:00,5
train_00828,Register,2027-04-09 08:00:00,0
train_00828,Check,2027-04-09 08:01:00,1
train_00828,Assess,2027-04-09 08:02:00,2
train_00828,Decide,2027-04-09 08:03:00,3
train_00828,Notify,2027-04-09 08:04:00,4
train_00828,Archive,2027-04-09 08:05:00,5
train_00829,Register,2027-04-10 08:00:00,0
train_00829,Check,2027-04-10 08:01:00,1
train_00829,Assess,2027-04-10 08:02:00,2
train_00829,Decide,2027-04-10 08:03:00,3
train_00829,Notify,2027-04-10 08:04:00,4
train_00829,Archive,2027-04-10 08:05:00,5
train_00830,Register,2027-04-11 08:00:00,0
train_00830,Check,2027-04-11 08:01:00,1
train_00830,Assess,2027-04-11 08:02:00,2
train_00830,Decide,2027-04-11 08:03:00,3
train_00830,Notify,2027-04-11 08:04:00,4
train_00830,Archive,2027-04-11 08:05:00,5
train_00831,Register,2027-04-12 08:00:00,0
train_00831,Check,2027-04-12 08:01:00,1
train_00831,Assess,2027-04-12 08:02:00,2
train_00831,Decide,2027-04-12 08:03:00,3
train_00831,Notify,2027-04-12 08:04:00,4
train_00831,Archive,2027-04-12 08:05:00,5
train_00832,Register,2027-04-13 08:00:00,0
train_00832,Check,2027-04-13 08:01:00,1
train_00832,Assess,2027-04-13 08:02:00,2
train_00832,Decide,2027-04-13 08:03:00,3
train_00832,Notify,2027-04-13 08:04:00,4
train_00832,Archive,2027-04-13 08:05:00,5
train_00833,Register,2027-04-14 08:00:00,0
train_00833,Check,2027-04-14 08:01:00,1
train_00833,Assess,2027-04-14 08:02:00,2
train_00833,Decide,2027-04-14 08:03:00,3
train_00833,Notify,2027-04-14 08:04:00,4
train_00833,Archive,2027-04-14 08:05:00,5
train_00834,Register,2027-04-15 08:00:00,0
train_00834,Check,2027-04-15 08:01:00,1
train_00834,Assess,2027-04-15 08:02:00,2
train_00834,Decide,2027-04-15 08:03:00,3
train_00834,Notify,2027-04-15 08:04:00,4
train_00834,Archive,2027-04-15 08:05:00,5
train_00835,Register,2027-04-16 08:00:00,0
train_00835,Check,2027-04-16 08:01:00,1
train_00835,Assess,2027-04-16 08:02:00,2
train_00835,Decide,2027-04-16 08:03:00,3
train_00835,Notify,2027-04-16 08:04:00,4
train_00835,Archive,2027-04-16 08:05:00,5
train_00836,Register,2027-04-17 08:00:00,0
train_00836,Check,2027-04-17 08:01:00,1
train_00836,Assess,2027-04-17 08:02:00,2
train_00836,Decide,2027-04-17 08:03:00,3
train_00836,Notify,2027-04-17 08:04:00,4
train_00836,Archive,2027-04-17 08:05:00,5
train_00837,Register,2027-04-18 08:00:00,0
train_00837,Check,2027-04-18 08:01:00,1
train_00837,Assess,2027-04-18 08:02:00,2
train_00837,Decide,2027-04-18 08:03:00,3
train_00837,Notify,2027-04-18 08:04:00,4
train_00837,Archive,2027-04-18 08:05:00,5
train_00838,Register,2027-04-19 08:00:00,0
train_00838,Check,2027-04-19 08:01:00,1
train_00838,Assess,2027-04-19 08:02:00,2
train_00838,Decide,2027-04-19 08:03:00,3
train_00838,Notify,2027-04-19 08:04:00,4
train_00838,Archive,2027-04-19 08:05:00,5
train_00839,Register,2027-04-20 08:00:00,0
train_00839,Check,2027-04-20 08:01:00,1
train_00839,Assess,2027-04-20 08:02:00,2
train_00839,Decide,2027-04-20 08:03:00,3
train_00839,Notify,2027-04-20 08:04:00,4
train_00839,Archive,2027-04-20 08:05:00,5
train_00840,Register,2027-04-21 08:00:00,0
train_00840,Check,2027-04-21 08:01:00,1
train_00840,Assess,2027-04-21 08:02:00,2
train_00840,Manual review,2027-04-21 08:03:00,3
train_00840,Rework,2027-04-21 08:04:00,4
train_00840,Assess,2027-04-21 08:05:00,5
train_00840,Decide,2027-04-21 08:06:00,6
train_00840,Notify,2027-04-21 08:07:00,7
train_00840,Archive,2027-04-21 08:08:00,8
train_00841,Register,2027-04-22 08:00:00,0
train_00841,Check,2027-04-22 08:01:00,1
train_00841,Assess,2027-04-22 08:02:00,2
train_00841,Decide,2027-04-22 08:03:00,3
train_00841,Notify,2027-04-22 08:04:00,4
train_00841,Archive,2027-04-22 08:05:00,5
train_00842,Register,2027-04-23 08:00:00,0
train_00842,Check,2027-04-23 08:01:00,1
train_00842,Assess,2027-04-23 08:02:00,2
train_00842,Decide,2027-04-23 08:03:00,3
train_00842,Notify,2027-04-23 08:04:00,4
train_00842,Archive,2027-04-23 08:05:00,5
train_00843,Register,2027-04-24 08:00:00,0
train_00843,Check,2027-04-24 08:01:00,1
train_00843,Assess,2027-04-24 08:02:00,2
train_00843,Decide,2027-04-24 08:03:00,3
train_00843,Notify,2027-04-24 08:04:00,4
train_00843,Archive,2027-04-24 08:05:00,5
train_00844,Register,2027-04-25 08:00:00,0
train_00844,Check,2027-04-25 08:01:00,1
train_00844,Assess,2027-04-25 08:02:00,2
train_00844,Decide,2027-04-25 08:03:00,3
train_00844,Notify,2027-04-25 08:04:00,4
train_00844,Archive,2027-04-25 08:05:00,5
train_00845,Register,2027-04-26 08:00:00,0
train_00845,Check,2027-04-26 08:01:00,1
train_00845,Assess,2027-04-26 08:02:00,2
train_00845,Decide,2027-04-26 08:03:00,3
train_00845,Notify,2027-04-26 08:04:00,4
train_00845,Archive,2027-04-26 08:05:00,5
train_00846,Register,2027-04-27 08:00:00,0
train_00846,Check,2027-04-27 08:01:00,1
train_00846,Assess,2027-04-27 08:02:00,2
train_00846,Decide,2027-04-27 08:03:00,3
train_00846,Notify,2027-04-27 08:04:00,4
train_00846,Archive,2027-04-27 08:05:00,5
train_00847,Register,2027-04-28 08:00:00,0
train_00847,Check,2027-04-28 08:01:00,1
train_00847,Assess,2027-04-28 08:02:00,2
train_00847,Decide,2027-04-28 08:03:00,3
train_00847,Notify,2027-04-28 08:04:00,4
train_00847,Archive,2027-04-28 08:05:00,5
train_00848,Register,2027-04-29 08:00:00,0
train_00848,Check,2027-04-29 08:01:00,1
train_00848,Assess,2027-04-29 08:02:00,2
train_00848,Decide,2027-04-29 08:03:00,3
train_00848,Notify,2027-04-29 08:04:00,4
train_00848,Archive,2027-04-29 08:05:00,5
train_00849,Register,2027-04-30 08:00:00,0
train_00849,Check,2027-04-30 08:01:00,1
train_00849,Assess,2027-04-30 08:02:00,2
train_00849,Decide,2027-04-30 08:03:00,3
train_00849,Notify,2027-04-30 08:04:00,4
train_00849,Archive,2027-04-30 08:05:00,5
train_00850,Register,2027-05-01 08:00:00,0
train_00850,Check,2027-05-01 08:01:00,1
train_00850,Assess,2027-05-01 08:02:00,2
train_00850,Decide,2027-05-01 08:03:00,3
train_00850,Notify,2027-05-01 08:04:00,4
train_00850,Archive,2027-05-01 08:05:00,5
train_00851,Register,2027-05-02 08:00:00,0
train_00851,Check,2027-05-02 08:01:00,1
train_00851,Assess,2027-05-02 08:02:00,2
train_00851,Decide,2027-05-02 08:03:00,3
train_00851,Notify,2027-05-02 08:04:00,4
train_00851,Archive,2027-05-02 08:05:00,5
train_00852,Register,2027-05-03 08:00:00,0
train_00852,Check,2027-05-03 08:01:00,1
train_00852,Assess,2027-05-03 08:02:00,2
train_00852,Decide,2027-05-03 08:03:00,3
train_00852,Notify,2027-05-03 08:04:00,4
train_00852,Archive,2027-05-03 08:05:00,5
train_00853,Register,2027-05-04 08:00:00,0
train_00853,Check,2027-05-04 08:01:00,1
train_00853,Assess,2027-05-04 08:02:00,2
train_00853,Decide,2027-05-04 08:03:00,3
train_00853,Notify,2027-05-04 08:04:00,4
train_00853,Archive,2027-05-04 08:05:00,5
train_00854,Register,2027-05-05 08:00:00,0
train_00854,Check,2027-05-05 08:01:00,1
train_00854,Assess,2027-05-05 08:02:00,2
train_00854,Decide,2027-05-05 08:03:00,3
train_00854,Notify,2027-05-05 08:04:00,4
train_00854,Archive,2027-05-05 08:05:00,5
train_00855,Register,2027-05-06 08:00:00,0
train_00855,Check,2027-05-06 08:01:00,1
train_00855,Assess,2027-05-06 08:02:00,2
train_00855,Decide,2027-05-06 08:03:00,3
train_00855,Notify,2027-05-06 08:04:00,4
train_00855,Archive,2027-05-06 08:05:00,5
train_00856,Register,2027-05-07 08:00:00,0
train_00856,Check,2027-05-07 08:01:00,1
train_00856,Assess,2027-05-07 08:02:00,2
train_00856,Decide,2027-05-07 08:03:00,3
train_00856,Notify,2027-05-07 08:04:00,4
train_00856,Archive,2027-05-07 08:05:00,5
train_00857,Register,2027-05-08 08:00:00,0
train_00857,Check,2027-05-08 08:01:00,1
train_00857,Assess,2027-05-08 08:02:00,2
train_00857,Decide,2027-05-08 08:03:00,3
train_00857,Notify,2027-05-08 08:04:00,4
train_00857,Archive,2027-05-08 08:05:00,5
train_00858,Register,2027-05-09 08:00:00,0
train_00858,Check,2027-05-09 08:01:00,1
train_00858,Assess,2027-05-09 08:02:00,2
train_00858,Decide,2027-05-09 08:03:00,3
train_00858,Notify,2027-05-09 08:04:00,4
train_00858,Archive,2027-05-09 08:05:00,5
train_00859,Register,2027-05-10 08:00:00,0
train_00859,Check,2027-05-10 08:01:00,1
train_00859,Assess,2027-05-10 08:02:00,2
train_00859,Decide,2027-05-10 08:03:00,3
train_00859,Notify,2027-05-10 08:04:00,4
train_00859,Archive,2027-05-10 08:05:00,5
train_00860,Register,2027-05-11 08:00:00,0
train_00860,Check,2027-05-11 08:01:00,1
train_00860,Assess,2027-05-11 08:02:00,2
train_00860,Decide,2027-05-11 08:03:00,3
train_00860,Notify,2027-05-11 08:04:00,4
train_00860,Archive,2027-05-11 08:05:00,5
train_00861,Register,2027-05-12 08:00:00,0
train_00861,Check,2027-05-12 08:01:00,1
train_00861,Assess,2027-05-12 08:02:00,2
train_00861,Decide,2027-05-12 08:03:00,3
train_00861,Notify,2027-05-12 08:04:00,4
train_00861,Archive,2027-05-12 08:05:00,5
train_00862,Register,2027-05-13 08:00:00,0
train_00862,Check,2027-05-13 08:01:00,1
train_00862,Assess,2027-05-13 08:02:00,2
train_00862,Decide,2027-05-13 08:03:00,3
train_00862,Notify,2027-05-13 08:04:00,4
train_00862,Archive,2027-05-13 08:05:00,5
train_00863,Register,2027-05-14 08:00:00,0
train_00863,Check,2027-05-14 08:01:00,1
train_00863,Assess,2027-05-14 08:02:00,2
train_00863,Decide,2027-05-14 08:03:00,3
train_00863,Notify,2027-05-14 08:04:00,4
train_00863,Archive,2027-05-14 08:05:00,5
train_00864,Register,2027-05-15 08:00:00,0
train_00864,Check,2027-05-15 08:01:00,1
train_00864,Assess,2027-05-15 08:02:00,2
train_00864,Decide,2027-05-15 08:03:00,3
train_00864,Notify,2027-05-15 08:04:00,4
train_00864,Archive,2027-05-15 08:05:00,5
train_00865,Register,2027-05-16 08:00:00,0
train_00865,Check,2027-05-16 08:01:00,1
train_00865,Assess,2027-05-16 08:02:00,2
train_00865,Decide,2027-05-16 08:03:00,3
train_00865,Notify,2027-05-16 08:04:00,4
train_00865,Archive,2027-05-16 08:05:00,5
train_00866,Register,2027-05-17 08:00:00,0
train_00866,Check,2027-05-17 08:01:00,1
train_00866,Assess,2027-05-17 08:02:00,2
train_00866,Decide,2027-05-17 08:03:00,3
train_00866,Notify,2027-05-17 08:04:00,4
train_00866,Archive,2027-05-17 08:05:00,5
train_00867,Register,2027-05-18 08:00:00,0
train_00867,Check,2027-05-18 08:01:00,1
train_00867,Assess,2027-05-18 08:02:00,2
train_00867,Decide,2027-05-18 08:03:00,3
train_00867,Notify,2027-05-18 08:04:00,4
train_00867,Archive,2027-05-18 08:05:00,5
train_00868,Register,2027-05-19 08:00:00,0
train_00868,Check,2027-05-19 08:01:00,1
train_00868,Assess,2027-05-19 08:02:00,2
train_00868,Decide,2027-05-19 08:03:00,3
train_00868,Notify,2027-05-19 08:04:00,4
train_00868,Archive,2027-05-19 08:05:00,5
train_00869,Register,2027-05-20 08:00:00,0
train_00869,Check,2027-05-20 08:01:00,1
train_00869,Assess,2027-05-20 08:02:00,2
train_00869,Decide,2027-05-20 08:03:00,3
train_00869,Notify,2027-05-20 08:04:00,4
train_00869,Archive,2027-05-20 08:05:00,5
train_00870,Register,2027-05-21 08:00:00,0
train_00870,Check,2027-05-21 08:01:00,1
train_00870,Assess,2027-05-21 08:02:00,2
train_00870,Decide,2027-05-21 08:03:00,3
train_00870,Notify,2027-05-21 08:04:00,4
train_00870,Archive,2027-05-21 08:05:00,5
train_00871,Register,2027-05-22 08:00:00,0
train_00871,Check,2027-05-22 08:01:00,1
train_00871,Assess,2027-05-22 08:02:00,2
train_00871,Decide,2027-05-22 08:03:00,3
train_00871,Notify,2027-05-22 08:04:00,4
train_00871,Archive,2027-05-22 08:05:00,5
train_00872,Register,2027-05-23 08:00:00,0
train_00872,Check,2027-05-23 08:01:00,1
train_00872,Assess,2027-05-23 08:02:00,2
train_00872,Decide,2027-05-23 08:03:00,3
train_00872,Notify,2027-05-23 08:04:00,4
train_00872,Archive,2027-05-23 08:05:00,5
train_00873,Register,2027-05-24 08:00:00,0
train_00873,Check,2027-05-24 08:01:00,1
train_00873,Assess,2027-05-24 08:02:00,2
train_00873,Decide,2027-05-24 08:03:00,3
train_00873,Notify,2027-05-24 08:04:00,4
train_00873,Archive,2027-05-24 08:05:00,5
train_00874,Register,2027-05-25 08:00:00,0
train_00874,Check,2027-05-25 08:01:00,1
train_00874,Assess,2027-05-25 08:02:00,2
train_00874,Decide,2027-05-25 08:03:00,3
train_00874,Notify,2027-05-25 08:04:00,4
train_00874,Archive,2027-05-25 08:05:00,5
train_00875,Register,2027-05-26 08:00:00,0
train_00875,Check,2027-05-26 08:01:00,1
train_00875,Assess,2027-05-26 08:02:00,2
train_00875,Decide,2027-05-26 08:03:00,3
train_00875,Notify,2027-05-26 08:04:00,4
train_00875,Archive,2027-05-26 08:05:00,5
train_00876,Register,2027-05-27 08:00:00,0
train_00876,Check,2027-05-27 08:01:00,1
train_00876,Assess,2027-05-27 08:02:00,2
train_00876,Decide,2027-05-27 08:03:00,3
train_00876,Notify,2027-05-27 08:04:00,4
train_00876,Archive,2027-05-27 08:05:00,5
train_00877,Register,2027-05-28 08:00:00,0
train_00877,Check,2027-05-28 08:01:00,1
train_00877,Assess,2027-05-28 08:02:00,2
train_00877,Decide,2027-05-28 08:03:00,3
train_00877,Notify,2027-05-28 08:04:00,4
train_00877,Archive,2027-05-28 08:05:00,5
train_00878,Register,2027-05-29 08:00:00,0
train_00878,Check,2027-05-29 08:01:00,1
train_00878,Assess,2027-05-29 08:02:00,2
train_00878,Decide,2027-05-29 08:03:00,3
train_00878,Notify,2027-05-29 08:04:00,4
train_00878,Archive,2027-05-29 08:05:00,5
train_00879,Register,2027-05-30 08:00:00,0
train_00879,Check,2027-05-30 08:01:00,1
train_00879,Assess,2027-05-30 08:02:00,2
train_00879,Decide,2027-05-30 08:03:00,3
train_00879,Notify,2027-05-30 08:04:00,4
train_00879,Archive,2027-05-30 08:05:00,5
train_00880,Register,2027-05-31 08:00:00,0
train_00880,Check,2027-05-31 08:01:00,1
train_00880,Assess,2027-05-31 08:02:00,2
train_00880,Decide,2027-05-31 08:03:00,3
train_00880,Notify,2027-05-31 08:04:00,4
train_00880,Archive,2027-05-31 08:05:00,5
train_00881,Register,2027-06-01 08:00:00,0
train_00881,Check,2027-06-01 08:01:00,1
train_00881,Assess,2027-06-01 08:02:00,2
train_00881,Decide,2027-06-01 08:03:00,3
train_00881,Notify,2027-06-01 08:04:00,4
train_00881,Archive,2027-06-01 08:05:00,5
train_00882,Register,2027-06-02 08:00:00,0
train_00882,Check,2027-06-02 08:01:00,1
train_00882,Assess,2027-06-02 08:02:00,2
train_00882,Decide,2027-06-02 08:03:00,3
train_00882,Notify,2027-06-02 08:04:00,4
train_00882,Archive,2027-06-02 08:05:00,5
train_00883,Register,2027-06-03 08:00:00,0
train_00883,Check,2027-06-03 08:01:00,1
train_00883,Assess,2027-06-03 08:02:00,2
train_00883,Decide,2027-06-03 08:03:00,3
train_00883,Notify,2027-06-03 08:04:00,4
train_00883,Archive,2027-06-03 08:05:00,5
train_00884,Register,2027-06-04 08:00:00,0
train_00884,Check,2027-06-04 08:01:00,1
train_00884,Assess,2027-06-04 08:02:00,2
train_00884,Decide,2027-06-04 08:03:00,3
train_00884,Notify,2027-06-04 08:04:00,4
train_00884,Archive,2027-06-04 08:05:00,5
train_00885,Register,2027-06-05 08:00:00,0
train_00885,Check,2027-06-05 08:01:00,1
train_00885,Assess,2027-06-05 08:02:00,2
train_00885,Decide,2027-06-05 08:03:00,3
train_00885,Notify,2027-06-05 08:04:00,4
train_00885,Archive,2027-06-05 08:05:00,5
train_00886,Register,2027-06-06 08:00:00,0
train_00886,Check,2027-06-06 08:01:00,1
train_00886,Assess,2027-06-06 08:02:00,2
train_00886,Decide,2027-06-06 08:03:00,3
train_00886,Notify,2027-06-06 08:04:00,4
train_00886,Archive,2027-06-06 08:05:00,5
train_00887,Register,2027-06-07 08:00:00,0
train_00887,Check,2027-06-07 08:01:00,1
train_00887,Assess,2027-06-07 08:02:00,2
train_00887,Decide,2027-06-07 08:03:00,3
train_00887,Notify,2027-06-07 08:04:00,4
train_00887,Archive,2027-06-07 08:05:00,5
train_00888,Register,2027-06-08 08:00:00,0
train_00888,Check,2027-06-08 08:01:00,1
train_00888,Assess,2027-06-08 08:02:00,2
train_00888,Decide,2027-06-08 08:03:00,3
train_00888,Notify,2027-06-08 08:04:00,4
train_00888,Archive,2027-06-08 08:05:00,5
train_00889,Register,2027-06-09 08:00:00,0
train_00889,Check,2027-06-09 08:01:00,1
train_00889,Assess,2027-06-09 08:02:00,2
train_00889,Manual review,2027-06-09 08:03:00,3
train_00889,Rework,2027-06-09 08:04:00,4
train_00889,Assess,2027-06-09 08:05:00,5
train_00889,Decide,2027-06-09 08:06:00,6
train_00889,Notify,2027-06-09 08:07:00,7
train_00889,Archive,2027-06-09 08:08:00,8
train_00890,Register,2027-06-10 08:00:00,0
train_00890,Check,2027-06-10 08:01:00,1
train_00890,Assess,2027-06-10 08:02:00,2
train_00890,Decide,2027-06-10 08:03:00,3
train_00890,Notify,2027-06-10 08:04:00,4
train_00890,Archive,2027-06-10 08:05:00,5
train_00891,Register,2027-06-11 08:00:00,0
train_00891,Check,2027-06-11 08:01:00,1
train_00891,Assess,2027-06-11 08:02:00,2
train_00891,Decide,2027-06-11 08:03:00,3
train_00891,Notify,2027-06-11 08:04:00,4
train_00891,Archive,2027-06-11 08:05:00,5
train_00892,Register,2027-06-12 08:00:00,0
train_00892,Check,2027-06-12 08:01:00,1
train_00892,Assess,2027-06-12 08:02:00,2
train_00892,Decide,2027-06-12 08:03:00,3
train_00892,Notify,2027-06-12 08:04:00,4
train_00892,Archive,2027-06-12 08:05:00,5
train_00893,Register,2027-06-13 08:00:00,0
train_00893,Check,2027-06-13 08:01:00,1
train_00893,Assess,2027-06-13 08:02:00,2
train_00893,Decide,2027-06-13 08:03:00,3
train_00893,Notify,2027-06-13 08:04:00,4
train_00893,Archive,2027-06-13 08:05:00,5
train_00894,Register,2027-06-14 08:00:00,0
train_00894,Check,2027-06-14 08:01:00,1
train_00894,Assess,2027-06-14 08:02:00,2
train_00894,Decide,2027-06-14 08:03:00,3
train_00894,Notify,2027-06-14 08:04:00,4
train_00894,Archive,2027-06-14 08:05:00,5
train_00895,Register,2027-06-15 08:00:00,0
train_00895,Check,2027-06-15 08:01:00,1
train_00895,Assess,2027-06-15 08:02:00,2
train_00895,Decide,2027-06-15 08:03:00,3
train_00895,Notify,2027-06-15 08:04:00,4
train_00895,Archive,2027-06-15 08:05:00,5
train_00896,Register,2027-06-16 08:00:00,0
train_00896,Check,2027-06-16 08:01:00,1
train_00896,Assess,2027-06-16 08:02:00,2
train_00896,Decide,2027-06-16 08:03:00,3
train_00896,Notify,2027-06-16 08:04:00,4
train_00896,Archive,2027-06-16 08:05:00,5
train_00897,Register,2027-06-17 08:00:00,0
train_00897,Check,2027-06-17 08:01:00,1
train_00897,Assess,2027-06-17 08:02:00,2
train_00897,Decide,2027-06-17 08:03:00,3
train_00897,Notify,2027-06-17 08:04:00,4
train_00897,Archive,2027-06-17 08:05:00,5
train_00898,Register,2027-06-18 08:00:00,0
train_00898,Check,2027-06-18 08:01:00,1
train_00898,Assess,2027-06-18 08:02:00,2
train_00898,Decide,2027-06-18 08:03:00,3
train_00898,Notify,2027-06-18 08:04:00,4
train_00898,Archive,2027-06-18 08:05:00,5
train_00899,Register,2027-06-19 08:00:00,0
train_00899,Check,2027-06-19 08:01:00,1
train_00899,Assess,2027-06-19 08:02:00,2
train_00899,Decide,2027-06-19 08:03:00,3
train_00899,Notify,2027-06-19 08:04:00,4
train_00899,Archive,2027-06-19 08:05:00,5
train_00900,Register,2027-06-20 08:00:00,0
train_00900,Check,2027-06-20 08:01:00,1
train_00900,Assess,2027-06-20 08:02:00,2
train_00900,Decide,2027-06-20 08:03:00,3
train_00900,Notify,2027-06-20 08:04:00,4
train_00900,Archive,2027-06-20 08:05:00,5
train_00901,Register,2027-06-21 08:00:00,0
train_00901,Check,2027-06-21 08:01:00,1
train_00901,Assess,2027-06-21 08:02:00,2
train_00901,Decide,2027-06-21 08:03:00,3
train_00901,Notify,2027-06-21 08:04:00,4
train_00901,Archive,2027-06-21 08:05:00,5
train_00902,Register,2027-06-22 08:00:00,0
train_00902,Check,2027-06-22 08:01:00,1
train_00902,Assess,2027-06-22 08:02:00,2
train_00902,Decide,2027-06-22 08:03:00,3
train_00902,Notify,2027-06-22 08:04:00,4
train_00902,Archive,2027-06-22 08:05:00,5
train_00903,Register,2027-06-23 08:00:00,0
train_00903,Check,2027-06-23 08:01:00,1
train_00903,Assess,2027-06-23 08:02:00,2
train_00903,Decide,2027-06-23 08:03:00,3
train_00903,Notify,2027-06-23 08:04:00,4
train_00903,Archive,2027-06-23 08:05:00,5
train_00904,Register,2027-06-24 08:00:00,0
train_00904,Check,2027-06-24 08:01:00,1
train_00904,Assess,2027-06-24 08:02:00,2
train_00904,Decide,2027-06-24 08:03:00,3
train_00904,Notify,2027-06-24 08:04:00,4
train_00904,Archive,2027-06-24 08:05:00,5
train_00905,Register,2027-06-25 08:00:00,0
train_00905,Check,2027-06-25 08:01:00,1
train_00905,Assess,2027-06-25 08:02:00,2
train_00905,Decide,2027-06-25 08:03:00,3
train_00905,Notify,2027-06-25 08:04:00,4
train_00905,Archive,2027-06-25 08:05:00,5
train_00906,Register,2027-06-26 08:00:00,0
train_00906,Check,2027-06-26 08:01:00,1
train_00906,Assess,2027-06-26 08:02:00,2
train_00906,Decide,2027-06-26 08:03:00,3
train_00906,Notify,2027-06-26 08:04:00,4
train_00906,Archive,2027-06-26 08:05:00,5
train_00907,Register,2027-06-27 08:00:00,0
train_00907,Check,2027-06-27 08:01:00,1
train_00907,Assess,2027-06-27 08:02:00,2
train_00907,Decide,2027-06-27 08:03:00,3
train_00907,Notify,2027-06-27 08:04:00,4
train_00907,Archive,2027-06-27 08:05:00,5
train_00908,Register,2027-06-28 08:00:00,0
train_00908,Check,2027-06-28 08:01:00,1
train_00908,Assess,2027-06-28 08:02:00,2
train_00908,Decide,2027-06-28 08:03:00,3
train_00908,Notify,2027-06-28 08:04:00,4
train_00908,Archive,2027-06-28 08:05:00,5
train_00909,Register,2027-06-29 08:00:00,0
train_00909,Check,2027-06-29 08:01:00,1
train_00909,Assess,2027-06-29 08:02:00,2
train_00909,Decide,2027-06-29 08:03:00,3
train_00909,Notify,2027-06-29 08:04:00,4
train_00909,Archive,2027-06-29 08:05:00,5
train_00910,Register,2027-06-30 08:00:00,0
train_00910,Check,2027-06-30 08:01:00,1
train_00910,Assess,2027-06-30 08:02:00,2
train_00910,Decide,2027-06-30 08:03:00,3
train_00910,Notify,2027-06-30 08:04:00,4
train_00910,Archive,2027-06-30 08:05:00,5
train_00911,Register,2027-07-01 08:00:00,0
train_00911,Check,2027-07-01 08:01:00,1
train_00911,Assess,2027-07-01 08:02:00,2
train_00911,Decide,2027-07-01 08:03:00,3
train_00911,Notify,2027-07-01 08:04:00,4
train_00911,Archive,2027-07-01 08:05:00,5
train_00912,Register,2027-07-02 08:00:00,0
train_00912,Check,2027-07-02 08:01:00,1
train_00912,Assess,2027-07-02 08:02:00,2
train_00912,Decide,2027-07-02 08:03:00,3
train_00912,Notify,2027-07-02 08:04:00,4
train_00912,Archive,2027-07-02 08:05:00,5
train_00913,Register,2027-07-03 08:00:00,0
train_00913,Check,2027-07-03 08:01:00,1
train_00913,Assess,2027-07-03 08:02:00,2
train_00913,Decide,2027-07-03 08:03:00,3
train_00913,Notify,2027-07-03 08:04:00,4
train_00913,Archive,2027-07-03 08:05:00,5
train_00914,Register,2027-07-04 08:00:00,0
train_00914,Check,2027-07-04 08:01:00,1
train_00914,Assess,2027-07-04 08:02:00,2
train_00914,Decide,2027-07-04 08:03:00,3
train_00914,Notify,2027-07-04 08:04:00,4
train_00914,Archive,2027-07-04 08:05:00,5
train_00915,Register,2027-07-05 08:00:00,0
train_00915,Check,2027-07-05 08:01:00,1
train_00915,Assess,2027-07-05 08:02:00,2
train_00915,Decide,2027-07-05 08:03:00,3
train_00915,Notify,2027-07-05 08:04:00,4
train_00915,Archive,2027-07-05 08:05:00,5
train_00916,Register,2027-07-06 08:00:00,0
train_00916,Check,2027-07-06 08:01:00,1
train_00916,Assess,2027-07-06 08:02:00,2
train_00916,Decide,2027-07-06 08:03:00,3
train_00916,Notify,2027-07-06 08:04:00,4
train_00916,Archive,2027-07-06 08:05:00,5
train_00917,Register,2027-07-07 08:00:00,0
train_00917,Check,2027-07-07 08:01:00,1
train_00917,Assess,2027-07-07 08:02:00,2
train_00917,Decide,2027-07-07 08:03:00,3
train_00917,Notify,2027-07-07 08:04:00,4
train_00917,Archive,2027-07-07 08:05:00,5
train_00918,Register,2027-07-08 08:00:00,0
train_00918,Check,2027-07-08 08:01:00,1
train_00918,Assess,2027-07-08 08:02:00,2
train_00918,Decide,2027-07-08 08:03:00,3
train_00918,Notify,2027-07-08 08:04:00,4
train_00918,Archive,2027-07-08 08:05:00,5
train_00919,Register,2027-07-09 08:00:00,0
train_00919,Check,2027-07-09 08:01:00,1
train_00919,Assess,2027-07-09 08:02:00,2
train_00919,Decide,2027-07-09 08:03:00,3
train_00919,Notify,2027-07-09 08:04:00,4
train_00919,Archive,2027-07-09 08:05:00,5
train_00920,Register,2027-07-10 08:00:00,0
train_00920,Check,2027-07-10 08:01:00,1
train_00920,Assess,2027-07-10 08:02:00,2
train_00920,Decide,2027-07-10 08:03:00,3
train_00920,Notify,2027-07-10 08:04:00,4
train_00920,Archive,2027-07-10 08:05:00,5
train_00921,Register,2027-07-11 08:00:00,0
train_00921,Check,2027-07-11 08:01:00,1
train_00921,Assess,2027-07-11 08:02:00,2
train_00921,Decide,2027-07-11 08:03:00,3
train_00921,Notify,2027-07-11 08:04:00,4
train_00921,Archive,2027-07-11 08:05:00,5
train_00922,Register,2027-07-12 08:00:00,0
train_00922,Check,2027-07-12 08:01:00,1
train_00922,Assess,2027-07-12 08:02:00,2
train_00922,Decide,2027-07-12 08:03:00,3
train_00922,Notify,2027-07-12 08:04:00,4
train_00922,Archive,2027-07-12 08:05:00,5
train_00923,Register,2027-07-13 08:00:00,0
train_00923,Check,2027-07-13 08:01:00,1
train_00923,Assess,2027-07-13 08:02:00,2
train_00923,Decide,2027-07-13 08:03:00,3
train_00923,Notify,2027-07-13 08:04:00,4
train_00923,Archive,2027-07-13 08:05:00,5
train_00924,Register,2027-07-14 08:00:00,0
train_00924,Check,2027-07-14 08:01:00,1
train_00924,Assess,2027-07-14 08:02:00,2
train_00924,Decide,2027-07-14 08:03:00,3
train_00924,Notify,2027-07-14 08:04:00,4
train_00924,Archive,2027-07-14 08:05:00,5
train_00925,Register,2027-07-15 08:00:00,0
train_00925,Check,2027-07-15 08:01:00,1
train_00925,Assess,2027-07-15 08:02:00,2
train_00925,Decide,2027-07-15 08:03:00,3
train_00925,Notify,2027-07-15 08:04:00,4
train_00925,Archive,2027-07-15 08:05:00,5
train_00926,Register,2027-07-16 08:00:00,0
train_00926,Check,2027-07-16 08:01:00,1
train_00926,Assess,2027-07-16 08:02:00,2
train_00926,Decide,2027-07-16 08:03:00,3
train_00926,Notify,2027-07-16 08:04:00,4
train_00926,Archive,2027-07-16 08:05:00,5
train_00927,Register,2027-07-17 08:00:00,0
train_00927,Check,2027-07-17 08:01:00,1
train_00927,Assess,2027-07-17 08:02:00,2
train_00927,Decide,2027-07-17 08:03:00,3
train_00927,Notify,2027-07-17 08:04:00,4
train_00927,Archive,2027-07-17 08:05:00,5
train_00928,Register,2027-07-18 08:00:00,0
train_00928,Check,2027-07-18 08:01:00,1
train_00928,Assess,2027-07-18 08:02:00,2
train_00928,Decide,2027-07-18 08:03:00,3
train_00928,Notify,2027-07-18 08:04:00,4
train_00928,Archive,2027-07-18 08:05:00,5
train_00929,Register,2027-07-19 08:00:00,0
train_00929,Check,2027-07-19 08:01:00,1
train_00929,Assess,2027-07-19 08:02:00,2
train_00929,Decide,2027-07-19 08:03:00,3
train_00929,Notify,2027-07-19 08:04:00,4
train_00929,Archive,2027-07-19 08:05:00,5
train_00930,Register,2027-07-20 08:00:00,0
train_00930,Check,2027-07-20 08:01:00,1
train_00930,Assess,2027-07-20 08:02:00,2
train_00930,Decide,2027-07-20 08:03:00,3
train_00930,Notify,2027-07-20 08:04:00,4
train_00930,Archive,2027-07-20 08:05:00,5
train_00931,Register,2027-07-21 08:00:00,0
train_00931,Check,2027-07-21 08:01:00,1
train_00931,Assess,2027-07-21 08:02:00,2
train_00931,Decide,2027-07-21 08:03:00,3
train_00931,Notify,2027-07-21 08:04:00,4
train_00931,Archive,2027-07-21 08:05:00,5
train_00932,Register,2027-07-22 08:00:00,0
train_00932,Check,2027-07-22 08:01:00,1
train_00932,Assess,2027-07-22 08:02:00,2
train_00932,Manual review,2027-07-22 08:03:00,3
train_00932,Rework,2027-07-22 08:04:00,4
train_00932,Assess,2027-07-22 08:05:00,5
train_00932,Decide,2027-07-22 08:06:00,6
train_00932,Notify,2027-07-22 08:07:00,7
train_00932,Archive,2027-07-22 08:08:00,8
train_00933,Register,2027-07-23 08:00:00,0
train_00933,Check,2027-07-23 08:01:00,1
train_00933,Assess,2027-07-23 08:02:00,2
train_00933,Decide,2027-07-23 08:03:00,3
train_00933,Notify,2027-07-23 08:04:00,4
train_00933,Archive,2027-07-23 08:05:00,5
train_00934,Register,2027-07-24 08:00:00,0
train_00934,Check,2027-07-24 08:01:00,1
train_00934,Assess,2027-07-24 08:02:00,2
train_00934,Decide,2027-07-24 08:03:00,3
train_00934,Notify,2027-07-24 08:04:00,4
train_00934,Archive,2027-07-24 08:05:00,5
train_00935,Register,2027-07-25 08:00:00,0
train_00935,Check,2027-07-25 08:01:00,1
train_00935,Assess,2027-07-25 08:02:00,2
train_00935,Decide,2027-07-25 08:03:00,3
train_00935,Notify,2027-07-25 08:04:00,4
train_00935,Archive,2027-07-25 08:05:00,5
train_00936,Register,2027-07-26 08:00:00,0
train_00936,Check,2027-07-26 08:01:00,1
train_00936,Assess,2027-07-26 08:02:00,2
train_00936,Decide,2027-07-26 08:03:00,3
train_00936,Notify,2027-07-26 08:04:00,4
train_00936,Archive,2027-07-26 08:05:00,5
train_00937,Register,2027-07-27 08:00:00,0
train_00937,Check,2027-07-27 08:01:00,1
train_00937,Assess,2027-07-27 08:02:00,2
train_00937,Decide,2027-07-27 08:03:00,3
train_00937,Notify,2027-07-27 08:04:00,4
train_00937,Archive,2027-07-27 08:05:00,5
train_00938,Register,2027-07-28 08:00:00,0
train_00938,Check,2027-07-28 08:01:00,1
train_00938,Assess,2027-07-28 08:02:00,2
train_00938,Decide,2027-07-28 08:03:00,3
train_00938,Notify,2027-07-28 08:04:00,4
train_00938,Archive,2027-07-28 08:05:00,5
train_00939,Register,2027-07-29 08:00:00,0
train_00939,Check,2027-07-29 08:01:00,1
train_00939,Assess,2027-07-29 08:02:00,2
train_00939,Decide,2027-07-29 08:03:00,3
train_00939,Notify,2027-07-29 08:04:00,4
train_00939,Archive,2027-07-29 08:05:00,5
train_00940,Register,2027-07-30 08:00:00,0
train_00940,Check,2027-07-30 08:01:00,1
train_00940,Assess,2027-07-30 08:02:00,2
train_00940,Decide,2027-07-30 08:03:00,3
train_00940,Notify,2027-07-30 08:04:00,4
train_00940,Archive,2027-07-30 08:05:00,5
train_00941,Register,2027-07-31 08:00:00,0
train_00941,Check,2027-07-31 08:01:00,1
train_00941,Assess,2027-07-31 08:02:00,2
train_00941,Decide,2027-07-31 08:03:00,3
train_00941,Notify,2027-07-31 08:04:00,4
train_00941,Archive,2027-07-31 08:05:00,5
train_00942,Register,2027-08-01 08:00:00,0
train_00942,Check,2027-08-01 08:01:00,1
train_00942,Assess,2027-08-01 08:02:00,2
train_00942,Decide,2027-08-01 08:03:00,3
train_00942,Notify,2027-08-01 08:04:00,4
train_00942,Archive,2027-08-01 08:05:00,5
train_00943,Register,2027-08-02 08:00:00,0
train_00943,Check,2027-08-02 08:01:00,1
train_00943,Assess,2027-08-02 08:02:00,2
train_00943,Decide,2027-08-02 08:03:00,3
train_00943,Notify,2027-08-02 08:04:00,4
train_00943,Archive,2027-08-02 08:05:00,5
train_00944,Register,2027-08-03 08:00:00,0
train_00944,Check,2027-08-03 08:01:00,1
train_00944,Assess,2027-08-03 08:02:00,2
train_00944,Decide,2027-08-03 08:03:00,3
train_00944,Notify,2027-08-03 08:04:00,4
train_00944,Archive,2027-08-03 08:05:00,5
train_00945,Register,2027-08-04 08:00:00,0
train_00945,Check,2027-08-04 08:01:00,1
train_00945,Assess,2027-08-04 08:02:00,2
train_00945,Decide,2027-08-04 08:03:00,3
train_00945,Notify,2027-08-04 08:04:00,4
train_00945,Archive,2027-08-04 08:05:00,5
train_00946,Register,2027-08-05 08:00:00,0
train_00946,Check,2027-08-05 08:01:00,1
train_00946,Assess,2027-08-05 08:02:00,2
train_00946,Decide,2027-08-05 08:03:00,3
train_00946,Notify,2027-08-05 08:04:00,4
train_00946,Archive,2027-08-05 08:05:00,5
train_00947,Register,2027-08-06 08:00:00,0
train_00947,Check,2027-08-06 08:01:00,1
train_00947,Assess,2027-08-06 08:02:00,2
train_00947,Decide,2027-08-06 08:03:00,3
train_00947,Notify,2027-08-06 08:04:00,4
train_00947,Archive,2027-08-06 08:05:00,5
train_00948,Register,2027-08-07 08:00:00,0
train_00948,Check,2027-08-07 08:01:00,1
train_00948,Assess,2027-08-07 08:02:00,2
train_00948,Decide,2027-08-07 08:03:00,3
train_00948,Notify,2027-08-07 08:04:00,4
train_00948,Archive,2027-08-07 08:05:00,5
train_00949,Register,2027-08-08 08:00:00,0
train_00949,Check,2027-08-08 08:01:00,1
train_00949,Assess,2027-08-08 08:02:00,2
train_00949,Decide,2027-08-08 08:03:00,3
train_00949,Notify,2027-08-08 08:04:00,4
train_00949,Archive,2027-08-08 08:05:00,5
train_00950,Register,2027-08-09 08:00:00,0
train_00950,Check,2027-08-09 08:01:00,1
train_00950,Assess,2027-08-09 08:02:00,2
train_00950,Decide,2027-08-09 08:03:00,3
train_00950,Notify,2027-08-09 08:04:00,4
train_00950,Archive,2027-08-09 08:05:00,5
train_00951,Register,2027-08-10 08:00:00,0
train_00951,Check,2027-08-10 08:01:00,1
train_00951,Assess,2027-08-10 08:02:00,2
train_00951,Decide,2027-08-10 08:03:00,3
train_00951,Notify,2027-08-10 08:04:00,4
train_00951,Archive,2027-08-10 08:05:00,5
train_00952,Register,2027-08-11 08:00:00,0
train_00952,Check,2027-08-11 08:01:00,1
train_00952,Assess,2027-08-11 08:02:00,2
train_00952,Decide,2027-08-11 08:03:00,3
train_00952,Notify,2027-08-11 08:04:00,4
train_00952,Archive,2027-08-11 08:05:00,5
train_00953,Register,2027-08-12 08:00:00,0
train_00953,Check,2027-08-12 08:01:00,1
train_00953,Assess,2027-08-12 08:02:00,2
train_00953,Decide,2027-08-12 08:03:00,3
train_00953,Notify,2027-08-12 08:04:00,4
train_00953,Archive,2027-08-12 08:05:00,5
train_00954,Register,2027-08-13 08:00:00,0
train_00954,Check,2027-08-13 08:01:00,1
train_00954,Assess,2027-08-13 08:02:00,2
train_00954,Decide,2027-08-13 08:03:00,3
train_00954,Notify,2027-08-13 08:04:00,4
train_00954,Archive,2027-08-13 08:05:00,5
train_00955,Register,2027-08-14 08:00:00,0
train_00955,Check,2027-08-14 08:01:00,1
train_00955,Assess,2027-08-14 08:02:00,2
train_00955,Decide,2027-08-14 08:03:00,3
train_00955,Notify,2027-08-14 08:04:00,4
train_00955,Archive,2027-08-14 08:05:00,5
train_00956,Register,2027-08-15 08:00:00,0
train_00956,Check,2027-08-15 08:01:00,1
train_00956,Assess,2027-08-15 08:02:00,2
train_00956,Decide,2027-08-15 08:03:00,3
train_00956,Notify,2027-08-15 08:04:00,4
train_00956,Archive,2027-08-15 08:05:00,5
train_00957,Register,2027-08-16 08:00:00,0
train_00957,Check,2027-08-16 08:01:00,1
train_00957,Assess,2027-08-16 08:02:00,2
train_00957,Decide,2027-08-16 08:03:00,3
train_00957,Notify,2027-08-16 08:04:00,4
train_00957,Archive,2027-08-16 08:05:00,5
train_00958,Register,2027-08-17 08:00:00,0
train_00958,Check,2027-08-17 08:01:00,1
train_00958,Assess,2027-08-17 08:02:00,2
train_00958,Decide,2027-08-17 08:03:00,3
train_00958,Notify,2027-08-17 08:04:00,4
train_00958,Archive,2027-08-17 08:05:00,5
train_00959,Register,2027-08-18 08:00:00,0
train_00959,Check,2027-08-18 08:01:00,1
train_00959,Assess,2027-08-18 08:02:00,2
train_00959,Decide,2027-08-18 08:03:00,3
train_00959,Notify,2027-08-18 08:04:00,4
train_00959,Archive,2027-08-18 08:05:00,5
train_00960,Register,2027-08-19 08:00:00,0
train_00960,Check,2027-08-19 08:01:00,1
train_00960,Assess,2027-08-19 08:02:00,2
train_00960,Decide,2027-08-19 08:03:00,3
train_00960,Notify,2027-08-19 08:04:00,4
train_00960,Archive,2027-08-19 08:05:00,5
train_00961,Register,2027-08-20 08:00:00,0
train_00961,Check,2027-08-20 08:01:00,1
train_00961,Assess,2027-08-20 08:02:00,2
train_00961,Decide,2027-08-20 08:03:00,3
train_00961,Notify,2027-08-20 08:04:00,4
train_00961,Archive,2027-08-20 08:05:00,5
train_00962,Register,2027-08-21 08:00:00,0
train_00962,Check,2027-08-21 08:01:00,1
train_00962,Assess,2027-08-21 08:02:00,2
train_00962,Decide,2027-08-21 08:03:00,3
train_00962,Notify,2027-08-21 08:04:00,4
train_00962,Archive,2027-08-21 08:05:00,5
train_00963,Register,2027-08-22 08:00:00,0
train_00963,Check,2027-08-22 08:01:00,1
train_00963,Assess,2027-08-22 08:02:00,2
train_00963,Decide,2027-08-22 08:03:00,3
train_00963,Notify,2027-08-22 08:04:00,4
train_00963,Archive,2027-08-22 08:05:00,5
train_00964,Register,2027-08-23 08:00:00,0
train_00964,Check,2027-08-23 08:01:00,1
train_00964,Assess,2027-08-23 08:02:00,2
train_00964,Decide,2027-08-23 08:03:00,3
train_00964,Notify,2027-08-23 08:04:00,4
train_00964,Archive,2027-08-23 08:05:00,5
train_00965,Register,2027-08-24 08:00:00,0
train_00965,Check,2027-08-24 08:01:00,1
train_00965,Assess,2027-08-24 08:02:00,2
train_00965,Decide,2027-08-24 08:03:00,3
train_00965,Notify,2027-08-24 08:04:00,4
train_00965,Archive,2027-08-24 08:05:00,5
train_00966,Register,2027-08-25 08:00:00,0
train_00966,Check,2027-08-25 08:01:00,1
train_00966,Assess,2027-08-25 08:02:00,2
train_00966,Manual review,2027-08-25 08:03:00,3
train_00966,Rework,2027-08-25 08:04:00,4
train_00966,Assess,2027-08-25 08:05:00,5
train_00966,Decide,2027-08-25 08:06:00,6
train_00966,Notify,2027-08-25 08:07:00,7
train_00966,Archive,2027-08-25 08:08:00,8
train_00967,Register,2027-08-26 08:00:00,0
train_00967,Check,2027-08-26 08:01:00,1
train_00967,Assess,2027-08-26 08:02:00,2
train_00967,Decide,2027-08-26 08:03:00,3
train_00967,Notify,2027-08-26 08:04:00,4
train_00967,Archive,2027-08-26 08:05:00,5
train_00968,Register,2027-08-27 08:00:00,0
train_00968,Check,2027-08-27 08:01:00,1
train_00968,Assess,2027-08-27 08:02:00,2
train_00968,Decide,2027-08-27 08:03:00,3
train_00968,Notify,2027-08-27 08:04:00,4
train_00968,Archive,2027-08-27 08:05:00,5
train_00969,Register,2027-08-28 08:00:00,0
train_00969,Check,2027-08-28 08:01:00,1
train_00969,Assess,2027-08-28 08:02:00,2
train_00969,Manual review,2027-08-28 08:03:00,3
train_00969,Rework,2027-08-28 08:04:00,4
train_00969,Assess,2027-08-28 08:05:00,5
train_00969,Decide,2027-08-28 08:06:00,6
train_00969,Notify,2027-08-28 08:07:00,7
train_00969,Archive,2027-08-28 08:08:00,8
train_00970,Register,2027-08-29 08:00:00,0
train_00970,Check,2027-08-29 08:01:00,1
train_00970,Assess,2027-08-29 08:02:00,2
train_00970,Decide,2027-08-29 08:03:00,3
train_00970,Notify,2027-08-29 08:04:00,4
train_00970,Archive,2027-08-29 08:05:00,5
train_00971,Register,2027-08-30 08:00:00,0
train_00971,Check,2027-08-30 08:01:00,1
train_00971,Assess,2027-08-30 08:02:00,2
train_00971,Decide,2027-08-30 08:03:00,3
train_00971,Notify,2027-08-30 08:04:00,4
train_00971,Archive,2027-08-30 08:05:00,5
train_00972,Register,2027-08-31 08:00:00,0
train_00972,Check,2027-08-31 08:01:00,1
train_00972,Assess,2027-08-31 08:02:00,2
train_00972,Decide,2027-08-31 08:03:00,3
train_00972,Notify,2027-08-31 08:04:00,4
train_00972,Archive,2027-08-31 08:05:00,5
train_00973,Register,2027-09-01 08:00:00,0
train_00973,Check,2027-09-01 08:01:00,1
train_00973,Assess,2027-09-01 08:02:00,2
train_00973,Decide,2027-09-01 08:03:00,3
train_00973,Notify,2027-09-01 08:04:00,4
train_00973,Archive,2027-09-01 08:05:00,5
train_00974,Register,2027-09-02 08:00:00,0
train_00974,Check,2027-09-02 08:01:00,1
train_00974,Assess,2027-09-02 08:02:00,2
train_00974,Decide,2027-09-02 08:03:00,3
train_00974,Notify,2027-09-02 08:04:00,4
train_00974,Archive,2027-09-02 08:05:00,5
train_00975,Register,2027-09-03 08:00:00,0
train_00975,Check,2027-09-03 08:01:00,1
train_00975,Assess,2027-09-03 08:02:00,2
train_00975,Decide,2027-09-03 08:03:00,3
train_00975,Notify,2027-09-03 08:04:00,4
train_00975,Archive,2027-09-03 08:05:00,5
train_00976,Register,2027-09-04 08:00:00,0
train_00976,Check,2027-09-04 08:01:00,1
train_00976,Assess,2027-09-04 08:02:00,2
train_00976,Decide,2027-09-04 08:03:00,3
train_00976,Notify,2027-09-04 08:04:00,4
train_00976,Archive,2027-09-04 08:05:00,5
train_00977,Register,2027-09-05 08:00:00,0
train_00977,Check,2027-09-05 08:01:00,1
train_00977,Assess,2027-09-05 08:02:00,2
train_00977,Decide,2027-09-05 08:03:00,3
train_00977,Notify,2027-09-05 08:04:00,4
train_00977,Archive,2027-09-05 08:05:00,5
train_00978,Register,2027-09-06 08:00:00,0
train_00978,Check,2027-09-06 08:01:00,1
train_00978,Assess,2027-09-06 08:02:00,2
train_00978,Manual review,2027-09-06 08:03:00,3
train_00978,Rework,2027-09-06 08:04:00,4
train_00978,Assess,2027-09-06 08:05:00,5
train_00978,Decide,2027-09-06 08:06:00,6
train_00978,Notify,2027-09-06 08:07:00,7
train_00978,Archive,2027-09-06 08:08:00,8
train_00979,Register,2027-09-07 08:00:00,0
train_00979,Check,2027-09-07 08:01:00,1
train_00979,Assess,2027-09-07 08:02:00,2
train_00979,Decide,2027-09-07 08:03:00,3
train_00979,Notify,2027-09-07 08:04:00,4
train_00979,Archive,2027-09-07 08:05:00,5
train_00980,Register,2027-09-08 08:00:00,0
train_00980,Check,2027-09-08 08:01:00,1
train_00980,Assess,2027-09-08 08:02:00,2
train_00980,Decide,2027-09-08 08:03:00,3
train_00980,Notify,2027-09-08 08:04:00,4
train_00980,Archive,2027-09-08 08:05:00,5
train_00981,Register,2027-09-09 08:00:00,0
train_00981,Check,2027-09-09 08:01:00,1
train_00981,Assess,2027-09-09 08:02:00,2
train_00981,Decide,2027-09-09 08:03:00,3
train_00981,Notify,2027-09-09 08:04:00,4
train_00981,Archive,2027-09-09 08:05:00,5
train_00982,Register,2027-09-10 08:00:00,0
train_00982,Check,2027-09-10 08:01:00,1
train_00982,Assess,2027-09-10 08:02:00,2
train_00982,Decide,2027-09-10 08:03:00,3
train_00982,Notify,2027-09-10 08:04:00,4
train_00982,Archive,2027-09-10 08:05:00,5
train_00983,Register,2027-09-11 08:00:00,0
train_00983,Check,2027-09-11 08:01:00,1
train_00983,Assess,2027-09-11 08:02:00,2
train_00983,Decide,2027-09-11 08:03:00,3
train_00983,Notify,2027-09-11 08:04:00,4
train_00983,Archive,2027-09-11 08:05:00,5
train_00984,Register,2027-09-12 08:00:00,0
train_00984,Check,2027-09-12 08:01:00,1
train_00984,Assess,2027-09-12 08:02:00,2
train_00984,Decide,2027-09-12 08:03:00,3
train_00984,Notify,2027-09-12 08:04:00,4
train_00984,Archive,2027-09-12 08:05:00,5
train_00985,Register,2027-09-13 08:00:00,0
train_00985,Check,2027-09-13 08:01:00,1
train_00985,Assess,2027-09-13 08:02:00,2
train_00985,Decide,2027-09-13 08:03:00,3
train_00985,Notify,2027-09-13 08:04:00,4
train_00985,Archive,2027-09-13 08:05:00,5
train_00986,Register,2027-09-14 08:00:00,0
train_00986,Check,2027-09-14 08:01:00,1
train_00986,Assess,2027-09-14 08:02:00,2
train_00986,Decide,2027-09-14 08:03:00,3
train_00986,Notify,2027-09-14 08:04:00,4
train_00986,Archive,2027-09-14 08:05:00,5
train_00987,Register,2027-09-15 08:00:00,0
train_00987,Check,2027-09-15 08:01:00,1
train_00987,Assess,2027-09-15 08:02:00,2
train_00987,Decide,2027-09-15 08:03:00,3
train_00987,Notify,2027-09-15 08:04:00,4
train_00987,Archive,2027-09-15 08:05:00,5
train_00988,Register,2027-09-16 08:00:00,0
train_00988,Check,2027-09-16 08:01:00,1
train_00988,Assess,2027-09-16 08:02:00,2
train_00988,Manual review,2027-09-16 08:03:00,3
train_00988,Rework,2027-09-16 08:04:00,4
train_00988,Assess,2027-09-16 08:05:00,5
train_00988,Decide,2027-09-16 08:06:00,6
train_00988,Notify,2027-09-16 08:07:00,7
train_00988,Archive,2027-09-16 08:08:00,8
train_00989,Register,2027-09-17 08:00:00,0
train_00989,Check,2027-09-17 08:01:00,1
train_00989,Assess,2027-09-17 08:02:00,2
train_00989,Decide,2027-09-17 08:03:00,3
train_00989,Notify,2027-09-17 08:04:00,4
train_00989,Archive,2027-09-17 08:05:00,5
train_00990,Register,2027-09-18 08:00:00,0
train_00990,Check,2027-09-18 08:01:00,1
train_00990,Assess,2027-09-18 08:02:00,2
train_00990,Decide,2027-09-18 08:03:00,3
train_00990,Notify,2027-09-18 08:04:00,4
train_00990,Archive,2027-09-18 08:05:00,5
train_00991,Register,2027-09-19 08:00:00,0
train_00991,Check,2027-09-19 08:01:00,1
train_00991,Assess,2027-09-19 08:02:00,2
train_00991,Decide,2027-09-19 08:03:00,3
train_00991,Notify,2027-09-19 08:04:00,4
train_00991,Archive,2027-09-19 08:05:00,5
train_00992,Register,2027-09-20 08:00:00,0
train_00992,Check,2027-09-20 08:01:00,1
train_00992,Assess,2027-09-20 08:02:00,2
train_00992,Decide,2027-09-20 08:03:00,3
train_00992,Notify,2027-09-20 08:04:00,4
train_00992,Archive,2027-09-20 08:05:00,5
train_00993,Register,2027-09-21 08:00:00,0
train_00993,Check,2027-09-21 08:01:00,1
train_00993,Assess,2027-09-21 08:02:00,2
train_00993,Manual review,2027-09-21 08:03:00,3
train_00993,Rework,2027-09-21 08:04:00,4
train_00993,Assess,2027-09-21 08:05:00,5
train_00993,Decide,2027-09-21 08:06:00,6
train_00993,Notify,2027-09-21 08:07:00,7
train_00993,Archive,2027-09-21 08:08:00,8
train_00994,Register,2027-09-22 08:00:00,0
train_00994,Check,2027-09-22 08:01:00,1
train_00994,Assess,2027-09-22 08:02:00,2
train_00994,Decide,2027-09-22 08:03:00,3
train_00994,Notify,2027-09-22 08:04:00,4
train_00994,Archive,2027-09-22 08:05:00,5
train_00995,Register,2027-09-23 08:00:00,0
train_00995,Check,2027-09-23 08:01:00,1
train_00995,Assess,2027-09-23 08:02:00,2
train_00995,Decide,2027-09-23 08:03:00,3
train_00995,Notify,2027-09-23 08:04:00,4
train_00995,Archive,2027-09-23 08:05:00,5
train_00996,Register,2027-09-24 08:00:00,0
train_00996,Check,2027-09-24 08:01:00,1
train_00996,Assess,2027-09-24 08:02:00,2
train_00996,Decide,2027-09-24 08:03:00,3
train_00996,Notify,2027-09-24 08:04:00,4
train_00996,Archive,2027-09-24 08:05:00,5
train_00997,Register,2027-09-25 08:00:00,0
train_00997,Check,2027-09-25 08:01:00,1
train_00997,Assess,2027-09-25 08:02:00,2
train_00997,Decide,2027-09-25 08:03:00,3
train_00997,Notify,2027-09-25 08:04:00,4
train_00997,Archive,2027-09-25 08:05:00,5
train_00998,Register,2027-09-26 08:00:00,0
train_00998,Check,2027-09-26 08:01:00,1
train_00998,Assess,2027-09-26 08:02:00,2
train_00998,Decide,2027-09-26 08:03:00,3
train_00998,Notify,2027-09-26 08:04:00,4
train_00998,Archive,2027-09-26 08:05:00,5
train_00999,Register,2027-09-27 08:00:00,0
train_00999,Check,2027-09-27 08:01:00,1
train_00999,Assess,2027-09-27 08:02:00,2
train_00999,Decide,2027-09-27 08:03:00,3
train_00999,Notify,2027-09-27 08:04:00,4
train_00999,Archive,2027-09-27 08:05:00,5
