scenario,variability,seed,train_traces,positive_test_traces,negative_test_traces,inductive_noise_threshold,declare_min_support_ratio,declare_min_confidence_ratio,train_activity_count,train_variant_count,train_variant_ratio,train_variant_entropy,train_variant_entropy_normalized,train_mean_trace_length,imperative_petri_places,imperative_petri_transitions,imperative_petri_visible_transitions,imperative_petri_hidden_transitions,imperative_petri_arcs,imperative_bpmn_nodes,imperative_bpmn_flows,imperative_bpmn_tasks,imperative_bpmn_gateways,imperative_bpmn_xor_gateways,imperative_bpmn_and_gateways,imperative_bpmn_or_gateways,imperative_bpmn_split_gateways,imperative_control_flow_complexity,imperative_bpmn_density,imperative_bpmn_structural_overhead,imperative_bpmn_nodes_per_observed_activity,declarative_declare_relation_records_raw,declarative_declare_symmetric_deduplicated_constraints,declarative_declare_constraints,declarative_declare_constraints_primitive_preferred,declarative_declare_redundant_records_removed,declarative_declare_unary_constraints,declarative_declare_binary_constraints,declarative_declare_template_count,declarative_declare_observed_activities,declarative_declare_constrained_activities,declarative_declare_unconstrained_activities,declarative_declare_constraint_density,declarative_declare_graph_mean_degree,declarative_declare_graph_max_degree,declarative_declare_relation_overlap,declarative_declare_mean_support_ratio,declarative_declare_mean_confidence_ratio,declarative_declare_constraints_per_observed_activity,declarative_declare_raw_records_per_observed_activity,declarative_declare_primitive_constraints_per_observed_activity,imperative_test_tp,imperative_test_fn,imperative_test_fp,imperative_test_tn,imperative_test_accuracy,imperative_test_precision,imperative_test_recall,imperative_test_f1,imperative_test_false_acceptance_rate,imperative_test_false_rejection_rate,imperative_test_mutation_family_count,imperative_test_mutation_macro_rejection_rate,imperative_test_mutation_macro_balanced_accuracy,imperative_test_f1_leave_one_family_out_min,imperative_test_f1_leave_one_family_out_max,imperative_test_f1_leave_one_family_out_range,declarative_test_tp,declarative_test_fn,declarative_test_fp,declarative_test_tn,declarative_test_accuracy,declarative_test_precision,declarative_test_recall,declarative_test_f1,declarative_test_false_acceptance_rate,declarative_test_false_rejection_rate,declarative_test_mutation_family_count,declarative_test_mutation_macro_rejection_rate,declarative_test_mutation_macro_balanced_accuracy,declarative_test_f1_leave_one_family_out_min,declarative_test_f1_leave_one_family_out_max,declarative_test_f1_leave_one_family_out_range,declarative_closed_world_test_tp,declarative_closed_world_test_fn,declarative_closed_world_test_fp,declarative_closed_world_test_tn,declarative_closed_world_test_accuracy,declarative_closed_world_test_precision,declarative_closed_world_test_recall,declarative_closed_world_test_f1,declarative_closed_world_test_false_acceptance_rate,declarative_closed_world_test_false_rejection_rate,declarative_closed_world_test_mutation_family_count,declarative_closed_world_test_mutation_macro_rejection_rate,declarative_closed_world_test_mutation_macro_balanced_accuracy,declarative_closed_world_test_f1_leave_one_family_out_min,declarative_closed_world_test_f1_leave_one_family_out_max,declarative_closed_world_test_f1_leave_one_family_out_range,imperative_native_fitness,imperative_native_precision,imperative_native_generalization,imperative_native_simplicity,declarative_full_trace_conformance,declarative_mean_constraint_satisfaction,runtime_seconds,imperative_bpmn_nodes_change_from_p0,imperative_bpmn_nodes_percent_change_from_p0,imperative_bpmn_flows_change_from_p0,imperative_bpmn_flows_percent_change_from_p0,imperative_control_flow_complexity_change_from_p0,imperative_control_flow_complexity_percent_change_from_p0,imperative_bpmn_structural_overhead_change_from_p0,imperative_bpmn_structural_overhead_percent_change_from_p0,imperative_bpmn_nodes_per_observed_activity_change_from_p0,imperative_bpmn_nodes_per_observed_activity_percent_change_from_p0,declarative_declare_constraints_change_from_p0,declarative_declare_constraints_percent_change_from_p0,declarative_declare_constraints_primitive_preferred_change_from_p0,declarative_declare_constraints_primitive_preferred_percent_change_from_p0,declarative_declare_relation_records_raw_change_from_p0,declarative_declare_relation_records_raw_percent_change_from_p0,declarative_declare_constraints_per_observed_activity_change_from_p0,declarative_declare_constraints_per_observed_activity_percent_change_from_p0,declarative_declare_raw_records_per_observed_activity_change_from_p0,declarative_declare_raw_records_per_observed_activity_percent_change_from_p0,declarative_declare_constraint_density_change_from_p0,declarative_declare_constraint_density_percent_change_from_p0,declarative_declare_template_count_change_from_p0,declarative_declare_template_count_percent_change_from_p0
optional,0.0,1001,350,150,150,0.0,0.05,0.95,6,1,0.0028571428571428,0.0,0.0,6.0,7,6,6,0,12,8,7,6,0,0,0,0,0,0,0.125,2,1.3333333333333333,112,97,37,67,75,7,30,4,6,6,0,0.2517006802721088,5.0,5,5,1.0,1.0,6.166666666666667,18.666666666666668,11.166666666666666,150,0,0,150,1.0,1.0,1.0,1.0,0.0,0.0,9.0,1.0,1.0,1.0,1.0,0.0,150,0,50,100,0.8333333333333334,0.75,1.0,0.8571428571428571,0.3333333333333333,0.0,9.0,0.6666666666666666,0.8333333333333333,0.8571428571428571,0.9009009009009008,0.0437580437580438,150,0,0,150,1.0,1.0,1.0,1.0,0.0,0.0,9.0,1.0,1.0,1.0,1.0,0.0,1.0,1.0,0.9465477516175153,1.0,1.0,1.0,0.1725357079994864,0.0,0.0,0.0,0.0,0.0,,0.0,0.0,0.0,0.0,0.0,0.0,0.0,0.0,0.0,0.0,0.0,0.0,0.0,0.0,0.0,0.0,0.0,0.0
optional,0.0,1002,350,150,150,0.0,0.05,0.95,6,1,0.0028571428571428,0.0,0.0,6.0,7,6,6,0,12,8,7,6,0,0,0,0,0,0,0.125,2,1.3333333333333333,112,97,37,67,75,7,30,4,6,6,0,0.2517006802721088,5.0,5,5,1.0,1.0,6.166666666666667,18.666666666666668,11.166666666666666,150,0,0,150,1.0,1.0,1.0,1.0,0.0,0.0,9.0,1.0,1.0,1.0,1.0,0.0,150,0,50,100,0.8333333333333334,0.75,1.0,0.8571428571428571,0.3333333333333333,0.0,9.0,0.6666666666666666,0.8333333333333333,0.8571428571428571,0.9009009009009008,0.0437580437580438,150,0,0,150,1.0,1.0,1.0,1.0,0.0,0.0,9.0,1.0,1.0,1.0,1.0,0.0,1.0,1.0,0.9465477516175153,1.0,1.0,1.0,0.1733719579933677,0.0,0.0,0.0,0.0,0.0,,0.0,0.0,0.0,0.0,0.0,0.0,0.0,0.0,0.0,0.0,0.0,0.0,0.0,0.0,0.0,0.0,0.0,0.0
optional,0.0,1003,350,150,150,0.0,0.05,0.95,6,1,0.0028571428571428,0.0,0.0,6.0,7,6,6,0,12,8,7,6,0,0,0,0,0,0,0.125,2,1.3333333333333333,112,97,37,67,75,7,30,4,6,6,0,0.2517006802721088,5.0,5,5,1.0,1.0,6.166666666666667,18.666666666666668,11.166666666666666,150,0,0,150,1.0,1.0,1.0,1.0,0.0,0.0,9.0,1.0,1.0,1.0,1.0,0.0,150,0,51,99,0.83,0.746268656716418,1.0,0.8547008547008548,0.34,0.0,9.0,0.6666666666666666,0.8333333333333333,0.8547008547008548,0.8982035928143712,0.0435027381135164,150,0,0,150,1.0,1.0,1.0,1.0,0.0,0.0,9.0,1.0,1.0,1.0,1.0,0.0,1.0,1.0,0.9465477516175153,1.0,1.0,1.0,0.2108824579918291,0.0,0.0,0.0,0.0,0.0,,0.0,0.0,0.0,0.0,0.0,0.0,0.0,0.0,0.0,0.0,0.0,0.0,0.0,0.0,0.0,0.0,0.0,0.0
optional,0.0,1004,350,150,150,0.0,0.05,0.95,6,1,0.0028571428571428,0.0,0.0,6.0,7,6,6,0,12,8,7,6,0,0,0,0,0,0,0.125,2,1.3333333333333333,112,97,37,67,75,7,30,4,6,6,0,0.2517006802721088,5.0,5,5,1.0,1.0,6.166666666666667,18.666666666666668,11.166666666666666,150,0,0,150,1.0,1.0,1.0,1.0,0.0,0.0,9.0,1.0,1.0,1.0,1.0,0.0,150,0,49,101,0.8366666666666667,0.7537688442211056,1.0,0.8595988538681949,0.3266666666666666,0.0,9.0,0.6666666666666666,0.8333333333333333,0.8595988538681949,0.9036144578313252,0.0440156039631304,150,0,0,150,1.0,1.0,1.0,1.0,0.0,0.0,9.0,1.0,1.0,1.0,1.0,0.0,1.0,1.0,0.9465477516175153,1.0,1.0,1.0,0.189699542010203,0.0,0.0,0.0,0.0,0.0,,0.0,0.0,0.0,0.0,0.0,0.0,0.0,0.0,0.0,0.0,0.0,0.0,0.0,0.0,0.0,0.0,0.0,0.0
optional,0.0,1005,350,150,150,0.0,0.05,0.95,6,1,0.0028571428571428,0.0,0.0,6.0,7,6,6,0,12,8,7,6,0,0,0,0,0,0,0.125,2,1.3333333333333333,112,97,37,67,75,7,30,4,6,6,0,0.2517006802721088,5.0,5,5,1.0,1.0,6.166666666666667,18.666666666666668,11.166666666666666,150,0,0,150,1.0,1.0,1.0,1.0,0.0,0.0,9.0,1.0,1.0,1.0,1.0,0.0,150,0,51,99,0.83,0.746268656716418,1.0,0.8547008547008548,0.34,0.0,9.0,0.6666666666666666,0.8333333333333333,0.8547008547008548,0.8982035928143712,0.0435027381135164,150,0,0,150,1.0,1.0,1.0,1.0,0.0,0.0,9.0,1.0,1.0,1.0,1.0,0.0,1.0,1.0,0.9465477516175153,1.0,1.0,1.0,0.2337625840154942,0.0,0.0,0.0,0.0,0.0,,0.0,0.0,0.0,0.0,0.0,0.0,0.0,0.0,0.0,0.0,0.0,0.0,0.0,0.0,0.0,0.0,0.0,0.0
optional,0.0,1006,350,150,150,0.0,0.05,0.95,6,1,0.0028571428571428,0.0,0.0,6.0,7,6,6,0,12,8,7,6,0,0,0,0,0,0,0.125,2,1.3333333333333333,112,97,37,67,75,7,30,4,6,6,0,0.2517006802721088,5.0,5,5,1.0,1.0,6.166666666666667,18.666666666666668,11.166666666666666,150,0,0,150,1.0,1.0,1.0,1.0,0.0,0.0,9.0,1.0,1.0,1.0,1.0,0.0,150,0,50,100,0.8333333333333334,0.75,1.0,0.8571428571428571,0.3333333333333333,0.0,9.0,0.6666666666666666,0.8333333333333333,0.8571428571428571,0.9009009009009008,0.0437580437580438,150,0,0,150,1.0,1.0,1.0,1.0,0.0,0.0,9.0,1.0,1.0,1.0,1.0,0.0,1.0,1.0,0.9465477516175153,1.0,1.0,1.0,0.2254859170061536,0.0,0.0,0.0,0.0,0.0,,0.0,0.0,0.0,0.0,0.0,0.0,0.0,0.0,0.0,0.0,0.0,0.0,0.0,0.0,0.0,0.0,0.0,0.0
optional,0.0,1007,350,150,150,0.0,0.05,0.95,6,1,0.0028571428571428,0.0,0.0,6.0,7,6,6,0,12,8,7,6,0,0,0,0,0,0,0.125,2,1.3333333333333333,112,97,37,67,75,7,30,4,6,6,0,0.2517006802721088,5.0,5,5,1.0,1.0,6.166666666666667,18.666666666666668,11.166666666666666,150,0,0,150,1.0,1.0,1.0,1.0,0.0,0.0,9.0,1.0,1.0,1.0,1.0,0.0,150,0,50,100,0.8333333333333334,0.75,1.0,0.8571428571428571,0.3333333333333333,0.0,9.0,0.6666666666666666,0.8333333333333333,0.8571428571428571,0.9009009009009008,0.0437580437580438,150,0,0,150,1.0,1.0,1.0,1.0,0.0,0.0,9.0,1.0,1.0,1.0,1.0,0.0,1.0,1.0,0.9465477516175153,1.0,1.0,1.0,0.2279890829813666,0.0,0.0,0.0,0.0,0.0,,0.0,0.0,0.0,0.0,0.0,0.0,0.0,0.0,0.0,0.0,0.0,0.0,0.0,0.0,0.0,0.0,0.0,0.0
optional,0.0,1008,350,150,150,0.0,0.05,0.95,6,1,0.0028571428571428,0.0,0.0,6.0,7,6,6,0,12,8,7,6,0,0,0,0,0,0,0.125,2,1.3333333333333333,112,97,37,67,75,7,30,4,6,6,0,0.2517006802721088,5.0,5,5,1.0,1.0,6.166666666666667,18.666666666666668,11.166666666666666,150,0,0,150,1.0,1.0,1.0,1.0,0.0,0.0,9.0,1.0,1.0,1.0,1.0,0.0,150,0,50,100,0.8333333333333334,0.75,1.0,0.8571428571428571,0.3333333333333333,0.0,9.0,0.6666666666666666,0.8333333333333333,0.8571428571428571,0.9009009009009008,0.0437580437580438,150,0,0,150,1.0,1.0,1.0,1.0,0.0,0.0,9.0,1.0,1.0,1.0,1.0,0.0,1.0,1.0,0.9465477516175153,1.0,1.0,1.0,0.2429844579892233,0.0,0.0,0.0,0.0,0.0,,0.0,0.0,0.0,0.0,0.0,0.0,0.0,0.0,0.0,0.0,0.0,0.0,0.0,0.0,0.0,0.0,0.0,0.0
optional,0.0,1009,350,150,150,0.0,0.05,0.95,6,1,0.0028571428571428,0.0,0.0,6.0,7,6,6,0,12,8,7,6,0,0,0,0,0,0,0.125,2,1.3333333333333333,112,97,37,67,75,7,30,4,6,6,0,0.2517006802721088,5.0,5,5,1.0,1.0,6.166666666666667,18.666666666666668,11.166666666666666,150,0,0,150,1.0,1.0,1.0,1.0,0.0,0.0,9.0,1.0,1.0,1.0,1.0,0.0,150,0,50,100,0.8333333333333334,0.75,1.0,0.8571428571428571,0.3333333333333333,0.0,9.0,0.6666666666666666,0.8333333333333333,0.8571428571428571,0.9009009009009008,0.0437580437580438,150,0,0,150,1.0,1.0,1.0,1.0,0.0,0.0,9.0,1.0,1.0,1.0,1.0,0.0,1.0,1.0,0.9465477516175153,1.0,1.0,1.0,0.2119275000004563,0.0,0.0,0.0,0.0,0.0,,0.0,0.0,0.0,0.0,0.0,0.0,0.0,0.0,0.0,0.0,0.0,0.0,0.0,0.0,0.0,0.0,0.0,0.0
optional,0.0,1010,350,150,150,0.0,0.05,0.95,6,1,0.0028571428571428,0.0,0.0,6.0,7,6,6,0,12,8,7,6,0,0,0,0,0,0,0.125,2,1.3333333333333333,112,97,37,67,75,7,30,4,6,6,0,0.2517006802721088,5.0,5,5,1.0,1.0,6.166666666666667,18.666666666666668,11.166666666666666,150,0,0,150,1.0,1.0,1.0,1.0,0.0,0.0,9.0,1.0,1.0,1.0,1.0,0.0,150,0,50,100,0.8333333333333334,0.75,1.0,0.8571428571428571,0.3333333333333333,0.0,9.0,0.6666666666666666,0.8333333333333333,0.8571428571428571,0.9009009009009008,0.0437580437580438,150,0,0,150,1.0,1.0,1.0,1.0,0.0,0.0,9.0,1.0,1.0,1.0,1.0,0.0,1.0,1.0,0.9465477516175153,1.0,1.0,1.0,0.234403749986086,0.0,0.0,0.0,0.0,0.0,,0.0,0.0,0.0,0.0,0.0,0.0,0.0,0.0,0.0,0.0,0.0,0.0,0.0,0.0,0.0,0.0,0.0,0.0
optional,0.05,1001,350,150,150,0.0,0.05,0.95,8,4,0.0114285714285714,0.6084299971277761,0.304214998563888,6.1085714285714285,9,10,8,2,20,14,15,8,4,4,0,0,2,4,0.0824175824175824,6,1.75,136,121,61,91,75,7,54,7,8,8,0,0.2276119402985074,6.75,7,12,0.6279156908665106,1.0,7.625,17.0,11.375,150,0,0,150,1.0,1.0,1.0,1.0,0.0,0.0,9.0,1.0,1.0,1.0,1.0,0.0,150,0,0,150,1.0,1.0,1.0,1.0,0.0,0.0,9.0,1.0,1.0,1.0,1.0,0.0,150,0,0,150,1.0,1.0,1.0,1.0,0.0,0.0,9.0,1.0,1.0,1.0,1.0,0.0,1.0,1.0,0.9110047133308432,0.9047619047619048,1.0,1.0,0.2487925000023096,6.0,75.0,8.0,114.28571428571428,4.0,,4.0,200.0,0.41666666666666674,31.250000000000007,24.0,64.86486486486487,24.0,35.82089552238806,24.0,21.428571428571427,1.458333333333333,23.648648648648642,-1.6666666666666679,-8.928571428571434,-0.024088739973601392,-9.570391286809203,3.0,75.0
optional,0.05,1002,350,150,150,0.0,0.05,0.95,8,4,0.0114285714285714,0.58957571140394,0.29478785570197,6.105714285714286,9,10,8,2,20,14,15,8,4,4,0,0,2,4,0.0824175824175824,6,1.75,124,109,49,79,75,7,42,7,8,7,1,0.1828358208955224,5.25,6,8,0.7718950437317785,1.0,6.125,15.5,9.875,150,0,0,150,1.0,1.0,1.0,1.0,0.0,0.0,9.0,1.0,1.0,1.0,1.0,0.0,150,0,17,133,0.9433333333333334,0.8982035928143712,1.0,0.946372239747634,0.1133333333333333,0.0,9.0,0.8888888888888888,0.9444444444444444,0.946372239747634,1.0,0.0536277602523659,150,0,17,133,0.9433333333333334,0.8982035928143712,1.0,0.946372239747634,0.1133333333333333,0.0,9.0,0.8888888888888888,0.9444444444444444,0.946372239747634,1.0,0.0536277602523659,1.0,1.0,0.9087953917728088,0.9047619047619048,1.0,1.0,0.2224114160053432,6.0,75.0,8.0,114.28571428571428,4.0,,4.0,200.0,0.41666666666666674,31.250000000000007,12.0,32.432432432432435,12.0,17.91044776119403,12.0,10.714285714285714,-0.04166666666666696,-0.6756756756756804,-3.166666666666668,-16.964285714285722,-0.0688648593765864,-27.359822509076224,3.0,75.0
optional,0.05,1003,350,150,150,0.0,0.05,0.95,8,4,0.0114285714285714,0.535607278520189,0.2678036392600945,6.091428571428572,9,10,8,2,20,14,15,8,4,4,0,0,2,4,0.0824175824175824,6,1.75,112,97,37,67,75,7,30,4,8,6,2,0.1380597014925373,3.75,5,5,1.0,1.0,4.625,14.0,8.375,150,0,0,150,1.0,1.0,1.0,1.0,0.0,0.0,9.0,1.0,1.0,1.0,1.0,0.0,150,0,50,100,0.8333333333333334,0.75,1.0,0.8571428571428571,0.3333333333333333,0.0,9.0,0.6666666666666666,0.8333333333333333,0.8571428571428571,0.9009009009009008,0.0437580437580438,150,0,50,100,0.8333333333333334,0.75,1.0,0.8571428571428571,0.3333333333333333,0.0,9.0,0.6666666666666666,0.8333333333333333,0.8571428571428571,0.9009009009009008,0.0437580437580438,1.0,1.0,0.9069851378672176,0.9047619047619048,1.0,1.0,0.2432304579997435,6.0,75.0,8.0,114.28571428571428,4.0,,4.0,200.0,0.41666666666666674,31.250000000000007,0.0,0.0,0.0,0.0,0.0,0.0,-1.541666666666667,-25.000000000000007,-4.666666666666668,-25.000000000000007,-0.1136409787795715,-45.14925373134328,0.0,0.0
optional,0.05,1004,350,150,150,0.0,0.05,0.95,8,4,0.0114285714285714,0.5602576838621126,0.2801288419310563,6.097142857142857,9,10,8,2,20,14,15,8,4,4,0,0,2,4,0.0824175824175824,6,1.75,124,109,49,79,75,7,42,7,8,7,1,0.1828358208955224,5.25,6,9,0.7676967930029155,1.0,6.125,15.5,9.875,150,0,0,150,1.0,1.0,1.0,1.0,0.0,0.0,9.0,1.0,1.0,1.0,1.0,0.0,150,0,33,117,0.89,0.819672131147541,1.0,0.9009009009009008,0.22,0.0,9.0,0.7777777777777778,0.8888888888888888,0.9009009009009008,0.9493670886075948,0.0484661877066939,150,0,33,117,0.89,0.819672131147541,1.0,0.9009009009009008,0.22,0.0,9.0,0.7777777777777778,0.8888888888888888,0.9009009009009008,0.9493670886075948,0.0484661877066939,1.0,1.0,0.9083984553798272,0.9047619047619048,1.0,1.0,0.2363659999973606,6.0,75.0,8.0,114.28571428571428,4.0,,4.0,200.0,0.41666666666666674,31.250000000000007,12.0,32.432432432432435,12.0,17.91044776119403,12.0,10.714285714285714,-0.04166666666666696,-0.6756756756756804,-3.166666666666668,-16.964285714285722,-0.0688648593765864,-27.359822509076224,3.0,75.0
optional,0.05,1005,350,150,150,0.0,0.05,0.95,8,4,0.0114285714285714,0.6545500711002321,0.327275035550116,6.12,9,10,8,2,20,14,15,8,4,4,0,0,2,4,0.0824175824175824,6,1.75,136,121,61,91,75,7,54,7,8,8,0,0.2276119402985074,6.75,7,12,0.6301639344262294,1.0,7.625,17.0,11.375,150,0,0,150,1.0,1.0,1.0,1.0,0.0,0.0,9.0,1.0,1.0,1.0,1.0,0.0,150,0,0,150,1.0,1.0,1.0,1.0,0.0,0.0,9.0,1.0,1.0,1.0,1.0,0.0,150,0,0,150,1.0,1.0,1.0,1.0,0.0,0.0,9.0,1.0,1.0,1.0,1.0,0.0,1.0,1.0,0.913221504430576,0.9047619047619048,1.0,1.0,0.2362000419816468,6.0,75.0,8.0,114.28571428571428,4.0,,4.0,200.0,0.41666666666666674,31.250000000000007,24.0,64.86486486486487,24.0,35.82089552238806,24.0,21.428571428571427,1.458333333333333,23.648648648648642,-1.6666666666666679,-8.928571428571434,-0.024088739973601392,-9.570391286809203,3.0,75.0
optional,0.05,1006,350,150,150,0.0,0.05,0.95,8,3,0.0085714285714285,0.5641718611527643,0.3559528133290641,6.1,9,10,8,2,20,14,15,8,4,4,0,0,2,4,0.0824175824175824,6,1.75,124,109,49,79,75,7,42,7,8,7,1,0.1828358208955224,5.25,6,9,0.7704956268221574,1.0,6.125,15.5,9.875,150,0,0,150,1.0,1.0,1.0,1.0,0.0,0.0,9.0,1.0,1.0,1.0,1.0,0.0,150,0,34,116,0.8866666666666667,0.8152173913043478,1.0,0.8982035928143712,0.2266666666666666,0.0,9.0,0.7777777777777778,0.8888888888888888,0.8982035928143712,0.946372239747634,0.0481686469332628,150,0,34,116,0.8866666666666667,0.8152173913043478,1.0,0.8982035928143712,0.2266666666666666,0.0,9.0,0.7777777777777778,0.8888888888888888,0.8982035928143712,0.946372239747634,0.0481686469332628,1.0,0.9922398589065256,0.9079046461129158,0.9047619047619048,1.0,1.0,0.2485386249900329,6.0,75.0,8.0,114.28571428571428,4.0,,4.0,200.0,0.41666666666666674,31.250000000000007,12.0,32.432432432432435,12.0,17.91044776119403,12.0,10.714285714285714,-0.04166666666666696,-0.6756756756756804,-3.166666666666668,-16.964285714285722,-0.0688648593765864,-27.359822509076224,3.0,75.0
optional,0.05,1007,350,150,150,0.0,0.05,0.95,8,3,0.0085714285714285,0.6809313302910682,0.4296198364196284,6.128571428571429,9,10,8,2,20,14,15,8,4,4,0,0,2,4,0.0824175824175824,6,1.75,136,121,61,91,75,7,54,7,8,8,0,0.2276119402985074,6.75,7,12,0.6318501170960188,1.0,7.625,17.0,11.375,150,0,0,150,1.0,1.0,1.0,1.0,0.0,0.0,9.0,1.0,1.0,1.0,1.0,0.0,150,0,0,150,1.0,1.0,1.0,1.0,0.0,0.0,9.0,1.0,1.0,1.0,1.0,0.0,150,0,0,150,1.0,1.0,1.0,1.0,0.0,0.0,9.0,1.0,1.0,1.0,1.0,0.0,1.0,0.9912126537785588,0.9145161504076272,0.9047619047619048,1.0,1.0,0.2395012089982628,6.0,75.0,8.0,114.28571428571428,4.0,,4.0,200.0,0.41666666666666674,31.250000000000007,24.0,64.86486486486487,24.0,35.82089552238806,24.0,21.428571428571427,1.458333333333333,23.648648648648642,-1.6666666666666679,-8.928571428571434,-0.024088739973601392,-9.570391286809203,3.0,75.0
optional,0.05,1008,350,150,150,0.0,0.05,0.95,8,4,0.0114285714285714,0.5803223817888236,0.2901611908944118,6.102857142857143,9,10,8,2,20,14,15,8,4,4,0,0,2,4,0.0824175824175824,6,1.75,124,109,49,79,75,7,42,7,8,7,1,0.1828358208955224,5.25,6,9,0.769795918367347,1.0,6.125,15.5,9.875,150,0,0,150,1.0,1.0,1.0,1.0,0.0,0.0,9.0,1.0,1.0,1.0,1.0,0.0,150,0,34,116,0.8866666666666667,0.8152173913043478,1.0,0.8982035928143712,0.2266666666666666,0.0,9.0,0.7777777777777778,0.8888888888888888,0.8982035928143712,0.946372239747634,0.0481686469332628,150,0,34,116,0.8866666666666667,0.8152173913043478,1.0,0.8982035928143712,0.2266666666666666,0.0,9.0,0.7777777777777778,0.8888888888888888,0.8982035928143712,0.946372239747634,0.0481686469332628,1.0,1.0,0.9093102108609123,0.9047619047619048,1.0,1.0,0.2580430000089109,6.0,75.0,8.0,114.28571428571428,4.0,,4.0,200.0,0.41666666666666674,31.250000000000007,12.0,32.432432432432435,12.0,17.91044776119403,12.0,10.714285714285714,-0.04166666666666696,-0.6756756756756804,-3.166666666666668,-16.964285714285722,-0.0688648593765864,-27.359822509076224,3.0,75.0
optional,0.05,1009,350,150,150,0.0,0.05,0.95,8,4,0.0114285714285714,0.534504802037805,0.2672524010189025,6.091428571428572,9,10,8,2,20,14,15,8,4,4,0,0,2,4,0.0824175824175824,6,1.75,124,109,49,79,75,7,42,7,8,7,1,0.1828358208955224,5.25,6,9,0.7676967930029155,1.0,6.125,15.5,9.875,150,0,0,150,1.0,1.0,1.0,1.0,0.0,0.0,9.0,1.0,1.0,1.0,1.0,0.0,150,0,34,116,0.8866666666666667,0.8152173913043478,1.0,0.8982035928143712,0.2266666666666666,0.0,9.0,0.7777777777777778,0.8888888888888888,0.8982035928143712,0.946372239747634,0.0481686469332628,150,0,34,116,0.8866666666666667,0.8152173913043478,1.0,0.8982035928143712,0.2266666666666666,0.0,9.0,0.7777777777777778,0.8888888888888888,0.8982035928143712,0.946372239747634,0.0481686469332628,1.0,1.0,0.9066886404843308,0.9047619047619048,1.0,1.0,0.2552387920150067,6.0,75.0,8.0,114.28571428571428,4.0,,4.0,200.0,0.41666666666666674,31.250000000000007,12.0,32.432432432432435,12.0,17.91044776119403,12.0,10.714285714285714,-0.04166666666666696,-0.6756756756756804,-3.166666666666668,-16.964285714285722,-0.0688648593765864,-27.359822509076224,3.0,75.0
optional,0.05,1010,350,150,150,0.0,0.05,0.95,8,4,0.0114285714285714,0.6008169382019136,0.3004084691009568,6.1085714285714285,9,10,8,2,20,14,15,8,4,4,0,0,2,4,0.0824175824175824,6,1.75,124,109,49,79,75,7,42,7,8,7,1,0.1828358208955224,5.25,6,9,0.7718950437317785,1.0,6.125,15.5,9.875,150,0,0,150,1.0,1.0,1.0,1.0,0.0,0.0,9.0,1.0,1.0,1.0,1.0,0.0,150,0,33,117,0.89,0.819672131147541,1.0,0.9009009009009008,0.22,0.0,9.0,0.7777777777777778,0.8888888888888888,0.9009009009009008,0.9493670886075948,0.0484661877066939,150,0,33,117,0.89,0.819672131147541,1.0,0.9009009009009008,0.22,0.0,9.0,0.7777777777777778,0.8888888888888888,0.9009009009009008,0.9493670886075948,0.0484661877066939,1.0,1.0,0.9097961772439566,0.9047619047619048,1.0,1.0,0.2432222079951316,6.0,75.0,8.0,114.28571428571428,4.0,,4.0,200.0,0.41666666666666674,31.250000000000007,12.0,32.432432432432435,12.0,17.91044776119403,12.0,10.714285714285714,-0.04166666666666696,-0.6756756756756804,-3.166666666666668,-16.964285714285722,-0.0688648593765864,-27.359822509076224,3.0,75.0
optional,0.1,1001,350,150,150,0.0,0.05,0.95,8,4,0.0114285714285714,0.9590173029160772,0.4795086514580386,6.208571428571428,9,10,8,2,20,14,15,8,4,4,0,0,2,4,0.0824175824175824,6,1.75,136,121,61,91,75,7,54,7,8,8,0,0.2276119402985074,6.75,7,12,0.6475878220140515,1.0,7.625,17.0,11.375,150,0,0,150,1.0,1.0,1.0,1.0,0.0,0.0,9.0,1.0,1.0,1.0,1.0,0.0,150,0,0,150,1.0,1.0,1.0,1.0,0.0,0.0,9.0,1.0,1.0,1.0,1.0,0.0,150,0,0,150,1.0,1.0,1.0,1.0,0.0,0.0,9.0,1.0,1.0,1.0,1.0,0.0,1.0,1.0,0.9235264249040336,0.9047619047619048,1.0,1.0,0.2542899170075543,6.0,75.0,8.0,114.28571428571428,4.0,,4.0,200.0,0.41666666666666674,31.250000000000007,24.0,64.86486486486487,24.0,35.82089552238806,24.0,21.428571428571427,1.458333333333333,23.648648648648642,-1.6666666666666679,-8.928571428571434,-0.024088739973601392,-9.570391286809203,3.0,75.0
optional,0.1,1002,350,150,150,0.0,0.05,0.95,8,4,0.0114285714285714,0.9359904890352678,0.4679952445176339,6.2,9,10,8,2,20,14,15,8,4,4,0,0,2,4,0.0824175824175824,6,1.75,136,121,61,91,75,7,54,7,8,8,0,0.2276119402985074,6.75,7,12,0.6459016393442623,1.0,7.625,17.0,11.375,150,0,0,150,1.0,1.0,1.0,1.0,0.0,0.0,9.0,1.0,1.0,1.0,1.0,0.0,150,0,0,150,1.0,1.0,1.0,1.0,0.0,0.0,9.0,1.0,1.0,1.0,1.0,0.0,150,0,0,150,1.0,1.0,1.0,1.0,0.0,0.0,9.0,1.0,1.0,1.0,1.0,0.0,1.0,1.0,0.9228433598051304,0.9047619047619048,1.0,1.0,0.2517602090083528,6.0,75.0,8.0,114.28571428571428,4.0,,4.0,200.0,0.41666666666666674,31.250000000000007,24.0,64.86486486486487,24.0,35.82089552238806,24.0,21.428571428571427,1.458333333333333,23.648648648648642,-1.6666666666666679,-8.928571428571434,-0.024088739973601392,-9.570391286809203,3.0,75.0
optional,0.1,1003,350,150,150,0.0,0.05,0.95,8,4,0.0114285714285714,0.8713954409720149,0.4356977204860074,6.18,9,10,8,2,20,14,15,8,4,4,0,0,2,4,0.0824175824175824,6,1.75,136,121,61,91,75,7,54,7,8,8,0,0.2276119402985074,6.75,7,12,0.641967213114754,1.0,7.625,17.0,11.375,150,0,0,150,1.0,1.0,1.0,1.0,0.0,0.0,9.0,1.0,1.0,1.0,1.0,0.0,150,0,0,150,1.0,1.0,1.0,1.0,0.0,0.0,9.0,1.0,1.0,1.0,1.0,0.0,150,0,0,150,1.0,1.0,1.0,1.0,0.0,0.0,9.0,1.0,1.0,1.0,1.0,0.0,1.0,1.0,0.9210023634120634,0.9047619047619048,1.0,1.0,0.2710365829989314,6.0,75.0,8.0,114.28571428571428,4.0,,4.0,200.0,0.41666666666666674,31.250000000000007,24.0,64.86486486486487,24.0,35.82089552238806,24.0,21.428571428571427,1.458333333333333,23.648648648648642,-1.6666666666666679,-8.928571428571434,-0.024088739973601392,-9.570391286809203,3.0,75.0
optional,0.1,1004,350,150,150,0.0,0.05,0.95,8,4,0.0114285714285714,0.9586727728193648,0.4793363864096823,6.208571428571428,9,10,8,2,20,14,15,8,4,4,0,0,2,4,0.0824175824175824,6,1.75,136,121,61,91,75,7,54,7,8,8,0,0.2276119402985074,6.75,7,12,0.6475878220140515,1.0,7.625,17.0,11.375,150,0,0,150,1.0,1.0,1.0,1.0,0.0,0.0,9.0,1.0,1.0,1.0,1.0,0.0,150,0,0,150,1.0,1.0,1.0,1.0,0.0,0.0,9.0,1.0,1.0,1.0,1.0,0.0,150,0,0,150,1.0,1.0,1.0,1.0,0.0,0.0,9.0,1.0,1.0,1.0,1.0,0.0,1.0,1.0,0.923240831839082,0.9047619047619048,1.0,1.0,0.2535176670062355,6.0,75.0,8.0,114.28571428571428,4.0,,4.0,200.0,0.41666666666666674,31.250000000000007,24.0,64.86486486486487,24.0,35.82089552238806,24.0,21.428571428571427,1.458333333333333,23.648648648648642,-1.6666666666666679,-8.928571428571434,-0.024088739973601392,-9.570391286809203,3.0,75.0
optional,0.1,1005,350,150,150,0.0,0.05,0.95,8,4,0.0114285714285714,1.024843773961349,0.5124218869806745,6.228571428571429,9,10,8,2,20,14,15,8,4,4,0,0,2,4,0.0824175824175824,6,1.75,136,121,61,91,75,7,54,7,8,8,0,0.2276119402985074,6.75,7,12,0.6515222482435596,1.0,7.625,17.0,11.375,150,0,0,150,1.0,1.0,1.0,1.0,0.0,0.0,9.0,1.0,1.0,1.0,1.0,0.0,150,0,0,150,1.0,1.0,1.0,1.0,0.0,0.0,9.0,1.0,1.0,1.0,1.0,0.0,150,0,0,150,1.0,1.0,1.0,1.0,0.0,0.0,9.0,1.0,1.0,1.0,1.0,0.0,1.0,1.0,0.9249167598675188,0.9047619047619048,1.0,1.0,0.258550667000236,6.0,75.0,8.0,114.28571428571428,4.0,,4.0,200.0,0.41666666666666674,31.250000000000007,24.0,64.86486486486487,24.0,35.82089552238806,24.0,21.428571428571427,1.458333333333333,23.648648648648642,-1.6666666666666679,-8.928571428571434,-0.024088739973601392,-9.570391286809203,3.0,75.0
optional,0.1,1006,350,150,150,0.0,0.05,0.95,8,4,0.0114285714285714,0.9810103111249868,0.4905051555624934,6.214285714285714,9,10,8,2,20,14,15,8,4,4,0,0,2,4,0.0824175824175824,6,1.75,136,121,61,91,75,7,54,7,8,8,0,0.2276119402985074,6.75,7,12,0.648711943793911,1.0,7.625,17.0,11.375,150,0,0,150,1.0,1.0,1.0,1.0,0.0,0.0,9.0,1.0,1.0,1.0,1.0,0.0,150,0,0,150,1.0,1.0,1.0,1.0,0.0,0.0,9.0,1.0,1.0,1.0,1.0,0.0,150,0,0,150,1.0,1.0,1.0,1.0,0.0,0.0,9.0,1.0,1.0,1.0,1.0,0.0,1.0,1.0,0.923900197534436,0.9047619047619048,1.0,1.0,0.2584189590124879,6.0,75.0,8.0,114.28571428571428,4.0,,4.0,200.0,0.41666666666666674,31.250000000000007,24.0,64.86486486486487,24.0,35.82089552238806,24.0,21.428571428571427,1.458333333333333,23.648648648648642,-1.6666666666666679,-8.928571428571434,-0.024088739973601392,-9.570391286809203,3.0,75.0
optional,0.1,1007,350,150,150,0.0,0.05,0.95,8,4,0.0114285714285714,0.8872040769235611,0.4436020384617805,6.185714285714286,9,10,8,2,20,14,15,8,4,4,0,0,2,4,0.0824175824175824,6,1.75,136,121,61,91,75,7,54,7,8,8,0,0.2276119402985074,6.75,7,12,0.6430913348946136,1.0,7.625,17.0,11.375,150,0,0,150,1.0,1.0,1.0,1.0,0.0,0.0,9.0,1.0,1.0,1.0,1.0,0.0,150,0,0,150,1.0,1.0,1.0,1.0,0.0,0.0,9.0,1.0,1.0,1.0,1.0,0.0,150,0,0,150,1.0,1.0,1.0,1.0,0.0,0.0,9.0,1.0,1.0,1.0,1.0,0.0,1.0,1.0,0.9214676682844468,0.9047619047619048,1.0,1.0,0.2448351670172996,6.0,75.0,8.0,114.28571428571428,4.0,,4.0,200.0,0.41666666666666674,31.250000000000007,24.0,64.86486486486487,24.0,35.82089552238806,24.0,21.428571428571427,1.458333333333333,23.648648648648642,-1.6666666666666679,-8.928571428571434,-0.024088739973601392,-9.570391286809203,3.0,75.0
optional,0.1,1008,350,150,150,0.0,0.05,0.95,8,4,0.0114285714285714,0.973698950054476,0.4868494750272379,6.211428571428572,9,10,8,2,20,14,15,8,4,4,0,0,2,4,0.0824175824175824,6,1.75,136,121,61,91,75,7,54,7,8,8,0,0.2276119402985074,6.75,7,12,0.6481498829039812,1.0,7.625,17.0,11.375,150,0,0,150,1.0,1.0,1.0,1.0,0.0,0.0,9.0,1.0,1.0,1.0,1.0,0.0,150,0,0,150,1.0,1.0,1.0,1.0,0.0,0.0,9.0,1.0,1.0,1.0,1.0,0.0,150,0,0,150,1.0,1.0,1.0,1.0,0.0,0.0,9.0,1.0,1.0,1.0,1.0,0.0,1.0,1.0,0.9237441851305532,0.9047619047619048,1.0,1.0,0.2583991670107934,6.0,75.0,8.0,114.28571428571428,4.0,,4.0,200.0,0.41666666666666674,31.250000000000007,24.0,64.86486486486487,24.0,35.82089552238806,24.0,21.428571428571427,1.458333333333333,23.648648648648642,-1.6666666666666679,-8.928571428571434,-0.024088739973601392,-9.570391286809203,3.0,75.0
optional,0.1,1009,350,150,150,0.0,0.05,0.95,8,4,0.0114285714285714,0.9809644306984144,0.4904822153492072,6.214285714285714,9,10,8,2,20,14,15,8,4,4,0,0,2,4,0.0824175824175824,6,1.75,136,121,61,91,75,7,54,7,8,8,0,0.2276119402985074,6.75,7,12,0.648711943793911,1.0,7.625,17.0,11.375,150,0,0,150,1.0,1.0,1.0,1.0,0.0,0.0,9.0,1.0,1.0,1.0,1.0,0.0,150,0,0,150,1.0,1.0,1.0,1.0,0.0,0.0,9.0,1.0,1.0,1.0,1.0,0.0,150,0,0,150,1.0,1.0,1.0,1.0,0.0,0.0,9.0,1.0,1.0,1.0,1.0,0.0,1.0,1.0,0.9238471755228818,0.9047619047619048,1.0,1.0,0.2292170830187387,6.0,75.0,8.0,114.28571428571428,4.0,,4.0,200.0,0.41666666666666674,31.250000000000007,24.0,64.86486486486487,24.0,35.82089552238806,24.0,21.428571428571427,1.458333333333333,23.648648648648642,-1.6666666666666679,-8.928571428571434,-0.024088739973601392,-9.570391286809203,3.0,75.0
optional,0.1,1010,350,150,150,0.0,0.05,0.95,8,4,0.0114285714285714,1.0413668691214892,0.5206834345607446,6.234285714285714,9,10,8,2,20,14,15,8,4,4,0,0,2,4,0.0824175824175824,6,1.75,136,121,61,91,75,7,54,7,8,8,0,0.2276119402985074,6.75,7,12,0.6526463700234192,1.0,7.625,17.0,11.375,150,0,0,150,1.0,1.0,1.0,1.0,0.0,0.0,9.0,1.0,1.0,1.0,1.0,0.0,150,0,0,150,1.0,1.0,1.0,1.0,0.0,0.0,9.0,1.0,1.0,1.0,1.0,0.0,150,0,0,150,1.0,1.0,1.0,1.0,0.0,0.0,9.0,1.0,1.0,1.0,1.0,0.0,1.0,1.0,0.925288197330149,0.9047619047619048,1.0,1.0,0.2393685420101974,6.0,75.0,8.0,114.28571428571428,4.0,,4.0,200.0,0.41666666666666674,31.250000000000007,24.0,64.86486486486487,24.0,35.82089552238806,24.0,21.428571428571427,1.458333333333333,23.648648648648642,-1.6666666666666679,-8.928571428571434,-0.024088739973601392,-9.570391286809203,3.0,75.0
optional,0.2,1001,350,150,150,0.0,0.05,0.95,8,4,0.0114285714285714,1.41933225656232,0.70966612828116,6.388571428571429,9,10,8,2,20,14,15,8,4,4,0,0,2,4,0.0824175824175824,6,1.75,136,121,61,91,75,7,54,7,8,8,0,0.2276119402985074,6.75,7,12,0.6829976580796253,1.0,7.625,17.0,11.375,150,0,0,150,1.0,1.0,1.0,1.0,0.0,0.0,9.0,1.0,1.0,1.0,1.0,0.0,150,0,0,150,1.0,1.0,1.0,1.0,0.0,0.0,9.0,1.0,1.0,1.0,1.0,0.0,150,0,0,150,1.0,1.0,1.0,1.0,0.0,0.0,9.0,1.0,1.0,1.0,1.0,0.0,1.0,1.0,0.9317328125518018,0.9047619047619048,1.0,1.0,0.261866791988723,6.0,75.0,8.0,114.28571428571428,4.0,,4.0,200.0,0.41666666666666674,31.250000000000007,24.0,64.86486486486487,24.0,35.82089552238806,24.0,21.428571428571427,1.458333333333333,23.648648648648642,-1.6666666666666679,-8.928571428571434,-0.024088739973601392,-9.570391286809203,3.0,75.0
optional,0.2,1002,350,150,150,0.0,0.05,0.95,8,4,0.0114285714285714,1.3712329760161188,0.6856164880080594,6.365714285714286,9,10,8,2,20,14,15,8,4,4,0,0,2,4,0.0824175824175824,6,1.75,136,121,61,91,75,7,54,7,8,8,0,0.2276119402985074,6.75,7,12,0.6785011709601874,1.0,7.625,17.0,11.375,150,0,0,150,1.0,1.0,1.0,1.0,0.0,0.0,9.0,1.0,1.0,1.0,1.0,0.0,150,0,0,150,1.0,1.0,1.0,1.0,0.0,0.0,9.0,1.0,1.0,1.0,1.0,0.0,150,0,0,150,1.0,1.0,1.0,1.0,0.0,0.0,9.0,1.0,1.0,1.0,1.0,0.0,1.0,1.0,0.9311024030507274,0.9047619047619048,1.0,1.0,0.2415796249988488,6.0,75.0,8.0,114.28571428571428,4.0,,4.0,200.0,0.41666666666666674,31.250000000000007,24.0,64.86486486486487,24.0,35.82089552238806,24.0,21.428571428571427,1.458333333333333,23.648648648648642,-1.6666666666666679,-8.928571428571434,-0.024088739973601392,-9.570391286809203,3.0,75.0
optional,0.2,1003,350,150,150,0.0,0.05,0.95,8,4,0.0114285714285714,1.5395698912384146,0.7697849456192073,6.451428571428571,9,10,8,2,20,14,15,8,4,4,0,0,2,4,0.0824175824175824,6,1.75,136,121,61,91,75,7,54,7,8,8,0,0.2276119402985074,6.75,7,12,0.6953629976580796,1.0,7.625,17.0,11.375,150,0,0,150,1.0,1.0,1.0,1.0,0.0,0.0,9.0,1.0,1.0,1.0,1.0,0.0,150,0,0,150,1.0,1.0,1.0,1.0,0.0,0.0,9.0,1.0,1.0,1.0,1.0,0.0,150,0,0,150,1.0,1.0,1.0,1.0,0.0,0.0,9.0,1.0,1.0,1.0,1.0,0.0,1.0,1.0,0.9332550920825712,0.9047619047619048,1.0,1.0,0.2647505839995574,6.0,75.0,8.0,114.28571428571428,4.0,,4.0,200.0,0.41666666666666674,31.250000000000007,24.0,64.86486486486487,24.0,35.82089552238806,24.0,21.428571428571427,1.458333333333333,23.648648648648642,-1.6666666666666679,-8.928571428571434,-0.024088739973601392,-9.570391286809203,3.0,75.0
optional,0.2,1004,350,150,150,0.0,0.05,0.95,8,4,0.0114285714285714,1.5145017859708187,0.7572508929854094,6.44,9,10,8,2,20,14,15,8,4,4,0,0,2,4,0.0824175824175824,6,1.75,136,121,61,91,75,7,54,7,8,8,0,0.2276119402985074,6.75,7,12,0.6931147540983607,1.0,7.625,17.0,11.375,150,0,0,150,1.0,1.0,1.0,1.0,0.0,0.0,9.0,1.0,1.0,1.0,1.0,0.0,150,0,0,150,1.0,1.0,1.0,1.0,0.0,0.0,9.0,1.0,1.0,1.0,1.0,0.0,150,0,0,150,1.0,1.0,1.0,1.0,0.0,0.0,9.0,1.0,1.0,1.0,1.0,0.0,1.0,1.0,0.932977664375088,0.9047619047619048,1.0,1.0,0.2651512500015087,6.0,75.0,8.0,114.28571428571428,4.0,,4.0,200.0,0.41666666666666674,31.250000000000007,24.0,64.86486486486487,24.0,35.82089552238806,24.0,21.428571428571427,1.458333333333333,23.648648648648642,-1.6666666666666679,-8.928571428571434,-0.024088739973601392,-9.570391286809203,3.0,75.0
optional,0.2,1005,350,150,150,0.0,0.05,0.95,8,4,0.0114285714285714,1.4478081889301428,0.7239040944650714,6.402857142857143,9,10,8,2,20,14,15,8,4,4,0,0,2,4,0.0824175824175824,6,1.75,136,121,61,91,75,7,54,7,8,8,0,0.2276119402985074,6.75,7,12,0.685807962529274,1.0,7.625,17.0,11.375,150,0,0,150,1.0,1.0,1.0,1.0,0.0,0.0,9.0,1.0,1.0,1.0,1.0,0.0,150,0,0,150,1.0,1.0,1.0,1.0,0.0,0.0,9.0,1.0,1.0,1.0,1.0,0.0,150,0,0,150,1.0,1.0,1.0,1.0,0.0,0.0,9.0,1.0,1.0,1.0,1.0,0.0,1.0,1.0,0.9321455618476622,0.9047619047619048,1.0,1.0,0.2366280000132974,6.0,75.0,8.0,114.28571428571428,4.0,,4.0,200.0,0.41666666666666674,31.250000000000007,24.0,64.86486486486487,24.0,35.82089552238806,24.0,21.428571428571427,1.458333333333333,23.648648648648642,-1.6666666666666679,-8.928571428571434,-0.024088739973601392,-9.570391286809203,3.0,75.0
optional,0.2,1006,350,150,150,0.0,0.05,0.95,8,4,0.0114285714285714,1.3128814362774952,0.6564407181387476,6.34,9,10,8,2,20,14,15,8,4,4,0,0,2,4,0.0824175824175824,6,1.75,136,121,61,91,75,7,54,7,8,8,0,0.2276119402985074,6.75,7,12,0.6734426229508197,1.0,7.625,17.0,11.375,150,0,0,150,1.0,1.0,1.0,1.0,0.0,0.0,9.0,1.0,1.0,1.0,1.0,0.0,150,0,0,150,1.0,1.0,1.0,1.0,0.0,0.0,9.0,1.0,1.0,1.0,1.0,0.0,150,0,0,150,1.0,1.0,1.0,1.0,0.0,0.0,9.0,1.0,1.0,1.0,1.0,0.0,1.0,1.0,0.9301810304480108,0.9047619047619048,1.0,1.0,0.2628490829956718,6.0,75.0,8.0,114.28571428571428,4.0,,4.0,200.0,0.41666666666666674,31.250000000000007,24.0,64.86486486486487,24.0,35.82089552238806,24.0,21.428571428571427,1.458333333333333,23.648648648648642,-1.6666666666666679,-8.928571428571434,-0.024088739973601392,-9.570391286809203,3.0,75.0
optional,0.2,1007,350,150,150,0.0,0.05,0.95,8,4,0.0114285714285714,1.47209244337125,0.736046221685625,6.417142857142857,9,10,8,2,20,14,15,8,4,4,0,0,2,4,0.0824175824175824,6,1.75,136,121,61,91,75,7,54,7,8,8,0,0.2276119402985074,6.75,7,12,0.6886182669789227,1.0,7.625,17.0,11.375,150,0,0,150,1.0,1.0,1.0,1.0,0.0,0.0,9.0,1.0,1.0,1.0,1.0,0.0,150,0,0,150,1.0,1.0,1.0,1.0,0.0,0.0,9.0,1.0,1.0,1.0,1.0,0.0,150,0,0,150,1.0,1.0,1.0,1.0,0.0,0.0,9.0,1.0,1.0,1.0,1.0,0.0,1.0,1.0,0.9323934700143892,0.9047619047619048,1.0,1.0,0.248434459004784,6.0,75.0,8.0,114.28571428571428,4.0,,4.0,200.0,0.41666666666666674,31.250000000000007,24.0,64.86486486486487,24.0,35.82089552238806,24.0,21.428571428571427,1.458333333333333,23.648648648648642,-1.6666666666666679,-8.928571428571434,-0.024088739973601392,-9.570391286809203,3.0,75.0
optional,0.2,1008,350,150,150,0.0,0.05,0.95,8,4,0.0114285714285714,1.3937048968832098,0.6968524484416049,6.377142857142857,9,10,8,2,20,14,15,8,4,4,0,0,2,4,0.0824175824175824,6,1.75,136,121,61,91,75,7,54,7,8,8,0,0.2276119402985074,6.75,7,12,0.6807494145199063,1.0,7.625,17.0,11.375,150,0,0,150,1.0,1.0,1.0,1.0,0.0,0.0,9.0,1.0,1.0,1.0,1.0,0.0,150,0,0,150,1.0,1.0,1.0,1.0,0.0,0.0,9.0,1.0,1.0,1.0,1.0,0.0,150,0,0,150,1.0,1.0,1.0,1.0,0.0,0.0,9.0,1.0,1.0,1.0,1.0,0.0,1.0,1.0,0.9313637898291875,0.9047619047619048,1.0,1.0,0.2417957500147167,6.0,75.0,8.0,114.28571428571428,4.0,,4.0,200.0,0.41666666666666674,31.250000000000007,24.0,64.86486486486487,24.0,35.82089552238806,24.0,21.428571428571427,1.458333333333333,23.648648648648642,-1.6666666666666679,-8.928571428571434,-0.024088739973601392,-9.570391286809203,3.0,75.0
optional,0.2,1009,350,150,150,0.0,0.05,0.95,8,4,0.0114285714285714,1.4141076705215323,0.7070538352607663,6.385714285714286,9,10,8,2,20,14,15,8,4,4,0,0,2,4,0.0824175824175824,6,1.75,136,121,61,91,75,7,54,7,8,8,0,0.2276119402985074,6.75,7,12,0.6824355971896955,1.0,7.625,17.0,11.375,150,0,0,150,1.0,1.0,1.0,1.0,0.0,0.0,9.0,1.0,1.0,1.0,1.0,0.0,150,0,0,150,1.0,1.0,1.0,1.0,0.0,0.0,9.0,1.0,1.0,1.0,1.0,0.0,150,0,0,150,1.0,1.0,1.0,1.0,0.0,0.0,9.0,1.0,1.0,1.0,1.0,0.0,1.0,1.0,0.9316732595939814,0.9047619047619048,1.0,1.0,0.25399695901433,6.0,75.0,8.0,114.28571428571428,4.0,,4.0,200.0,0.41666666666666674,31.250000000000007,24.0,64.86486486486487,24.0,35.82089552238806,24.0,21.428571428571427,1.458333333333333,23.648648648648642,-1.6666666666666679,-8.928571428571434,-0.024088739973601392,-9.570391286809203,3.0,75.0
optional,0.2,1010,350,150,150,0.0,0.05,0.95,8,4,0.0114285714285714,1.4523797482029102,0.7261898741014551,6.408571428571428,9,10,8,2,20,14,15,8,4,4,0,0,2,4,0.0824175824175824,6,1.75,136,121,61,91,75,7,54,7,8,8,0,0.2276119402985074,6.75,7,12,0.6869320843091336,1.0,7.625,17.0,11.375,150,0,0,150,1.0,1.0,1.0,1.0,0.0,0.0,9.0,1.0,1.0,1.0,1.0,0.0,150,0,0,150,1.0,1.0,1.0,1.0,0.0,0.0,9.0,1.0,1.0,1.0,1.0,0.0,150,0,0,150,1.0,1.0,1.0,1.0,0.0,0.0,9.0,1.0,1.0,1.0,1.0,0.0,1.0,1.0,0.9322697241015904,0.9047619047619048,1.0,1.0,0.240774958016118,6.0,75.0,8.0,114.28571428571428,4.0,,4.0,200.0,0.41666666666666674,31.250000000000007,24.0,64.86486486486487,24.0,35.82089552238806,24.0,21.428571428571427,1.458333333333333,23.648648648648642,-1.6666666666666679,-8.928571428571434,-0.024088739973601392,-9.570391286809203,3.0,75.0
optional,0.3,1001,350,150,150,0.0,0.05,0.95,8,4,0.0114285714285714,1.7723490059736549,0.8861745029868274,6.614285714285714,9,10,8,2,20,14,15,8,4,4,0,0,2,4,0.0824175824175824,6,1.75,136,121,61,91,75,7,54,7,8,8,0,0.2276119402985074,6.75,7,12,0.727400468384075,1.0,7.625,17.0,11.375,150,0,0,150,1.0,1.0,1.0,1.0,0.0,0.0,9.0,1.0,1.0,1.0,1.0,0.0,150,0,0,150,1.0,1.0,1.0,1.0,0.0,0.0,9.0,1.0,1.0,1.0,1.0,0.0,150,0,0,150,1.0,1.0,1.0,1.0,0.0,0.0,9.0,1.0,1.0,1.0,1.0,0.0,1.0,1.0,0.9357013837376512,0.9047619047619048,1.0,1.0,0.2460309999878518,6.0,75.0,8.0,114.28571428571428,4.0,,4.0,200.0,0.41666666666666674,31.250000000000007,24.0,64.86486486486487,24.0,35.82089552238806,24.0,21.428571428571427,1.458333333333333,23.648648648648642,-1.6666666666666679,-8.928571428571434,-0.024088739973601392,-9.570391286809203,3.0,75.0
optional,0.3,1002,350,150,150,0.0,0.05,0.95,8,4,0.0114285714285714,1.840202929575399,0.9201014647876996,6.671428571428572,9,10,8,2,20,14,15,8,4,4,0,0,2,4,0.0824175824175824,6,1.75,136,121,61,91,75,7,54,7,8,8,0,0.2276119402985074,6.75,7,12,0.7386416861826698,1.0,7.625,17.0,11.375,150,0,0,150,1.0,1.0,1.0,1.0,0.0,0.0,9.0,1.0,1.0,1.0,1.0,0.0,150,0,0,150,1.0,1.0,1.0,1.0,0.0,0.0,9.0,1.0,1.0,1.0,1.0,0.0,150,0,0,150,1.0,1.0,1.0,1.0,0.0,0.0,9.0,1.0,1.0,1.0,1.0,0.0,1.0,1.0,0.9363495078724796,0.9047619047619048,1.0,1.0,0.2610456249967683,6.0,75.0,8.0,114.28571428571428,4.0,,4.0,200.0,0.41666666666666674,31.250000000000007,24.0,64.86486486486487,24.0,35.82089552238806,24.0,21.428571428571427,1.458333333333333,23.648648648648642,-1.6666666666666679,-8.928571428571434,-0.024088739973601392,-9.570391286809203,3.0,75.0
optional,0.3,1003,350,150,150,0.0,0.05,0.95,8,4,0.0114285714285714,1.7695963728162067,0.8847981864081034,6.6085714285714285,9,10,8,2,20,14,15,8,4,4,0,0,2,4,0.0824175824175824,6,1.75,136,121,61,91,75,7,54,7,8,8,0,0.2276119402985074,6.75,7,12,0.7262763466042155,1.0,7.625,17.0,11.375,150,0,0,150,1.0,1.0,1.0,1.0,0.0,0.0,9.0,1.0,1.0,1.0,1.0,0.0,150,0,0,150,1.0,1.0,1.0,1.0,0.0,0.0,9.0,1.0,1.0,1.0,1.0,0.0,150,0,0,150,1.0,1.0,1.0,1.0,0.0,0.0,9.0,1.0,1.0,1.0,1.0,0.0,1.0,1.0,0.9356910251220808,0.9047619047619048,1.0,1.0,0.241985458007548,6.0,75.0,8.0,114.28571428571428,4.0,,4.0,200.0,0.41666666666666674,31.250000000000007,24.0,64.86486486486487,24.0,35.82089552238806,24.0,21.428571428571427,1.458333333333333,23.648648648648642,-1.6666666666666679,-8.928571428571434,-0.024088739973601392,-9.570391286809203,3.0,75.0
optional,0.3,1004,350,150,150,0.0,0.05,0.95,8,4,0.0114285714285714,1.831825925483122,0.915912962741561,6.6657142857142855,9,10,8,2,20,14,15,8,4,4,0,0,2,4,0.0824175824175824,6,1.75,136,121,61,91,75,7,54,7,8,8,0,0.2276119402985074,6.75,7,12,0.7375175644028102,1.0,7.625,17.0,11.375,150,0,0,150,1.0,1.0,1.0,1.0,0.0,0.0,9.0,1.0,1.0,1.0,1.0,0.0,150,0,0,150,1.0,1.0,1.0,1.0,0.0,0.0,9.0,1.0,1.0,1.0,1.0,0.0,150,0,0,150,1.0,1.0,1.0,1.0,0.0,0.0,9.0,1.0,1.0,1.0,1.0,0.0,1.0,1.0,0.9362766557005732,0.9047619047619048,1.0,1.0,0.2434713339898735,6.0,75.0,8.0,114.28571428571428,4.0,,4.0,200.0,0.41666666666666674,31.250000000000007,24.0,64.86486486486487,24.0,35.82089552238806,24.0,21.428571428571427,1.458333333333333,23.648648648648642,-1.6666666666666679,-8.928571428571434,-0.024088739973601392,-9.570391286809203,3.0,75.0
optional,0.3,1005,350,150,150,0.0,0.05,0.95,8,4,0.0114285714285714,1.6847895499569772,0.8423947749784886,6.545714285714285,9,10,8,2,20,14,15,8,4,4,0,0,2,4,0.0824175824175824,6,1.75,136,121,61,91,75,7,54,7,8,8,0,0.2276119402985074,6.75,7,12,0.7139110070257612,1.0,7.625,17.0,11.375,150,0,0,150,1.0,1.0,1.0,1.0,0.0,0.0,9.0,1.0,1.0,1.0,1.0,0.0,150,0,0,150,1.0,1.0,1.0,1.0,0.0,0.0,9.0,1.0,1.0,1.0,1.0,0.0,150,0,0,150,1.0,1.0,1.0,1.0,0.0,0.0,9.0,1.0,1.0,1.0,1.0,0.0,1.0,1.0,0.9348873457847676,0.9047619047619048,1.0,1.0,0.2585362079844344,6.0,75.0,8.0,114.28571428571428,4.0,,4.0,200.0,0.41666666666666674,31.250000000000007,24.0,64.86486486486487,24.0,35.82089552238806,24.0,21.428571428571427,1.458333333333333,23.648648648648642,-1.6666666666666679,-8.928571428571434,-0.024088739973601392,-9.570391286809203,3.0,75.0
optional,0.3,1006,350,150,150,0.0,0.05,0.95,8,4,0.0114285714285714,1.8060482613492128,0.9030241306746064,6.64,9,10,8,2,20,14,15,8,4,4,0,0,2,4,0.0824175824175824,6,1.75,136,121,61,91,75,7,54,7,8,8,0,0.2276119402985074,6.75,7,12,0.7324590163934426,1.0,7.625,17.0,11.375,150,0,0,150,1.0,1.0,1.0,1.0,0.0,0.0,9.0,1.0,1.0,1.0,1.0,0.0,150,0,0,150,1.0,1.0,1.0,1.0,0.0,0.0,9.0,1.0,1.0,1.0,1.0,0.0,150,0,0,150,1.0,1.0,1.0,1.0,0.0,0.0,9.0,1.0,1.0,1.0,1.0,0.0,1.0,1.0,0.9360343826711446,0.9047619047619048,1.0,1.0,0.2410917090019211,6.0,75.0,8.0,114.28571428571428,4.0,,4.0,200.0,0.41666666666666674,31.250000000000007,24.0,64.86486486486487,24.0,35.82089552238806,24.0,21.428571428571427,1.458333333333333,23.648648648648642,-1.6666666666666679,-8.928571428571434,-0.024088739973601392,-9.570391286809203,3.0,75.0
optional,0.3,1007,350,150,150,0.0,0.05,0.95,8,4,0.0114285714285714,1.8040930011597656,0.9020465005798828,6.642857142857143,9,10,8,2,20,14,15,8,4,4,0,0,2,4,0.0824175824175824,6,1.75,136,121,61,91,75,7,54,7,8,8,0,0.2276119402985074,6.75,7,12,0.7330210772833724,1.0,7.625,17.0,11.375,150,0,0,150,1.0,1.0,1.0,1.0,0.0,0.0,9.0,1.0,1.0,1.0,1.0,0.0,150,0,0,150,1.0,1.0,1.0,1.0,0.0,0.0,9.0,1.0,1.0,1.0,1.0,0.0,150,0,0,150,1.0,1.0,1.0,1.0,0.0,0.0,9.0,1.0,1.0,1.0,1.0,0.0,1.0,1.0,0.9360088704094482,0.9047619047619048,1.0,1.0,0.2525065419904422,6.0,75.0,8.0,114.28571428571428,4.0,,4.0,200.0,0.41666666666666674,31.250000000000007,24.0,64.86486486486487,24.0,35.82089552238806,24.0,21.428571428571427,1.458333333333333,23.648648648648642,-1.6666666666666679,-8.928571428571434,-0.024088739973601392,-9.570391286809203,3.0,75.0
optional,0.3,1008,350,150,150,0.0,0.05,0.95,8,4,0.0114285714285714,1.7980920968148697,0.8990460484074347,6.631428571428572,9,10,8,2,20,14,15,8,4,4,0,0,2,4,0.0824175824175824,6,1.75,136,121,61,91,75,7,54,7,8,8,0,0.2276119402985074,6.75,7,12,0.7307728337236534,1.0,7.625,17.0,11.375,150,0,0,150,1.0,1.0,1.0,1.0,0.0,0.0,9.0,1.0,1.0,1.0,1.0,0.0,150,0,0,150,1.0,1.0,1.0,1.0,0.0,0.0,9.0,1.0,1.0,1.0,1.0,0.0,150,0,0,150,1.0,1.0,1.0,1.0,0.0,0.0,9.0,1.0,1.0,1.0,1.0,0.0,1.0,1.0,0.9359790106033176,0.9047619047619048,1.0,1.0,0.268587208003737,6.0,75.0,8.0,114.28571428571428,4.0,,4.0,200.0,0.41666666666666674,31.250000000000007,24.0,64.86486486486487,24.0,35.82089552238806,24.0,21.428571428571427,1.458333333333333,23.648648648648642,-1.6666666666666679,-8.928571428571434,-0.024088739973601392,-9.570391286809203,3.0,75.0
optional,0.3,1009,350,150,150,0.0,0.05,0.95,8,4,0.0114285714285714,1.7545533916057858,0.8772766958028929,6.594285714285714,9,10,8,2,20,14,15,8,4,4,0,0,2,4,0.0824175824175824,6,1.75,136,121,61,91,75,7,54,7,8,8,0,0.2276119402985074,6.75,7,12,0.7234660421545668,1.0,7.625,17.0,11.375,150,0,0,150,1.0,1.0,1.0,1.0,0.0,0.0,9.0,1.0,1.0,1.0,1.0,0.0,150,0,0,150,1.0,1.0,1.0,1.0,0.0,0.0,9.0,1.0,1.0,1.0,1.0,0.0,150,0,0,150,1.0,1.0,1.0,1.0,0.0,0.0,9.0,1.0,1.0,1.0,1.0,0.0,1.0,1.0,0.935558668681712,0.9047619047619048,1.0,1.0,0.2387279999966267,6.0,75.0,8.0,114.28571428571428,4.0,,4.0,200.0,0.41666666666666674,31.250000000000007,24.0,64.86486486486487,24.0,35.82089552238806,24.0,21.428571428571427,1.458333333333333,23.648648648648642,-1.6666666666666679,-8.928571428571434,-0.024088739973601392,-9.570391286809203,3.0,75.0
optional,0.3,1010,350,150,150,0.0,0.05,0.95,8,4,0.0114285714285714,1.7758161410070203,0.8879080705035102,6.611428571428571,9,10,8,2,20,14,15,8,4,4,0,0,2,4,0.0824175824175824,6,1.75,136,121,61,91,75,7,54,7,8,8,0,0.2276119402985074,6.75,7,12,0.7268384074941452,1.0,7.625,17.0,11.375,150,0,0,150,1.0,1.0,1.0,1.0,0.0,0.0,9.0,1.0,1.0,1.0,1.0,0.0,150,0,0,150,1.0,1.0,1.0,1.0,0.0,0.0,9.0,1.0,1.0,1.0,1.0,0.0,150,0,0,150,1.0,1.0,1.0,1.0,0.0,0.0,9.0,1.0,1.0,1.0,1.0,0.0,1.0,1.0,0.9357574789468316,0.9047619047619048,1.0,1.0,0.2399583329970482,6.0,75.0,8.0,114.28571428571428,4.0,,4.0,200.0,0.41666666666666674,31.250000000000007,24.0,64.86486486486487,24.0,35.82089552238806,24.0,21.428571428571427,1.458333333333333,23.648648648648642,-1.6666666666666679,-8.928571428571434,-0.024088739973601392,-9.570391286809203,3.0,75.0
optional,0.4,1001,350,150,150,0.0,0.05,0.95,8,4,0.0114285714285714,1.9650496405946865,0.9825248202973432,6.871428571428571,9,10,8,2,20,14,15,8,4,4,0,0,2,4,0.0824175824175824,6,1.75,136,121,61,91,75,7,54,7,8,8,0,0.2276119402985074,6.75,7,12,0.7779859484777517,1.0,7.625,17.0,11.375,150,0,0,150,1.0,1.0,1.0,1.0,0.0,0.0,9.0,1.0,1.0,1.0,1.0,0.0,150,0,0,150,1.0,1.0,1.0,1.0,0.0,0.0,9.0,1.0,1.0,1.0,1.0,0.0,150,0,0,150,1.0,1.0,1.0,1.0,0.0,0.0,9.0,1.0,1.0,1.0,1.0,0.0,1.0,1.0,0.937439317167247,0.9047619047619048,1.0,1.0,0.2686095829994883,6.0,75.0,8.0,114.28571428571428,4.0,,4.0,200.0,0.41666666666666674,31.250000000000007,24.0,64.86486486486487,24.0,35.82089552238806,24.0,21.428571428571427,1.458333333333333,23.648648648648642,-1.6666666666666679,-8.928571428571434,-0.024088739973601392,-9.570391286809203,3.0,75.0
optional,0.4,1002,350,150,150,0.0,0.05,0.95,8,4,0.0114285714285714,1.9612887830988504,0.9806443915494252,6.854285714285714,9,10,8,2,20,14,15,8,4,4,0,0,2,4,0.0824175824175824,6,1.75,136,121,61,91,75,7,54,7,8,8,0,0.2276119402985074,6.75,7,12,0.7746135831381733,1.0,7.625,17.0,11.375,150,0,0,150,1.0,1.0,1.0,1.0,0.0,0.0,9.0,1.0,1.0,1.0,1.0,0.0,150,0,0,150,1.0,1.0,1.0,1.0,0.0,0.0,9.0,1.0,1.0,1.0,1.0,0.0,150,0,0,150,1.0,1.0,1.0,1.0,0.0,0.0,9.0,1.0,1.0,1.0,1.0,0.0,1.0,1.0,0.9374240585825636,0.9047619047619048,1.0,1.0,0.2423381659900769,6.0,75.0,8.0,114.28571428571428,4.0,,4.0,200.0,0.41666666666666674,31.250000000000007,24.0,64.86486486486487,24.0,35.82089552238806,24.0,21.428571428571427,1.458333333333333,23.648648648648642,-1.6666666666666679,-8.928571428571434,-0.024088739973601392,-9.570391286809203,3.0,75.0
optional,0.4,1003,350,150,150,0.0,0.05,0.95,8,4,0.0114285714285714,1.9539016336945416,0.9769508168472708,6.822857142857143,9,10,8,2,20,14,15,8,4,4,0,0,2,4,0.0824175824175824,6,1.75,136,121,61,91,75,7,54,7,8,8,0,0.2276119402985074,6.75,7,12,0.7684309133489461,1.0,7.625,17.0,11.375,150,0,0,150,1.0,1.0,1.0,1.0,0.0,0.0,9.0,1.0,1.0,1.0,1.0,0.0,150,0,0,150,1.0,1.0,1.0,1.0,0.0,0.0,9.0,1.0,1.0,1.0,1.0,0.0,150,0,0,150,1.0,1.0,1.0,1.0,0.0,0.0,9.0,1.0,1.0,1.0,1.0,0.0,1.0,1.0,0.937323502069324,0.9047619047619048,1.0,1.0,0.2466679580102209,6.0,75.0,8.0,114.28571428571428,4.0,,4.0,200.0,0.41666666666666674,31.250000000000007,24.0,64.86486486486487,24.0,35.82089552238806,24.0,21.428571428571427,1.458333333333333,23.648648648648642,-1.6666666666666679,-8.928571428571434,-0.024088739973601392,-9.570391286809203,3.0,75.0
optional,0.4,1004,350,150,150,0.0,0.05,0.95,8,4,0.0114285714285714,1.8680075436900003,0.9340037718450004,6.702857142857143,9,10,8,2,20,14,15,8,4,4,0,0,2,4,0.0824175824175824,6,1.75,136,121,61,91,75,7,54,7,8,8,0,0.2276119402985074,6.75,7,12,0.744824355971897,1.0,7.625,17.0,11.375,150,0,0,150,1.0,1.0,1.0,1.0,0.0,0.0,9.0,1.0,1.0,1.0,1.0,0.0,150,0,0,150,1.0,1.0,1.0,1.0,0.0,0.0,9.0,1.0,1.0,1.0,1.0,0.0,150,0,0,150,1.0,1.0,1.0,1.0,0.0,0.0,9.0,1.0,1.0,1.0,1.0,0.0,1.0,1.0,0.9365941007393476,0.9047619047619048,1.0,1.0,0.2667323329951614,6.0,75.0,8.0,114.28571428571428,4.0,,4.0,200.0,0.41666666666666674,31.250000000000007,24.0,64.86486486486487,24.0,35.82089552238806,24.0,21.428571428571427,1.458333333333333,23.648648648648642,-1.6666666666666679,-8.928571428571434,-0.024088739973601392,-9.570391286809203,3.0,75.0
optional,0.4,1005,350,150,150,0.0,0.05,0.95,8,4,0.0114285714285714,1.9631356397814064,0.9815678198907032,6.845714285714286,9,10,8,2,20,14,15,8,4,4,0,0,2,4,0.0824175824175824,6,1.75,136,121,61,91,75,7,54,7,8,8,0,0.2276119402985074,6.75,7,12,0.772927400468384,1.0,7.625,17.0,11.375,150,0,0,150,1.0,1.0,1.0,1.0,0.0,0.0,9.0,1.0,1.0,1.0,1.0,0.0,150,0,0,150,1.0,1.0,1.0,1.0,0.0,0.0,9.0,1.0,1.0,1.0,1.0,0.0,150,0,0,150,1.0,1.0,1.0,1.0,0.0,0.0,9.0,1.0,1.0,1.0,1.0,0.0,1.0,1.0,0.9373966450917638,0.9047619047619048,1.0,1.0,0.2499477500095963,6.0,75.0,8.0,114.28571428571428,4.0,,4.0,200.0,0.41666666666666674,31.250000000000007,24.0,64.86486486486487,24.0,35.82089552238806,24.0,21.428571428571427,1.458333333333333,23.648648648648642,-1.6666666666666679,-8.928571428571434,-0.024088739973601392,-9.570391286809203,3.0,75.0
optional,0.4,1006,350,150,150,0.0,0.05,0.95,8,4,0.0114285714285714,1.926426447798832,0.963213223899416,6.78,9,10,8,2,20,14,15,8,4,4,0,0,2,4,0.0824175824175824,6,1.75,136,121,61,91,75,7,54,7,8,8,0,0.2276119402985074,6.75,7,12,0.76,1.0,7.625,17.0,11.375,150,0,0,150,1.0,1.0,1.0,1.0,0.0,0.0,9.0,1.0,1.0,1.0,1.0,0.0,150,0,0,150,1.0,1.0,1.0,1.0,0.0,0.0,9.0,1.0,1.0,1.0,1.0,0.0,150,0,0,150,1.0,1.0,1.0,1.0,0.0,0.0,9.0,1.0,1.0,1.0,1.0,0.0,1.0,1.0,0.9370967504910402,0.9047619047619048,1.0,1.0,0.2505867079889867,6.0,75.0,8.0,114.28571428571428,4.0,,4.0,200.0,0.41666666666666674,31.250000000000007,24.0,64.86486486486487,24.0,35.82089552238806,24.0,21.428571428571427,1.458333333333333,23.648648648648642,-1.6666666666666679,-8.928571428571434,-0.024088739973601392,-9.570391286809203,3.0,75.0
optional,0.4,1007,350,150,150,0.0,0.05,0.95,8,4,0.0114285714285714,1.9205495156434929,0.9602747578217464,6.768571428571429,9,10,8,2,20,14,15,8,4,4,0,0,2,4,0.0824175824175824,6,1.75,136,121,61,91,75,7,54,7,8,8,0,0.2276119402985074,6.75,7,12,0.757751756440281,1.0,7.625,17.0,11.375,150,0,0,150,1.0,1.0,1.0,1.0,0.0,0.0,9.0,1.0,1.0,1.0,1.0,0.0,150,0,0,150,1.0,1.0,1.0,1.0,0.0,0.0,9.0,1.0,1.0,1.0,1.0,0.0,150,0,0,150,1.0,1.0,1.0,1.0,0.0,0.0,9.0,1.0,1.0,1.0,1.0,0.0,1.0,1.0,0.9370564498824951,0.9047619047619048,1.0,1.0,0.2809161669865716,6.0,75.0,8.0,114.28571428571428,4.0,,4.0,200.0,0.41666666666666674,31.250000000000007,24.0,64.86486486486487,24.0,35.82089552238806,24.0,21.428571428571427,1.458333333333333,23.648648648648642,-1.6666666666666679,-8.928571428571434,-0.024088739973601392,-9.570391286809203,3.0,75.0
optional,0.4,1008,350,150,150,0.0,0.05,0.95,8,4,0.0114285714285714,1.9266279734726537,0.9633139867363268,6.78,9,10,8,2,20,14,15,8,4,4,0,0,2,4,0.0824175824175824,6,1.75,136,121,61,91,75,7,54,7,8,8,0,0.2276119402985074,6.75,7,12,0.76,1.0,7.625,17.0,11.375,150,0,0,150,1.0,1.0,1.0,1.0,0.0,0.0,9.0,1.0,1.0,1.0,1.0,0.0,150,0,0,150,1.0,1.0,1.0,1.0,0.0,0.0,9.0,1.0,1.0,1.0,1.0,0.0,150,0,0,150,1.0,1.0,1.0,1.0,0.0,0.0,9.0,1.0,1.0,1.0,1.0,0.0,1.0,1.0,0.9371214844125436,0.9047619047619048,1.0,1.0,0.2503738340165,6.0,75.0,8.0,114.28571428571428,4.0,,4.0,200.0,0.41666666666666674,31.250000000000007,24.0,64.86486486486487,24.0,35.82089552238806,24.0,21.428571428571427,1.458333333333333,23.648648648648642,-1.6666666666666679,-8.928571428571434,-0.024088739973601392,-9.570391286809203,3.0,75.0
optional,0.4,1009,350,150,150,0.0,0.05,0.95,8,4,0.0114285714285714,1.932315163057668,0.966157581528834,6.8,9,10,8,2,20,14,15,8,4,4,0,0,2,4,0.0824175824175824,6,1.75,136,121,61,91,75,7,54,7,8,8,0,0.2276119402985074,6.75,7,12,0.7639344262295082,1.0,7.625,17.0,11.375,150,0,0,150,1.0,1.0,1.0,1.0,0.0,0.0,9.0,1.0,1.0,1.0,1.0,0.0,150,0,0,150,1.0,1.0,1.0,1.0,0.0,0.0,9.0,1.0,1.0,1.0,1.0,0.0,150,0,0,150,1.0,1.0,1.0,1.0,0.0,0.0,9.0,1.0,1.0,1.0,1.0,0.0,1.0,1.0,0.9371493647411884,0.9047619047619048,1.0,1.0,0.236413459002506,6.0,75.0,8.0,114.28571428571428,4.0,,4.0,200.0,0.41666666666666674,31.250000000000007,24.0,64.86486486486487,24.0,35.82089552238806,24.0,21.428571428571427,1.458333333333333,23.648648648648642,-1.6666666666666679,-8.928571428571434,-0.024088739973601392,-9.570391286809203,3.0,75.0
optional,0.4,1010,350,150,150,0.0,0.05,0.95,8,4,0.0114285714285714,1.9431807952988496,0.9715903976494248,6.808571428571429,9,10,8,2,20,14,15,8,4,4,0,0,2,4,0.0824175824175824,6,1.75,136,121,61,91,75,7,54,7,8,8,0,0.2276119402985074,6.75,7,12,0.7656206088992974,1.0,7.625,17.0,11.375,150,0,0,150,1.0,1.0,1.0,1.0,0.0,0.0,9.0,1.0,1.0,1.0,1.0,0.0,150,0,0,150,1.0,1.0,1.0,1.0,0.0,0.0,9.0,1.0,1.0,1.0,1.0,0.0,150,0,0,150,1.0,1.0,1.0,1.0,0.0,0.0,9.0,1.0,1.0,1.0,1.0,0.0,1.0,1.0,0.9372461531049948,0.9047619047619048,1.0,1.0,0.2567721249943133,6.0,75.0,8.0,114.28571428571428,4.0,,4.0,200.0,0.41666666666666674,31.250000000000007,24.0,64.86486486486487,24.0,35.82089552238806,24.0,21.428571428571427,1.458333333333333,23.648648648648642,-1.6666666666666679,-8.928571428571434,-0.024088739973601392,-9.570391286809203,3.0,75.0
optional,0.5,1001,350,150,150,0.0,0.05,0.95,8,4,0.0114285714285714,1.9965747386603128,0.9982873693301564,6.957142857142857,9,10,8,2,20,14,15,8,4,4,0,0,2,4,0.0824175824175824,6,1.75,136,121,61,91,75,7,54,7,8,8,0,0.2276119402985074,6.75,7,12,0.7948477751756441,1.0,7.625,17.0,11.375,150,0,0,150,1.0,1.0,1.0,1.0,0.0,0.0,9.0,1.0,1.0,1.0,1.0,0.0,150,0,0,150,1.0,1.0,1.0,1.0,0.0,0.0,9.0,1.0,1.0,1.0,1.0,0.0,150,0,0,150,1.0,1.0,1.0,1.0,0.0,0.0,9.0,1.0,1.0,1.0,1.0,0.0,1.0,1.0,0.9376705452709064,0.9047619047619048,1.0,1.0,0.2672222499968484,6.0,75.0,8.0,114.28571428571428,4.0,,4.0,200.0,0.41666666666666674,31.250000000000007,24.0,64.86486486486487,24.0,35.82089552238806,24.0,21.428571428571427,1.458333333333333,23.648648648648642,-1.6666666666666679,-8.928571428571434,-0.024088739973601392,-9.570391286809203,3.0,75.0
optional,0.5,1002,350,150,150,0.0,0.05,0.95,8,4,0.0114285714285714,1.9886071511687764,0.9943035755843882,7.022857142857143,9,10,8,2,20,14,15,8,4,4,0,0,2,4,0.0824175824175824,6,1.75,136,121,61,91,75,7,54,7,8,8,0,0.2276119402985074,6.75,7,12,0.807775175644028,1.0,7.625,17.0,11.375,150,0,0,150,1.0,1.0,1.0,1.0,0.0,0.0,9.0,1.0,1.0,1.0,1.0,0.0,150,0,0,150,1.0,1.0,1.0,1.0,0.0,0.0,9.0,1.0,1.0,1.0,1.0,0.0,150,0,0,150,1.0,1.0,1.0,1.0,0.0,0.0,9.0,1.0,1.0,1.0,1.0,0.0,1.0,1.0,0.9376405336542724,0.9047619047619048,1.0,1.0,0.2383093749813269,6.0,75.0,8.0,114.28571428571428,4.0,,4.0,200.0,0.41666666666666674,31.250000000000007,24.0,64.86486486486487,24.0,35.82089552238806,24.0,21.428571428571427,1.458333333333333,23.648648648648642,-1.6666666666666679,-8.928571428571434,-0.024088739973601392,-9.570391286809203,3.0,75.0
optional,0.5,1003,350,150,150,0.0,0.05,0.95,8,4,0.0114285714285714,1.9857294733529995,0.9928647366764998,7.085714285714285,9,10,8,2,20,14,15,8,4,4,0,0,2,4,0.0824175824175824,6,1.75,136,121,61,91,75,7,54,7,8,8,0,0.2276119402985074,6.75,7,12,0.8201405152224825,1.0,7.625,17.0,11.375,150,0,0,150,1.0,1.0,1.0,1.0,0.0,0.0,9.0,1.0,1.0,1.0,1.0,0.0,150,0,0,150,1.0,1.0,1.0,1.0,0.0,0.0,9.0,1.0,1.0,1.0,1.0,0.0,150,0,0,150,1.0,1.0,1.0,1.0,0.0,0.0,9.0,1.0,1.0,1.0,1.0,0.0,1.0,1.0,0.9376073553234794,0.9047619047619048,1.0,1.0,0.2575143339927308,6.0,75.0,8.0,114.28571428571428,4.0,,4.0,200.0,0.41666666666666674,31.250000000000007,24.0,64.86486486486487,24.0,35.82089552238806,24.0,21.428571428571427,1.458333333333333,23.648648648648642,-1.6666666666666679,-8.928571428571434,-0.024088739973601392,-9.570391286809203,3.0,75.0
optional,0.5,1004,350,150,150,0.0,0.05,0.95,8,4,0.0114285714285714,1.9883520101715653,0.9941760050857826,7.017142857142857,9,10,8,2,20,14,15,8,4,4,0,0,2,4,0.0824175824175824,6,1.75,136,121,61,91,75,7,54,7,8,8,0,0.2276119402985074,6.75,7,12,0.8066510538641686,1.0,7.625,17.0,11.375,150,0,0,150,1.0,1.0,1.0,1.0,0.0,0.0,9.0,1.0,1.0,1.0,1.0,0.0,150,0,0,150,1.0,1.0,1.0,1.0,0.0,0.0,9.0,1.0,1.0,1.0,1.0,0.0,150,0,0,150,1.0,1.0,1.0,1.0,0.0,0.0,9.0,1.0,1.0,1.0,1.0,0.0,1.0,1.0,0.9376822262555604,0.9047619047619048,1.0,1.0,0.2615847089909948,6.0,75.0,8.0,114.28571428571428,4.0,,4.0,200.0,0.41666666666666674,31.250000000000007,24.0,64.86486486486487,24.0,35.82089552238806,24.0,21.428571428571427,1.458333333333333,23.648648648648642,-1.6666666666666679,-8.928571428571434,-0.024088739973601392,-9.570391286809203,3.0,75.0
optional,0.5,1005,350,150,150,0.0,0.05,0.95,8,4,0.0114285714285714,1.9988549833801872,0.9994274916900936,7.025714285714286,9,10,8,2,20,14,15,8,4,4,0,0,2,4,0.0824175824175824,6,1.75,136,121,61,91,75,7,54,7,8,8,0,0.2276119402985074,6.75,7,12,0.8083372365339578,1.0,7.625,17.0,11.375,150,0,0,150,1.0,1.0,1.0,1.0,0.0,0.0,9.0,1.0,1.0,1.0,1.0,0.0,150,0,0,150,1.0,1.0,1.0,1.0,0.0,0.0,9.0,1.0,1.0,1.0,1.0,0.0,150,0,0,150,1.0,1.0,1.0,1.0,0.0,0.0,9.0,1.0,1.0,1.0,1.0,0.0,1.0,1.0,0.9376831564091408,0.9047619047619048,1.0,1.0,0.247542291006539,6.0,75.0,8.0,114.28571428571428,4.0,,4.0,200.0,0.41666666666666674,31.250000000000007,24.0,64.86486486486487,24.0,35.82089552238806,24.0,21.428571428571427,1.458333333333333,23.648648648648642,-1.6666666666666679,-8.928571428571434,-0.024088739973601392,-9.570391286809203,3.0,75.0
optional,0.5,1006,350,150,150,0.0,0.05,0.95,8,4,0.0114285714285714,1.993925778711452,0.996962889355726,6.991428571428571,9,10,8,2,20,14,15,8,4,4,0,0,2,4,0.0824175824175824,6,1.75,136,121,61,91,75,7,54,7,8,8,0,0.2276119402985074,6.75,7,12,0.801592505854801,1.0,7.625,17.0,11.375,150,0,0,150,1.0,1.0,1.0,1.0,0.0,0.0,9.0,1.0,1.0,1.0,1.0,0.0,150,0,0,150,1.0,1.0,1.0,1.0,0.0,0.0,9.0,1.0,1.0,1.0,1.0,0.0,150,0,0,150,1.0,1.0,1.0,1.0,0.0,0.0,9.0,1.0,1.0,1.0,1.0,0.0,1.0,1.0,0.937657162090124,0.9047619047619048,1.0,1.0,0.2439142079965677,6.0,75.0,8.0,114.28571428571428,4.0,,4.0,200.0,0.41666666666666674,31.250000000000007,24.0,64.86486486486487,24.0,35.82089552238806,24.0,21.428571428571427,1.458333333333333,23.648648648648642,-1.6666666666666679,-8.928571428571434,-0.024088739973601392,-9.570391286809203,3.0,75.0
optional,0.5,1007,350,150,150,0.0,0.05,0.95,8,4,0.0114285714285714,1.9969707580983656,0.9984853790491828,6.974285714285714,9,10,8,2,20,14,15,8,4,4,0,0,2,4,0.0824175824175824,6,1.75,136,121,61,91,75,7,54,7,8,8,0,0.2276119402985074,6.75,7,12,0.7982201405152225,1.0,7.625,17.0,11.375,150,0,0,150,1.0,1.0,1.0,1.0,0.0,0.0,9.0,1.0,1.0,1.0,1.0,0.0,150,0,0,150,1.0,1.0,1.0,1.0,0.0,0.0,9.0,1.0,1.0,1.0,1.0,0.0,150,0,0,150,1.0,1.0,1.0,1.0,0.0,0.0,9.0,1.0,1.0,1.0,1.0,0.0,1.0,1.0,0.9376682876322856,0.9047619047619048,1.0,1.0,0.2669146249827463,6.0,75.0,8.0,114.28571428571428,4.0,,4.0,200.0,0.41666666666666674,31.250000000000007,24.0,64.86486486486487,24.0,35.82089552238806,24.0,21.428571428571427,1.458333333333333,23.648648648648642,-1.6666666666666679,-8.928571428571434,-0.024088739973601392,-9.570391286809203,3.0,75.0
optional,0.5,1008,350,150,150,0.0,0.05,0.95,8,4,0.0114285714285714,1.997374174366893,0.9986870871834465,6.962857142857143,9,10,8,2,20,14,15,8,4,4,0,0,2,4,0.0824175824175824,6,1.75,136,121,61,91,75,7,54,7,8,8,0,0.2276119402985074,6.75,7,12,0.7959718969555035,1.0,7.625,17.0,11.375,150,0,0,150,1.0,1.0,1.0,1.0,0.0,0.0,9.0,1.0,1.0,1.0,1.0,0.0,150,0,0,150,1.0,1.0,1.0,1.0,0.0,0.0,9.0,1.0,1.0,1.0,1.0,0.0,150,0,0,150,1.0,1.0,1.0,1.0,0.0,0.0,9.0,1.0,1.0,1.0,1.0,0.0,1.0,1.0,0.9376735058491628,0.9047619047619048,1.0,1.0,0.249276499991538,6.0,75.0,8.0,114.28571428571428,4.0,,4.0,200.0,0.41666666666666674,31.250000000000007,24.0,64.86486486486487,24.0,35.82089552238806,24.0,21.428571428571427,1.458333333333333,23.648648648648642,-1.6666666666666679,-8.928571428571434,-0.024088739973601392,-9.570391286809203,3.0,75.0
optional,0.5,1009,350,150,150,0.0,0.05,0.95,8,4,0.0114285714285714,1.9966955474215011,0.9983477737107508,6.977142857142857,9,10,8,2,20,14,15,8,4,4,0,0,2,4,0.0824175824175824,6,1.75,136,121,61,91,75,7,54,7,8,8,0,0.2276119402985074,6.75,7,12,0.7987822014051522,1.0,7.625,17.0,11.375,150,0,0,150,1.0,1.0,1.0,1.0,0.0,0.0,9.0,1.0,1.0,1.0,1.0,0.0,150,0,0,150,1.0,1.0,1.0,1.0,0.0,0.0,9.0,1.0,1.0,1.0,1.0,0.0,150,0,0,150,1.0,1.0,1.0,1.0,0.0,0.0,9.0,1.0,1.0,1.0,1.0,0.0,1.0,1.0,0.9376673617184222,0.9047619047619048,1.0,1.0,0.2347214590117801,6.0,75.0,8.0,114.28571428571428,4.0,,4.0,200.0,0.41666666666666674,31.250000000000007,24.0,64.86486486486487,24.0,35.82089552238806,24.0,21.428571428571427,1.458333333333333,23.648648648648642,-1.6666666666666679,-8.928571428571434,-0.024088739973601392,-9.570391286809203,3.0,75.0
optional,0.5,1010,350,150,150,0.0,0.05,0.95,8,4,0.0114285714285714,1.998241489601348,0.999120744800674,6.965714285714285,9,10,8,2,20,14,15,8,4,4,0,0,2,4,0.0824175824175824,6,1.75,136,121,61,91,75,7,54,7,8,8,0,0.2276119402985074,6.75,7,12,0.7965339578454332,1.0,7.625,17.0,11.375,150,0,0,150,1.0,1.0,1.0,1.0,0.0,0.0,9.0,1.0,1.0,1.0,1.0,0.0,150,0,0,150,1.0,1.0,1.0,1.0,0.0,0.0,9.0,1.0,1.0,1.0,1.0,0.0,150,0,0,150,1.0,1.0,1.0,1.0,0.0,0.0,9.0,1.0,1.0,1.0,1.0,0.0,1.0,1.0,0.9376777804923204,0.9047619047619048,1.0,1.0,0.2628979579894803,6.0,75.0,8.0,114.28571428571428,4.0,,4.0,200.0,0.41666666666666674,31.250000000000007,24.0,64.86486486486487,24.0,35.82089552238806,24.0,21.428571428571427,1.458333333333333,23.648648648648642,-1.6666666666666679,-8.928571428571434,-0.024088739973601392,-9.570391286809203,3.0,75.0
order,0.0,1001,350,150,150,0.0,0.05,0.95,6,1,0.0028571428571428,0.0,0.0,6.0,7,6,6,0,12,8,7,6,0,0,0,0,0,0,0.125,2,1.3333333333333333,112,97,37,67,75,7,30,4,6,6,0,0.2517006802721088,5.0,5,5,1.0,1.0,6.166666666666667,18.666666666666668,11.166666666666666,150,0,0,150,1.0,1.0,1.0,1.0,0.0,0.0,9.0,1.0,1.0,1.0,1.0,0.0,150,0,0,150,1.0,1.0,1.0,1.0,0.0,0.0,9.0,1.0,1.0,1.0,1.0,0.0,150,0,0,150,1.0,1.0,1.0,1.0,0.0,0.0,9.0,1.0,1.0,1.0,1.0,0.0,1.0,1.0,0.9465477516175153,1.0,1.0,1.0,0.2042520419927314,0.0,0.0,0.0,0.0,0.0,,0.0,0.0,0.0,0.0,0.0,0.0,0.0,0.0,0.0,0.0,0.0,0.0,0.0,0.0,0.0,0.0,0.0,0.0
order,0.0,1002,350,150,150,0.0,0.05,0.95,6,1,0.0028571428571428,0.0,0.0,6.0,7,6,6,0,12,8,7,6,0,0,0,0,0,0,0.125,2,1.3333333333333333,112,97,37,67,75,7,30,4,6,6,0,0.2517006802721088,5.0,5,5,1.0,1.0,6.166666666666667,18.666666666666668,11.166666666666666,150,0,0,150,1.0,1.0,1.0,1.0,0.0,0.0,9.0,1.0,1.0,1.0,1.0,0.0,150,0,0,150,1.0,1.0,1.0,1.0,0.0,0.0,9.0,1.0,1.0,1.0,1.0,0.0,150,0,0,150,1.0,1.0,1.0,1.0,0.0,0.0,9.0,1.0,1.0,1.0,1.0,0.0,1.0,1.0,0.9465477516175153,1.0,1.0,1.0,0.1934518750058487,0.0,0.0,0.0,0.0,0.0,,0.0,0.0,0.0,0.0,0.0,0.0,0.0,0.0,0.0,0.0,0.0,0.0,0.0,0.0,0.0,0.0,0.0,0.0
order,0.0,1003,350,150,150,0.0,0.05,0.95,6,1,0.0028571428571428,0.0,0.0,6.0,7,6,6,0,12,8,7,6,0,0,0,0,0,0,0.125,2,1.3333333333333333,112,97,37,67,75,7,30,4,6,6,0,0.2517006802721088,5.0,5,5,1.0,1.0,6.166666666666667,18.666666666666668,11.166666666666666,150,0,0,150,1.0,1.0,1.0,1.0,0.0,0.0,9.0,1.0,1.0,1.0,1.0,0.0,150,0,0,150,1.0,1.0,1.0,1.0,0.0,0.0,9.0,1.0,1.0,1.0,1.0,0.0,150,0,0,150,1.0,1.0,1.0,1.0,0.0,0.0,9.0,1.0,1.0,1.0,1.0,0.0,1.0,1.0,0.9465477516175153,1.0,1.0,1.0,0.1850073749956209,0.0,0.0,0.0,0.0,0.0,,0.0,0.0,0.0,0.0,0.0,0.0,0.0,0.0,0.0,0.0,0.0,0.0,0.0,0.0,0.0,0.0,0.0,0.0
order,0.0,1004,350,150,150,0.0,0.05,0.95,6,1,0.0028571428571428,0.0,0.0,6.0,7,6,6,0,12,8,7,6,0,0,0,0,0,0,0.125,2,1.3333333333333333,112,97,37,67,75,7,30,4,6,6,0,0.2517006802721088,5.0,5,5,1.0,1.0,6.166666666666667,18.666666666666668,11.166666666666666,150,0,0,150,1.0,1.0,1.0,1.0,0.0,0.0,9.0,1.0,1.0,1.0,1.0,0.0,150,0,0,150,1.0,1.0,1.0,1.0,0.0,0.0,9.0,1.0,1.0,1.0,1.0,0.0,150,0,0,150,1.0,1.0,1.0,1.0,0.0,0.0,9.0,1.0,1.0,1.0,1.0,0.0,1.0,1.0,0.9465477516175153,1.0,1.0,1.0,0.1916465839894954,0.0,0.0,0.0,0.0,0.0,,0.0,0.0,0.0,0.0,0.0,0.0,0.0,0.0,0.0,0.0,0.0,0.0,0.0,0.0,0.0,0.0,0.0,0.0
order,0.0,1005,350,150,150,0.0,0.05,0.95,6,1,0.0028571428571428,0.0,0.0,6.0,7,6,6,0,12,8,7,6,0,0,0,0,0,0,0.125,2,1.3333333333333333,112,97,37,67,75,7,30,4,6,6,0,0.2517006802721088,5.0,5,5,1.0,1.0,6.166666666666667,18.666666666666668,11.166666666666666,150,0,0,150,1.0,1.0,1.0,1.0,0.0,0.0,9.0,1.0,1.0,1.0,1.0,0.0,150,0,0,150,1.0,1.0,1.0,1.0,0.0,0.0,9.0,1.0,1.0,1.0,1.0,0.0,150,0,0,150,1.0,1.0,1.0,1.0,0.0,0.0,9.0,1.0,1.0,1.0,1.0,0.0,1.0,1.0,0.9465477516175153,1.0,1.0,1.0,0.2137380829954054,0.0,0.0,0.0,0.0,0.0,,0.0,0.0,0.0,0.0,0.0,0.0,0.0,0.0,0.0,0.0,0.0,0.0,0.0,0.0,0.0,0.0,0.0,0.0
order,0.0,1006,350,150,150,0.0,0.05,0.95,6,1,0.0028571428571428,0.0,0.0,6.0,7,6,6,0,12,8,7,6,0,0,0,0,0,0,0.125,2,1.3333333333333333,112,97,37,67,75,7,30,4,6,6,0,0.2517006802721088,5.0,5,5,1.0,1.0,6.166666666666667,18.666666666666668,11.166666666666666,150,0,0,150,1.0,1.0,1.0,1.0,0.0,0.0,9.0,1.0,1.0,1.0,1.0,0.0,150,0,0,150,1.0,1.0,1.0,1.0,0.0,0.0,9.0,1.0,1.0,1.0,1.0,0.0,150,0,0,150,1.0,1.0,1.0,1.0,0.0,0.0,9.0,1.0,1.0,1.0,1.0,0.0,1.0,1.0,0.9465477516175153,1.0,1.0,1.0,0.1951538329885807,0.0,0.0,0.0,0.0,0.0,,0.0,0.0,0.0,0.0,0.0,0.0,0.0,0.0,0.0,0.0,0.0,0.0,0.0,0.0,0.0,0.0,0.0,0.0
order,0.0,1007,350,150,150,0.0,0.05,0.95,6,1,0.0028571428571428,0.0,0.0,6.0,7,6,6,0,12,8,7,6,0,0,0,0,0,0,0.125,2,1.3333333333333333,112,97,37,67,75,7,30,4,6,6,0,0.2517006802721088,5.0,5,5,1.0,1.0,6.166666666666667,18.666666666666668,11.166666666666666,150,0,0,150,1.0,1.0,1.0,1.0,0.0,0.0,9.0,1.0,1.0,1.0,1.0,0.0,150,0,0,150,1.0,1.0,1.0,1.0,0.0,0.0,9.0,1.0,1.0,1.0,1.0,0.0,150,0,0,150,1.0,1.0,1.0,1.0,0.0,0.0,9.0,1.0,1.0,1.0,1.0,0.0,1.0,1.0,0.9465477516175153,1.0,1.0,1.0,0.2039052080071997,0.0,0.0,0.0,0.0,0.0,,0.0,0.0,0.0,0.0,0.0,0.0,0.0,0.0,0.0,0.0,0.0,0.0,0.0,0.0,0.0,0.0,0.0,0.0
order,0.0,1008,350,150,150,0.0,0.05,0.95,6,1,0.0028571428571428,0.0,0.0,6.0,7,6,6,0,12,8,7,6,0,0,0,0,0,0,0.125,2,1.3333333333333333,112,97,37,67,75,7,30,4,6,6,0,0.2517006802721088,5.0,5,5,1.0,1.0,6.166666666666667,18.666666666666668,11.166666666666666,150,0,0,150,1.0,1.0,1.0,1.0,0.0,0.0,9.0,1.0,1.0,1.0,1.0,0.0,150,0,0,150,1.0,1.0,1.0,1.0,0.0,0.0,9.0,1.0,1.0,1.0,1.0,0.0,150,0,0,150,1.0,1.0,1.0,1.0,0.0,0.0,9.0,1.0,1.0,1.0,1.0,0.0,1.0,1.0,0.9465477516175153,1.0,1.0,1.0,0.1965037919871974,0.0,0.0,0.0,0.0,0.0,,0.0,0.0,0.0,0.0,0.0,0.0,0.0,0.0,0.0,0.0,0.0,0.0,0.0,0.0,0.0,0.0,0.0,0.0
order,0.0,1009,350,150,150,0.0,0.05,0.95,6,1,0.0028571428571428,0.0,0.0,6.0,7,6,6,0,12,8,7,6,0,0,0,0,0,0,0.125,2,1.3333333333333333,112,97,37,67,75,7,30,4,6,6,0,0.2517006802721088,5.0,5,5,1.0,1.0,6.166666666666667,18.666666666666668,11.166666666666666,150,0,0,150,1.0,1.0,1.0,1.0,0.0,0.0,9.0,1.0,1.0,1.0,1.0,0.0,150,0,0,150,1.0,1.0,1.0,1.0,0.0,0.0,9.0,1.0,1.0,1.0,1.0,0.0,150,0,0,150,1.0,1.0,1.0,1.0,0.0,0.0,9.0,1.0,1.0,1.0,1.0,0.0,1.0,1.0,0.9465477516175153,1.0,1.0,1.0,0.1950245829939376,0.0,0.0,0.0,0.0,0.0,,0.0,0.0,0.0,0.0,0.0,0.0,0.0,0.0,0.0,0.0,0.0,0.0,0.0,0.0,0.0,0.0,0.0,0.0
order,0.0,1010,350,150,150,0.0,0.05,0.95,6,1,0.0028571428571428,0.0,0.0,6.0,7,6,6,0,12,8,7,6,0,0,0,0,0,0,0.125,2,1.3333333333333333,112,97,37,67,75,7,30,4,6,6,0,0.2517006802721088,5.0,5,5,1.0,1.0,6.166666666666667,18.666666666666668,11.166666666666666,150,0,0,150,1.0,1.0,1.0,1.0,0.0,0.0,9.0,1.0,1.0,1.0,1.0,0.0,150,0,0,150,1.0,1.0,1.0,1.0,0.0,0.0,9.0,1.0,1.0,1.0,1.0,0.0,150,0,0,150,1.0,1.0,1.0,1.0,0.0,0.0,9.0,1.0,1.0,1.0,1.0,0.0,1.0,1.0,0.9465477516175153,1.0,1.0,1.0,0.2176869999966584,0.0,0.0,0.0,0.0,0.0,,0.0,0.0,0.0,0.0,0.0,0.0,0.0,0.0,0.0,0.0,0.0,0.0,0.0,0.0,0.0,0.0,0.0,0.0
order,0.05,1001,350,150,150,0.0,0.05,0.95,6,2,0.0057142857142857,0.2552421131901918,0.2552421131901918,6.0,8,6,6,0,14,10,10,6,2,0,2,0,1,1,0.1111111111111111,4,1.6666666666666667,112,97,37,67,75,7,30,4,6,6,0,0.2517006802721088,5.0,5,5,1.0,0.9988416988416988,6.166666666666667,18.666666666666668,11.166666666666666,150,0,0,150,1.0,1.0,1.0,1.0,0.0,0.0,9.0,1.0,1.0,1.0,1.0,0.0,75,75,0,150,0.75,1.0,0.5,0.6666666666666666,0.0,0.5,9.0,1.0,0.75,0.6666666666666666,0.6666666666666666,0.0,75,75,0,150,0.75,1.0,0.5,0.6666666666666666,0.0,0.5,9.0,1.0,0.75,0.6666666666666666,0.6666666666666666,0.0,1.0,1.0,0.9465477516175153,1.0,0.9571428571428572,0.9988520408163264,0.17045845798566,2.0,25.0,3.0,42.857142857142854,1.0,,2.0,100.0,0.3333333333333335,25.00000000000001,0.0,0.0,0.0,0.0,0.0,0.0,0.0,0.0,0.0,0.0,0.0,0.0,0.0,0.0
order,0.05,1002,350,150,150,0.0,0.05,0.95,6,2,0.0057142857142857,0.3159971329784246,0.3159971329784246,6.0,8,6,6,0,14,10,10,6,2,0,2,0,1,1,0.1111111111111111,4,1.6666666666666667,109,94,36,65,73,7,29,4,6,6,0,0.2448979591836734,5.0,5,5,1.0,1.0,6.0,18.166666666666668,10.833333333333334,150,0,0,150,1.0,1.0,1.0,1.0,0.0,0.0,9.0,1.0,1.0,1.0,1.0,0.0,150,0,0,150,1.0,1.0,1.0,1.0,0.0,0.0,9.0,1.0,1.0,1.0,1.0,0.0,150,0,0,150,1.0,1.0,1.0,1.0,0.0,0.0,9.0,1.0,1.0,1.0,1.0,0.0,1.0,1.0,0.9465477516175153,1.0,1.0,1.0,0.2211145419860258,2.0,25.0,3.0,42.857142857142854,1.0,,2.0,100.0,0.3333333333333335,25.00000000000001,-1.0,-2.7027027027027026,-2.0,-2.9850746268656714,-3.0,-2.6785714285714284,-0.16666666666666696,-2.7027027027027075,-0.5,-2.6785714285714284,-0.006802721088435382,-2.702702702702706,0.0,0.0
order,0.05,1003,350,150,150,0.0,0.05,0.95,6,2,0.0057142857142857,0.2679047298713761,0.2679047298713761,6.0,8,6,6,0,14,10,10,6,2,0,2,0,1,1,0.1111111111111111,4,1.6666666666666667,112,97,37,67,75,7,30,4,6,6,0,0.2517006802721088,5.0,5,5,1.0,0.9987644787644788,6.166666666666667,18.666666666666668,11.166666666666666,150,0,0,150,1.0,1.0,1.0,1.0,0.0,0.0,9.0,1.0,1.0,1.0,1.0,0.0,75,75,0,150,0.75,1.0,0.5,0.6666666666666666,0.0,0.5,9.0,1.0,0.75,0.6666666666666666,0.6666666666666666,0.0,75,75,0,150,0.75,1.0,0.5,0.6666666666666666,0.0,0.5,9.0,1.0,0.75,0.6666666666666666,0.6666666666666666,0.0,1.0,1.0,0.9465477516175153,1.0,0.9542857142857144,0.9987755102040816,0.1813535419933032,2.0,25.0,3.0,42.857142857142854,1.0,,2.0,100.0,0.3333333333333335,25.00000000000001,0.0,0.0,0.0,0.0,0.0,0.0,0.0,0.0,0.0,0.0,0.0,0.0,0.0,0.0
order,0.05,1004,350,150,150,0.0,0.05,0.95,6,2,0.0057142857142857,0.2290353187062702,0.2290353187062702,6.0,8,6,6,0,14,10,10,6,2,0,2,0,1,1,0.1111111111111111,4,1.6666666666666667,112,97,37,67,75,7,30,4,6,6,0,0.2517006802721088,5.0,5,5,1.0,0.998996138996139,6.166666666666667,18.666666666666668,11.166666666666666,150,0,0,150,1.0,1.0,1.0,1.0,0.0,0.0,9.0,1.0,1.0,1.0,1.0,0.0,75,75,0,150,0.75,1.0,0.5,0.6666666666666666,0.0,0.5,9.0,1.0,0.75,0.6666666666666666,0.6666666666666666,0.0,75,75,0,150,0.75,1.0,0.5,0.6666666666666666,0.0,0.5,9.0,1.0,0.75,0.6666666666666666,0.6666666666666666,0.0,1.0,1.0,0.9465477516175153,1.0,0.9628571428571427,0.9990051020408164,0.1760261250019539,2.0,25.0,3.0,42.857142857142854,1.0,,2.0,100.0,0.3333333333333335,25.00000000000001,0.0,0.0,0.0,0.0,0.0,0.0,0.0,0.0,0.0,0.0,0.0,0.0,0.0,0.0
order,0.05,1005,350,150,150,0.0,0.05,0.95,6,2,0.0057142857142857,0.2924347083090697,0.2924347083090697,6.0,8,6,6,0,14,10,10,6,2,0,2,0,1,1,0.1111111111111111,4,1.6666666666666667,109,94,36,65,73,7,29,4,6,6,0,0.2448979591836734,5.0,5,5,1.0,1.0,6.0,18.166666666666668,10.833333333333334,150,0,0,150,1.0,1.0,1.0,1.0,0.0,0.0,9.0,1.0,1.0,1.0,1.0,0.0,150,0,0,150,1.0,1.0,1.0,1.0,0.0,0.0,9.0,1.0,1.0,1.0,1.0,0.0,150,0,0,150,1.0,1.0,1.0,1.0,0.0,0.0,9.0,1.0,1.0,1.0,1.0,0.0,1.0,1.0,0.9465477516175153,1.0,1.0,1.0,0.2035469589754939,2.0,25.0,3.0,42.857142857142854,1.0,,2.0,100.0,0.3333333333333335,25.00000000000001,-1.0,-2.7027027027027026,-2.0,-2.9850746268656714,-3.0,-2.6785714285714284,-0.16666666666666696,-2.7027027027027075,-0.5,-2.6785714285714284,-0.006802721088435382,-2.702702702702706,0.0,0.0
order,0.05,1006,350,150,150,0.0,0.05,0.95,6,2,0.0057142857142857,0.2924347083090697,0.2924347083090697,6.0,8,6,6,0,14,10,10,6,2,0,2,0,1,1,0.1111111111111111,4,1.6666666666666667,109,94,36,65,73,7,29,4,6,6,0,0.2448979591836734,5.0,5,5,1.0,1.0,6.0,18.166666666666668,10.833333333333334,150,0,0,150,1.0,1.0,1.0,1.0,0.0,0.0,9.0,1.0,1.0,1.0,1.0,0.0,150,0,0,150,1.0,1.0,1.0,1.0,0.0,0.0,9.0,1.0,1.0,1.0,1.0,0.0,150,0,0,150,1.0,1.0,1.0,1.0,0.0,0.0,9.0,1.0,1.0,1.0,1.0,0.0,1.0,1.0,0.9465477516175153,1.0,1.0,1.0,0.1942099579900968,2.0,25.0,3.0,42.857142857142854,1.0,,2.0,100.0,0.3333333333333335,25.00000000000001,-1.0,-2.7027027027027026,-2.0,-2.9850746268656714,-3.0,-2.6785714285714284,-0.16666666666666696,-2.7027027027027075,-0.5,-2.6785714285714284,-0.006802721088435382,-2.702702702702706,0.0,0.0
order,0.05,1007,350,150,150,0.0,0.05,0.95,6,2,0.0057142857142857,0.2924347083090697,0.2924347083090697,6.0,8,6,6,0,14,10,10,6,2,0,2,0,1,1,0.1111111111111111,4,1.6666666666666667,109,94,36,65,73,7,29,4,6,6,0,0.2448979591836734,5.0,5,5,1.0,1.0,6.0,18.166666666666668,10.833333333333334,150,0,0,150,1.0,1.0,1.0,1.0,0.0,0.0,9.0,1.0,1.0,1.0,1.0,0.0,150,0,0,150,1.0,1.0,1.0,1.0,0.0,0.0,9.0,1.0,1.0,1.0,1.0,0.0,150,0,0,150,1.0,1.0,1.0,1.0,0.0,0.0,9.0,1.0,1.0,1.0,1.0,0.0,1.0,1.0,0.9465477516175153,1.0,1.0,1.0,0.2113165420014411,2.0,25.0,3.0,42.857142857142854,1.0,,2.0,100.0,0.3333333333333335,25.00000000000001,-1.0,-2.7027027027027026,-2.0,-2.9850746268656714,-3.0,-2.6785714285714284,-0.16666666666666696,-2.7027027027027075,-0.5,-2.6785714285714284,-0.006802721088435382,-2.702702702702706,0.0,0.0
order,0.05,1008,350,150,150,0.0,0.05,0.95,6,2,0.0057142857142857,0.2924347083090697,0.2924347083090697,6.0,8,6,6,0,14,10,10,6,2,0,2,0,1,1,0.1111111111111111,4,1.6666666666666667,109,94,36,65,73,7,29,4,6,6,0,0.2448979591836734,5.0,5,5,1.0,1.0,6.0,18.166666666666668,10.833333333333334,150,0,0,150,1.0,1.0,1.0,1.0,0.0,0.0,9.0,1.0,1.0,1.0,1.0,0.0,150,0,0,150,1.0,1.0,1.0,1.0,0.0,0.0,9.0,1.0,1.0,1.0,1.0,0.0,150,0,0,150,1.0,1.0,1.0,1.0,0.0,0.0,9.0,1.0,1.0,1.0,1.0,0.0,1.0,1.0,0.9465477516175153,1.0,1.0,1.0,0.1979314170021098,2.0,25.0,3.0,42.857142857142854,1.0,,2.0,100.0,0.3333333333333335,25.00000000000001,-1.0,-2.7027027027027026,-2.0,-2.9850746268656714,-3.0,-2.6785714285714284,-0.16666666666666696,-2.7027027027027075,-0.5,-2.6785714285714284,-0.006802721088435382,-2.702702702702706,0.0,0.0
order,0.05,1009,350,150,150,0.0,0.05,0.95,6,2,0.0057142857142857,0.3386838171901802,0.3386838171901802,6.0,8,6,6,0,14,10,10,6,2,0,2,0,1,1,0.1111111111111111,4,1.6666666666666667,109,94,36,65,73,7,29,4,6,6,0,0.2448979591836734,5.0,5,5,1.0,1.0,6.0,18.166666666666668,10.833333333333334,150,0,0,150,1.0,1.0,1.0,1.0,0.0,0.0,9.0,1.0,1.0,1.0,1.0,0.0,150,0,0,150,1.0,1.0,1.0,1.0,0.0,0.0,9.0,1.0,1.0,1.0,1.0,0.0,150,0,0,150,1.0,1.0,1.0,1.0,0.0,0.0,9.0,1.0,1.0,1.0,1.0,0.0,1.0,1.0,0.9465477516175153,1.0,1.0,1.0,0.1950467920105438,2.0,25.0,3.0,42.857142857142854,1.0,,2.0,100.0,0.3333333333333335,25.00000000000001,-1.0,-2.7027027027027026,-2.0,-2.9850746268656714,-3.0,-2.6785714285714284,-0.16666666666666696,-2.7027027027027075,-0.5,-2.6785714285714284,-0.006802721088435382,-2.702702702702706,0.0,0.0
order,0.05,1010,350,150,150,0.0,0.05,0.95,6,2,0.0057142857142857,0.2924347083090697,0.2924347083090697,6.0,8,6,6,0,14,10,10,6,2,0,2,0,1,1,0.1111111111111111,4,1.6666666666666667,109,94,36,65,73,7,29,4,6,6,0,0.2448979591836734,5.0,5,5,1.0,1.0,6.0,18.166666666666668,10.833333333333334,150,0,0,150,1.0,1.0,1.0,1.0,0.0,0.0,9.0,1.0,1.0,1.0,1.0,0.0,150,0,0,150,1.0,1.0,1.0,1.0,0.0,0.0,9.0,1.0,1.0,1.0,1.0,0.0,150,0,0,150,1.0,1.0,1.0,1.0,0.0,0.0,9.0,1.0,1.0,1.0,1.0,0.0,1.0,1.0,0.9465477516175153,1.0,1.0,1.0,0.2151126670069061,2.0,25.0,3.0,42.857142857142854,1.0,,2.0,100.0,0.3333333333333335,25.00000000000001,-1.0,-2.7027027027027026,-2.0,-2.9850746268656714,-3.0,-2.6785714285714284,-0.16666666666666696,-2.7027027027027075,-0.5,-2.6785714285714284,-0.006802721088435382,-2.702702702702706,0.0,0.0
order,0.1,1001,350,150,150,0.0,0.05,0.95,6,2,0.0057142857142857,0.4506154589951258,0.4506154589951258,6.0,8,6,6,0,14,10,10,6,2,0,2,0,1,1,0.1111111111111111,4,1.6666666666666667,109,94,36,65,73,7,29,4,6,6,0,0.2448979591836734,5.0,5,5,1.0,1.0,6.0,18.166666666666668,10.833333333333334,150,0,0,150,1.0,1.0,1.0,1.0,0.0,0.0,9.0,1.0,1.0,1.0,1.0,0.0,150,0,0,150,1.0,1.0,1.0,1.0,0.0,0.0,9.0,1.0,1.0,1.0,1.0,0.0,150,0,0,150,1.0,1.0,1.0,1.0,0.0,0.0,9.0,1.0,1.0,1.0,1.0,0.0,1.0,1.0,0.9465477516175153,1.0,1.0,1.0,0.1972795829933602,2.0,25.0,3.0,42.857142857142854,1.0,,2.0,100.0,0.3333333333333335,25.00000000000001,-1.0,-2.7027027027027026,-2.0,-2.9850746268656714,-3.0,-2.6785714285714284,-0.16666666666666696,-2.7027027027027075,-0.5,-2.6785714285714284,-0.006802721088435382,-2.702702702702706,0.0,0.0
order,0.1,1002,350,150,150,0.0,0.05,0.95,6,2,0.0057142857142857,0.4598726746138258,0.4598726746138258,6.0,8,6,6,0,14,10,10,6,2,0,2,0,1,1,0.1111111111111111,4,1.6666666666666667,109,94,36,65,73,7,29,4,6,6,0,0.2448979591836734,5.0,5,5,1.0,1.0,6.0,18.166666666666668,10.833333333333334,150,0,0,150,1.0,1.0,1.0,1.0,0.0,0.0,9.0,1.0,1.0,1.0,1.0,0.0,150,0,0,150,1.0,1.0,1.0,1.0,0.0,0.0,9.0,1.0,1.0,1.0,1.0,0.0,150,0,0,150,1.0,1.0,1.0,1.0,0.0,0.0,9.0,1.0,1.0,1.0,1.0,0.0,1.0,1.0,0.9465477516175153,1.0,1.0,1.0,0.2071295829955488,2.0,25.0,3.0,42.857142857142854,1.0,,2.0,100.0,0.3333333333333335,25.00000000000001,-1.0,-2.7027027027027026,-2.0,-2.9850746268656714,-3.0,-2.6785714285714284,-0.16666666666666696,-2.7027027027027075,-0.5,-2.6785714285714284,-0.006802721088435382,-2.702702702702706,0.0,0.0
order,0.1,1003,350,150,150,0.0,0.05,0.95,6,2,0.0057142857142857,0.4955918609869638,0.4955918609869638,6.0,8,6,6,0,14,10,10,6,2,0,2,0,1,1,0.1111111111111111,4,1.6666666666666667,109,94,36,65,73,7,29,4,6,6,0,0.2448979591836734,5.0,5,5,1.0,1.0,6.0,18.166666666666668,10.833333333333334,150,0,0,150,1.0,1.0,1.0,1.0,0.0,0.0,9.0,1.0,1.0,1.0,1.0,0.0,150,0,0,150,1.0,1.0,1.0,1.0,0.0,0.0,9.0,1.0,1.0,1.0,1.0,0.0,150,0,0,150,1.0,1.0,1.0,1.0,0.0,0.0,9.0,1.0,1.0,1.0,1.0,0.0,1.0,1.0,0.9465477516175153,1.0,1.0,1.0,0.183865250000963,2.0,25.0,3.0,42.857142857142854,1.0,,2.0,100.0,0.3333333333333335,25.00000000000001,-1.0,-2.7027027027027026,-2.0,-2.9850746268656714,-3.0,-2.6785714285714284,-0.16666666666666696,-2.7027027027027075,-0.5,-2.6785714285714284,-0.006802721088435382,-2.702702702702706,0.0,0.0
order,0.1,1004,350,150,150,0.0,0.05,0.95,6,2,0.0057142857142857,0.3386838171901802,0.3386838171901802,6.0,8,6,6,0,14,10,10,6,2,0,2,0,1,1,0.1111111111111111,4,1.6666666666666667,109,94,36,65,73,7,29,4,6,6,0,0.2448979591836734,5.0,5,5,1.0,1.0,6.0,18.166666666666668,10.833333333333334,150,0,0,150,1.0,1.0,1.0,1.0,0.0,0.0,9.0,1.0,1.0,1.0,1.0,0.0,150,0,0,150,1.0,1.0,1.0,1.0,0.0,0.0,9.0,1.0,1.0,1.0,1.0,0.0,150,0,0,150,1.0,1.0,1.0,1.0,0.0,0.0,9.0,1.0,1.0,1.0,1.0,0.0,1.0,1.0,0.9465477516175153,1.0,1.0,1.0,0.1889487080043181,2.0,25.0,3.0,42.857142857142854,1.0,,2.0,100.0,0.3333333333333335,25.00000000000001,-1.0,-2.7027027027027026,-2.0,-2.9850746268656714,-3.0,-2.6785714285714284,-0.16666666666666696,-2.7027027027027075,-0.5,-2.6785714285714284,-0.006802721088435382,-2.702702702702706,0.0,0.0
order,0.1,1005,350,150,150,0.0,0.05,0.95,6,2,0.0057142857142857,0.4598726746138258,0.4598726746138258,6.0,8,6,6,0,14,10,10,6,2,0,2,0,1,1,0.1111111111111111,4,1.6666666666666667,109,94,36,65,73,7,29,4,6,6,0,0.2448979591836734,5.0,5,5,1.0,1.0,6.0,18.166666666666668,10.833333333333334,150,0,0,150,1.0,1.0,1.0,1.0,0.0,0.0,9.0,1.0,1.0,1.0,1.0,0.0,150,0,0,150,1.0,1.0,1.0,1.0,0.0,0.0,9.0,1.0,1.0,1.0,1.0,0.0,150,0,0,150,1.0,1.0,1.0,1.0,0.0,0.0,9.0,1.0,1.0,1.0,1.0,0.0,1.0,1.0,0.9465477516175153,1.0,1.0,1.0,0.2104854579956736,2.0,25.0,3.0,42.857142857142854,1.0,,2.0,100.0,0.3333333333333335,25.00000000000001,-1.0,-2.7027027027027026,-2.0,-2.9850746268656714,-3.0,-2.6785714285714284,-0.16666666666666696,-2.7027027027027075,-0.5,-2.6785714285714284,-0.006802721088435382,-2.702702702702706,0.0,0.0
order,0.1,1006,350,150,150,0.0,0.05,0.95,6,2,0.0057142857142857,0.4506154589951258,0.4506154589951258,6.0,8,6,6,0,14,10,10,6,2,0,2,0,1,1,0.1111111111111111,4,1.6666666666666667,109,94,36,65,73,7,29,4,6,6,0,0.2448979591836734,5.0,5,5,1.0,1.0,6.0,18.166666666666668,10.833333333333334,150,0,0,150,1.0,1.0,1.0,1.0,0.0,0.0,9.0,1.0,1.0,1.0,1.0,0.0,150,0,0,150,1.0,1.0,1.0,1.0,0.0,0.0,9.0,1.0,1.0,1.0,1.0,0.0,150,0,0,150,1.0,1.0,1.0,1.0,0.0,0.0,9.0,1.0,1.0,1.0,1.0,0.0,1.0,1.0,0.9465477516175153,1.0,1.0,1.0,0.1895785829983651,2.0,25.0,3.0,42.857142857142854,1.0,,2.0,100.0,0.3333333333333335,25.00000000000001,-1.0,-2.7027027027027026,-2.0,-2.9850746268656714,-3.0,-2.6785714285714284,-0.16666666666666696,-2.7027027027027075,-0.5,-2.6785714285714284,-0.006802721088435382,-2.702702702702706,0.0,0.0
order,0.1,1007,350,150,150,0.0,0.05,0.95,6,2,0.0057142857142857,0.4779876398212027,0.4779876398212027,6.0,8,6,6,0,14,10,10,6,2,0,2,0,1,1,0.1111111111111111,4,1.6666666666666667,109,94,36,65,73,7,29,4,6,6,0,0.2448979591836734,5.0,5,5,1.0,1.0,6.0,18.166666666666668,10.833333333333334,150,0,0,150,1.0,1.0,1.0,1.0,0.0,0.0,9.0,1.0,1.0,1.0,1.0,0.0,150,0,0,150,1.0,1.0,1.0,1.0,0.0,0.0,9.0,1.0,1.0,1.0,1.0,0.0,150,0,0,150,1.0,1.0,1.0,1.0,0.0,0.0,9.0,1.0,1.0,1.0,1.0,0.0,1.0,1.0,0.9465477516175153,1.0,1.0,1.0,0.2054580000112764,2.0,25.0,3.0,42.857142857142854,1.0,,2.0,100.0,0.3333333333333335,25.00000000000001,-1.0,-2.7027027027027026,-2.0,-2.9850746268656714,-3.0,-2.6785714285714284,-0.16666666666666696,-2.7027027027027075,-0.5,-2.6785714285714284,-0.006802721088435382,-2.702702702702706,0.0,0.0
order,0.1,1008,350,150,150,0.0,0.05,0.95,6,2,0.0057142857142857,0.4316833706523674,0.4316833706523674,6.0,8,6,6,0,14,10,10,6,2,0,2,0,1,1,0.1111111111111111,4,1.6666666666666667,109,94,36,65,73,7,29,4,6,6,0,0.2448979591836734,5.0,5,5,1.0,1.0,6.0,18.166666666666668,10.833333333333334,150,0,0,150,1.0,1.0,1.0,1.0,0.0,0.0,9.0,1.0,1.0,1.0,1.0,0.0,150,0,0,150,1.0,1.0,1.0,1.0,0.0,0.0,9.0,1.0,1.0,1.0,1.0,0.0,150,0,0,150,1.0,1.0,1.0,1.0,0.0,0.0,9.0,1.0,1.0,1.0,1.0,0.0,1.0,1.0,0.9465477516175153,1.0,1.0,1.0,0.1902482500008773,2.0,25.0,3.0,42.857142857142854,1.0,,2.0,100.0,0.3333333333333335,25.00000000000001,-1.0,-2.7027027027027026,-2.0,-2.9850746268656714,-3.0,-2.6785714285714284,-0.16666666666666696,-2.7027027027027075,-0.5,-2.6785714285714284,-0.006802721088435382,-2.702702702702706,0.0,0.0
order,0.1,1009,350,150,150,0.0,0.05,0.95,6,2,0.0057142857142857,0.4689955935892812,0.4689955935892812,6.0,8,6,6,0,14,10,10,6,2,0,2,0,1,1,0.1111111111111111,4,1.6666666666666667,109,94,36,65,73,7,29,4,6,6,0,0.2448979591836734,5.0,5,5,1.0,1.0,6.0,18.166666666666668,10.833333333333334,150,0,0,150,1.0,1.0,1.0,1.0,0.0,0.0,9.0,1.0,1.0,1.0,1.0,0.0,150,0,0,150,1.0,1.0,1.0,1.0,0.0,0.0,9.0,1.0,1.0,1.0,1.0,0.0,150,0,0,150,1.0,1.0,1.0,1.0,0.0,0.0,9.0,1.0,1.0,1.0,1.0,0.0,1.0,1.0,0.9465477516175153,1.0,1.0,1.0,0.1876949169964064,2.0,25.0,3.0,42.857142857142854,1.0,,2.0,100.0,0.3333333333333335,25.00000000000001,-1.0,-2.7027027027027026,-2.0,-2.9850746268656714,-3.0,-2.6785714285714284,-0.16666666666666696,-2.7027027027027075,-0.5,-2.6785714285714284,-0.006802721088435382,-2.702702702702706,0.0,0.0
order,0.1,1010,350,150,150,0.0,0.05,0.95,6,2,0.0057142857142857,0.3920309771907534,0.3920309771907534,6.0,8,6,6,0,14,10,10,6,2,0,2,0,1,1,0.1111111111111111,4,1.6666666666666667,109,94,36,65,73,7,29,4,6,6,0,0.2448979591836734,5.0,5,5,1.0,1.0,6.0,18.166666666666668,10.833333333333334,150,0,0,150,1.0,1.0,1.0,1.0,0.0,0.0,9.0,1.0,1.0,1.0,1.0,0.0,150,0,0,150,1.0,1.0,1.0,1.0,0.0,0.0,9.0,1.0,1.0,1.0,1.0,0.0,150,0,0,150,1.0,1.0,1.0,1.0,0.0,0.0,9.0,1.0,1.0,1.0,1.0,0.0,1.0,1.0,0.9465477516175153,1.0,1.0,1.0,0.2095479579875245,2.0,25.0,3.0,42.857142857142854,1.0,,2.0,100.0,0.3333333333333335,25.00000000000001,-1.0,-2.7027027027027026,-2.0,-2.9850746268656714,-3.0,-2.6785714285714284,-0.16666666666666696,-2.7027027027027075,-0.5,-2.6785714285714284,-0.006802721088435382,-2.702702702702706,0.0,0.0
order,0.2,1001,350,150,150,0.0,0.05,0.95,6,2,0.0057142857142857,0.6984734152123642,0.6984734152123642,6.0,8,6,6,0,14,10,10,6,2,0,2,0,1,1,0.1111111111111111,4,1.6666666666666667,109,94,36,65,73,7,29,4,6,6,0,0.2448979591836734,5.0,5,5,1.0,1.0,6.0,18.166666666666668,10.833333333333334,150,0,0,150,1.0,1.0,1.0,1.0,0.0,0.0,9.0,1.0,1.0,1.0,1.0,0.0,150,0,0,150,1.0,1.0,1.0,1.0,0.0,0.0,9.0,1.0,1.0,1.0,1.0,0.0,150,0,0,150,1.0,1.0,1.0,1.0,0.0,0.0,9.0,1.0,1.0,1.0,1.0,0.0,1.0,1.0,0.9465477516175153,1.0,1.0,1.0,0.1970922090113163,2.0,25.0,3.0,42.857142857142854,1.0,,2.0,100.0,0.3333333333333335,25.00000000000001,-1.0,-2.7027027027027026,-2.0,-2.9850746268656714,-3.0,-2.6785714285714284,-0.16666666666666696,-2.7027027027027075,-0.5,-2.6785714285714284,-0.006802721088435382,-2.702702702702706,0.0,0.0
order,0.2,1002,350,150,150,0.0,0.05,0.95,6,2,0.0057142857142857,0.738743189564139,0.738743189564139,6.0,8,6,6,0,14,10,10,6,2,0,2,0,1,1,0.1111111111111111,4,1.6666666666666667,109,94,36,65,73,7,29,4,6,6,0,0.2448979591836734,5.0,5,5,1.0,1.0,6.0,18.166666666666668,10.833333333333334,150,0,0,150,1.0,1.0,1.0,1.0,0.0,0.0,9.0,1.0,1.0,1.0,1.0,0.0,150,0,0,150,1.0,1.0,1.0,1.0,0.0,0.0,9.0,1.0,1.0,1.0,1.0,0.0,150,0,0,150,1.0,1.0,1.0,1.0,0.0,0.0,9.0,1.0,1.0,1.0,1.0,0.0,1.0,1.0,0.9465477516175153,1.0,1.0,1.0,0.2075217909878119,2.0,25.0,3.0,42.857142857142854,1.0,,2.0,100.0,0.3333333333333335,25.00000000000001,-1.0,-2.7027027027027026,-2.0,-2.9850746268656714,-3.0,-2.6785714285714284,-0.16666666666666696,-2.7027027027027075,-0.5,-2.6785714285714284,-0.006802721088435382,-2.702702702702706,0.0,0.0
order,0.2,1003,350,150,150,0.0,0.05,0.95,6,2,0.0057142857142857,0.7549160211097665,0.7549160211097665,6.0,8,6,6,0,14,10,10,6,2,0,2,0,1,1,0.1111111111111111,4,1.6666666666666667,109,94,36,65,73,7,29,4,6,6,0,0.2448979591836734,5.0,5,5,1.0,1.0,6.0,18.166666666666668,10.833333333333334,150,0,0,150,1.0,1.0,1.0,1.0,0.0,0.0,9.0,1.0,1.0,1.0,1.0,0.0,150,0,0,150,1.0,1.0,1.0,1.0,0.0,0.0,9.0,1.0,1.0,1.0,1.0,0.0,150,0,0,150,1.0,1.0,1.0,1.0,0.0,0.0,9.0,1.0,1.0,1.0,1.0,0.0,1.0,1.0,0.9465477516175153,1.0,1.0,1.0,0.1943124580138828,2.0,25.0,3.0,42.857142857142854,1.0,,2.0,100.0,0.3333333333333335,25.00000000000001,-1.0,-2.7027027027027026,-2.0,-2.9850746268656714,-3.0,-2.6785714285714284,-0.16666666666666696,-2.7027027027027075,-0.5,-2.6785714285714284,-0.006802721088435382,-2.702702702702706,0.0,0.0
order,0.2,1004,350,150,150,0.0,0.05,0.95,6,2,0.0057142857142857,0.692419486327474,0.692419486327474,6.0,8,6,6,0,14,10,10,6,2,0,2,0,1,1,0.1111111111111111,4,1.6666666666666667,109,94,36,65,73,7,29,4,6,6,0,0.2448979591836734,5.0,5,5,1.0,1.0,6.0,18.166666666666668,10.833333333333334,150,0,0,150,1.0,1.0,1.0,1.0,0.0,0.0,9.0,1.0,1.0,1.0,1.0,0.0,150,0,0,150,1.0,1.0,1.0,1.0,0.0,0.0,9.0,1.0,1.0,1.0,1.0,0.0,150,0,0,150,1.0,1.0,1.0,1.0,0.0,0.0,9.0,1.0,1.0,1.0,1.0,0.0,1.0,1.0,0.9465477516175153,1.0,1.0,1.0,0.1837032500188797,2.0,25.0,3.0,42.857142857142854,1.0,,2.0,100.0,0.3333333333333335,25.00000000000001,-1.0,-2.7027027027027026,-2.0,-2.9850746268656714,-3.0,-2.6785714285714284,-0.16666666666666696,-2.7027027027027075,-0.5,-2.6785714285714284,-0.006802721088435382,-2.702702702702706,0.0,0.0
order,0.2,1005,350,150,150,0.0,0.05,0.95,6,2,0.0057142857142857,0.7332104880580959,0.7332104880580959,6.0,8,6,6,0,14,10,10,6,2,0,2,0,1,1,0.1111111111111111,4,1.6666666666666667,109,94,36,65,73,7,29,4,6,6,0,0.2448979591836734,5.0,5,5,1.0,1.0,6.0,18.166666666666668,10.833333333333334,150,0,0,150,1.0,1.0,1.0,1.0,0.0,0.0,9.0,1.0,1.0,1.0,1.0,0.0,150,0,0,150,1.0,1.0,1.0,1.0,0.0,0.0,9.0,1.0,1.0,1.0,1.0,0.0,150,0,0,150,1.0,1.0,1.0,1.0,0.0,0.0,9.0,1.0,1.0,1.0,1.0,0.0,1.0,1.0,0.9465477516175153,1.0,1.0,1.0,0.2055293750017881,2.0,25.0,3.0,42.857142857142854,1.0,,2.0,100.0,0.3333333333333335,25.00000000000001,-1.0,-2.7027027027027026,-2.0,-2.9850746268656714,-3.0,-2.6785714285714284,-0.16666666666666696,-2.7027027027027075,-0.5,-2.6785714285714284,-0.006802721088435382,-2.702702702702706,0.0,0.0
order,0.2,1006,350,150,150,0.0,0.05,0.95,6,2,0.0057142857142857,0.7044503733120617,0.7044503733120617,6.0,8,6,6,0,14,10,10,6,2,0,2,0,1,1,0.1111111111111111,4,1.6666666666666667,109,94,36,65,73,7,29,4,6,6,0,0.2448979591836734,5.0,5,5,1.0,1.0,6.0,18.166666666666668,10.833333333333334,150,0,0,150,1.0,1.0,1.0,1.0,0.0,0.0,9.0,1.0,1.0,1.0,1.0,0.0,150,0,0,150,1.0,1.0,1.0,1.0,0.0,0.0,9.0,1.0,1.0,1.0,1.0,0.0,150,0,0,150,1.0,1.0,1.0,1.0,0.0,0.0,9.0,1.0,1.0,1.0,1.0,0.0,1.0,1.0,0.9465477516175153,1.0,1.0,1.0,0.1877352079900447,2.0,25.0,3.0,42.857142857142854,1.0,,2.0,100.0,0.3333333333333335,25.00000000000001,-1.0,-2.7027027027027026,-2.0,-2.9850746268656714,-3.0,-2.6785714285714284,-0.16666666666666696,-2.7027027027027075,-0.5,-2.6785714285714284,-0.006802721088435382,-2.702702702702706,0.0,0.0
order,0.2,1007,350,150,150,0.0,0.05,0.95,6,2,0.0057142857142857,0.7219280948873623,0.7219280948873623,6.0,8,6,6,0,14,10,10,6,2,0,2,0,1,1,0.1111111111111111,4,1.6666666666666667,109,94,36,65,73,7,29,4,6,6,0,0.2448979591836734,5.0,5,5,1.0,1.0,6.0,18.166666666666668,10.833333333333334,150,0,0,150,1.0,1.0,1.0,1.0,0.0,0.0,9.0,1.0,1.0,1.0,1.0,0.0,150,0,0,150,1.0,1.0,1.0,1.0,0.0,0.0,9.0,1.0,1.0,1.0,1.0,0.0,150,0,0,150,1.0,1.0,1.0,1.0,0.0,0.0,9.0,1.0,1.0,1.0,1.0,0.0,1.0,1.0,0.9465477516175153,1.0,1.0,1.0,0.2120668329880572,2.0,25.0,3.0,42.857142857142854,1.0,,2.0,100.0,0.3333333333333335,25.00000000000001,-1.0,-2.7027027027027026,-2.0,-2.9850746268656714,-3.0,-2.6785714285714284,-0.16666666666666696,-2.7027027027027075,-0.5,-2.6785714285714284,-0.006802721088435382,-2.702702702702706,0.0,0.0
order,0.2,1008,350,150,150,0.0,0.05,0.95,6,2,0.0057142857142857,0.7755126581331477,0.7755126581331477,6.0,8,6,6,0,14,10,10,6,2,0,2,0,1,1,0.1111111111111111,4,1.6666666666666667,109,94,36,65,73,7,29,4,6,6,0,0.2448979591836734,5.0,5,5,1.0,1.0,6.0,18.166666666666668,10.833333333333334,150,0,0,150,1.0,1.0,1.0,1.0,0.0,0.0,9.0,1.0,1.0,1.0,1.0,0.0,150,0,0,150,1.0,1.0,1.0,1.0,0.0,0.0,9.0,1.0,1.0,1.0,1.0,0.0,150,0,0,150,1.0,1.0,1.0,1.0,0.0,0.0,9.0,1.0,1.0,1.0,1.0,0.0,1.0,1.0,0.9465477516175153,1.0,1.0,1.0,0.1841100839956198,2.0,25.0,3.0,42.857142857142854,1.0,,2.0,100.0,0.3333333333333335,25.00000000000001,-1.0,-2.7027027027027026,-2.0,-2.9850746268656714,-3.0,-2.6785714285714284,-0.16666666666666696,-2.7027027027027075,-0.5,-2.6785714285714284,-0.006802721088435382,-2.702702702702706,0.0,0.0
order,0.2,1009,350,150,150,0.0,0.05,0.95,6,2,0.0057142857142857,0.6984734152123642,0.6984734152123642,6.0,8,6,6,0,14,10,10,6,2,0,2,0,1,1,0.1111111111111111,4,1.6666666666666667,109,94,36,65,73,7,29,4,6,6,0,0.2448979591836734,5.0,5,5,1.0,1.0,6.0,18.166666666666668,10.833333333333334,150,0,0,150,1.0,1.0,1.0,1.0,0.0,0.0,9.0,1.0,1.0,1.0,1.0,0.0,150,0,0,150,1.0,1.0,1.0,1.0,0.0,0.0,9.0,1.0,1.0,1.0,1.0,0.0,150,0,0,150,1.0,1.0,1.0,1.0,0.0,0.0,9.0,1.0,1.0,1.0,1.0,0.0,1.0,1.0,0.9465477516175153,1.0,1.0,1.0,0.1834408750000875,2.0,25.0,3.0,42.857142857142854,1.0,,2.0,100.0,0.3333333333333335,25.00000000000001,-1.0,-2.7027027027027026,-2.0,-2.9850746268656714,-3.0,-2.6785714285714284,-0.16666666666666696,-2.7027027027027075,-0.5,-2.6785714285714284,-0.006802721088435382,-2.702702702702706,0.0,0.0
order,0.2,1010,350,150,150,0.0,0.05,0.95,6,2,0.0057142857142857,0.7103512415995206,0.7103512415995206,6.0,8,6,6,0,14,10,10,6,2,0,2,0,1,1,0.1111111111111111,4,1.6666666666666667,109,94,36,65,73,7,29,4,6,6,0,0.2448979591836734,5.0,5,5,1.0,1.0,6.0,18.166666666666668,10.833333333333334,150,0,0,150,1.0,1.0,1.0,1.0,0.0,0.0,9.0,1.0,1.0,1.0,1.0,0.0,150,0,0,150,1.0,1.0,1.0,1.0,0.0,0.0,9.0,1.0,1.0,1.0,1.0,0.0,150,0,0,150,1.0,1.0,1.0,1.0,0.0,0.0,9.0,1.0,1.0,1.0,1.0,0.0,1.0,1.0,0.9465477516175153,1.0,1.0,1.0,0.2056740840198472,2.0,25.0,3.0,42.857142857142854,1.0,,2.0,100.0,0.3333333333333335,25.00000000000001,-1.0,-2.7027027027027026,-2.0,-2.9850746268656714,-3.0,-2.6785714285714284,-0.16666666666666696,-2.7027027027027075,-0.5,-2.6785714285714284,-0.006802721088435382,-2.702702702702706,0.0,0.0
order,0.3,1001,350,150,150,0.0,0.05,0.95,6,2,0.0057142857142857,0.9012473167687268,0.9012473167687268,6.0,8,6,6,0,14,10,10,6,2,0,2,0,1,1,0.1111111111111111,4,1.6666666666666667,109,94,36,65,73,7,29,4,6,6,0,0.2448979591836734,5.0,5,5,1.0,1.0,6.0,18.166666666666668,10.833333333333334,150,0,0,150,1.0,1.0,1.0,1.0,0.0,0.0,9.0,1.0,1.0,1.0,1.0,0.0,150,0,0,150,1.0,1.0,1.0,1.0,0.0,0.0,9.0,1.0,1.0,1.0,1.0,0.0,150,0,0,150,1.0,1.0,1.0,1.0,0.0,0.0,9.0,1.0,1.0,1.0,1.0,0.0,1.0,1.0,0.9465477516175153,1.0,1.0,1.0,0.1952684589778073,2.0,25.0,3.0,42.857142857142854,1.0,,2.0,100.0,0.3333333333333335,25.00000000000001,-1.0,-2.7027027027027026,-2.0,-2.9850746268656714,-3.0,-2.6785714285714284,-0.16666666666666696,-2.7027027027027075,-0.5,-2.6785714285714284,-0.006802721088435382,-2.702702702702706,0.0,0.0
order,0.3,1002,350,150,150,0.0,0.05,0.95,6,2,0.0057142857142857,0.884755458835062,0.884755458835062,6.0,8,6,6,0,14,10,10,6,2,0,2,0,1,1,0.1111111111111111,4,1.6666666666666667,109,94,36,65,73,7,29,4,6,6,0,0.2448979591836734,5.0,5,5,1.0,1.0,6.0,18.166666666666668,10.833333333333334,150,0,0,150,1.0,1.0,1.0,1.0,0.0,0.0,9.0,1.0,1.0,1.0,1.0,0.0,150,0,0,150,1.0,1.0,1.0,1.0,0.0,0.0,9.0,1.0,1.0,1.0,1.0,0.0,150,0,0,150,1.0,1.0,1.0,1.0,0.0,0.0,9.0,1.0,1.0,1.0,1.0,0.0,1.0,1.0,0.9465477516175153,1.0,1.0,1.0,0.2036069999739993,2.0,25.0,3.0,42.857142857142854,1.0,,2.0,100.0,0.3333333333333335,25.00000000000001,-1.0,-2.7027027027027026,-2.0,-2.9850746268656714,-3.0,-2.6785714285714284,-0.16666666666666696,-2.7027027027027075,-0.5,-2.6785714285714284,-0.006802721088435382,-2.702702702702706,0.0,0.0
order,0.3,1003,350,150,150,0.0,0.05,0.95,6,2,0.0057142857142857,0.863120568566631,0.863120568566631,6.0,8,6,6,0,14,10,10,6,2,0,2,0,1,1,0.1111111111111111,4,1.6666666666666667,109,94,36,65,73,7,29,4,6,6,0,0.2448979591836734,5.0,5,5,1.0,1.0,6.0,18.166666666666668,10.833333333333334,150,0,0,150,1.0,1.0,1.0,1.0,0.0,0.0,9.0,1.0,1.0,1.0,1.0,0.0,150,0,0,150,1.0,1.0,1.0,1.0,0.0,0.0,9.0,1.0,1.0,1.0,1.0,0.0,150,0,0,150,1.0,1.0,1.0,1.0,0.0,0.0,9.0,1.0,1.0,1.0,1.0,0.0,1.0,1.0,0.9465477516175153,1.0,1.0,1.0,0.183203249995131,2.0,25.0,3.0,42.857142857142854,1.0,,2.0,100.0,0.3333333333333335,25.00000000000001,-1.0,-2.7027027027027026,-2.0,-2.9850746268656714,-3.0,-2.6785714285714284,-0.16666666666666696,-2.7027027027027075,-0.5,-2.6785714285714284,-0.006802721088435382,-2.702702702702706,0.0,0.0
order,0.3,1004,350,150,150,0.0,0.05,0.95,6,2,0.0057142857142857,0.9043814577244936,0.9043814577244936,6.0,8,6,6,0,14,10,10,6,2,0,2,0,1,1,0.1111111111111111,4,1.6666666666666667,109,94,36,65,73,7,29,4,6,6,0,0.2448979591836734,5.0,5,5,1.0,1.0,6.0,18.166666666666668,10.833333333333334,150,0,0,150,1.0,1.0,1.0,1.0,0.0,0.0,9.0,1.0,1.0,1.0,1.0,0.0,150,0,0,150,1.0,1.0,1.0,1.0,0.0,0.0,9.0,1.0,1.0,1.0,1.0,0.0,150,0,0,150,1.0,1.0,1.0,1.0,0.0,0.0,9.0,1.0,1.0,1.0,1.0,0.0,1.0,1.0,0.9465477516175153,1.0,1.0,1.0,0.192348624987062,2.0,25.0,3.0,42.857142857142854,1.0,,2.0,100.0,0.3333333333333335,25.00000000000001,-1.0,-2.7027027027027026,-2.0,-2.9850746268656714,-3.0,-2.6785714285714284,-0.16666666666666696,-2.7027027027027075,-0.5,-2.6785714285714284,-0.006802721088435382,-2.702702702702706,0.0,0.0
order,0.3,1005,350,150,150,0.0,0.05,0.95,6,2,0.0057142857142857,0.9104876225061144,0.9104876225061144,6.0,8,6,6,0,14,10,10,6,2,0,2,0,1,1,0.1111111111111111,4,1.6666666666666667,109,94,36,65,73,7,29,4,6,6,0,0.2448979591836734,5.0,5,5,1.0,1.0,6.0,18.166666666666668,10.833333333333334,150,0,0,150,1.0,1.0,1.0,1.0,0.0,0.0,9.0,1.0,1.0,1.0,1.0,0.0,150,0,0,150,1.0,1.0,1.0,1.0,0.0,0.0,9.0,1.0,1.0,1.0,1.0,0.0,150,0,0,150,1.0,1.0,1.0,1.0,0.0,0.0,9.0,1.0,1.0,1.0,1.0,0.0,1.0,1.0,0.9465477516175153,1.0,1.0,1.0,0.216692833986599,2.0,25.0,3.0,42.857142857142854,1.0,,2.0,100.0,0.3333333333333335,25.00000000000001,-1.0,-2.7027027027027026,-2.0,-2.9850746268656714,-3.0,-2.6785714285714284,-0.16666666666666696,-2.7027027027027075,-0.5,-2.6785714285714284,-0.006802721088435382,-2.702702702702706,0.0,0.0
order,0.3,1006,350,150,150,0.0,0.05,0.95,6,2,0.0057142857142857,0.8668687094240903,0.8668687094240903,6.0,8,6,6,0,14,10,10,6,2,0,2,0,1,1,0.1111111111111111,4,1.6666666666666667,109,94,36,65,73,7,29,4,6,6,0,0.2448979591836734,5.0,5,5,1.0,1.0,6.0,18.166666666666668,10.833333333333334,150,0,0,150,1.0,1.0,1.0,1.0,0.0,0.0,9.0,1.0,1.0,1.0,1.0,0.0,150,0,0,150,1.0,1.0,1.0,1.0,0.0,0.0,9.0,1.0,1.0,1.0,1.0,0.0,150,0,0,150,1.0,1.0,1.0,1.0,0.0,0.0,9.0,1.0,1.0,1.0,1.0,0.0,1.0,1.0,0.9465477516175153,1.0,1.0,1.0,0.1840887920116074,2.0,25.0,3.0,42.857142857142854,1.0,,2.0,100.0,0.3333333333333335,25.00000000000001,-1.0,-2.7027027027027026,-2.0,-2.9850746268656714,-3.0,-2.6785714285714284,-0.16666666666666696,-2.7027027027027075,-0.5,-2.6785714285714284,-0.006802721088435382,-2.702702702702706,0.0,0.0
order,0.3,1007,350,150,150,0.0,0.05,0.95,6,2,0.0057142857142857,0.8777702575462527,0.8777702575462527,6.0,8,6,6,0,14,10,10,6,2,0,2,0,1,1,0.1111111111111111,4,1.6666666666666667,109,94,36,65,73,7,29,4,6,6,0,0.2448979591836734,5.0,5,5,1.0,1.0,6.0,18.166666666666668,10.833333333333334,150,0,0,150,1.0,1.0,1.0,1.0,0.0,0.0,9.0,1.0,1.0,1.0,1.0,0.0,150,0,0,150,1.0,1.0,1.0,1.0,0.0,0.0,9.0,1.0,1.0,1.0,1.0,0.0,150,0,0,150,1.0,1.0,1.0,1.0,0.0,0.0,9.0,1.0,1.0,1.0,1.0,0.0,1.0,1.0,0.9465477516175153,1.0,1.0,1.0,0.2084352079837117,2.0,25.0,3.0,42.857142857142854,1.0,,2.0,100.0,0.3333333333333335,25.00000000000001,-1.0,-2.7027027027027026,-2.0,-2.9850746268656714,-3.0,-2.6785714285714284,-0.16666666666666696,-2.7027027027027075,-0.5,-2.6785714285714284,-0.006802721088435382,-2.702702702702706,0.0,0.0
order,0.3,1008,350,150,150,0.0,0.05,0.95,6,2,0.0057142857142857,0.9301821998768256,0.9301821998768256,6.0,8,6,6,0,14,10,10,6,2,0,2,0,1,1,0.1111111111111111,4,1.6666666666666667,109,94,36,65,73,7,29,4,6,6,0,0.2448979591836734,5.0,5,5,1.0,1.0,6.0,18.166666666666668,10.833333333333334,150,0,0,150,1.0,1.0,1.0,1.0,0.0,0.0,9.0,1.0,1.0,1.0,1.0,0.0,150,0,0,150,1.0,1.0,1.0,1.0,0.0,0.0,9.0,1.0,1.0,1.0,1.0,0.0,150,0,0,150,1.0,1.0,1.0,1.0,0.0,0.0,9.0,1.0,1.0,1.0,1.0,0.0,1.0,1.0,0.9465477516175153,1.0,1.0,1.0,0.1887541249743662,2.0,25.0,3.0,42.857142857142854,1.0,,2.0,100.0,0.3333333333333335,25.00000000000001,-1.0,-2.7027027027027026,-2.0,-2.9850746268656714,-3.0,-2.6785714285714284,-0.16666666666666696,-2.7027027027027075,-0.5,-2.6785714285714284,-0.006802721088435382,-2.702702702702706,0.0,0.0
order,0.3,1009,350,150,150,0.0,0.05,0.95,6,2,0.0057142857142857,0.9012473167687268,0.9012473167687268,6.0,8,6,6,0,14,10,10,6,2,0,2,0,1,1,0.1111111111111111,4,1.6666666666666667,109,94,36,65,73,7,29,4,6,6,0,0.2448979591836734,5.0,5,5,1.0,1.0,6.0,18.166666666666668,10.833333333333334,150,0,0,150,1.0,1.0,1.0,1.0,0.0,0.0,9.0,1.0,1.0,1.0,1.0,0.0,150,0,0,150,1.0,1.0,1.0,1.0,0.0,0.0,9.0,1.0,1.0,1.0,1.0,0.0,150,0,0,150,1.0,1.0,1.0,1.0,0.0,0.0,9.0,1.0,1.0,1.0,1.0,0.0,1.0,1.0,0.9465477516175153,1.0,1.0,1.0,0.1956463329843245,2.0,25.0,3.0,42.857142857142854,1.0,,2.0,100.0,0.3333333333333335,25.00000000000001,-1.0,-2.7027027027027026,-2.0,-2.9850746268656714,-3.0,-2.6785714285714284,-0.16666666666666696,-2.7027027027027075,-0.5,-2.6785714285714284,-0.006802721088435382,-2.702702702702706,0.0,0.0
order,0.3,1010,350,150,150,0.0,0.05,0.95,6,2,0.0057142857142857,0.8741932246857949,0.8741932246857949,6.0,8,6,6,0,14,10,10,6,2,0,2,0,1,1,0.1111111111111111,4,1.6666666666666667,109,94,36,65,73,7,29,4,6,6,0,0.2448979591836734,5.0,5,5,1.0,1.0,6.0,18.166666666666668,10.833333333333334,150,0,0,150,1.0,1.0,1.0,1.0,0.0,0.0,9.0,1.0,1.0,1.0,1.0,0.0,150,0,0,150,1.0,1.0,1.0,1.0,0.0,0.0,9.0,1.0,1.0,1.0,1.0,0.0,150,0,0,150,1.0,1.0,1.0,1.0,0.0,0.0,9.0,1.0,1.0,1.0,1.0,0.0,1.0,1.0,0.9465477516175153,1.0,1.0,1.0,0.2073707499948796,2.0,25.0,3.0,42.857142857142854,1.0,,2.0,100.0,0.3333333333333335,25.00000000000001,-1.0,-2.7027027027027026,-2.0,-2.9850746268656714,-3.0,-2.6785714285714284,-0.16666666666666696,-2.7027027027027075,-0.5,-2.6785714285714284,-0.006802721088435382,-2.702702702702706,0.0,0.0
order,0.4,1001,350,150,150,0.0,0.05,0.95,6,2,0.0057142857142857,0.9657152704789126,0.9657152704789126,6.0,8,6,6,0,14,10,10,6,2,0,2,0,1,1,0.1111111111111111,4,1.6666666666666667,109,94,36,65,73,7,29,4,6,6,0,0.2448979591836734,5.0,5,5,1.0,1.0,6.0,18.166666666666668,10.833333333333334,150,0,0,150,1.0,1.0,1.0,1.0,0.0,0.0,9.0,1.0,1.0,1.0,1.0,0.0,150,0,0,150,1.0,1.0,1.0,1.0,0.0,0.0,9.0,1.0,1.0,1.0,1.0,0.0,150,0,0,150,1.0,1.0,1.0,1.0,0.0,0.0,9.0,1.0,1.0,1.0,1.0,0.0,1.0,1.0,0.9465477516175153,1.0,1.0,1.0,0.1864946249988861,2.0,25.0,3.0,42.857142857142854,1.0,,2.0,100.0,0.3333333333333335,25.00000000000001,-1.0,-2.7027027027027026,-2.0,-2.9850746268656714,-3.0,-2.6785714285714284,-0.16666666666666696,-2.7027027027027075,-0.5,-2.6785714285714284,-0.006802721088435382,-2.702702702702706,0.0,0.0
order,0.4,1002,350,150,150,0.0,0.05,0.95,6,2,0.0057142857142857,0.9559990930989408,0.9559990930989408,6.0,8,6,6,0,14,10,10,6,2,0,2,0,1,1,0.1111111111111111,4,1.6666666666666667,109,94,36,65,73,7,29,4,6,6,0,0.2448979591836734,5.0,5,5,1.0,1.0,6.0,18.166666666666668,10.833333333333334,150,0,0,150,1.0,1.0,1.0,1.0,0.0,0.0,9.0,1.0,1.0,1.0,1.0,0.0,150,0,0,150,1.0,1.0,1.0,1.0,0.0,0.0,9.0,1.0,1.0,1.0,1.0,0.0,150,0,0,150,1.0,1.0,1.0,1.0,0.0,0.0,9.0,1.0,1.0,1.0,1.0,0.0,1.0,1.0,0.9465477516175153,1.0,1.0,1.0,0.2035500420024618,2.0,25.0,3.0,42.857142857142854,1.0,,2.0,100.0,0.3333333333333335,25.00000000000001,-1.0,-2.7027027027027026,-2.0,-2.9850746268656714,-3.0,-2.6785714285714284,-0.16666666666666696,-2.7027027027027075,-0.5,-2.6785714285714284,-0.006802721088435382,-2.702702702702706,0.0,0.0
order,0.4,1003,350,150,150,0.0,0.05,0.95,6,2,0.0057142857142857,0.945029303540063,0.945029303540063,6.0,8,6,6,0,14,10,10,6,2,0,2,0,1,1,0.1111111111111111,4,1.6666666666666667,109,94,36,65,73,7,29,4,6,6,0,0.2448979591836734,5.0,5,5,1.0,1.0,6.0,18.166666666666668,10.833333333333334,150,0,0,150,1.0,1.0,1.0,1.0,0.0,0.0,9.0,1.0,1.0,1.0,1.0,0.0,150,0,0,150,1.0,1.0,1.0,1.0,0.0,0.0,9.0,1.0,1.0,1.0,1.0,0.0,150,0,0,150,1.0,1.0,1.0,1.0,0.0,0.0,9.0,1.0,1.0,1.0,1.0,0.0,1.0,1.0,0.9465477516175153,1.0,1.0,1.0,0.1837969170010183,2.0,25.0,3.0,42.857142857142854,1.0,,2.0,100.0,0.3333333333333335,25.00000000000001,-1.0,-2.7027027027027026,-2.0,-2.9850746268656714,-3.0,-2.6785714285714284,-0.16666666666666696,-2.7027027027027075,-0.5,-2.6785714285714284,-0.006802721088435382,-2.702702702702706,0.0,0.0
order,0.4,1004,350,150,150,0.0,0.05,0.95,6,2,0.0057142857142857,0.9619780596506255,0.9619780596506255,6.0,8,6,6,0,14,10,10,6,2,0,2,0,1,1,0.1111111111111111,4,1.6666666666666667,109,94,36,65,73,7,29,4,6,6,0,0.2448979591836734,5.0,5,5,1.0,1.0,6.0,18.166666666666668,10.833333333333334,150,0,0,150,1.0,1.0,1.0,1.0,0.0,0.0,9.0,1.0,1.0,1.0,1.0,0.0,150,0,0,150,1.0,1.0,1.0,1.0,0.0,0.0,9.0,1.0,1.0,1.0,1.0,0.0,150,0,0,150,1.0,1.0,1.0,1.0,0.0,0.0,9.0,1.0,1.0,1.0,1.0,0.0,1.0,1.0,0.9465477516175153,1.0,1.0,1.0,0.186495375004597,2.0,25.0,3.0,42.857142857142854,1.0,,2.0,100.0,0.3333333333333335,25.00000000000001,-1.0,-2.7027027027027026,-2.0,-2.9850746268656714,-3.0,-2.6785714285714284,-0.16666666666666696,-2.7027027027027075,-0.5,-2.6785714285714284,-0.006802721088435382,-2.702702702702706,0.0,0.0
order,0.4,1005,350,150,150,0.0,0.05,0.95,6,2,0.0057142857142857,0.9757442507989856,0.9757442507989856,6.0,8,6,6,0,14,10,10,6,2,0,2,0,1,1,0.1111111111111111,4,1.6666666666666667,109,94,36,65,73,7,29,4,6,6,0,0.2448979591836734,5.0,5,5,1.0,1.0,6.0,18.166666666666668,10.833333333333334,150,0,0,150,1.0,1.0,1.0,1.0,0.0,0.0,9.0,1.0,1.0,1.0,1.0,0.0,150,0,0,150,1.0,1.0,1.0,1.0,0.0,0.0,9.0,1.0,1.0,1.0,1.0,0.0,150,0,0,150,1.0,1.0,1.0,1.0,0.0,0.0,9.0,1.0,1.0,1.0,1.0,0.0,1.0,1.0,0.9465477516175153,1.0,1.0,1.0,0.2034677499905228,2.0,25.0,3.0,42.857142857142854,1.0,,2.0,100.0,0.3333333333333335,25.00000000000001,-1.0,-2.7027027027027026,-2.0,-2.9850746268656714,-3.0,-2.6785714285714284,-0.16666666666666696,-2.7027027027027075,-0.5,-2.6785714285714284,-0.006802721088435382,-2.702702702702706,0.0,0.0
order,0.4,1006,350,150,150,0.0,0.05,0.95,6,2,0.0057142857142857,0.9353374239130026,0.9353374239130026,6.0,8,6,6,0,14,10,10,6,2,0,2,0,1,1,0.1111111111111111,4,1.6666666666666667,109,94,36,65,73,7,29,4,6,6,0,0.2448979591836734,5.0,5,5,1.0,1.0,6.0,18.166666666666668,10.833333333333334,150,0,0,150,1.0,1.0,1.0,1.0,0.0,0.0,9.0,1.0,1.0,1.0,1.0,0.0,150,0,0,150,1.0,1.0,1.0,1.0,0.0,0.0,9.0,1.0,1.0,1.0,1.0,0.0,150,0,0,150,1.0,1.0,1.0,1.0,0.0,0.0,9.0,1.0,1.0,1.0,1.0,0.0,1.0,1.0,0.9465477516175153,1.0,1.0,1.0,0.1837168339989148,2.0,25.0,3.0,42.857142857142854,1.0,,2.0,100.0,0.3333333333333335,25.00000000000001,-1.0,-2.7027027027027026,-2.0,-2.9850746268656714,-3.0,-2.6785714285714284,-0.16666666666666696,-2.7027027027027075,-0.5,-2.6785714285714284,-0.006802721088435382,-2.702702702702706,0.0,0.0
order,0.4,1007,350,150,150,0.0,0.05,0.95,6,2,0.0057142857142857,0.9757442507989856,0.9757442507989856,6.0,8,6,6,0,14,10,10,6,2,0,2,0,1,1,0.1111111111111111,4,1.6666666666666667,109,94,36,65,73,7,29,4,6,6,0,0.2448979591836734,5.0,5,5,1.0,1.0,6.0,18.166666666666668,10.833333333333334,150,0,0,150,1.0,1.0,1.0,1.0,0.0,0.0,9.0,1.0,1.0,1.0,1.0,0.0,150,0,0,150,1.0,1.0,1.0,1.0,0.0,0.0,9.0,1.0,1.0,1.0,1.0,0.0,150,0,0,150,1.0,1.0,1.0,1.0,0.0,0.0,9.0,1.0,1.0,1.0,1.0,0.0,1.0,1.0,0.9465477516175153,1.0,1.0,1.0,0.2156965410104021,2.0,25.0,3.0,42.857142857142854,1.0,,2.0,100.0,0.3333333333333335,25.00000000000001,-1.0,-2.7027027027027026,-2.0,-2.9850746268656714,-3.0,-2.6785714285714284,-0.16666666666666696,-2.7027027027027075,-0.5,-2.6785714285714284,-0.006802721088435382,-2.702702702702706,0.0,0.0
order,0.4,1008,350,150,150,0.0,0.05,0.95,6,2,0.0057142857142857,0.9875037037775068,0.9875037037775068,6.0,8,6,6,0,14,10,10,6,2,0,2,0,1,1,0.1111111111111111,4,1.6666666666666667,109,94,36,65,73,7,29,4,6,6,0,0.2448979591836734,5.0,5,5,1.0,1.0,6.0,18.166666666666668,10.833333333333334,150,0,0,150,1.0,1.0,1.0,1.0,0.0,0.0,9.0,1.0,1.0,1.0,1.0,0.0,150,0,0,150,1.0,1.0,1.0,1.0,0.0,0.0,9.0,1.0,1.0,1.0,1.0,0.0,150,0,0,150,1.0,1.0,1.0,1.0,0.0,0.0,9.0,1.0,1.0,1.0,1.0,0.0,1.0,1.0,0.9465477516175153,1.0,1.0,1.0,0.1854545839887578,2.0,25.0,3.0,42.857142857142854,1.0,,2.0,100.0,0.3333333333333335,25.00000000000001,-1.0,-2.7027027027027026,-2.0,-2.9850746268656714,-3.0,-2.6785714285714284,-0.16666666666666696,-2.7027027027027075,-0.5,-2.6785714285714284,-0.006802721088435382,-2.702702702702706,0.0,0.0
order,0.4,1009,350,150,150,0.0,0.05,0.95,6,2,0.0057142857142857,0.9192452721303128,0.9192452721303128,6.0,8,6,6,0,14,10,10,6,2,0,2,0,1,1,0.1111111111111111,4,1.6666666666666667,109,94,36,65,73,7,29,4,6,6,0,0.2448979591836734,5.0,5,5,1.0,1.0,6.0,18.166666666666668,10.833333333333334,150,0,0,150,1.0,1.0,1.0,1.0,0.0,0.0,9.0,1.0,1.0,1.0,1.0,0.0,150,0,0,150,1.0,1.0,1.0,1.0,0.0,0.0,9.0,1.0,1.0,1.0,1.0,0.0,150,0,0,150,1.0,1.0,1.0,1.0,0.0,0.0,9.0,1.0,1.0,1.0,1.0,0.0,1.0,1.0,0.9465477516175153,1.0,1.0,1.0,0.184442375000799,2.0,25.0,3.0,42.857142857142854,1.0,,2.0,100.0,0.3333333333333335,25.00000000000001,-1.0,-2.7027027027027026,-2.0,-2.9850746268656714,-3.0,-2.6785714285714284,-0.16666666666666696,-2.7027027027027075,-0.5,-2.6785714285714284,-0.006802721088435382,-2.702702702702706,0.0,0.0
order,0.4,1010,350,150,150,0.0,0.05,0.95,6,2,0.0057142857142857,0.9559990930989408,0.9559990930989408,6.0,8,6,6,0,14,10,10,6,2,0,2,0,1,1,0.1111111111111111,4,1.6666666666666667,109,94,36,65,73,7,29,4,6,6,0,0.2448979591836734,5.0,5,5,1.0,1.0,6.0,18.166666666666668,10.833333333333334,150,0,0,150,1.0,1.0,1.0,1.0,0.0,0.0,9.0,1.0,1.0,1.0,1.0,0.0,150,0,0,150,1.0,1.0,1.0,1.0,0.0,0.0,9.0,1.0,1.0,1.0,1.0,0.0,150,0,0,150,1.0,1.0,1.0,1.0,0.0,0.0,9.0,1.0,1.0,1.0,1.0,0.0,1.0,1.0,0.9465477516175153,1.0,1.0,1.0,0.2104594999982509,2.0,25.0,3.0,42.857142857142854,1.0,,2.0,100.0,0.3333333333333335,25.00000000000001,-1.0,-2.7027027027027026,-2.0,-2.9850746268656714,-3.0,-2.6785714285714284,-0.16666666666666696,-2.7027027027027075,-0.5,-2.6785714285714284,-0.006802721088435382,-2.702702702702706,0.0,0.0
order,0.5,1001,350,150,150,0.0,0.05,0.95,6,2,0.0057142857142857,0.9991518824216165,0.9991518824216165,6.0,8,6,6,0,14,10,10,6,2,0,2,0,1,1,0.1111111111111111,4,1.6666666666666667,109,94,36,65,73,7,29,4,6,6,0,0.2448979591836734,5.0,5,5,1.0,1.0,6.0,18.166666666666668,10.833333333333334,150,0,0,150,1.0,1.0,1.0,1.0,0.0,0.0,9.0,1.0,1.0,1.0,1.0,0.0,150,0,0,150,1.0,1.0,1.0,1.0,0.0,0.0,9.0,1.0,1.0,1.0,1.0,0.0,150,0,0,150,1.0,1.0,1.0,1.0,0.0,0.0,9.0,1.0,1.0,1.0,1.0,0.0,1.0,1.0,0.9465477516175153,1.0,1.0,1.0,0.1961010420054663,2.0,25.0,3.0,42.857142857142854,1.0,,2.0,100.0,0.3333333333333335,25.00000000000001,-1.0,-2.7027027027027026,-2.0,-2.9850746268656714,-3.0,-2.6785714285714284,-0.16666666666666696,-2.7027027027027075,-0.5,-2.6785714285714284,-0.006802721088435382,-2.702702702702706,0.0,0.0
order,0.5,1002,350,150,150,0.0,0.05,0.95,6,2,0.0057142857142857,0.9996230999014988,0.9996230999014988,6.0,8,6,6,0,14,10,10,6,2,0,2,0,1,1,0.1111111111111111,4,1.6666666666666667,109,94,36,65,73,7,29,4,6,6,0,0.2448979591836734,5.0,5,5,1.0,1.0,6.0,18.166666666666668,10.833333333333334,150,0,0,150,1.0,1.0,1.0,1.0,0.0,0.0,9.0,1.0,1.0,1.0,1.0,0.0,150,0,0,150,1.0,1.0,1.0,1.0,0.0,0.0,9.0,1.0,1.0,1.0,1.0,0.0,150,0,0,150,1.0,1.0,1.0,1.0,0.0,0.0,9.0,1.0,1.0,1.0,1.0,0.0,1.0,1.0,0.9465477516175153,1.0,1.0,1.0,0.1880500830011442,2.0,25.0,3.0,42.857142857142854,1.0,,2.0,100.0,0.3333333333333335,25.00000000000001,-1.0,-2.7027027027027026,-2.0,-2.9850746268656714,-3.0,-2.6785714285714284,-0.16666666666666696,-2.7027027027027075,-0.5,-2.6785714285714284,-0.006802721088435382,-2.702702702702706,0.0,0.0
order,0.5,1003,350,150,150,0.0,0.05,0.95,6,2,0.0057142857142857,0.9980912674949578,0.9980912674949578,6.0,8,6,6,0,14,10,10,6,2,0,2,0,1,1,0.1111111111111111,4,1.6666666666666667,109,94,36,65,73,7,29,4,6,6,0,0.2448979591836734,5.0,5,5,1.0,1.0,6.0,18.166666666666668,10.833333333333334,150,0,0,150,1.0,1.0,1.0,1.0,0.0,0.0,9.0,1.0,1.0,1.0,1.0,0.0,150,0,0,150,1.0,1.0,1.0,1.0,0.0,0.0,9.0,1.0,1.0,1.0,1.0,0.0,150,0,0,150,1.0,1.0,1.0,1.0,0.0,0.0,9.0,1.0,1.0,1.0,1.0,0.0,1.0,1.0,0.9465477516175153,1.0,1.0,1.0,0.1928245000017341,2.0,25.0,3.0,42.857142857142854,1.0,,2.0,100.0,0.3333333333333335,25.00000000000001,-1.0,-2.7027027027027026,-2.0,-2.9850746268656714,-3.0,-2.6785714285714284,-0.16666666666666696,-2.7027027027027075,-0.5,-2.6785714285714284,-0.006802721088435382,-2.702702702702706,0.0,0.0
order,0.5,1004,350,150,150,0.0,0.05,0.95,6,2,0.0057142857142857,0.992354923921686,0.992354923921686,6.0,8,6,6,0,14,10,10,6,2,0,2,0,1,1,0.1111111111111111,4,1.6666666666666667,109,94,36,65,73,7,29,4,6,6,0,0.2448979591836734,5.0,5,5,1.0,1.0,6.0,18.166666666666668,10.833333333333334,150,0,0,150,1.0,1.0,1.0,1.0,0.0,0.0,9.0,1.0,1.0,1.0,1.0,0.0,150,0,0,150,1.0,1.0,1.0,1.0,0.0,0.0,9.0,1.0,1.0,1.0,1.0,0.0,150,0,0,150,1.0,1.0,1.0,1.0,0.0,0.0,9.0,1.0,1.0,1.0,1.0,0.0,1.0,1.0,0.9465477516175153,1.0,1.0,1.0,0.1928448340040631,2.0,25.0,3.0,42.857142857142854,1.0,,2.0,100.0,0.3333333333333335,25.00000000000001,-1.0,-2.7027027027027026,-2.0,-2.9850746268656714,-3.0,-2.6785714285714284,-0.16666666666666696,-2.7027027027027075,-0.5,-2.6785714285714284,-0.006802721088435382,-2.702702702702706,0.0,0.0
order,0.5,1005,350,150,150,0.0,0.05,0.95,6,2,0.0057142857142857,0.9988455359952018,0.9988455359952018,6.0,8,6,6,0,14,10,10,6,2,0,2,0,1,1,0.1111111111111111,4,1.6666666666666667,109,94,36,65,73,7,29,4,6,6,0,0.2448979591836734,5.0,5,5,1.0,1.0,6.0,18.166666666666668,10.833333333333334,150,0,0,150,1.0,1.0,1.0,1.0,0.0,0.0,9.0,1.0,1.0,1.0,1.0,0.0,150,0,0,150,1.0,1.0,1.0,1.0,0.0,0.0,9.0,1.0,1.0,1.0,1.0,0.0,150,0,0,150,1.0,1.0,1.0,1.0,0.0,0.0,9.0,1.0,1.0,1.0,1.0,0.0,1.0,1.0,0.9465477516175153,1.0,1.0,1.0,0.22681733299396,2.0,25.0,3.0,42.857142857142854,1.0,,2.0,100.0,0.3333333333333335,25.00000000000001,-1.0,-2.7027027027027026,-2.0,-2.9850746268656714,-3.0,-2.6785714285714284,-0.16666666666666696,-2.7027027027027075,-0.5,-2.6785714285714284,-0.006802721088435382,-2.702702702702706,0.0,0.0
order,0.5,1006,350,150,150,0.0,0.05,0.95,6,2,0.0057142857142857,0.9966055314361756,0.9966055314361756,6.0,8,6,6,0,14,10,10,6,2,0,2,0,1,1,0.1111111111111111,4,1.6666666666666667,109,94,36,65,73,7,29,4,6,6,0,0.2448979591836734,5.0,5,5,1.0,1.0,6.0,18.166666666666668,10.833333333333334,150,0,0,150,1.0,1.0,1.0,1.0,0.0,0.0,9.0,1.0,1.0,1.0,1.0,0.0,150,0,0,150,1.0,1.0,1.0,1.0,0.0,0.0,9.0,1.0,1.0,1.0,1.0,0.0,150,0,0,150,1.0,1.0,1.0,1.0,0.0,0.0,9.0,1.0,1.0,1.0,1.0,0.0,1.0,1.0,0.9465477516175153,1.0,1.0,1.0,0.18618091600365,2.0,25.0,3.0,42.857142857142854,1.0,,2.0,100.0,0.3333333333333335,25.00000000000001,-1.0,-2.7027027027027026,-2.0,-2.9850746268656714,-3.0,-2.6785714285714284,-0.16666666666666696,-2.7027027027027075,-0.5,-2.6785714285714284,-0.006802721088435382,-2.702702702702706,0.0,0.0
order,0.5,1007,350,150,150,0.0,0.05,0.95,6,2,0.0057142857142857,0.9976432959863936,0.9976432959863936,6.0,8,6,6,0,14,10,10,6,2,0,2,0,1,1,0.1111111111111111,4,1.6666666666666667,109,94,36,65,73,7,29,4,6,6,0,0.2448979591836734,5.0,5,5,1.0,1.0,6.0,18.166666666666668,10.833333333333334,150,0,0,150,1.0,1.0,1.0,1.0,0.0,0.0,9.0,1.0,1.0,1.0,1.0,0.0,150,0,0,150,1.0,1.0,1.0,1.0,0.0,0.0,9.0,1.0,1.0,1.0,1.0,0.0,150,0,0,150,1.0,1.0,1.0,1.0,0.0,0.0,9.0,1.0,1.0,1.0,1.0,0.0,1.0,1.0,0.9465477516175153,1.0,1.0,1.0,0.2031977500009816,2.0,25.0,3.0,42.857142857142854,1.0,,2.0,100.0,0.3333333333333335,25.00000000000001,-1.0,-2.7027027027027026,-2.0,-2.9850746268656714,-3.0,-2.6785714285714284,-0.16666666666666696,-2.7027027027027075,-0.5,-2.6785714285714284,-0.006802721088435382,-2.702702702702706,0.0,0.0
order,0.5,1008,350,150,150,0.0,0.05,0.95,6,2,0.0057142857142857,0.998492005406196,0.998492005406196,6.0,8,6,6,0,14,10,10,6,2,0,2,0,1,1,0.1111111111111111,4,1.6666666666666667,109,94,36,65,73,7,29,4,6,6,0,0.2448979591836734,5.0,5,5,1.0,1.0,6.0,18.166666666666668,10.833333333333334,150,0,0,150,1.0,1.0,1.0,1.0,0.0,0.0,9.0,1.0,1.0,1.0,1.0,0.0,150,0,0,150,1.0,1.0,1.0,1.0,0.0,0.0,9.0,1.0,1.0,1.0,1.0,0.0,150,0,0,150,1.0,1.0,1.0,1.0,0.0,0.0,9.0,1.0,1.0,1.0,1.0,0.0,1.0,1.0,0.9465477516175153,1.0,1.0,1.0,0.1884268340072594,2.0,25.0,3.0,42.857142857142854,1.0,,2.0,100.0,0.3333333333333335,25.00000000000001,-1.0,-2.7027027027027026,-2.0,-2.9850746268656714,-3.0,-2.6785714285714284,-0.16666666666666696,-2.7027027027027075,-0.5,-2.6785714285714284,-0.006802721088435382,-2.702702702702706,0.0,0.0
order,0.5,1009,350,150,150,0.0,0.05,0.95,6,2,0.0057142857142857,0.9991518824216165,0.9991518824216165,6.0,8,6,6,0,14,10,10,6,2,0,2,0,1,1,0.1111111111111111,4,1.6666666666666667,109,94,36,65,73,7,29,4,6,6,0,0.2448979591836734,5.0,5,5,1.0,1.0,6.0,18.166666666666668,10.833333333333334,150,0,0,150,1.0,1.0,1.0,1.0,0.0,0.0,9.0,1.0,1.0,1.0,1.0,0.0,150,0,0,150,1.0,1.0,1.0,1.0,0.0,0.0,9.0,1.0,1.0,1.0,1.0,0.0,150,0,0,150,1.0,1.0,1.0,1.0,0.0,0.0,9.0,1.0,1.0,1.0,1.0,0.0,1.0,1.0,0.9465477516175153,1.0,1.0,1.0,0.1990639170107897,2.0,25.0,3.0,42.857142857142854,1.0,,2.0,100.0,0.3333333333333335,25.00000000000001,-1.0,-2.7027027027027026,-2.0,-2.9850746268656714,-3.0,-2.6785714285714284,-0.16666666666666696,-2.7027027027027075,-0.5,-2.6785714285714284,-0.006802721088435382,-2.702702702702706,0.0,0.0
order,0.5,1010,350,150,150,0.0,0.05,0.95,6,2,0.0057142857142857,0.9994110647387552,0.9994110647387552,6.0,8,6,6,0,14,10,10,6,2,0,2,0,1,1,0.1111111111111111,4,1.6666666666666667,109,94,36,65,73,7,29,4,6,6,0,0.2448979591836734,5.0,5,5,1.0,1.0,6.0,18.166666666666668,10.833333333333334,150,0,0,150,1.0,1.0,1.0,1.0,0.0,0.0,9.0,1.0,1.0,1.0,1.0,0.0,150,0,0,150,1.0,1.0,1.0,1.0,0.0,0.0,9.0,1.0,1.0,1.0,1.0,0.0,150,0,0,150,1.0,1.0,1.0,1.0,0.0,0.0,9.0,1.0,1.0,1.0,1.0,0.0,1.0,1.0,0.9465477516175153,1.0,1.0,1.0,0.2075466250244062,2.0,25.0,3.0,42.857142857142854,1.0,,2.0,100.0,0.3333333333333335,25.00000000000001,-1.0,-2.7027027027027026,-2.0,-2.9850746268656714,-3.0,-2.6785714285714284,-0.16666666666666696,-2.7027027027027075,-0.5,-2.6785714285714284,-0.006802721088435382,-2.702702702702706,0.0,0.0
rework,0.0,1001,350,150,150,0.0,0.05,0.95,6,1,0.0028571428571428,0.0,0.0,6.0,7,6,6,0,12,8,7,6,0,0,0,0,0,0,0.125,2,1.3333333333333333,112,97,37,67,75,7,30,4,6,6,0,0.2517006802721088,5.0,5,5,1.0,1.0,6.166666666666667,18.666666666666668,11.166666666666666,150,0,0,150,1.0,1.0,1.0,1.0,0.0,0.0,10.0,1.0,1.0,1.0,1.0,0.0,150,0,30,120,0.9,0.8333333333333334,1.0,0.9090909090909092,0.2,0.0,10.0,0.8,0.9,0.9090909090909092,0.9523809523809524,0.0432900432900432,150,0,0,150,1.0,1.0,1.0,1.0,0.0,0.0,10.0,1.0,1.0,1.0,1.0,0.0,1.0,1.0,0.9465477516175153,1.0,1.0,1.0,0.186897665989818,0.0,0.0,0.0,0.0,0.0,,0.0,0.0,0.0,0.0,0.0,0.0,0.0,0.0,0.0,0.0,0.0,0.0,0.0,0.0,0.0,0.0,0.0,0.0
rework,0.0,1002,350,150,150,0.0,0.05,0.95,6,1,0.0028571428571428,0.0,0.0,6.0,7,6,6,0,12,8,7,6,0,0,0,0,0,0,0.125,2,1.3333333333333333,112,97,37,67,75,7,30,4,6,6,0,0.2517006802721088,5.0,5,5,1.0,1.0,6.166666666666667,18.666666666666668,11.166666666666666,150,0,0,150,1.0,1.0,1.0,1.0,0.0,0.0,10.0,1.0,1.0,1.0,1.0,0.0,150,0,30,120,0.9,0.8333333333333334,1.0,0.9090909090909092,0.2,0.0,10.0,0.8,0.9,0.9090909090909092,0.9523809523809524,0.0432900432900432,150,0,0,150,1.0,1.0,1.0,1.0,0.0,0.0,10.0,1.0,1.0,1.0,1.0,0.0,1.0,1.0,0.9465477516175153,1.0,1.0,1.0,0.2062977089954074,0.0,0.0,0.0,0.0,0.0,,0.0,0.0,0.0,0.0,0.0,0.0,0.0,0.0,0.0,0.0,0.0,0.0,0.0,0.0,0.0,0.0,0.0,0.0
rework,0.0,1003,350,150,150,0.0,0.05,0.95,6,1,0.0028571428571428,0.0,0.0,6.0,7,6,6,0,12,8,7,6,0,0,0,0,0,0,0.125,2,1.3333333333333333,112,97,37,67,75,7,30,4,6,6,0,0.2517006802721088,5.0,5,5,1.0,1.0,6.166666666666667,18.666666666666668,11.166666666666666,150,0,0,150,1.0,1.0,1.0,1.0,0.0,0.0,10.0,1.0,1.0,1.0,1.0,0.0,150,0,30,120,0.9,0.8333333333333334,1.0,0.9090909090909092,0.2,0.0,10.0,0.8,0.9,0.9090909090909092,0.9523809523809524,0.0432900432900432,150,0,0,150,1.0,1.0,1.0,1.0,0.0,0.0,10.0,1.0,1.0,1.0,1.0,0.0,1.0,1.0,0.9465477516175153,1.0,1.0,1.0,0.1913064580003265,0.0,0.0,0.0,0.0,0.0,,0.0,0.0,0.0,0.0,0.0,0.0,0.0,0.0,0.0,0.0,0.0,0.0,0.0,0.0,0.0,0.0,0.0,0.0
rework,0.0,1004,350,150,150,0.0,0.05,0.95,6,1,0.0028571428571428,0.0,0.0,6.0,7,6,6,0,12,8,7,6,0,0,0,0,0,0,0.125,2,1.3333333333333333,112,97,37,67,75,7,30,4,6,6,0,0.2517006802721088,5.0,5,5,1.0,1.0,6.166666666666667,18.666666666666668,11.166666666666666,150,0,0,150,1.0,1.0,1.0,1.0,0.0,0.0,10.0,1.0,1.0,1.0,1.0,0.0,150,0,30,120,0.9,0.8333333333333334,1.0,0.9090909090909092,0.2,0.0,10.0,0.8,0.9,0.9090909090909092,0.9523809523809524,0.0432900432900432,150,0,0,150,1.0,1.0,1.0,1.0,0.0,0.0,10.0,1.0,1.0,1.0,1.0,0.0,1.0,1.0,0.9465477516175153,1.0,1.0,1.0,0.1875373749935533,0.0,0.0,0.0,0.0,0.0,,0.0,0.0,0.0,0.0,0.0,0.0,0.0,0.0,0.0,0.0,0.0,0.0,0.0,0.0,0.0,0.0,0.0,0.0
rework,0.0,1005,350,150,150,0.0,0.05,0.95,6,1,0.0028571428571428,0.0,0.0,6.0,7,6,6,0,12,8,7,6,0,0,0,0,0,0,0.125,2,1.3333333333333333,112,97,37,67,75,7,30,4,6,6,0,0.2517006802721088,5.0,5,5,1.0,1.0,6.166666666666667,18.666666666666668,11.166666666666666,150,0,0,150,1.0,1.0,1.0,1.0,0.0,0.0,10.0,1.0,1.0,1.0,1.0,0.0,150,0,30,120,0.9,0.8333333333333334,1.0,0.9090909090909092,0.2,0.0,10.0,0.8,0.9,0.9090909090909092,0.9523809523809524,0.0432900432900432,150,0,0,150,1.0,1.0,1.0,1.0,0.0,0.0,10.0,1.0,1.0,1.0,1.0,0.0,1.0,1.0,0.9465477516175153,1.0,1.0,1.0,0.206668874976458,0.0,0.0,0.0,0.0,0.0,,0.0,0.0,0.0,0.0,0.0,0.0,0.0,0.0,0.0,0.0,0.0,0.0,0.0,0.0,0.0,0.0,0.0,0.0
rework,0.0,1006,350,150,150,0.0,0.05,0.95,6,1,0.0028571428571428,0.0,0.0,6.0,7,6,6,0,12,8,7,6,0,0,0,0,0,0,0.125,2,1.3333333333333333,112,97,37,67,75,7,30,4,6,6,0,0.2517006802721088,5.0,5,5,1.0,1.0,6.166666666666667,18.666666666666668,11.166666666666666,150,0,0,150,1.0,1.0,1.0,1.0,0.0,0.0,10.0,1.0,1.0,1.0,1.0,0.0,150,0,30,120,0.9,0.8333333333333334,1.0,0.9090909090909092,0.2,0.0,10.0,0.8,0.9,0.9090909090909092,0.9523809523809524,0.0432900432900432,150,0,0,150,1.0,1.0,1.0,1.0,0.0,0.0,10.0,1.0,1.0,1.0,1.0,0.0,1.0,1.0,0.9465477516175153,1.0,1.0,1.0,0.1867289159854408,0.0,0.0,0.0,0.0,0.0,,0.0,0.0,0.0,0.0,0.0,0.0,0.0,0.0,0.0,0.0,0.0,0.0,0.0,0.0,0.0,0.0,0.0,0.0
rework,0.0,1007,350,150,150,0.0,0.05,0.95,6,1,0.0028571428571428,0.0,0.0,6.0,7,6,6,0,12,8,7,6,0,0,0,0,0,0,0.125,2,1.3333333333333333,112,97,37,67,75,7,30,4,6,6,0,0.2517006802721088,5.0,5,5,1.0,1.0,6.166666666666667,18.666666666666668,11.166666666666666,150,0,0,150,1.0,1.0,1.0,1.0,0.0,0.0,10.0,1.0,1.0,1.0,1.0,0.0,150,0,30,120,0.9,0.8333333333333334,1.0,0.9090909090909092,0.2,0.0,10.0,0.8,0.9,0.9090909090909092,0.9523809523809524,0.0432900432900432,150,0,0,150,1.0,1.0,1.0,1.0,0.0,0.0,10.0,1.0,1.0,1.0,1.0,0.0,1.0,1.0,0.9465477516175153,1.0,1.0,1.0,0.2122771670110523,0.0,0.0,0.0,0.0,0.0,,0.0,0.0,0.0,0.0,0.0,0.0,0.0,0.0,0.0,0.0,0.0,0.0,0.0,0.0,0.0,0.0,0.0,0.0
rework,0.0,1008,350,150,150,0.0,0.05,0.95,6,1,0.0028571428571428,0.0,0.0,6.0,7,6,6,0,12,8,7,6,0,0,0,0,0,0,0.125,2,1.3333333333333333,112,97,37,67,75,7,30,4,6,6,0,0.2517006802721088,5.0,5,5,1.0,1.0,6.166666666666667,18.666666666666668,11.166666666666666,150,0,0,150,1.0,1.0,1.0,1.0,0.0,0.0,10.0,1.0,1.0,1.0,1.0,0.0,150,0,30,120,0.9,0.8333333333333334,1.0,0.9090909090909092,0.2,0.0,10.0,0.8,0.9,0.9090909090909092,0.9523809523809524,0.0432900432900432,150,0,0,150,1.0,1.0,1.0,1.0,0.0,0.0,10.0,1.0,1.0,1.0,1.0,0.0,1.0,1.0,0.9465477516175153,1.0,1.0,1.0,0.189223708002828,0.0,0.0,0.0,0.0,0.0,,0.0,0.0,0.0,0.0,0.0,0.0,0.0,0.0,0.0,0.0,0.0,0.0,0.0,0.0,0.0,0.0,0.0,0.0
rework,0.0,1009,350,150,150,0.0,0.05,0.95,6,1,0.0028571428571428,0.0,0.0,6.0,7,6,6,0,12,8,7,6,0,0,0,0,0,0,0.125,2,1.3333333333333333,112,97,37,67,75,7,30,4,6,6,0,0.2517006802721088,5.0,5,5,1.0,1.0,6.166666666666667,18.666666666666668,11.166666666666666,150,0,0,150,1.0,1.0,1.0,1.0,0.0,0.0,10.0,1.0,1.0,1.0,1.0,0.0,150,0,30,120,0.9,0.8333333333333334,1.0,0.9090909090909092,0.2,0.0,10.0,0.8,0.9,0.9090909090909092,0.9523809523809524,0.0432900432900432,150,0,0,150,1.0,1.0,1.0,1.0,0.0,0.0,10.0,1.0,1.0,1.0,1.0,0.0,1.0,1.0,0.9465477516175153,1.0,1.0,1.0,0.185988459008513,0.0,0.0,0.0,0.0,0.0,,0.0,0.0,0.0,0.0,0.0,0.0,0.0,0.0,0.0,0.0,0.0,0.0,0.0,0.0,0.0,0.0,0.0,0.0
rework,0.0,1010,350,150,150,0.0,0.05,0.95,6,1,0.0028571428571428,0.0,0.0,6.0,7,6,6,0,12,8,7,6,0,0,0,0,0,0,0.125,2,1.3333333333333333,112,97,37,67,75,7,30,4,6,6,0,0.2517006802721088,5.0,5,5,1.0,1.0,6.166666666666667,18.666666666666668,11.166666666666666,150,0,0,150,1.0,1.0,1.0,1.0,0.0,0.0,10.0,1.0,1.0,1.0,1.0,0.0,150,0,30,120,0.9,0.8333333333333334,1.0,0.9090909090909092,0.2,0.0,10.0,0.8,0.9,0.9090909090909092,0.9523809523809524,0.0432900432900432,150,0,0,150,1.0,1.0,1.0,1.0,0.0,0.0,10.0,1.0,1.0,1.0,1.0,0.0,1.0,1.0,0.9465477516175153,1.0,1.0,1.0,0.2138022920116782,0.0,0.0,0.0,0.0,0.0,,0.0,0.0,0.0,0.0,0.0,0.0,0.0,0.0,0.0,0.0,0.0,0.0,0.0,0.0,0.0,0.0,0.0,0.0
rework,0.05,1001,350,150,150,0.0,0.05,0.95,8,2,0.0057142857142857,0.2802972131580829,0.2802972131580829,6.145714285714286,8,8,8,0,16,12,12,8,2,2,0,0,1,2,0.0909090909090909,4,1.5,112,97,37,67,75,7,30,4,8,6,2,0.1380597014925373,3.75,5,5,1.0,0.9986872586872588,4.625,14.0,8.375,150,0,0,150,1.0,1.0,1.0,1.0,0.0,0.0,10.0,1.0,1.0,1.0,1.0,0.0,75,75,30,120,0.65,0.7142857142857143,0.5,0.588235294117647,0.2,0.5,10.0,0.8,0.65,0.588235294117647,0.625,0.036764705882353,75,75,30,120,0.65,0.7142857142857143,0.5,0.588235294117647,0.2,0.5,10.0,0.8,0.65,0.588235294117647,0.625,0.036764705882353,1.0,0.9932486100079428,0.8994334916147152,1.0,0.9514285714285714,0.9995663265306122,0.2157919160090387,4.0,50.0,5.0,71.42857142857143,2.0,,2.0,100.0,0.16666666666666674,12.500000000000005,0.0,0.0,0.0,0.0,0.0,0.0,-1.541666666666667,-25.000000000000007,-4.666666666666668,-25.000000000000007,-0.1136409787795715,-45.14925373134328,0.0,0.0
rework,0.05,1002,350,150,150,0.0,0.05,0.95,8,2,0.0057142857142857,0.2679047298713761,0.2679047298713761,6.137142857142857,8,8,8,0,16,12,12,8,2,2,0,0,1,2,0.0909090909090909,4,1.5,112,97,37,67,75,7,30,4,8,6,2,0.1380597014925373,3.75,5,5,1.0,0.9987644787644788,4.625,14.0,8.375,150,0,0,150,1.0,1.0,1.0,1.0,0.0,0.0,10.0,1.0,1.0,1.0,1.0,0.0,75,75,30,120,0.65,0.7142857142857143,0.5,0.588235294117647,0.2,0.5,10.0,0.8,0.65,0.588235294117647,0.625,0.036764705882353,75,75,30,120,0.65,0.7142857142857143,0.5,0.588235294117647,0.2,0.5,10.0,0.8,0.65,0.588235294117647,0.625,0.036764705882353,1.0,0.9936356404136834,0.8975584900923305,1.0,0.9542857142857144,0.9995918367346938,0.2038012499979231,4.0,50.0,5.0,71.42857142857143,2.0,,2.0,100.0,0.16666666666666674,12.500000000000005,0.0,0.0,0.0,0.0,0.0,0.0,-1.541666666666667,-25.000000000000007,-4.666666666666668,-25.000000000000007,-0.1136409787795715,-45.14925373134328,0.0,0.0
rework,0.05,1003,350,150,150,0.0,0.05,0.95,8,2,0.0057142857142857,0.2154488276265225,0.2154488276265225,6.102857142857143,8,8,8,0,16,12,12,8,2,2,0,0,1,2,0.0909090909090909,4,1.5,112,97,37,67,75,7,30,4,8,6,2,0.1380597014925373,3.75,5,5,1.0,0.999073359073359,4.625,14.0,8.375,150,0,0,150,1.0,1.0,1.0,1.0,0.0,0.0,10.0,1.0,1.0,1.0,1.0,0.0,75,75,30,120,0.65,0.7142857142857143,0.5,0.588235294117647,0.2,0.5,10.0,0.8,0.65,0.588235294117647,0.625,0.036764705882353,75,75,30,120,0.65,0.7142857142857143,0.5,0.588235294117647,0.2,0.5,10.0,0.8,0.65,0.588235294117647,0.625,0.036764705882353,1.0,0.9951961569255404,0.8878537069718982,1.0,0.9657142857142856,0.9996938775510203,0.2345415419840719,4.0,50.0,5.0,71.42857142857143,2.0,,2.0,100.0,0.16666666666666674,12.500000000000005,0.0,0.0,0.0,0.0,0.0,0.0,-1.541666666666667,-25.000000000000007,-4.666666666666668,-25.000000000000007,-0.1136409787795715,-45.14925373134328,0.0,0.0
rework,0.05,1004,350,150,150,0.0,0.05,0.95,8,2,0.0057142857142857,0.3386838171901802,0.3386838171901802,6.188571428571429,8,8,8,0,16,12,12,8,2,2,0,0,1,2,0.0909090909090909,4,1.5,144,128,64,96,80,6,58,7,8,8,0,0.2388059701492537,7.0,7,14,0.59,1.0,8.0,18.0,12.0,150,0,0,150,1.0,1.0,1.0,1.0,0.0,0.0,10.0,1.0,1.0,1.0,1.0,0.0,150,0,0,150,1.0,1.0,1.0,1.0,0.0,0.0,10.0,1.0,1.0,1.0,1.0,0.0,150,0,0,150,1.0,1.0,1.0,1.0,0.0,0.0,10.0,1.0,1.0,1.0,1.0,0.0,1.0,0.991331757289204,0.9068112175799792,1.0,1.0,1.0,0.2460349580214824,4.0,50.0,5.0,71.42857142857143,2.0,,2.0,100.0,0.16666666666666674,12.500000000000005,27.0,72.97297297297297,29.0,43.28358208955223,32.0,28.57142857142857,1.833333333333333,29.729729729729726,-0.6666666666666679,-3.5714285714285774,-0.012894710122855091,-5.123033481242429,3.0,75.0
rework,0.05,1005,350,150,150,0.0,0.05,0.95,8,2,0.0057142857142857,0.2924347083090697,0.2924347083090697,6.154285714285714,8,8,8,0,16,12,12,8,2,2,0,0,1,2,0.0909090909090909,4,1.5,144,128,64,96,80,6,58,7,8,8,0,0.2388059701492537,7.0,7,14,0.585,1.0,8.0,18.0,12.0,150,0,0,150,1.0,1.0,1.0,1.0,0.0,0.0,10.0,1.0,1.0,1.0,1.0,0.0,150,0,0,150,1.0,1.0,1.0,1.0,0.0,0.0,10.0,1.0,1.0,1.0,1.0,0.0,150,0,0,150,1.0,1.0,1.0,1.0,0.0,0.0,10.0,1.0,1.0,1.0,1.0,0.0,1.0,0.992862807295797,0.9011507042227844,1.0,1.0,1.0,0.2456937920069322,4.0,50.0,5.0,71.42857142857143,2.0,,2.0,100.0,0.16666666666666674,12.500000000000005,27.0,72.97297297297297,29.0,43.28358208955223,32.0,28.57142857142857,1.833333333333333,29.729729729729726,-0.6666666666666679,-3.5714285714285774,-0.012894710122855091,-5.123033481242429,3.0,75.0
rework,0.05,1006,350,150,150,0.0,0.05,0.95,8,2,0.0057142857142857,0.2679047298713761,0.2679047298713761,6.137142857142857,8,8,8,0,16,12,12,8,2,2,0,0,1,2,0.0909090909090909,4,1.5,112,97,37,67,75,7,30,4,8,6,2,0.1380597014925373,3.75,5,5,1.0,0.9987644787644788,4.625,14.0,8.375,150,0,0,150,1.0,1.0,1.0,1.0,0.0,0.0,10.0,1.0,1.0,1.0,1.0,0.0,75,75,30,120,0.65,0.7142857142857143,0.5,0.588235294117647,0.2,0.5,10.0,0.8,0.65,0.588235294117647,0.625,0.036764705882353,75,75,30,120,0.65,0.7142857142857143,0.5,0.588235294117647,0.2,0.5,10.0,0.8,0.65,0.588235294117647,0.625,0.036764705882353,1.0,0.9936356404136834,0.8975584900923305,1.0,0.9542857142857144,0.9995918367346938,0.2205908329924568,4.0,50.0,5.0,71.42857142857143,2.0,,2.0,100.0,0.16666666666666674,12.500000000000005,0.0,0.0,0.0,0.0,0.0,0.0,-1.541666666666667,-25.000000000000007,-4.666666666666668,-25.000000000000007,-0.1136409787795715,-45.14925373134328,0.0,0.0
rework,0.05,1007,350,150,150,0.0,0.05,0.95,8,2,0.0057142857142857,0.3712323266408756,0.3712323266408756,6.214285714285714,8,8,8,0,16,12,12,8,2,2,0,0,1,2,0.0909090909090909,4,1.5,144,128,64,96,80,6,58,7,8,8,0,0.2388059701492537,7.0,7,14,0.59375,1.0,8.0,18.0,12.0,150,0,0,150,1.0,1.0,1.0,1.0,0.0,0.0,10.0,1.0,1.0,1.0,1.0,0.0,150,0,0,150,1.0,1.0,1.0,1.0,0.0,0.0,10.0,1.0,1.0,1.0,1.0,0.0,150,0,0,150,1.0,1.0,1.0,1.0,0.0,0.0,10.0,1.0,1.0,1.0,1.0,0.0,1.0,0.9901960784313726,0.910137372517268,1.0,1.0,1.0,0.2332499169860966,4.0,50.0,5.0,71.42857142857143,2.0,,2.0,100.0,0.16666666666666674,12.500000000000005,27.0,72.97297297297297,29.0,43.28358208955223,32.0,28.57142857142857,1.833333333333333,29.729729729729726,-0.6666666666666679,-3.5714285714285774,-0.012894710122855091,-5.123033481242429,3.0,75.0
rework,0.05,1008,350,150,150,0.0,0.05,0.95,8,2,0.0057142857142857,0.2154488276265225,0.2154488276265225,6.102857142857143,8,8,8,0,16,12,12,8,2,2,0,0,1,2,0.0909090909090909,4,1.5,112,97,37,67,75,7,30,4,8,6,2,0.1380597014925373,3.75,5,5,1.0,0.999073359073359,4.625,14.0,8.375,150,0,0,150,1.0,1.0,1.0,1.0,0.0,0.0,10.0,1.0,1.0,1.0,1.0,0.0,75,75,30,120,0.65,0.7142857142857143,0.5,0.588235294117647,0.2,0.5,10.0,0.8,0.65,0.588235294117647,0.625,0.036764705882353,75,75,30,120,0.65,0.7142857142857143,0.5,0.588235294117647,0.2,0.5,10.0,0.8,0.65,0.588235294117647,0.625,0.036764705882353,1.0,0.9951961569255404,0.8878537069718982,1.0,0.9657142857142856,0.9996938775510203,0.2092896660033147,4.0,50.0,5.0,71.42857142857143,2.0,,2.0,100.0,0.16666666666666674,12.500000000000005,0.0,0.0,0.0,0.0,0.0,0.0,-1.541666666666667,-25.000000000000007,-4.666666666666668,-25.000000000000007,-0.1136409787795715,-45.14925373134328,0.0,0.0
rework,0.05,1009,350,150,150,0.0,0.05,0.95,8,2,0.0057142857142857,0.2290353187062702,0.2290353187062702,6.111428571428571,8,8,8,0,16,12,12,8,2,2,0,0,1,2,0.0909090909090909,4,1.5,112,97,37,67,75,7,30,4,8,6,2,0.1380597014925373,3.75,5,5,1.0,0.998996138996139,4.625,14.0,8.375,150,0,0,150,1.0,1.0,1.0,1.0,0.0,0.0,10.0,1.0,1.0,1.0,1.0,0.0,75,75,30,120,0.65,0.7142857142857143,0.5,0.588235294117647,0.2,0.5,10.0,0.8,0.65,0.588235294117647,0.625,0.036764705882353,75,75,30,120,0.65,0.7142857142857143,0.5,0.588235294117647,0.2,0.5,10.0,0.8,0.65,0.588235294117647,0.625,0.036764705882353,1.0,0.9948041566746604,0.8906940217192748,1.0,0.9628571428571427,0.9996683673469388,0.224607374984771,4.0,50.0,5.0,71.42857142857143,2.0,,2.0,100.0,0.16666666666666674,12.500000000000005,0.0,0.0,0.0,0.0,0.0,0.0,-1.541666666666667,-25.000000000000007,-4.666666666666668,-25.000000000000007,-0.1136409787795715,-45.14925373134328,0.0,0.0
rework,0.05,1010,350,150,150,0.0,0.05,0.95,8,2,0.0057142857142857,0.2290353187062702,0.2290353187062702,6.111428571428571,8,8,8,0,16,12,12,8,2,2,0,0,1,2,0.0909090909090909,4,1.5,112,97,37,67,75,7,30,4,8,6,2,0.1380597014925373,3.75,5,5,1.0,0.998996138996139,4.625,14.0,8.375,150,0,0,150,1.0,1.0,1.0,1.0,0.0,0.0,10.0,1.0,1.0,1.0,1.0,0.0,75,75,30,120,0.65,0.7142857142857143,0.5,0.588235294117647,0.2,0.5,10.0,0.8,0.65,0.588235294117647,0.625,0.036764705882353,75,75,30,120,0.65,0.7142857142857143,0.5,0.588235294117647,0.2,0.5,10.0,0.8,0.65,0.588235294117647,0.625,0.036764705882353,1.0,0.9948041566746604,0.8906940217192748,1.0,0.9628571428571427,0.9996683673469388,0.2004944590153172,4.0,50.0,5.0,71.42857142857143,2.0,,2.0,100.0,0.16666666666666674,12.500000000000005,0.0,0.0,0.0,0.0,0.0,0.0,-1.541666666666667,-25.000000000000007,-4.666666666666668,-25.000000000000007,-0.1136409787795715,-45.14925373134328,0.0,0.0
rework,0.1,1001,350,150,150,0.0,0.05,0.95,8,2,0.0057142857142857,0.4689955935892812,0.4689955935892812,6.3,8,8,8,0,16,12,12,8,2,2,0,0,1,2,0.0909090909090909,4,1.5,144,128,64,96,80,6,58,7,8,8,0,0.2388059701492537,7.0,7,14,0.60625,1.0,8.0,18.0,12.0,150,0,0,150,1.0,1.0,1.0,1.0,0.0,0.0,10.0,1.0,1.0,1.0,1.0,0.0,150,0,0,150,1.0,1.0,1.0,1.0,0.0,0.0,10.0,1.0,1.0,1.0,1.0,0.0,150,0,0,150,1.0,1.0,1.0,1.0,0.0,0.0,10.0,1.0,1.0,1.0,1.0,0.0,1.0,0.9864864864864864,0.9179640421315508,1.0,1.0,1.0,0.2331830420007463,4.0,50.0,5.0,71.42857142857143,2.0,,2.0,100.0,0.16666666666666674,12.500000000000005,27.0,72.97297297297297,29.0,43.28358208955223,32.0,28.57142857142857,1.833333333333333,29.729729729729726,-0.6666666666666679,-3.5714285714285774,-0.012894710122855091,-5.123033481242429,3.0,75.0
rework,0.1,1002,350,150,150,0.0,0.05,0.95,8,2,0.0057142857142857,0.4779876398212027,0.4779876398212027,6.308571428571429,8,8,8,0,16,12,12,8,2,2,0,0,1,2,0.0909090909090909,4,1.5,144,128,64,96,80,6,58,7,8,8,0,0.2388059701492537,7.0,7,14,0.6075,1.0,8.0,18.0,12.0,150,0,0,150,1.0,1.0,1.0,1.0,0.0,0.0,10.0,1.0,1.0,1.0,1.0,0.0,150,0,0,150,1.0,1.0,1.0,1.0,0.0,0.0,10.0,1.0,1.0,1.0,1.0,0.0,150,0,0,150,1.0,1.0,1.0,1.0,0.0,0.0,10.0,1.0,1.0,1.0,1.0,0.0,1.0,0.9861218195836546,0.9185633456122893,1.0,1.0,1.0,0.2545107920013834,4.0,50.0,5.0,71.42857142857143,2.0,,2.0,100.0,0.16666666666666674,12.500000000000005,27.0,72.97297297297297,29.0,43.28358208955223,32.0,28.57142857142857,1.833333333333333,29.729729729729726,-0.6666666666666679,-3.5714285714285774,-0.012894710122855091,-5.123033481242429,3.0,75.0
rework,0.1,1003,350,150,150,0.0,0.05,0.95,8,2,0.0057142857142857,0.5375182490299424,0.5375182490299424,6.368571428571428,8,8,8,0,16,12,12,8,2,2,0,0,1,2,0.0909090909090909,4,1.5,144,128,64,96,80,6,58,7,8,8,0,0.2388059701492537,7.0,7,14,0.61625,1.0,8.0,18.0,12.0,150,0,0,150,1.0,1.0,1.0,1.0,0.0,0.0,10.0,1.0,1.0,1.0,1.0,0.0,150,0,0,150,1.0,1.0,1.0,1.0,0.0,0.0,10.0,1.0,1.0,1.0,1.0,0.0,150,0,0,150,1.0,1.0,1.0,1.0,0.0,0.0,10.0,1.0,1.0,1.0,1.0,0.0,1.0,0.9836003051106026,0.9221622862739792,1.0,1.0,1.0,0.2343820840178523,4.0,50.0,5.0,71.42857142857143,2.0,,2.0,100.0,0.16666666666666674,12.500000000000005,27.0,72.97297297297297,29.0,43.28358208955223,32.0,28.57142857142857,1.833333333333333,29.729729729729726,-0.6666666666666679,-3.5714285714285774,-0.012894710122855091,-5.123033481242429,3.0,75.0
rework,0.1,1004,350,150,150,0.0,0.05,0.95,8,2,0.0057142857142857,0.4955918609869638,0.4955918609869638,6.325714285714286,8,8,8,0,16,12,12,8,2,2,0,0,1,2,0.0909090909090909,4,1.5,144,128,64,96,80,6,58,7,8,8,0,0.2388059701492537,7.0,7,14,0.61,1.0,8.0,18.0,12.0,150,0,0,150,1.0,1.0,1.0,1.0,0.0,0.0,10.0,1.0,1.0,1.0,1.0,0.0,150,0,0,150,1.0,1.0,1.0,1.0,0.0,0.0,10.0,1.0,1.0,1.0,1.0,0.0,150,0,0,150,1.0,1.0,1.0,1.0,0.0,0.0,10.0,1.0,1.0,1.0,1.0,0.0,1.0,0.9853958493466564,0.9196910759461712,1.0,1.0,1.0,0.2718744579760823,4.0,50.0,5.0,71.42857142857143,2.0,,2.0,100.0,0.16666666666666674,12.500000000000005,27.0,72.97297297297297,29.0,43.28358208955223,32.0,28.57142857142857,1.833333333333333,29.729729729729726,-0.6666666666666679,-3.5714285714285774,-0.012894710122855091,-5.123033481242429,3.0,75.0
rework,0.1,1005,350,150,150,0.0,0.05,0.95,8,2,0.0057142857142857,0.4598726746138258,0.4598726746138258,6.291428571428572,8,8,8,0,16,12,12,8,2,2,0,0,1,2,0.0909090909090909,4,1.5,144,128,64,96,80,6,58,7,8,8,0,0.2388059701492537,7.0,7,14,0.605,1.0,8.0,18.0,12.0,150,0,0,150,1.0,1.0,1.0,1.0,0.0,0.0,10.0,1.0,1.0,1.0,1.0,0.0,150,0,0,150,1.0,1.0,1.0,1.0,0.0,0.0,10.0,1.0,1.0,1.0,1.0,0.0,150,0,0,150,1.0,1.0,1.0,1.0,0.0,0.0,10.0,1.0,1.0,1.0,1.0,0.0,1.0,0.9868522815158546,0.917338818936822,1.0,1.0,1.0,0.2909606249886565,4.0,50.0,5.0,71.42857142857143,2.0,,2.0,100.0,0.16666666666666674,12.500000000000005,27.0,72.97297297297297,29.0,43.28358208955223,32.0,28.57142857142857,1.833333333333333,29.729729729729726,-0.6666666666666679,-3.5714285714285774,-0.012894710122855091,-5.123033481242429,3.0,75.0
rework,0.1,1006,350,150,150,0.0,0.05,0.95,8,2,0.0057142857142857,0.4689955935892812,0.4689955935892812,6.3,8,8,8,0,16,12,12,8,2,2,0,0,1,2,0.0909090909090909,4,1.5,144,128,64,96,80,6,58,7,8,8,0,0.2388059701492537,7.0,7,14,0.60625,1.0,8.0,18.0,12.0,150,0,0,150,1.0,1.0,1.0,1.0,0.0,0.0,10.0,1.0,1.0,1.0,1.0,0.0,150,0,0,150,1.0,1.0,1.0,1.0,0.0,0.0,10.0,1.0,1.0,1.0,1.0,0.0,150,0,0,150,1.0,1.0,1.0,1.0,0.0,0.0,10.0,1.0,1.0,1.0,1.0,0.0,1.0,0.9864864864864864,0.9179640421315508,1.0,1.0,1.0,0.2362758329836651,4.0,50.0,5.0,71.42857142857143,2.0,,2.0,100.0,0.16666666666666674,12.500000000000005,27.0,72.97297297297297,29.0,43.28358208955223,32.0,28.57142857142857,1.833333333333333,29.729729729729726,-0.6666666666666679,-3.5714285714285774,-0.012894710122855091,-5.123033481242429,3.0,75.0
rework,0.1,1007,350,150,150,0.0,0.05,0.95,8,2,0.0057142857142857,0.5293608652873644,0.5293608652873644,6.36,8,8,8,0,16,12,12,8,2,2,0,0,1,2,0.0909090909090909,4,1.5,144,128,64,96,80,6,58,7,8,8,0,0.2388059701492537,7.0,7,14,0.615,1.0,8.0,18.0,12.0,150,0,0,150,1.0,1.0,1.0,1.0,0.0,0.0,10.0,1.0,1.0,1.0,1.0,0.0,150,0,0,150,1.0,1.0,1.0,1.0,0.0,0.0,10.0,1.0,1.0,1.0,1.0,0.0,150,0,0,150,1.0,1.0,1.0,1.0,0.0,0.0,10.0,1.0,1.0,1.0,1.0,0.0,1.0,0.983957219251337,0.9217030538669726,1.0,1.0,1.0,0.2432275419996585,4.0,50.0,5.0,71.42857142857143,2.0,,2.0,100.0,0.16666666666666674,12.500000000000005,27.0,72.97297297297297,29.0,43.28358208955223,32.0,28.57142857142857,1.833333333333333,29.729729729729726,-0.6666666666666679,-3.5714285714285774,-0.012894710122855091,-5.123033481242429,3.0,75.0
rework,0.1,1008,350,150,150,0.0,0.05,0.95,8,2,0.0057142857142857,0.6134037890618231,0.6134037890618231,6.454285714285715,8,8,8,0,16,12,12,8,2,2,0,0,1,2,0.0909090909090909,4,1.5,144,128,64,96,80,6,58,7,8,8,0,0.2388059701492537,7.0,7,14,0.62875,1.0,8.0,18.0,12.0,150,0,0,150,1.0,1.0,1.0,1.0,0.0,0.0,10.0,1.0,1.0,1.0,1.0,0.0,150,0,0,150,1.0,1.0,1.0,1.0,0.0,0.0,10.0,1.0,1.0,1.0,1.0,0.0,150,0,0,150,1.0,1.0,1.0,1.0,0.0,0.0,10.0,1.0,1.0,1.0,1.0,0.0,1.0,0.9800901577761082,0.9260255102564408,1.0,1.0,1.0,0.2668809579918161,4.0,50.0,5.0,71.42857142857143,2.0,,2.0,100.0,0.16666666666666674,12.500000000000005,27.0,72.97297297297297,29.0,43.28358208955223,32.0,28.57142857142857,1.833333333333333,29.729729729729726,-0.6666666666666679,-3.5714285714285774,-0.012894710122855091,-5.123033481242429,3.0,75.0
rework,0.1,1009,350,150,150,0.0,0.05,0.95,8,2,0.0057142857142857,0.5613430716452643,0.5613430716452643,6.394285714285714,8,8,8,0,16,12,12,8,2,2,0,0,1,2,0.0909090909090909,4,1.5,144,128,64,96,80,6,58,7,8,8,0,0.2388059701492537,7.0,7,14,0.62,1.0,8.0,18.0,12.0,150,0,0,150,1.0,1.0,1.0,1.0,0.0,0.0,10.0,1.0,1.0,1.0,1.0,0.0,150,0,0,150,1.0,1.0,1.0,1.0,0.0,0.0,10.0,1.0,1.0,1.0,1.0,0.0,150,0,0,150,1.0,1.0,1.0,1.0,0.0,0.0,10.0,1.0,1.0,1.0,1.0,0.0,1.0,0.982536066818527,0.9234503693768524,1.0,1.0,1.0,0.2383085000037681,4.0,50.0,5.0,71.42857142857143,2.0,,2.0,100.0,0.16666666666666674,12.500000000000005,27.0,72.97297297297297,29.0,43.28358208955223,32.0,28.57142857142857,1.833333333333333,29.729729729729726,-0.6666666666666679,-3.5714285714285774,-0.012894710122855091,-5.123033481242429,3.0,75.0
rework,0.1,1010,350,150,150,0.0,0.05,0.95,8,2,0.0057142857142857,0.4955918609869638,0.4955918609869638,6.325714285714286,8,8,8,0,16,12,12,8,2,2,0,0,1,2,0.0909090909090909,4,1.5,144,128,64,96,80,6,58,7,8,8,0,0.2388059701492537,7.0,7,14,0.61,1.0,8.0,18.0,12.0,150,0,0,150,1.0,1.0,1.0,1.0,0.0,0.0,10.0,1.0,1.0,1.0,1.0,0.0,150,0,0,150,1.0,1.0,1.0,1.0,0.0,0.0,10.0,1.0,1.0,1.0,1.0,0.0,150,0,0,150,1.0,1.0,1.0,1.0,0.0,0.0,10.0,1.0,1.0,1.0,1.0,0.0,1.0,0.9853958493466564,0.9196910759461712,1.0,1.0,1.0,0.2372279160190373,4.0,50.0,5.0,71.42857142857143,2.0,,2.0,100.0,0.16666666666666674,12.500000000000005,27.0,72.97297297297297,29.0,43.28358208955223,32.0,28.57142857142857,1.833333333333333,29.729729729729726,-0.6666666666666679,-3.5714285714285774,-0.012894710122855091,-5.123033481242429,3.0,75.0
rework,0.2,1001,350,150,150,0.0,0.05,0.95,8,2,0.0057142857142857,0.6674153980208081,0.6674153980208081,6.522857142857143,8,8,8,0,16,12,12,8,2,2,0,0,1,2,0.0909090909090909,4,1.5,144,128,64,96,80,6,58,7,8,8,0,0.2388059701492537,7.0,7,14,0.63875,1.0,8.0,18.0,12.0,150,0,0,150,1.0,1.0,1.0,1.0,0.0,0.0,10.0,1.0,1.0,1.0,1.0,0.0,150,0,0,150,1.0,1.0,1.0,1.0,0.0,0.0,10.0,1.0,1.0,1.0,1.0,0.0,150,0,0,150,1.0,1.0,1.0,1.0,0.0,0.0,10.0,1.0,1.0,1.0,1.0,0.0,1.0,0.9773570898292502,0.9284173294818856,1.0,1.0,1.0,0.2667498750088271,4.0,50.0,5.0,71.42857142857143,2.0,,2.0,100.0,0.16666666666666674,12.500000000000005,27.0,72.97297297297297,29.0,43.28358208955223,32.0,28.57142857142857,1.833333333333333,29.729729729729726,-0.6666666666666679,-3.5714285714285774,-0.012894710122855091,-5.123033481242429,3.0,75.0
rework,0.2,1002,350,150,150,0.0,0.05,0.95,8,2,0.0057142857142857,0.6544263555504453,0.6544263555504453,6.505714285714285,8,8,8,0,16,12,12,8,2,2,0,0,1,2,0.0909090909090909,4,1.5,144,128,64,96,80,6,58,7,8,8,0,0.2388059701492537,7.0,7,14,0.63625,1.0,8.0,18.0,12.0,150,0,0,150,1.0,1.0,1.0,1.0,0.0,0.0,10.0,1.0,1.0,1.0,1.0,0.0,150,0,0,150,1.0,1.0,1.0,1.0,0.0,0.0,10.0,1.0,1.0,1.0,1.0,0.0,150,0,0,150,1.0,1.0,1.0,1.0,0.0,0.0,10.0,1.0,1.0,1.0,1.0,0.0,1.0,0.9780342516753536,0.927864264810314,1.0,1.0,1.0,0.2475662920041941,4.0,50.0,5.0,71.42857142857143,2.0,,2.0,100.0,0.16666666666666674,12.500000000000005,27.0,72.97297297297297,29.0,43.28358208955223,32.0,28.57142857142857,1.833333333333333,29.729729729729726,-0.6666666666666679,-3.5714285714285774,-0.012894710122855091,-5.123033481242429,3.0,75.0
rework,0.2,1003,350,150,150,0.0,0.05,0.95,8,2,0.0057142857142857,0.7219280948873623,0.7219280948873623,6.6,8,8,8,0,16,12,12,8,2,2,0,0,1,2,0.0909090909090909,4,1.5,144,128,64,96,80,6,58,7,8,8,0,0.2388059701492537,7.0,7,14,0.65,1.0,8.0,18.0,12.0,150,0,0,150,1.0,1.0,1.0,1.0,0.0,0.0,10.0,1.0,1.0,1.0,1.0,0.0,150,0,0,150,1.0,1.0,1.0,1.0,0.0,0.0,10.0,1.0,1.0,1.0,1.0,0.0,150,0,0,150,1.0,1.0,1.0,1.0,0.0,0.0,10.0,1.0,1.0,1.0,1.0,0.0,1.0,0.9743589743589745,0.9306122540716588,1.0,1.0,1.0,0.2542155410046689,4.0,50.0,5.0,71.42857142857143,2.0,,2.0,100.0,0.16666666666666674,12.500000000000005,27.0,72.97297297297297,29.0,43.28358208955223,32.0,28.57142857142857,1.833333333333333,29.729729729729726,-0.6666666666666679,-3.5714285714285774,-0.012894710122855091,-5.123033481242429,3.0,75.0
rework,0.2,1004,350,150,150,0.0,0.05,0.95,8,2,0.0057142857142857,0.7601675029619657,0.7601675029619657,6.66,8,8,8,0,16,12,12,8,2,2,0,0,1,2,0.0909090909090909,4,1.5,144,128,64,96,80,6,58,7,8,8,0,0.2388059701492537,7.0,7,14,0.65875,1.0,8.0,18.0,12.0,150,0,0,150,1.0,1.0,1.0,1.0,0.0,0.0,10.0,1.0,1.0,1.0,1.0,0.0,150,0,0,150,1.0,1.0,1.0,1.0,0.0,0.0,10.0,1.0,1.0,1.0,1.0,0.0,150,0,0,150,1.0,1.0,1.0,1.0,0.0,0.0,10.0,1.0,1.0,1.0,1.0,0.0,1.0,0.9720812182741116,0.9320530266648396,1.0,1.0,1.0,0.2632405000040307,4.0,50.0,5.0,71.42857142857143,2.0,,2.0,100.0,0.16666666666666674,12.500000000000005,27.0,72.97297297297297,29.0,43.28358208955223,32.0,28.57142857142857,1.833333333333333,29.729729729729726,-0.6666666666666679,-3.5714285714285774,-0.012894710122855091,-5.123033481242429,3.0,75.0
rework,0.2,1005,350,150,150,0.0,0.05,0.95,8,2,0.0057142857142857,0.7219280948873623,0.7219280948873623,6.6,8,8,8,0,16,12,12,8,2,2,0,0,1,2,0.0909090909090909,4,1.5,144,128,64,96,80,6,58,7,8,8,0,0.2388059701492537,7.0,7,14,0.65,1.0,8.0,18.0,12.0,150,0,0,150,1.0,1.0,1.0,1.0,0.0,0.0,10.0,1.0,1.0,1.0,1.0,0.0,150,0,0,150,1.0,1.0,1.0,1.0,0.0,0.0,10.0,1.0,1.0,1.0,1.0,0.0,150,0,0,150,1.0,1.0,1.0,1.0,0.0,0.0,10.0,1.0,1.0,1.0,1.0,0.0,1.0,0.9743589743589745,0.9306122540716588,1.0,1.0,1.0,0.2453175840200856,4.0,50.0,5.0,71.42857142857143,2.0,,2.0,100.0,0.16666666666666674,12.500000000000005,27.0,72.97297297297297,29.0,43.28358208955223,32.0,28.57142857142857,1.833333333333333,29.729729729729726,-0.6666666666666679,-3.5714285714285774,-0.012894710122855091,-5.123033481242429,3.0,75.0
rework,0.2,1006,350,150,150,0.0,0.05,0.95,8,2,0.0057142857142857,0.7276057075889695,0.7276057075889695,6.6085714285714285,8,8,8,0,16,12,12,8,2,2,0,0,1,2,0.0909090909090909,4,1.5,144,128,64,96,80,6,58,7,8,8,0,0.2388059701492537,7.0,7,14,0.65125,1.0,8.0,18.0,12.0,150,0,0,150,1.0,1.0,1.0,1.0,0.0,0.0,10.0,1.0,1.0,1.0,1.0,0.0,150,0,0,150,1.0,1.0,1.0,1.0,0.0,0.0,10.0,1.0,1.0,1.0,1.0,0.0,150,0,0,150,1.0,1.0,1.0,1.0,0.0,0.0,10.0,1.0,1.0,1.0,1.0,0.0,1.0,0.9740307242136064,0.9308306760707434,1.0,1.0,1.0,0.2378940840135328,4.0,50.0,5.0,71.42857142857143,2.0,,2.0,100.0,0.16666666666666674,12.500000000000005,27.0,72.97297297297297,29.0,43.28358208955223,32.0,28.57142857142857,1.833333333333333,29.729729729729726,-0.6666666666666679,-3.5714285714285774,-0.012894710122855091,-5.123033481242429,3.0,75.0
rework,0.2,1007,350,150,150,0.0,0.05,0.95,8,2,0.0057142857142857,0.7332104880580959,0.7332104880580959,6.617142857142857,8,8,8,0,16,12,12,8,2,2,0,0,1,2,0.0909090909090909,4,1.5,144,128,64,96,80,6,58,7,8,8,0,0.2388059701492537,7.0,7,14,0.6525,1.0,8.0,18.0,12.0,150,0,0,150,1.0,1.0,1.0,1.0,0.0,0.0,10.0,1.0,1.0,1.0,1.0,0.0,150,0,0,150,1.0,1.0,1.0,1.0,0.0,0.0,10.0,1.0,1.0,1.0,1.0,0.0,150,0,0,150,1.0,1.0,1.0,1.0,0.0,0.0,10.0,1.0,1.0,1.0,1.0,0.0,1.0,0.9737034331628928,0.931044657417617,1.0,1.0,1.0,0.2573735829791985,4.0,50.0,5.0,71.42857142857143,2.0,,2.0,100.0,0.16666666666666674,12.500000000000005,27.0,72.97297297297297,29.0,43.28358208955223,32.0,28.57142857142857,1.833333333333333,29.729729729729726,-0.6666666666666679,-3.5714285714285774,-0.012894710122855091,-5.123033481242429,3.0,75.0
rework,0.2,1008,350,150,150,0.0,0.05,0.95,8,2,0.0057142857142857,0.74959525725948,0.74959525725948,6.642857142857143,8,8,8,0,16,12,12,8,2,2,0,0,1,2,0.0909090909090909,4,1.5,144,128,64,96,80,6,58,7,8,8,0,0.2388059701492537,7.0,7,14,0.65625,1.0,8.0,18.0,12.0,150,0,0,150,1.0,1.0,1.0,1.0,0.0,0.0,10.0,1.0,1.0,1.0,1.0,0.0,150,0,0,150,1.0,1.0,1.0,1.0,0.0,0.0,10.0,1.0,1.0,1.0,1.0,0.0,150,0,0,150,1.0,1.0,1.0,1.0,0.0,0.0,10.0,1.0,1.0,1.0,1.0,0.0,1.0,0.9727272727272728,0.9316614406755572,1.0,1.0,1.0,0.2653532910044305,4.0,50.0,5.0,71.42857142857143,2.0,,2.0,100.0,0.16666666666666674,12.500000000000005,27.0,72.97297297297297,29.0,43.28358208955223,32.0,28.57142857142857,1.833333333333333,29.729729729729726,-0.6666666666666679,-3.5714285714285774,-0.012894710122855091,-5.123033481242429,3.0,75.0
rework,0.2,1009,350,150,150,0.0,0.05,0.95,8,2,0.0057142857142857,0.7854077763427121,0.7854077763427121,6.702857142857143,8,8,8,0,16,12,12,8,2,2,0,0,1,2,0.0909090909090909,4,1.5,144,128,64,96,80,6,58,7,8,8,0,0.2388059701492537,7.0,7,14,0.665,1.0,8.0,18.0,12.0,150,0,0,150,1.0,1.0,1.0,1.0,0.0,0.0,10.0,1.0,1.0,1.0,1.0,0.0,150,0,0,150,1.0,1.0,1.0,1.0,0.0,0.0,10.0,1.0,1.0,1.0,1.0,0.0,150,0,0,150,1.0,1.0,1.0,1.0,0.0,0.0,10.0,1.0,1.0,1.0,1.0,0.0,1.0,0.9704823614110872,0.9329703979381768,1.0,1.0,1.0,0.2368541670148261,4.0,50.0,5.0,71.42857142857143,2.0,,2.0,100.0,0.16666666666666674,12.500000000000005,27.0,72.97297297297297,29.0,43.28358208955223,32.0,28.57142857142857,1.833333333333333,29.729729729729726,-0.6666666666666679,-3.5714285714285774,-0.012894710122855091,-5.123033481242429,3.0,75.0
rework,0.2,1010,350,150,150,0.0,0.05,0.95,8,2,0.0057142857142857,0.6737866213769796,0.6737866213769796,6.531428571428571,8,8,8,0,16,12,12,8,2,2,0,0,1,2,0.0909090909090909,4,1.5,144,128,64,96,80,6,58,7,8,8,0,0.2388059701492537,7.0,7,14,0.64,1.0,8.0,18.0,12.0,150,0,0,150,1.0,1.0,1.0,1.0,0.0,0.0,10.0,1.0,1.0,1.0,1.0,0.0,150,0,0,150,1.0,1.0,1.0,1.0,0.0,0.0,10.0,1.0,1.0,1.0,1.0,0.0,150,0,0,150,1.0,1.0,1.0,1.0,0.0,0.0,10.0,1.0,1.0,1.0,1.0,0.0,1.0,0.9770200148257968,0.9286840050223724,1.0,1.0,1.0,0.2539408750017173,4.0,50.0,5.0,71.42857142857143,2.0,,2.0,100.0,0.16666666666666674,12.500000000000005,27.0,72.97297297297297,29.0,43.28358208955223,32.0,28.57142857142857,1.833333333333333,29.729729729729726,-0.6666666666666679,-3.5714285714285774,-0.012894710122855091,-5.123033481242429,3.0,75.0
rework,0.3,1001,350,150,150,0.0,0.05,0.95,8,2,0.0057142857142857,0.8394072488103348,0.8394072488103348,6.805714285714286,8,8,8,0,16,12,12,8,2,2,0,0,1,2,0.0909090909090909,4,1.5,144,128,64,96,80,6,58,7,8,8,0,0.2388059701492537,7.0,7,14,0.68,1.0,8.0,18.0,12.0,150,0,0,150,1.0,1.0,1.0,1.0,0.0,0.0,10.0,1.0,1.0,1.0,1.0,0.0,150,0,0,150,1.0,1.0,1.0,1.0,0.0,0.0,10.0,1.0,1.0,1.0,1.0,0.0,150,0,0,150,1.0,1.0,1.0,1.0,0.0,0.0,10.0,1.0,1.0,1.0,1.0,0.0,1.0,0.9667374380750176,0.934874576131024,1.0,1.0,1.0,0.2569639579742215,4.0,50.0,5.0,71.42857142857143,2.0,,2.0,100.0,0.16666666666666674,12.500000000000005,27.0,72.97297297297297,29.0,43.28358208955223,32.0,28.57142857142857,1.833333333333333,29.729729729729726,-0.6666666666666679,-3.5714285714285774,-0.012894710122855091,-5.123033481242429,3.0,75.0
rework,0.3,1002,350,150,150,0.0,0.05,0.95,8,2,0.0057142857142857,0.851528483004295,0.851528483004295,6.831428571428572,8,8,8,0,16,12,12,8,2,2,0,0,1,2,0.0909090909090909,4,1.5,144,128,64,96,80,6,58,7,8,8,0,0.2388059701492537,7.0,7,14,0.68375,1.0,8.0,18.0,12.0,150,0,0,150,1.0,1.0,1.0,1.0,0.0,0.0,10.0,1.0,1.0,1.0,1.0,0.0,150,0,0,150,1.0,1.0,1.0,1.0,0.0,0.0,10.0,1.0,1.0,1.0,1.0,0.0,150,0,0,150,1.0,1.0,1.0,1.0,0.0,0.0,10.0,1.0,1.0,1.0,1.0,0.0,1.0,0.9658210007047217,0.9352963935096016,1.0,1.0,1.0,0.2388199169945437,4.0,50.0,5.0,71.42857142857143,2.0,,2.0,100.0,0.16666666666666674,12.500000000000005,27.0,72.97297297297297,29.0,43.28358208955223,32.0,28.57142857142857,1.833333333333333,29.729729729729726,-0.6666666666666679,-3.5714285714285774,-0.012894710122855091,-5.123033481242429,3.0,75.0
rework,0.3,1003,350,150,150,0.0,0.05,0.95,8,2,0.0057142857142857,0.8915175299634532,0.8915175299634532,6.925714285714286,8,8,8,0,16,12,12,8,2,2,0,0,1,2,0.0909090909090909,4,1.5,144,128,64,96,80,6,58,7,8,8,0,0.2388059701492537,7.0,7,14,0.6975,1.0,8.0,18.0,12.0,150,0,0,150,1.0,1.0,1.0,1.0,0.0,0.0,10.0,1.0,1.0,1.0,1.0,0.0,150,0,0,150,1.0,1.0,1.0,1.0,0.0,0.0,10.0,1.0,1.0,1.0,1.0,0.0,150,0,0,150,1.0,1.0,1.0,1.0,0.0,0.0,10.0,1.0,1.0,1.0,1.0,0.0,1.0,0.962526023594726,0.9366952171257624,1.0,1.0,1.0,0.2376803749939426,4.0,50.0,5.0,71.42857142857143,2.0,,2.0,100.0,0.16666666666666674,12.500000000000005,27.0,72.97297297297297,29.0,43.28358208955223,32.0,28.57142857142857,1.833333333333333,29.729729729729726,-0.6666666666666679,-3.5714285714285774,-0.012894710122855091,-5.123033481242429,3.0,75.0
rework,0.3,1004,350,150,150,0.0,0.05,0.95,8,2,0.0057142857142857,0.8777702575462527,0.8777702575462527,6.8914285714285715,8,8,8,0,16,12,12,8,2,2,0,0,1,2,0.0909090909090909,4,1.5,144,128,64,96,80,6,58,7,8,8,0,0.2388059701492537,7.0,7,14,0.6925,1.0,8.0,18.0,12.0,150,0,0,150,1.0,1.0,1.0,1.0,0.0,0.0,10.0,1.0,1.0,1.0,1.0,0.0,150,0,0,150,1.0,1.0,1.0,1.0,0.0,0.0,10.0,1.0,1.0,1.0,1.0,0.0,150,0,0,150,1.0,1.0,1.0,1.0,0.0,0.0,10.0,1.0,1.0,1.0,1.0,0.0,1.0,0.9637124912770412,0.9362112871878748,1.0,1.0,1.0,0.2573780830134637,4.0,50.0,5.0,71.42857142857143,2.0,,2.0,100.0,0.16666666666666674,12.500000000000005,27.0,72.97297297297297,29.0,43.28358208955223,32.0,28.57142857142857,1.833333333333333,29.729729729729726,-0.6666666666666679,-3.5714285714285774,-0.012894710122855091,-5.123033481242429,3.0,75.0
rework,0.3,1005,350,150,150,0.0,0.05,0.95,8,2,0.0057142857142857,0.9134601452569628,0.9134601452569628,6.985714285714286,8,8,8,0,16,12,12,8,2,2,0,0,1,2,0.0909090909090909,4,1.5,144,128,64,96,80,6,58,7,8,8,0,0.2388059701492537,7.0,7,14,0.70625,1.0,8.0,18.0,12.0,150,0,0,150,1.0,1.0,1.0,1.0,0.0,0.0,10.0,1.0,1.0,1.0,1.0,0.0,150,0,0,150,1.0,1.0,1.0,1.0,0.0,0.0,10.0,1.0,1.0,1.0,1.0,0.0,150,0,0,150,1.0,1.0,1.0,1.0,0.0,0.0,10.0,1.0,1.0,1.0,1.0,0.0,1.0,0.9604810996563574,0.937482988357937,1.0,1.0,1.0,0.245599999994738,4.0,50.0,5.0,71.42857142857143,2.0,,2.0,100.0,0.16666666666666674,12.500000000000005,27.0,72.97297297297297,29.0,43.28358208955223,32.0,28.57142857142857,1.833333333333333,29.729729729729726,-0.6666666666666679,-3.5714285714285774,-0.012894710122855091,-5.123033481242429,3.0,75.0
rework,0.3,1006,350,150,150,0.0,0.05,0.95,8,2,0.0057142857142857,0.884755458835062,0.884755458835062,6.908571428571428,8,8,8,0,16,12,12,8,2,2,0,0,1,2,0.0909090909090909,4,1.5,144,128,64,96,80,6,58,7,8,8,0,0.2388059701492537,7.0,7,14,0.6950000000000001,1.0,8.0,18.0,12.0,150,0,0,150,1.0,1.0,1.0,1.0,0.0,0.0,10.0,1.0,1.0,1.0,1.0,0.0,150,0,0,150,1.0,1.0,1.0,1.0,0.0,0.0,10.0,1.0,1.0,1.0,1.0,0.0,150,0,0,150,1.0,1.0,1.0,1.0,0.0,0.0,10.0,1.0,1.0,1.0,1.0,0.0,1.0,0.9631176061238692,0.9364565368796298,1.0,1.0,1.0,0.2370262920157984,4.0,50.0,5.0,71.42857142857143,2.0,,2.0,100.0,0.16666666666666674,12.500000000000005,27.0,72.97297297297297,29.0,43.28358208955223,32.0,28.57142857142857,1.833333333333333,29.729729729729726,-0.6666666666666679,-3.5714285714285774,-0.012894710122855091,-5.123033481242429,3.0,75.0
rework,0.3,1007,350,150,150,0.0,0.05,0.95,8,2,0.0057142857142857,0.9012473167687268,0.9012473167687268,6.951428571428571,8,8,8,0,16,12,12,8,2,2,0,0,1,2,0.0909090909090909,4,1.5,144,128,64,96,80,6,58,7,8,8,0,0.2388059701492537,7.0,7,14,0.70125,1.0,8.0,18.0,12.0,150,0,0,150,1.0,1.0,1.0,1.0,0.0,0.0,10.0,1.0,1.0,1.0,1.0,0.0,150,0,0,150,1.0,1.0,1.0,1.0,0.0,0.0,10.0,1.0,1.0,1.0,1.0,0.0,150,0,0,150,1.0,1.0,1.0,1.0,0.0,0.0,10.0,1.0,1.0,1.0,1.0,0.0,1.0,0.961644782308224,0.9370415644567268,1.0,1.0,1.0,0.261471916019218,4.0,50.0,5.0,71.42857142857143,2.0,,2.0,100.0,0.16666666666666674,12.500000000000005,27.0,72.97297297297297,29.0,43.28358208955223,32.0,28.57142857142857,1.833333333333333,29.729729729729726,-0.6666666666666679,-3.5714285714285774,-0.012894710122855091,-5.123033481242429,3.0,75.0
rework,0.3,1008,350,150,150,0.0,0.05,0.95,8,2,0.0057142857142857,0.945029303540063,0.945029303540063,7.088571428571429,8,8,8,0,16,12,12,8,2,2,0,0,1,2,0.0909090909090909,4,1.5,144,128,64,96,80,6,58,7,8,8,0,0.2388059701492537,7.0,7,14,0.7212500000000001,1.0,8.0,18.0,12.0,150,0,0,150,1.0,1.0,1.0,1.0,0.0,0.0,10.0,1.0,1.0,1.0,1.0,0.0,150,0,0,150,1.0,1.0,1.0,1.0,0.0,0.0,10.0,1.0,1.0,1.0,1.0,0.0,150,0,0,150,1.0,1.0,1.0,1.0,0.0,0.0,10.0,1.0,1.0,1.0,1.0,0.0,1.0,0.9570655848546316,0.9386850751943489,1.0,1.0,1.0,0.2518186670204159,4.0,50.0,5.0,71.42857142857143,2.0,,2.0,100.0,0.16666666666666674,12.500000000000005,27.0,72.97297297297297,29.0,43.28358208955223,32.0,28.57142857142857,1.833333333333333,29.729729729729726,-0.6666666666666679,-3.5714285714285774,-0.012894710122855091,-5.123033481242429,3.0,75.0
rework,0.3,1009,350,150,150,0.0,0.05,0.95,8,2,0.0057142857142857,0.9378374318500288,0.9378374318500288,7.062857142857143,8,8,8,0,16,12,12,8,2,2,0,0,1,2,0.0909090909090909,4,1.5,144,128,64,96,80,6,58,7,8,8,0,0.2388059701492537,7.0,7,14,0.7175,1.0,8.0,18.0,12.0,150,0,0,150,1.0,1.0,1.0,1.0,0.0,0.0,10.0,1.0,1.0,1.0,1.0,0.0,150,0,0,150,1.0,1.0,1.0,1.0,0.0,0.0,10.0,1.0,1.0,1.0,1.0,0.0,150,0,0,150,1.0,1.0,1.0,1.0,0.0,0.0,10.0,1.0,1.0,1.0,1.0,0.0,1.0,0.957909029192125,0.9384002418554171,1.0,1.0,1.0,0.2476288750185631,4.0,50.0,5.0,71.42857142857143,2.0,,2.0,100.0,0.16666666666666674,12.500000000000005,27.0,72.97297297297297,29.0,43.28358208955223,32.0,28.57142857142857,1.833333333333333,29.729729729729726,-0.6666666666666679,-3.5714285714285774,-0.012894710122855091,-5.123033481242429,3.0,75.0
rework,0.3,1010,350,150,150,0.0,0.05,0.95,8,2,0.0057142857142857,0.9043814577244936,0.9043814577244936,6.96,8,8,8,0,16,12,12,8,2,2,0,0,1,2,0.0909090909090909,4,1.5,144,128,64,96,80,6,58,7,8,8,0,0.2388059701492537,7.0,7,14,0.7025,1.0,8.0,18.0,12.0,150,0,0,150,1.0,1.0,1.0,1.0,0.0,0.0,10.0,1.0,1.0,1.0,1.0,0.0,150,0,0,150,1.0,1.0,1.0,1.0,0.0,0.0,10.0,1.0,1.0,1.0,1.0,0.0,150,0,0,150,1.0,1.0,1.0,1.0,0.0,0.0,10.0,1.0,1.0,1.0,1.0,0.0,1.0,0.961352657004831,0.9371540388828798,1.0,1.0,1.0,0.2616875420208089,4.0,50.0,5.0,71.42857142857143,2.0,,2.0,100.0,0.16666666666666674,12.500000000000005,27.0,72.97297297297297,29.0,43.28358208955223,32.0,28.57142857142857,1.833333333333333,29.729729729729726,-0.6666666666666679,-3.5714285714285774,-0.012894710122855091,-5.123033481242429,3.0,75.0
rework,0.4,1001,350,150,150,0.0,0.05,0.95,8,2,0.0057142857142857,0.9559990930989408,0.9559990930989408,7.131428571428572,8,8,8,0,16,12,12,8,2,2,0,0,1,2,0.0909090909090909,4,1.5,144,128,64,96,80,6,58,7,8,8,0,0.2388059701492537,7.0,7,14,0.7275,1.0,8.0,18.0,12.0,150,0,0,150,1.0,1.0,1.0,1.0,0.0,0.0,10.0,1.0,1.0,1.0,1.0,0.0,150,0,0,150,1.0,1.0,1.0,1.0,0.0,0.0,10.0,1.0,1.0,1.0,1.0,0.0,150,0,0,150,1.0,1.0,1.0,1.0,0.0,0.0,10.0,1.0,1.0,1.0,1.0,0.0,1.0,0.9556749496306246,0.9391390437830562,1.0,1.0,1.0,0.2688067080162,4.0,50.0,5.0,71.42857142857143,2.0,,2.0,100.0,0.16666666666666674,12.500000000000005,27.0,72.97297297297297,29.0,43.28358208955223,32.0,28.57142857142857,1.833333333333333,29.729729729729726,-0.6666666666666679,-3.5714285714285774,-0.012894710122855091,-5.123033481242429,3.0,75.0
rework,0.4,1002,350,150,150,0.0,0.05,0.95,8,2,0.0057142857142857,0.9840182561871096,0.9840182561871096,7.277142857142858,8,8,8,0,16,12,12,8,2,2,0,0,1,2,0.0909090909090909,4,1.5,144,128,64,96,80,6,58,7,8,8,0,0.2388059701492537,7.0,7,14,0.74875,1.0,8.0,18.0,12.0,150,0,0,150,1.0,1.0,1.0,1.0,0.0,0.0,10.0,1.0,1.0,1.0,1.0,0.0,150,0,0,150,1.0,1.0,1.0,1.0,0.0,0.0,10.0,1.0,1.0,1.0,1.0,0.0,150,0,0,150,1.0,1.0,1.0,1.0,0.0,0.0,10.0,1.0,1.0,1.0,1.0,0.0,1.0,0.9510833880499016,0.9405157782350227,1.0,1.0,1.0,0.2427557499904651,4.0,50.0,5.0,71.42857142857143,2.0,,2.0,100.0,0.16666666666666674,12.500000000000005,27.0,72.97297297297297,29.0,43.28358208955223,32.0,28.57142857142857,1.833333333333333,29.729729729729726,-0.6666666666666679,-3.5714285714285774,-0.012894710122855091,-5.123033481242429,3.0,75.0
rework,0.4,1003,350,150,150,0.0,0.05,0.95,8,2,0.0057142857142857,0.9638714504040672,0.9638714504040672,7.1657142857142855,8,8,8,0,16,12,12,8,2,2,0,0,1,2,0.0909090909090909,4,1.5,144,128,64,96,80,6,58,7,8,8,0,0.2388059701492537,7.0,7,14,0.7325,1.0,8.0,18.0,12.0,150,0,0,150,1.0,1.0,1.0,1.0,0.0,0.0,10.0,1.0,1.0,1.0,1.0,0.0,150,0,0,150,1.0,1.0,1.0,1.0,0.0,0.0,10.0,1.0,1.0,1.0,1.0,0.0,150,0,0,150,1.0,1.0,1.0,1.0,0.0,0.0,10.0,1.0,1.0,1.0,1.0,0.0,1.0,0.9545758183032732,0.939484906472802,1.0,1.0,1.0,0.2395403750124387,4.0,50.0,5.0,71.42857142857143,2.0,,2.0,100.0,0.16666666666666674,12.500000000000005,27.0,72.97297297297297,29.0,43.28358208955223,32.0,28.57142857142857,1.833333333333333,29.729729729729726,-0.6666666666666679,-3.5714285714285774,-0.012894710122855091,-5.123033481242429,3.0,75.0
rework,0.4,1004,350,150,150,0.0,0.05,0.95,8,2,0.0057142857142857,0.9473244766045472,0.9473244766045472,7.097142857142857,8,8,8,0,16,12,12,8,2,2,0,0,1,2,0.0909090909090909,4,1.5,144,128,64,96,80,6,58,7,8,8,0,0.2388059701492537,7.0,7,14,0.7225,1.0,8.0,18.0,12.0,150,0,0,150,1.0,1.0,1.0,1.0,0.0,0.0,10.0,1.0,1.0,1.0,1.0,0.0,150,0,0,150,1.0,1.0,1.0,1.0,0.0,0.0,10.0,1.0,1.0,1.0,1.0,0.0,150,0,0,150,1.0,1.0,1.0,1.0,0.0,0.0,10.0,1.0,1.0,1.0,1.0,0.0,1.0,0.9567859554355166,0.938777890927038,1.0,1.0,1.0,0.2593400839832611,4.0,50.0,5.0,71.42857142857143,2.0,,2.0,100.0,0.16666666666666674,12.500000000000005,27.0,72.97297297297297,29.0,43.28358208955223,32.0,28.57142857142857,1.833333333333333,29.729729729729726,-0.6666666666666679,-3.5714285714285774,-0.012894710122855091,-5.123033481242429,3.0,75.0
rework,0.4,1005,350,150,150,0.0,0.05,0.95,8,2,0.0057142857142857,0.9875037037775068,0.9875037037775068,7.3028571428571425,8,8,8,0,16,12,12,8,2,2,0,0,1,2,0.0909090909090909,4,1.5,144,128,64,96,80,6,58,7,8,8,0,0.2388059701492537,7.0,7,14,0.7525,1.0,8.0,18.0,12.0,150,0,0,150,1.0,1.0,1.0,1.0,0.0,0.0,10.0,1.0,1.0,1.0,1.0,0.0,150,0,0,150,1.0,1.0,1.0,1.0,0.0,0.0,10.0,1.0,1.0,1.0,1.0,0.0,150,0,0,150,1.0,1.0,1.0,1.0,0.0,0.0,10.0,1.0,1.0,1.0,1.0,0.0,1.0,0.9502943100065402,0.9407356440861336,1.0,1.0,1.0,0.2449755840061698,4.0,50.0,5.0,71.42857142857143,2.0,,2.0,100.0,0.16666666666666674,12.500000000000005,27.0,72.97297297297297,29.0,43.28358208955223,32.0,28.57142857142857,1.833333333333333,29.729729729729726,-0.6666666666666679,-3.5714285714285774,-0.012894710122855091,-5.123033481242429,3.0,75.0
rework,0.4,1006,350,150,150,0.0,0.05,0.95,8,2,0.0057142857142857,0.9709505944546686,0.9709505944546686,7.2,8,8,8,0,16,12,12,8,2,2,0,0,1,2,0.0909090909090909,4,1.5,144,128,64,96,80,6,58,7,8,8,0,0.2388059701492537,7.0,7,14,0.7375,1.0,8.0,18.0,12.0,150,0,0,150,1.0,1.0,1.0,1.0,0.0,0.0,10.0,1.0,1.0,1.0,1.0,0.0,150,0,0,150,1.0,1.0,1.0,1.0,0.0,0.0,10.0,1.0,1.0,1.0,1.0,0.0,150,0,0,150,1.0,1.0,1.0,1.0,0.0,0.0,10.0,1.0,1.0,1.0,1.0,0.0,1.0,0.9534883720930232,0.9398165639995762,1.0,1.0,1.0,0.2389665830123704,4.0,50.0,5.0,71.42857142857143,2.0,,2.0,100.0,0.16666666666666674,12.500000000000005,27.0,72.97297297297297,29.0,43.28358208955223,32.0,28.57142857142857,1.833333333333333,29.729729729729726,-0.6666666666666679,-3.5714285714285774,-0.012894710122855091,-5.123033481242429,3.0,75.0
rework,0.4,1007,350,150,150,0.0,0.05,0.95,8,2,0.0057142857142857,0.945029303540063,0.945029303540063,7.088571428571429,8,8,8,0,16,12,12,8,2,2,0,0,1,2,0.0909090909090909,4,1.5,144,128,64,96,80,6,58,7,8,8,0,0.2388059701492537,7.0,7,14,0.7212500000000001,1.0,8.0,18.0,12.0,150,0,0,150,1.0,1.0,1.0,1.0,0.0,0.0,10.0,1.0,1.0,1.0,1.0,0.0,150,0,0,150,1.0,1.0,1.0,1.0,0.0,0.0,10.0,1.0,1.0,1.0,1.0,0.0,150,0,0,150,1.0,1.0,1.0,1.0,0.0,0.0,10.0,1.0,1.0,1.0,1.0,0.0,1.0,0.9570655848546316,0.9386850751943489,1.0,1.0,1.0,0.2583617920172401,4.0,50.0,5.0,71.42857142857143,2.0,,2.0,100.0,0.16666666666666674,12.500000000000005,27.0,72.97297297297297,29.0,43.28358208955223,32.0,28.57142857142857,1.833333333333333,29.729729729729726,-0.6666666666666679,-3.5714285714285774,-0.012894710122855091,-5.123033481242429,3.0,75.0
rework,0.4,1008,350,150,150,0.0,0.05,0.95,8,2,0.0057142857142857,0.9638714504040672,0.9638714504040672,7.1657142857142855,8,8,8,0,16,12,12,8,2,2,0,0,1,2,0.0909090909090909,4,1.5,144,128,64,96,80,6,58,7,8,8,0,0.2388059701492537,7.0,7,14,0.7325,1.0,8.0,18.0,12.0,150,0,0,150,1.0,1.0,1.0,1.0,0.0,0.0,10.0,1.0,1.0,1.0,1.0,0.0,150,0,0,150,1.0,1.0,1.0,1.0,0.0,0.0,10.0,1.0,1.0,1.0,1.0,0.0,150,0,0,150,1.0,1.0,1.0,1.0,0.0,0.0,10.0,1.0,1.0,1.0,1.0,0.0,1.0,0.9545758183032732,0.939484906472802,1.0,1.0,1.0,0.266301208990626,4.0,50.0,5.0,71.42857142857143,2.0,,2.0,100.0,0.16666666666666674,12.500000000000005,27.0,72.97297297297297,29.0,43.28358208955223,32.0,28.57142857142857,1.833333333333333,29.729729729729726,-0.6666666666666679,-3.5714285714285774,-0.012894710122855091,-5.123033481242429,3.0,75.0
rework,0.4,1009,350,150,150,0.0,0.05,0.95,8,2,0.0057142857142857,0.9638714504040672,0.9638714504040672,7.1657142857142855,8,8,8,0,16,12,12,8,2,2,0,0,1,2,0.0909090909090909,4,1.5,144,128,64,96,80,6,58,7,8,8,0,0.2388059701492537,7.0,7,14,0.7325,1.0,8.0,18.0,12.0,150,0,0,150,1.0,1.0,1.0,1.0,0.0,0.0,10.0,1.0,1.0,1.0,1.0,0.0,150,0,0,150,1.0,1.0,1.0,1.0,0.0,0.0,10.0,1.0,1.0,1.0,1.0,0.0,150,0,0,150,1.0,1.0,1.0,1.0,0.0,0.0,10.0,1.0,1.0,1.0,1.0,0.0,1.0,0.9545758183032732,0.939484906472802,1.0,1.0,1.0,0.2418690420163329,4.0,50.0,5.0,71.42857142857143,2.0,,2.0,100.0,0.16666666666666674,12.500000000000005,27.0,72.97297297297297,29.0,43.28358208955223,32.0,28.57142857142857,1.833333333333333,29.729729729729726,-0.6666666666666679,-3.5714285714285774,-0.012894710122855091,-5.123033481242429,3.0,75.0
rework,0.4,1010,350,150,150,0.0,0.05,0.95,8,2,0.0057142857142857,0.9619780596506255,0.9619780596506255,7.1571428571428575,8,8,8,0,16,12,12,8,2,2,0,0,1,2,0.0909090909090909,4,1.5,144,128,64,96,80,6,58,7,8,8,0,0.2388059701492537,7.0,7,14,0.73125,1.0,8.0,18.0,12.0,150,0,0,150,1.0,1.0,1.0,1.0,0.0,0.0,10.0,1.0,1.0,1.0,1.0,0.0,150,0,0,150,1.0,1.0,1.0,1.0,0.0,0.0,10.0,1.0,1.0,1.0,1.0,0.0,150,0,0,150,1.0,1.0,1.0,1.0,0.0,0.0,10.0,1.0,1.0,1.0,1.0,0.0,1.0,0.9548494983277592,0.939399813000519,1.0,1.0,1.0,0.2481949170178268,4.0,50.0,5.0,71.42857142857143,2.0,,2.0,100.0,0.16666666666666674,12.500000000000005,27.0,72.97297297297297,29.0,43.28358208955223,32.0,28.57142857142857,1.833333333333333,29.729729729729726,-0.6666666666666679,-3.5714285714285774,-0.012894710122855091,-5.123033481242429,3.0,75.0
rework,0.5,1001,350,150,150,0.0,0.05,0.95,8,2,0.0057142857142857,0.999976445667063,0.999976445667063,7.491428571428571,8,8,8,0,16,12,12,8,2,2,0,0,1,2,0.0909090909090909,4,1.5,144,128,64,96,80,6,58,7,8,8,0,0.2388059701492537,7.0,7,14,0.78,1.0,8.0,18.0,12.0,150,0,0,150,1.0,1.0,1.0,1.0,0.0,0.0,10.0,1.0,1.0,1.0,1.0,0.0,150,0,0,150,1.0,1.0,1.0,1.0,0.0,0.0,10.0,1.0,1.0,1.0,1.0,0.0,150,0,0,150,1.0,1.0,1.0,1.0,0.0,0.0,10.0,1.0,1.0,1.0,1.0,0.0,1.0,0.9446916719643992,0.9421792433173428,1.0,1.0,1.0,0.2764972090080846,4.0,50.0,5.0,71.42857142857143,2.0,,2.0,100.0,0.16666666666666674,12.500000000000005,27.0,72.97297297297297,29.0,43.28358208955223,32.0,28.57142857142857,1.833333333333333,29.729729729729726,-0.6666666666666679,-3.5714285714285774,-0.012894710122855091,-5.123033481242429,3.0,75.0
rework,0.5,1002,350,150,150,0.0,0.05,0.95,8,2,0.0057142857142857,0.9996230999014988,0.9996230999014988,7.534285714285715,8,8,8,0,16,12,12,8,2,2,0,0,1,2,0.0909090909090909,4,1.5,144,128,64,96,80,6,58,7,8,8,0,0.2388059701492537,7.0,7,14,0.78625,1.0,8.0,18.0,12.0,150,0,0,150,1.0,1.0,1.0,1.0,0.0,0.0,10.0,1.0,1.0,1.0,1.0,0.0,150,0,0,150,1.0,1.0,1.0,1.0,0.0,0.0,10.0,1.0,1.0,1.0,1.0,0.0,150,0,0,150,1.0,1.0,1.0,1.0,0.0,0.0,10.0,1.0,1.0,1.0,1.0,0.0,1.0,0.943461781427669,0.9424716848334528,1.0,1.0,1.0,0.2445241670066025,4.0,50.0,5.0,71.42857142857143,2.0,,2.0,100.0,0.16666666666666674,12.500000000000005,27.0,72.97297297297297,29.0,43.28358208955223,32.0,28.57142857142857,1.833333333333333,29.729729729729726,-0.6666666666666679,-3.5714285714285774,-0.012894710122855091,-5.123033481242429,3.0,75.0
rework,0.5,1003,350,150,150,0.0,0.05,0.95,8,2,0.0057142857142857,0.9994110647387552,0.9994110647387552,7.542857142857143,8,8,8,0,16,12,12,8,2,2,0,0,1,2,0.0909090909090909,4,1.5,144,128,64,96,80,6,58,7,8,8,0,0.2388059701492537,7.0,7,14,0.7875,1.0,8.0,18.0,12.0,150,0,0,150,1.0,1.0,1.0,1.0,0.0,0.0,10.0,1.0,1.0,1.0,1.0,0.0,150,0,0,150,1.0,1.0,1.0,1.0,0.0,0.0,10.0,1.0,1.0,1.0,1.0,0.0,150,0,0,150,1.0,1.0,1.0,1.0,0.0,0.0,10.0,1.0,1.0,1.0,1.0,0.0,1.0,0.943217665615142,0.9425287919139104,1.0,1.0,1.0,0.2489301250025164,4.0,50.0,5.0,71.42857142857143,2.0,,2.0,100.0,0.16666666666666674,12.500000000000005,27.0,72.97297297297297,29.0,43.28358208955223,32.0,28.57142857142857,1.833333333333333,29.729729729729726,-0.6666666666666679,-3.5714285714285774,-0.012894710122855091,-5.123033481242429,3.0,75.0
rework,0.5,1004,350,150,150,0.0,0.05,0.95,8,2,0.0057142857142857,0.9895875212220556,0.9895875212220556,7.32,8,8,8,0,16,12,12,8,2,2,0,0,1,2,0.0909090909090909,4,1.5,144,128,64,96,80,6,58,7,8,8,0,0.2388059701492537,7.0,7,14,0.755,1.0,8.0,18.0,12.0,150,0,0,150,1.0,1.0,1.0,1.0,0.0,0.0,10.0,1.0,1.0,1.0,1.0,0.0,150,0,0,150,1.0,1.0,1.0,1.0,0.0,0.0,10.0,1.0,1.0,1.0,1.0,0.0,150,0,0,150,1.0,1.0,1.0,1.0,0.0,0.0,10.0,1.0,1.0,1.0,1.0,0.0,1.0,0.9497716894977168,0.9408788281204704,1.0,1.0,1.0,0.2659077499993145,4.0,50.0,5.0,71.42857142857143,2.0,,2.0,100.0,0.16666666666666674,12.500000000000005,27.0,72.97297297297297,29.0,43.28358208955223,32.0,28.57142857142857,1.833333333333333,29.729729729729726,-0.6666666666666679,-3.5714285714285774,-0.012894710122855091,-5.123033481242429,3.0,75.0
rework,0.5,1005,350,150,150,0.0,0.05,0.95,8,2,0.0057142857142857,0.9999057811299176,0.9999057811299176,7.482857142857143,8,8,8,0,16,12,12,8,2,2,0,0,1,2,0.0909090909090909,4,1.5,144,128,64,96,80,6,58,7,8,8,0,0.2388059701492537,7.0,7,14,0.7787499999999999,1.0,8.0,18.0,12.0,150,0,0,150,1.0,1.0,1.0,1.0,0.0,0.0,10.0,1.0,1.0,1.0,1.0,0.0,150,0,0,150,1.0,1.0,1.0,1.0,0.0,0.0,10.0,1.0,1.0,1.0,1.0,0.0,150,0,0,150,1.0,1.0,1.0,1.0,0.0,0.0,10.0,1.0,1.0,1.0,1.0,0.0,1.0,0.9449395289624444,0.9421193283611216,1.0,1.0,1.0,0.2483187499747146,4.0,50.0,5.0,71.42857142857143,2.0,,2.0,100.0,0.16666666666666674,12.500000000000005,27.0,72.97297297297297,29.0,43.28358208955223,32.0,28.57142857142857,1.833333333333333,29.729729729729726,-0.6666666666666679,-3.5714285714285774,-0.012894710122855091,-5.123033481242429,3.0,75.0
rework,0.5,1006,350,150,150,0.0,0.05,0.95,8,2,0.0057142857142857,0.9772445152396548,0.9772445152396548,7.765714285714286,8,8,8,0,16,12,12,8,2,2,0,0,1,2,0.0909090909090909,4,1.5,144,128,64,96,80,6,58,7,8,8,0,0.2388059701492537,7.0,7,14,0.82,1.0,8.0,18.0,12.0,150,0,0,150,1.0,1.0,1.0,1.0,0.0,0.0,10.0,1.0,1.0,1.0,1.0,0.0,150,0,0,150,1.0,1.0,1.0,1.0,0.0,0.0,10.0,1.0,1.0,1.0,1.0,0.0,150,0,0,150,1.0,1.0,1.0,1.0,0.0,0.0,10.0,1.0,1.0,1.0,1.0,0.0,1.0,0.937080024434942,0.9438728385931568,1.0,1.0,1.0,0.2426830829936079,4.0,50.0,5.0,71.42857142857143,2.0,,2.0,100.0,0.16666666666666674,12.500000000000005,27.0,72.97297297297297,29.0,43.28358208955223,32.0,28.57142857142857,1.833333333333333,29.729729729729726,-0.6666666666666679,-3.5714285714285774,-0.012894710122855091,-5.123033481242429,3.0,75.0
rework,0.5,1007,350,150,150,0.0,0.05,0.95,8,2,0.0057142857142857,0.9991518824216165,0.9991518824216165,7.551428571428572,8,8,8,0,16,12,12,8,2,2,0,0,1,2,0.0909090909090909,4,1.5,144,128,64,96,80,6,58,7,8,8,0,0.2388059701492537,7.0,7,14,0.78875,1.0,8.0,18.0,12.0,150,0,0,150,1.0,1.0,1.0,1.0,0.0,0.0,10.0,1.0,1.0,1.0,1.0,0.0,150,0,0,150,1.0,1.0,1.0,1.0,0.0,0.0,10.0,1.0,1.0,1.0,1.0,0.0,150,0,0,150,1.0,1.0,1.0,1.0,0.0,0.0,10.0,1.0,1.0,1.0,1.0,0.0,1.0,0.9429741650913672,0.9425854531472336,1.0,1.0,1.0,0.2418932500004302,4.0,50.0,5.0,71.42857142857143,2.0,,2.0,100.0,0.16666666666666674,12.500000000000005,27.0,72.97297297297297,29.0,43.28358208955223,32.0,28.57142857142857,1.833333333333333,29.729729729729726,-0.6666666666666679,-3.5714285714285774,-0.012894710122855091,-5.123033481242429,3.0,75.0
rework,0.5,1008,350,150,150,0.0,0.05,0.95,8,2,0.0057142857142857,0.9960156701674572,0.9960156701674572,7.611428571428571,8,8,8,0,16,12,12,8,2,2,0,0,1,2,0.0909090909090909,4,1.5,144,128,64,96,80,6,58,7,8,8,0,0.2388059701492537,7.0,7,14,0.7975,1.0,8.0,18.0,12.0,150,0,0,150,1.0,1.0,1.0,1.0,0.0,0.0,10.0,1.0,1.0,1.0,1.0,0.0,150,0,0,150,1.0,1.0,1.0,1.0,0.0,0.0,10.0,1.0,1.0,1.0,1.0,0.0,150,0,0,150,1.0,1.0,1.0,1.0,0.0,0.0,10.0,1.0,1.0,1.0,1.0,0.0,1.0,0.9412866958151156,0.9429700881542198,1.0,1.0,1.0,0.2676148749887943,4.0,50.0,5.0,71.42857142857143,2.0,,2.0,100.0,0.16666666666666674,12.500000000000005,27.0,72.97297297297297,29.0,43.28358208955223,32.0,28.57142857142857,1.833333333333333,29.729729729729726,-0.6666666666666679,-3.5714285714285774,-0.012894710122855091,-5.123033481242429,3.0,75.0
rework,0.5,1009,350,150,150,0.0,0.05,0.95,8,2,0.0057142857142857,0.9980912674949578,0.9980912674949578,7.577142857142857,8,8,8,0,16,12,12,8,2,2,0,0,1,2,0.0909090909090909,4,1.5,144,128,64,96,80,6,58,7,8,8,0,0.2388059701492537,7.0,7,14,0.7925,1.0,8.0,18.0,12.0,150,0,0,150,1.0,1.0,1.0,1.0,0.0,0.0,10.0,1.0,1.0,1.0,1.0,0.0,150,0,0,150,1.0,1.0,1.0,1.0,0.0,0.0,10.0,1.0,1.0,1.0,1.0,0.0,150,0,0,150,1.0,1.0,1.0,1.0,0.0,0.0,10.0,1.0,1.0,1.0,1.0,0.0,1.0,0.9422473320778404,0.9427528212114858,1.0,1.0,1.0,0.2415654160140548,4.0,50.0,5.0,71.42857142857143,2.0,,2.0,100.0,0.16666666666666674,12.500000000000005,27.0,72.97297297297297,29.0,43.28358208955223,32.0,28.57142857142857,1.833333333333333,29.729729729729726,-0.6666666666666679,-3.5714285714285774,-0.012894710122855091,-5.123033481242429,3.0,75.0
rework,0.5,1010,350,150,150,0.0,0.05,0.95,8,2,0.0057142857142857,0.9999057811299176,0.9999057811299176,7.517142857142857,8,8,8,0,16,12,12,8,2,2,0,0,1,2,0.0909090909090909,4,1.5,144,128,64,96,80,6,58,7,8,8,0,0.2388059701492537,7.0,7,14,0.78375,1.0,8.0,18.0,12.0,150,0,0,150,1.0,1.0,1.0,1.0,0.0,0.0,10.0,1.0,1.0,1.0,1.0,0.0,150,0,0,150,1.0,1.0,1.0,1.0,0.0,0.0,10.0,1.0,1.0,1.0,1.0,0.0,150,0,0,150,1.0,1.0,1.0,1.0,0.0,0.0,10.0,1.0,1.0,1.0,1.0,0.0,1.0,0.9439518682710576,0.9423561085375134,1.0,1.0,1.0,0.2412765409972053,4.0,50.0,5.0,71.42857142857143,2.0,,2.0,100.0,0.16666666666666674,12.500000000000005,27.0,72.97297297297297,29.0,43.28358208955223,32.0,28.57142857142857,1.833333333333333,29.729729729729726,-0.6666666666666679,-3.5714285714285774,-0.012894710122855091,-5.123033481242429,3.0,75.0
