scenario,variability,seed,train_traces,positive_test_traces,negative_test_traces,inductive_noise_threshold,declare_min_support_ratio,declare_min_confidence_ratio,train_activity_count,train_variant_count,train_variant_ratio,train_variant_entropy,train_variant_entropy_normalized,train_mean_trace_length,imperative_petri_places,imperative_petri_transitions,imperative_petri_visible_transitions,imperative_petri_hidden_transitions,imperative_petri_arcs,imperative_bpmn_nodes,imperative_bpmn_flows,imperative_bpmn_tasks,imperative_bpmn_gateways,imperative_bpmn_xor_gateways,imperative_bpmn_and_gateways,imperative_bpmn_or_gateways,imperative_bpmn_split_gateways,imperative_control_flow_complexity,imperative_bpmn_density,imperative_bpmn_structural_overhead,imperative_bpmn_nodes_per_observed_activity,declarative_declare_relation_records_raw,declarative_declare_symmetric_deduplicated_constraints,declarative_declare_constraints,declarative_declare_constraints_primitive_preferred,declarative_declare_redundant_records_removed,declarative_declare_unary_constraints,declarative_declare_binary_constraints,declarative_declare_template_count,declarative_declare_observed_activities,declarative_declare_constrained_activities,declarative_declare_unconstrained_activities,declarative_declare_constraint_density,declarative_declare_graph_mean_degree,declarative_declare_graph_max_degree,declarative_declare_relation_overlap,declarative_declare_mean_support_ratio,declarative_declare_mean_confidence_ratio,declarative_declare_constraints_per_observed_activity,declarative_declare_raw_records_per_observed_activity,declarative_declare_primitive_constraints_per_observed_activity,imperative_test_tp,imperative_test_fn,imperative_test_fp,imperative_test_tn,imperative_test_accuracy,imperative_test_precision,imperative_test_recall,imperative_test_f1,imperative_test_false_acceptance_rate,imperative_test_false_rejection_rate,imperative_test_mutation_family_count,imperative_test_mutation_macro_rejection_rate,imperative_test_mutation_macro_balanced_accuracy,imperative_test_f1_leave_one_family_out_min,imperative_test_f1_leave_one_family_out_max,imperative_test_f1_leave_one_family_out_range,declarative_test_tp,declarative_test_fn,declarative_test_fp,declarative_test_tn,declarative_test_accuracy,declarative_test_precision,declarative_test_recall,declarative_test_f1,declarative_test_false_acceptance_rate,declarative_test_false_rejection_rate,declarative_test_mutation_family_count,declarative_test_mutation_macro_rejection_rate,declarative_test_mutation_macro_balanced_accuracy,declarative_test_f1_leave_one_family_out_min,declarative_test_f1_leave_one_family_out_max,declarative_test_f1_leave_one_family_out_range,declarative_closed_world_test_tp,declarative_closed_world_test_fn,declarative_closed_world_test_fp,declarative_closed_world_test_tn,declarative_closed_world_test_accuracy,declarative_closed_world_test_precision,declarative_closed_world_test_recall,declarative_closed_world_test_f1,declarative_closed_world_test_false_acceptance_rate,declarative_closed_world_test_false_rejection_rate,declarative_closed_world_test_mutation_family_count,declarative_closed_world_test_mutation_macro_rejection_rate,declarative_closed_world_test_mutation_macro_balanced_accuracy,declarative_closed_world_test_f1_leave_one_family_out_min,declarative_closed_world_test_f1_leave_one_family_out_max,declarative_closed_world_test_f1_leave_one_family_out_range,imperative_native_fitness,imperative_native_precision,imperative_native_generalization,imperative_native_simplicity,declarative_full_trace_conformance,declarative_mean_constraint_satisfaction,runtime_seconds
rework,0.0,1001,350,150,150,0.0,0.03,0.9,6,1,0.002857142857142857,0.0,0.0,6.0,7,6,6,0,12,8,7,6,0,0,0,0,0,0,0.125,2,1.3333333333333333,112,97,37,67,75,7,30,4,6,6,0,0.25170068027210885,5.0,5,5,1.0,1.0,6.166666666666667,18.666666666666668,11.166666666666666,150,0,0,150,1.0,1.0,1.0,1.0,0.0,0.0,10.0,1.0,1.0,1.0,1.0,0.0,150,0,30,120,0.9,0.8333333333333334,1.0,0.9090909090909091,0.2,0.0,10.0,0.8,0.9,0.9090909090909091,0.9523809523809523,0.04329004329004327,150,0,0,150,1.0,1.0,1.0,1.0,0.0,0.0,10.0,1.0,1.0,1.0,1.0,0.0,1.0,1.0,0.9465477516175151,1.0,1.0,1.0,0.22731195800588466
rework,0.0,1001,350,150,150,0.0,0.03,0.95,6,1,0.002857142857142857,0.0,0.0,6.0,7,6,6,0,12,8,7,6,0,0,0,0,0,0,0.125,2,1.3333333333333333,112,97,37,67,75,7,30,4,6,6,0,0.25170068027210885,5.0,5,5,1.0,1.0,6.166666666666667,18.666666666666668,11.166666666666666,150,0,0,150,1.0,1.0,1.0,1.0,0.0,0.0,10.0,1.0,1.0,1.0,1.0,0.0,150,0,30,120,0.9,0.8333333333333334,1.0,0.9090909090909091,0.2,0.0,10.0,0.8,0.9,0.9090909090909091,0.9523809523809523,0.04329004329004327,150,0,0,150,1.0,1.0,1.0,1.0,0.0,0.0,10.0,1.0,1.0,1.0,1.0,0.0,1.0,1.0,0.9465477516175151,1.0,1.0,1.0,0.21936970797833055
rework,0.0,1001,350,150,150,0.0,0.03,0.99,6,1,0.002857142857142857,0.0,0.0,6.0,7,6,6,0,12,8,7,6,0,0,0,0,0,0,0.125,2,1.3333333333333333,112,97,37,67,75,7,30,4,6,6,0,0.25170068027210885,5.0,5,5,1.0,1.0,6.166666666666667,18.666666666666668,11.166666666666666,150,0,0,150,1.0,1.0,1.0,1.0,0.0,0.0,10.0,1.0,1.0,1.0,1.0,0.0,150,0,30,120,0.9,0.8333333333333334,1.0,0.9090909090909091,0.2,0.0,10.0,0.8,0.9,0.9090909090909091,0.9523809523809523,0.04329004329004327,150,0,0,150,1.0,1.0,1.0,1.0,0.0,0.0,10.0,1.0,1.0,1.0,1.0,0.0,1.0,1.0,0.9465477516175151,1.0,1.0,1.0,0.23979954200331122
rework,0.0,1001,350,150,150,0.0,0.05,0.9,6,1,0.002857142857142857,0.0,0.0,6.0,7,6,6,0,12,8,7,6,0,0,0,0,0,0,0.125,2,1.3333333333333333,112,97,37,67,75,7,30,4,6,6,0,0.25170068027210885,5.0,5,5,1.0,1.0,6.166666666666667,18.666666666666668,11.166666666666666,150,0,0,150,1.0,1.0,1.0,1.0,0.0,0.0,10.0,1.0,1.0,1.0,1.0,0.0,150,0,30,120,0.9,0.8333333333333334,1.0,0.9090909090909091,0.2,0.0,10.0,0.8,0.9,0.9090909090909091,0.9523809523809523,0.04329004329004327,150,0,0,150,1.0,1.0,1.0,1.0,0.0,0.0,10.0,1.0,1.0,1.0,1.0,0.0,1.0,1.0,0.9465477516175151,1.0,1.0,1.0,0.2106100830133073
rework,0.0,1001,350,150,150,0.0,0.05,0.95,6,1,0.002857142857142857,0.0,0.0,6.0,7,6,6,0,12,8,7,6,0,0,0,0,0,0,0.125,2,1.3333333333333333,112,97,37,67,75,7,30,4,6,6,0,0.25170068027210885,5.0,5,5,1.0,1.0,6.166666666666667,18.666666666666668,11.166666666666666,150,0,0,150,1.0,1.0,1.0,1.0,0.0,0.0,10.0,1.0,1.0,1.0,1.0,0.0,150,0,30,120,0.9,0.8333333333333334,1.0,0.9090909090909091,0.2,0.0,10.0,0.8,0.9,0.9090909090909091,0.9523809523809523,0.04329004329004327,150,0,0,150,1.0,1.0,1.0,1.0,0.0,0.0,10.0,1.0,1.0,1.0,1.0,0.0,1.0,1.0,0.9465477516175151,1.0,1.0,1.0,0.22898349998285994
rework,0.0,1001,350,150,150,0.0,0.05,0.99,6,1,0.002857142857142857,0.0,0.0,6.0,7,6,6,0,12,8,7,6,0,0,0,0,0,0,0.125,2,1.3333333333333333,112,97,37,67,75,7,30,4,6,6,0,0.25170068027210885,5.0,5,5,1.0,1.0,6.166666666666667,18.666666666666668,11.166666666666666,150,0,0,150,1.0,1.0,1.0,1.0,0.0,0.0,10.0,1.0,1.0,1.0,1.0,0.0,150,0,30,120,0.9,0.8333333333333334,1.0,0.9090909090909091,0.2,0.0,10.0,0.8,0.9,0.9090909090909091,0.9523809523809523,0.04329004329004327,150,0,0,150,1.0,1.0,1.0,1.0,0.0,0.0,10.0,1.0,1.0,1.0,1.0,0.0,1.0,1.0,0.9465477516175151,1.0,1.0,1.0,0.2444836659997236
rework,0.0,1001,350,150,150,0.0,0.07,0.9,6,1,0.002857142857142857,0.0,0.0,6.0,7,6,6,0,12,8,7,6,0,0,0,0,0,0,0.125,2,1.3333333333333333,112,97,37,67,75,7,30,4,6,6,0,0.25170068027210885,5.0,5,5,1.0,1.0,6.166666666666667,18.666666666666668,11.166666666666666,150,0,0,150,1.0,1.0,1.0,1.0,0.0,0.0,10.0,1.0,1.0,1.0,1.0,0.0,150,0,30,120,0.9,0.8333333333333334,1.0,0.9090909090909091,0.2,0.0,10.0,0.8,0.9,0.9090909090909091,0.9523809523809523,0.04329004329004327,150,0,0,150,1.0,1.0,1.0,1.0,0.0,0.0,10.0,1.0,1.0,1.0,1.0,0.0,1.0,1.0,0.9465477516175151,1.0,1.0,1.0,0.24904341701767407
rework,0.0,1001,350,150,150,0.0,0.07,0.95,6,1,0.002857142857142857,0.0,0.0,6.0,7,6,6,0,12,8,7,6,0,0,0,0,0,0,0.125,2,1.3333333333333333,112,97,37,67,75,7,30,4,6,6,0,0.25170068027210885,5.0,5,5,1.0,1.0,6.166666666666667,18.666666666666668,11.166666666666666,150,0,0,150,1.0,1.0,1.0,1.0,0.0,0.0,10.0,1.0,1.0,1.0,1.0,0.0,150,0,30,120,0.9,0.8333333333333334,1.0,0.9090909090909091,0.2,0.0,10.0,0.8,0.9,0.9090909090909091,0.9523809523809523,0.04329004329004327,150,0,0,150,1.0,1.0,1.0,1.0,0.0,0.0,10.0,1.0,1.0,1.0,1.0,0.0,1.0,1.0,0.9465477516175151,1.0,1.0,1.0,0.2637530420033727
rework,0.0,1001,350,150,150,0.0,0.07,0.99,6,1,0.002857142857142857,0.0,0.0,6.0,7,6,6,0,12,8,7,6,0,0,0,0,0,0,0.125,2,1.3333333333333333,112,97,37,67,75,7,30,4,6,6,0,0.25170068027210885,5.0,5,5,1.0,1.0,6.166666666666667,18.666666666666668,11.166666666666666,150,0,0,150,1.0,1.0,1.0,1.0,0.0,0.0,10.0,1.0,1.0,1.0,1.0,0.0,150,0,30,120,0.9,0.8333333333333334,1.0,0.9090909090909091,0.2,0.0,10.0,0.8,0.9,0.9090909090909091,0.9523809523809523,0.04329004329004327,150,0,0,150,1.0,1.0,1.0,1.0,0.0,0.0,10.0,1.0,1.0,1.0,1.0,0.0,1.0,1.0,0.9465477516175151,1.0,1.0,1.0,0.24341333299526013
rework,0.0,1002,350,150,150,0.0,0.03,0.9,6,1,0.002857142857142857,0.0,0.0,6.0,7,6,6,0,12,8,7,6,0,0,0,0,0,0,0.125,2,1.3333333333333333,112,97,37,67,75,7,30,4,6,6,0,0.25170068027210885,5.0,5,5,1.0,1.0,6.166666666666667,18.666666666666668,11.166666666666666,150,0,0,150,1.0,1.0,1.0,1.0,0.0,0.0,10.0,1.0,1.0,1.0,1.0,0.0,150,0,30,120,0.9,0.8333333333333334,1.0,0.9090909090909091,0.2,0.0,10.0,0.8,0.9,0.9090909090909091,0.9523809523809523,0.04329004329004327,150,0,0,150,1.0,1.0,1.0,1.0,0.0,0.0,10.0,1.0,1.0,1.0,1.0,0.0,1.0,1.0,0.9465477516175151,1.0,1.0,1.0,0.27525654100463726
rework,0.0,1002,350,150,150,0.0,0.03,0.95,6,1,0.002857142857142857,0.0,0.0,6.0,7,6,6,0,12,8,7,6,0,0,0,0,0,0,0.125,2,1.3333333333333333,112,97,37,67,75,7,30,4,6,6,0,0.25170068027210885,5.0,5,5,1.0,1.0,6.166666666666667,18.666666666666668,11.166666666666666,150,0,0,150,1.0,1.0,1.0,1.0,0.0,0.0,10.0,1.0,1.0,1.0,1.0,0.0,150,0,30,120,0.9,0.8333333333333334,1.0,0.9090909090909091,0.2,0.0,10.0,0.8,0.9,0.9090909090909091,0.9523809523809523,0.04329004329004327,150,0,0,150,1.0,1.0,1.0,1.0,0.0,0.0,10.0,1.0,1.0,1.0,1.0,0.0,1.0,1.0,0.9465477516175151,1.0,1.0,1.0,0.2871749160112813
rework,0.0,1002,350,150,150,0.0,0.03,0.99,6,1,0.002857142857142857,0.0,0.0,6.0,7,6,6,0,12,8,7,6,0,0,0,0,0,0,0.125,2,1.3333333333333333,112,97,37,67,75,7,30,4,6,6,0,0.25170068027210885,5.0,5,5,1.0,1.0,6.166666666666667,18.666666666666668,11.166666666666666,150,0,0,150,1.0,1.0,1.0,1.0,0.0,0.0,10.0,1.0,1.0,1.0,1.0,0.0,150,0,30,120,0.9,0.8333333333333334,1.0,0.9090909090909091,0.2,0.0,10.0,0.8,0.9,0.9090909090909091,0.9523809523809523,0.04329004329004327,150,0,0,150,1.0,1.0,1.0,1.0,0.0,0.0,10.0,1.0,1.0,1.0,1.0,0.0,1.0,1.0,0.9465477516175151,1.0,1.0,1.0,0.29698179199476726
rework,0.0,1002,350,150,150,0.0,0.05,0.9,6,1,0.002857142857142857,0.0,0.0,6.0,7,6,6,0,12,8,7,6,0,0,0,0,0,0,0.125,2,1.3333333333333333,112,97,37,67,75,7,30,4,6,6,0,0.25170068027210885,5.0,5,5,1.0,1.0,6.166666666666667,18.666666666666668,11.166666666666666,150,0,0,150,1.0,1.0,1.0,1.0,0.0,0.0,10.0,1.0,1.0,1.0,1.0,0.0,150,0,30,120,0.9,0.8333333333333334,1.0,0.9090909090909091,0.2,0.0,10.0,0.8,0.9,0.9090909090909091,0.9523809523809523,0.04329004329004327,150,0,0,150,1.0,1.0,1.0,1.0,0.0,0.0,10.0,1.0,1.0,1.0,1.0,0.0,1.0,1.0,0.9465477516175151,1.0,1.0,1.0,0.36677316698478535
rework,0.0,1002,350,150,150,0.0,0.05,0.95,6,1,0.002857142857142857,0.0,0.0,6.0,7,6,6,0,12,8,7,6,0,0,0,0,0,0,0.125,2,1.3333333333333333,112,97,37,67,75,7,30,4,6,6,0,0.25170068027210885,5.0,5,5,1.0,1.0,6.166666666666667,18.666666666666668,11.166666666666666,150,0,0,150,1.0,1.0,1.0,1.0,0.0,0.0,10.0,1.0,1.0,1.0,1.0,0.0,150,0,30,120,0.9,0.8333333333333334,1.0,0.9090909090909091,0.2,0.0,10.0,0.8,0.9,0.9090909090909091,0.9523809523809523,0.04329004329004327,150,0,0,150,1.0,1.0,1.0,1.0,0.0,0.0,10.0,1.0,1.0,1.0,1.0,0.0,1.0,1.0,0.9465477516175151,1.0,1.0,1.0,0.25551824999274686
rework,0.0,1002,350,150,150,0.0,0.05,0.99,6,1,0.002857142857142857,0.0,0.0,6.0,7,6,6,0,12,8,7,6,0,0,0,0,0,0,0.125,2,1.3333333333333333,112,97,37,67,75,7,30,4,6,6,0,0.25170068027210885,5.0,5,5,1.0,1.0,6.166666666666667,18.666666666666668,11.166666666666666,150,0,0,150,1.0,1.0,1.0,1.0,0.0,0.0,10.0,1.0,1.0,1.0,1.0,0.0,150,0,30,120,0.9,0.8333333333333334,1.0,0.9090909090909091,0.2,0.0,10.0,0.8,0.9,0.9090909090909091,0.9523809523809523,0.04329004329004327,150,0,0,150,1.0,1.0,1.0,1.0,0.0,0.0,10.0,1.0,1.0,1.0,1.0,0.0,1.0,1.0,0.9465477516175151,1.0,1.0,1.0,0.2480941670073662
rework,0.0,1002,350,150,150,0.0,0.07,0.9,6,1,0.002857142857142857,0.0,0.0,6.0,7,6,6,0,12,8,7,6,0,0,0,0,0,0,0.125,2,1.3333333333333333,112,97,37,67,75,7,30,4,6,6,0,0.25170068027210885,5.0,5,5,1.0,1.0,6.166666666666667,18.666666666666668,11.166666666666666,150,0,0,150,1.0,1.0,1.0,1.0,0.0,0.0,10.0,1.0,1.0,1.0,1.0,0.0,150,0,30,120,0.9,0.8333333333333334,1.0,0.9090909090909091,0.2,0.0,10.0,0.8,0.9,0.9090909090909091,0.9523809523809523,0.04329004329004327,150,0,0,150,1.0,1.0,1.0,1.0,0.0,0.0,10.0,1.0,1.0,1.0,1.0,0.0,1.0,1.0,0.9465477516175151,1.0,1.0,1.0,0.2365055829868652
rework,0.0,1002,350,150,150,0.0,0.07,0.95,6,1,0.002857142857142857,0.0,0.0,6.0,7,6,6,0,12,8,7,6,0,0,0,0,0,0,0.125,2,1.3333333333333333,112,97,37,67,75,7,30,4,6,6,0,0.25170068027210885,5.0,5,5,1.0,1.0,6.166666666666667,18.666666666666668,11.166666666666666,150,0,0,150,1.0,1.0,1.0,1.0,0.0,0.0,10.0,1.0,1.0,1.0,1.0,0.0,150,0,30,120,0.9,0.8333333333333334,1.0,0.9090909090909091,0.2,0.0,10.0,0.8,0.9,0.9090909090909091,0.9523809523809523,0.04329004329004327,150,0,0,150,1.0,1.0,1.0,1.0,0.0,0.0,10.0,1.0,1.0,1.0,1.0,0.0,1.0,1.0,0.9465477516175151,1.0,1.0,1.0,0.23051170899998397
rework,0.0,1002,350,150,150,0.0,0.07,0.99,6,1,0.002857142857142857,0.0,0.0,6.0,7,6,6,0,12,8,7,6,0,0,0,0,0,0,0.125,2,1.3333333333333333,112,97,37,67,75,7,30,4,6,6,0,0.25170068027210885,5.0,5,5,1.0,1.0,6.166666666666667,18.666666666666668,11.166666666666666,150,0,0,150,1.0,1.0,1.0,1.0,0.0,0.0,10.0,1.0,1.0,1.0,1.0,0.0,150,0,30,120,0.9,0.8333333333333334,1.0,0.9090909090909091,0.2,0.0,10.0,0.8,0.9,0.9090909090909091,0.9523809523809523,0.04329004329004327,150,0,0,150,1.0,1.0,1.0,1.0,0.0,0.0,10.0,1.0,1.0,1.0,1.0,0.0,1.0,1.0,0.9465477516175151,1.0,1.0,1.0,0.2439609169960022
rework,0.0,1003,350,150,150,0.0,0.03,0.9,6,1,0.002857142857142857,0.0,0.0,6.0,7,6,6,0,12,8,7,6,0,0,0,0,0,0,0.125,2,1.3333333333333333,112,97,37,67,75,7,30,4,6,6,0,0.25170068027210885,5.0,5,5,1.0,1.0,6.166666666666667,18.666666666666668,11.166666666666666,150,0,0,150,1.0,1.0,1.0,1.0,0.0,0.0,10.0,1.0,1.0,1.0,1.0,0.0,150,0,30,120,0.9,0.8333333333333334,1.0,0.9090909090909091,0.2,0.0,10.0,0.8,0.9,0.9090909090909091,0.9523809523809523,0.04329004329004327,150,0,0,150,1.0,1.0,1.0,1.0,0.0,0.0,10.0,1.0,1.0,1.0,1.0,0.0,1.0,1.0,0.9465477516175151,1.0,1.0,1.0,0.21980329099460505
rework,0.0,1003,350,150,150,0.0,0.03,0.95,6,1,0.002857142857142857,0.0,0.0,6.0,7,6,6,0,12,8,7,6,0,0,0,0,0,0,0.125,2,1.3333333333333333,112,97,37,67,75,7,30,4,6,6,0,0.25170068027210885,5.0,5,5,1.0,1.0,6.166666666666667,18.666666666666668,11.166666666666666,150,0,0,150,1.0,1.0,1.0,1.0,0.0,0.0,10.0,1.0,1.0,1.0,1.0,0.0,150,0,30,120,0.9,0.8333333333333334,1.0,0.9090909090909091,0.2,0.0,10.0,0.8,0.9,0.9090909090909091,0.9523809523809523,0.04329004329004327,150,0,0,150,1.0,1.0,1.0,1.0,0.0,0.0,10.0,1.0,1.0,1.0,1.0,0.0,1.0,1.0,0.9465477516175151,1.0,1.0,1.0,0.24101883298135363
rework,0.0,1003,350,150,150,0.0,0.03,0.99,6,1,0.002857142857142857,0.0,0.0,6.0,7,6,6,0,12,8,7,6,0,0,0,0,0,0,0.125,2,1.3333333333333333,112,97,37,67,75,7,30,4,6,6,0,0.25170068027210885,5.0,5,5,1.0,1.0,6.166666666666667,18.666666666666668,11.166666666666666,150,0,0,150,1.0,1.0,1.0,1.0,0.0,0.0,10.0,1.0,1.0,1.0,1.0,0.0,150,0,30,120,0.9,0.8333333333333334,1.0,0.9090909090909091,0.2,0.0,10.0,0.8,0.9,0.9090909090909091,0.9523809523809523,0.04329004329004327,150,0,0,150,1.0,1.0,1.0,1.0,0.0,0.0,10.0,1.0,1.0,1.0,1.0,0.0,1.0,1.0,0.9465477516175151,1.0,1.0,1.0,0.21515595898381434
rework,0.0,1003,350,150,150,0.0,0.05,0.9,6,1,0.002857142857142857,0.0,0.0,6.0,7,6,6,0,12,8,7,6,0,0,0,0,0,0,0.125,2,1.3333333333333333,112,97,37,67,75,7,30,4,6,6,0,0.25170068027210885,5.0,5,5,1.0,1.0,6.166666666666667,18.666666666666668,11.166666666666666,150,0,0,150,1.0,1.0,1.0,1.0,0.0,0.0,10.0,1.0,1.0,1.0,1.0,0.0,150,0,30,120,0.9,0.8333333333333334,1.0,0.9090909090909091,0.2,0.0,10.0,0.8,0.9,0.9090909090909091,0.9523809523809523,0.04329004329004327,150,0,0,150,1.0,1.0,1.0,1.0,0.0,0.0,10.0,1.0,1.0,1.0,1.0,0.0,1.0,1.0,0.9465477516175151,1.0,1.0,1.0,0.20618166698841378
rework,0.0,1003,350,150,150,0.0,0.05,0.95,6,1,0.002857142857142857,0.0,0.0,6.0,7,6,6,0,12,8,7,6,0,0,0,0,0,0,0.125,2,1.3333333333333333,112,97,37,67,75,7,30,4,6,6,0,0.25170068027210885,5.0,5,5,1.0,1.0,6.166666666666667,18.666666666666668,11.166666666666666,150,0,0,150,1.0,1.0,1.0,1.0,0.0,0.0,10.0,1.0,1.0,1.0,1.0,0.0,150,0,30,120,0.9,0.8333333333333334,1.0,0.9090909090909091,0.2,0.0,10.0,0.8,0.9,0.9090909090909091,0.9523809523809523,0.04329004329004327,150,0,0,150,1.0,1.0,1.0,1.0,0.0,0.0,10.0,1.0,1.0,1.0,1.0,0.0,1.0,1.0,0.9465477516175151,1.0,1.0,1.0,0.2322221670183353
rework,0.0,1003,350,150,150,0.0,0.05,0.99,6,1,0.002857142857142857,0.0,0.0,6.0,7,6,6,0,12,8,7,6,0,0,0,0,0,0,0.125,2,1.3333333333333333,112,97,37,67,75,7,30,4,6,6,0,0.25170068027210885,5.0,5,5,1.0,1.0,6.166666666666667,18.666666666666668,11.166666666666666,150,0,0,150,1.0,1.0,1.0,1.0,0.0,0.0,10.0,1.0,1.0,1.0,1.0,0.0,150,0,30,120,0.9,0.8333333333333334,1.0,0.9090909090909091,0.2,0.0,10.0,0.8,0.9,0.9090909090909091,0.9523809523809523,0.04329004329004327,150,0,0,150,1.0,1.0,1.0,1.0,0.0,0.0,10.0,1.0,1.0,1.0,1.0,0.0,1.0,1.0,0.9465477516175151,1.0,1.0,1.0,0.21642962499754503
rework,0.0,1003,350,150,150,0.0,0.07,0.9,6,1,0.002857142857142857,0.0,0.0,6.0,7,6,6,0,12,8,7,6,0,0,0,0,0,0,0.125,2,1.3333333333333333,112,97,37,67,75,7,30,4,6,6,0,0.25170068027210885,5.0,5,5,1.0,1.0,6.166666666666667,18.666666666666668,11.166666666666666,150,0,0,150,1.0,1.0,1.0,1.0,0.0,0.0,10.0,1.0,1.0,1.0,1.0,0.0,150,0,30,120,0.9,0.8333333333333334,1.0,0.9090909090909091,0.2,0.0,10.0,0.8,0.9,0.9090909090909091,0.9523809523809523,0.04329004329004327,150,0,0,150,1.0,1.0,1.0,1.0,0.0,0.0,10.0,1.0,1.0,1.0,1.0,0.0,1.0,1.0,0.9465477516175151,1.0,1.0,1.0,0.23954958299873397
rework,0.0,1003,350,150,150,0.0,0.07,0.95,6,1,0.002857142857142857,0.0,0.0,6.0,7,6,6,0,12,8,7,6,0,0,0,0,0,0,0.125,2,1.3333333333333333,112,97,37,67,75,7,30,4,6,6,0,0.25170068027210885,5.0,5,5,1.0,1.0,6.166666666666667,18.666666666666668,11.166666666666666,150,0,0,150,1.0,1.0,1.0,1.0,0.0,0.0,10.0,1.0,1.0,1.0,1.0,0.0,150,0,30,120,0.9,0.8333333333333334,1.0,0.9090909090909091,0.2,0.0,10.0,0.8,0.9,0.9090909090909091,0.9523809523809523,0.04329004329004327,150,0,0,150,1.0,1.0,1.0,1.0,0.0,0.0,10.0,1.0,1.0,1.0,1.0,0.0,1.0,1.0,0.9465477516175151,1.0,1.0,1.0,0.21816616601427086
rework,0.0,1003,350,150,150,0.0,0.07,0.99,6,1,0.002857142857142857,0.0,0.0,6.0,7,6,6,0,12,8,7,6,0,0,0,0,0,0,0.125,2,1.3333333333333333,112,97,37,67,75,7,30,4,6,6,0,0.25170068027210885,5.0,5,5,1.0,1.0,6.166666666666667,18.666666666666668,11.166666666666666,150,0,0,150,1.0,1.0,1.0,1.0,0.0,0.0,10.0,1.0,1.0,1.0,1.0,0.0,150,0,30,120,0.9,0.8333333333333334,1.0,0.9090909090909091,0.2,0.0,10.0,0.8,0.9,0.9090909090909091,0.9523809523809523,0.04329004329004327,150,0,0,150,1.0,1.0,1.0,1.0,0.0,0.0,10.0,1.0,1.0,1.0,1.0,0.0,1.0,1.0,0.9465477516175151,1.0,1.0,1.0,0.31301229100790806
rework,0.0,1004,350,150,150,0.0,0.03,0.9,6,1,0.002857142857142857,0.0,0.0,6.0,7,6,6,0,12,8,7,6,0,0,0,0,0,0,0.125,2,1.3333333333333333,112,97,37,67,75,7,30,4,6,6,0,0.25170068027210885,5.0,5,5,1.0,1.0,6.166666666666667,18.666666666666668,11.166666666666666,150,0,0,150,1.0,1.0,1.0,1.0,0.0,0.0,10.0,1.0,1.0,1.0,1.0,0.0,150,0,30,120,0.9,0.8333333333333334,1.0,0.9090909090909091,0.2,0.0,10.0,0.8,0.9,0.9090909090909091,0.9523809523809523,0.04329004329004327,150,0,0,150,1.0,1.0,1.0,1.0,0.0,0.0,10.0,1.0,1.0,1.0,1.0,0.0,1.0,1.0,0.9465477516175151,1.0,1.0,1.0,0.25481954199494794
rework,0.0,1004,350,150,150,0.0,0.03,0.95,6,1,0.002857142857142857,0.0,0.0,6.0,7,6,6,0,12,8,7,6,0,0,0,0,0,0,0.125,2,1.3333333333333333,112,97,37,67,75,7,30,4,6,6,0,0.25170068027210885,5.0,5,5,1.0,1.0,6.166666666666667,18.666666666666668,11.166666666666666,150,0,0,150,1.0,1.0,1.0,1.0,0.0,0.0,10.0,1.0,1.0,1.0,1.0,0.0,150,0,30,120,0.9,0.8333333333333334,1.0,0.9090909090909091,0.2,0.0,10.0,0.8,0.9,0.9090909090909091,0.9523809523809523,0.04329004329004327,150,0,0,150,1.0,1.0,1.0,1.0,0.0,0.0,10.0,1.0,1.0,1.0,1.0,0.0,1.0,1.0,0.9465477516175151,1.0,1.0,1.0,0.22203699999954551
rework,0.0,1004,350,150,150,0.0,0.03,0.99,6,1,0.002857142857142857,0.0,0.0,6.0,7,6,6,0,12,8,7,6,0,0,0,0,0,0,0.125,2,1.3333333333333333,112,97,37,67,75,7,30,4,6,6,0,0.25170068027210885,5.0,5,5,1.0,1.0,6.166666666666667,18.666666666666668,11.166666666666666,150,0,0,150,1.0,1.0,1.0,1.0,0.0,0.0,10.0,1.0,1.0,1.0,1.0,0.0,150,0,30,120,0.9,0.8333333333333334,1.0,0.9090909090909091,0.2,0.0,10.0,0.8,0.9,0.9090909090909091,0.9523809523809523,0.04329004329004327,150,0,0,150,1.0,1.0,1.0,1.0,0.0,0.0,10.0,1.0,1.0,1.0,1.0,0.0,1.0,1.0,0.9465477516175151,1.0,1.0,1.0,0.24733583300258033
rework,0.0,1004,350,150,150,0.0,0.05,0.9,6,1,0.002857142857142857,0.0,0.0,6.0,7,6,6,0,12,8,7,6,0,0,0,0,0,0,0.125,2,1.3333333333333333,112,97,37,67,75,7,30,4,6,6,0,0.25170068027210885,5.0,5,5,1.0,1.0,6.166666666666667,18.666666666666668,11.166666666666666,150,0,0,150,1.0,1.0,1.0,1.0,0.0,0.0,10.0,1.0,1.0,1.0,1.0,0.0,150,0,30,120,0.9,0.8333333333333334,1.0,0.9090909090909091,0.2,0.0,10.0,0.8,0.9,0.9090909090909091,0.9523809523809523,0.04329004329004327,150,0,0,150,1.0,1.0,1.0,1.0,0.0,0.0,10.0,1.0,1.0,1.0,1.0,0.0,1.0,1.0,0.9465477516175151,1.0,1.0,1.0,0.23072024999419227
rework,0.0,1004,350,150,150,0.0,0.05,0.95,6,1,0.002857142857142857,0.0,0.0,6.0,7,6,6,0,12,8,7,6,0,0,0,0,0,0,0.125,2,1.3333333333333333,112,97,37,67,75,7,30,4,6,6,0,0.25170068027210885,5.0,5,5,1.0,1.0,6.166666666666667,18.666666666666668,11.166666666666666,150,0,0,150,1.0,1.0,1.0,1.0,0.0,0.0,10.0,1.0,1.0,1.0,1.0,0.0,150,0,30,120,0.9,0.8333333333333334,1.0,0.9090909090909091,0.2,0.0,10.0,0.8,0.9,0.9090909090909091,0.9523809523809523,0.04329004329004327,150,0,0,150,1.0,1.0,1.0,1.0,0.0,0.0,10.0,1.0,1.0,1.0,1.0,0.0,1.0,1.0,0.9465477516175151,1.0,1.0,1.0,0.23138637500233017
rework,0.0,1004,350,150,150,0.0,0.05,0.99,6,1,0.002857142857142857,0.0,0.0,6.0,7,6,6,0,12,8,7,6,0,0,0,0,0,0,0.125,2,1.3333333333333333,112,97,37,67,75,7,30,4,6,6,0,0.25170068027210885,5.0,5,5,1.0,1.0,6.166666666666667,18.666666666666668,11.166666666666666,150,0,0,150,1.0,1.0,1.0,1.0,0.0,0.0,10.0,1.0,1.0,1.0,1.0,0.0,150,0,30,120,0.9,0.8333333333333334,1.0,0.9090909090909091,0.2,0.0,10.0,0.8,0.9,0.9090909090909091,0.9523809523809523,0.04329004329004327,150,0,0,150,1.0,1.0,1.0,1.0,0.0,0.0,10.0,1.0,1.0,1.0,1.0,0.0,1.0,1.0,0.9465477516175151,1.0,1.0,1.0,0.26181870902655646
rework,0.0,1004,350,150,150,0.0,0.07,0.9,6,1,0.002857142857142857,0.0,0.0,6.0,7,6,6,0,12,8,7,6,0,0,0,0,0,0,0.125,2,1.3333333333333333,112,97,37,67,75,7,30,4,6,6,0,0.25170068027210885,5.0,5,5,1.0,1.0,6.166666666666667,18.666666666666668,11.166666666666666,150,0,0,150,1.0,1.0,1.0,1.0,0.0,0.0,10.0,1.0,1.0,1.0,1.0,0.0,150,0,30,120,0.9,0.8333333333333334,1.0,0.9090909090909091,0.2,0.0,10.0,0.8,0.9,0.9090909090909091,0.9523809523809523,0.04329004329004327,150,0,0,150,1.0,1.0,1.0,1.0,0.0,0.0,10.0,1.0,1.0,1.0,1.0,0.0,1.0,1.0,0.9465477516175151,1.0,1.0,1.0,0.23067583399824798
rework,0.0,1004,350,150,150,0.0,0.07,0.95,6,1,0.002857142857142857,0.0,0.0,6.0,7,6,6,0,12,8,7,6,0,0,0,0,0,0,0.125,2,1.3333333333333333,112,97,37,67,75,7,30,4,6,6,0,0.25170068027210885,5.0,5,5,1.0,1.0,6.166666666666667,18.666666666666668,11.166666666666666,150,0,0,150,1.0,1.0,1.0,1.0,0.0,0.0,10.0,1.0,1.0,1.0,1.0,0.0,150,0,30,120,0.9,0.8333333333333334,1.0,0.9090909090909091,0.2,0.0,10.0,0.8,0.9,0.9090909090909091,0.9523809523809523,0.04329004329004327,150,0,0,150,1.0,1.0,1.0,1.0,0.0,0.0,10.0,1.0,1.0,1.0,1.0,0.0,1.0,1.0,0.9465477516175151,1.0,1.0,1.0,0.24015891598537564
rework,0.0,1004,350,150,150,0.0,0.07,0.99,6,1,0.002857142857142857,0.0,0.0,6.0,7,6,6,0,12,8,7,6,0,0,0,0,0,0,0.125,2,1.3333333333333333,112,97,37,67,75,7,30,4,6,6,0,0.25170068027210885,5.0,5,5,1.0,1.0,6.166666666666667,18.666666666666668,11.166666666666666,150,0,0,150,1.0,1.0,1.0,1.0,0.0,0.0,10.0,1.0,1.0,1.0,1.0,0.0,150,0,30,120,0.9,0.8333333333333334,1.0,0.9090909090909091,0.2,0.0,10.0,0.8,0.9,0.9090909090909091,0.9523809523809523,0.04329004329004327,150,0,0,150,1.0,1.0,1.0,1.0,0.0,0.0,10.0,1.0,1.0,1.0,1.0,0.0,1.0,1.0,0.9465477516175151,1.0,1.0,1.0,0.21960683399811387
rework,0.0,1005,350,150,150,0.0,0.03,0.9,6,1,0.002857142857142857,0.0,0.0,6.0,7,6,6,0,12,8,7,6,0,0,0,0,0,0,0.125,2,1.3333333333333333,112,97,37,67,75,7,30,4,6,6,0,0.25170068027210885,5.0,5,5,1.0,1.0,6.166666666666667,18.666666666666668,11.166666666666666,150,0,0,150,1.0,1.0,1.0,1.0,0.0,0.0,10.0,1.0,1.0,1.0,1.0,0.0,150,0,30,120,0.9,0.8333333333333334,1.0,0.9090909090909091,0.2,0.0,10.0,0.8,0.9,0.9090909090909091,0.9523809523809523,0.04329004329004327,150,0,0,150,1.0,1.0,1.0,1.0,0.0,0.0,10.0,1.0,1.0,1.0,1.0,0.0,1.0,1.0,0.9465477516175151,1.0,1.0,1.0,0.23662941600196064
rework,0.0,1005,350,150,150,0.0,0.03,0.95,6,1,0.002857142857142857,0.0,0.0,6.0,7,6,6,0,12,8,7,6,0,0,0,0,0,0,0.125,2,1.3333333333333333,112,97,37,67,75,7,30,4,6,6,0,0.25170068027210885,5.0,5,5,1.0,1.0,6.166666666666667,18.666666666666668,11.166666666666666,150,0,0,150,1.0,1.0,1.0,1.0,0.0,0.0,10.0,1.0,1.0,1.0,1.0,0.0,150,0,30,120,0.9,0.8333333333333334,1.0,0.9090909090909091,0.2,0.0,10.0,0.8,0.9,0.9090909090909091,0.9523809523809523,0.04329004329004327,150,0,0,150,1.0,1.0,1.0,1.0,0.0,0.0,10.0,1.0,1.0,1.0,1.0,0.0,1.0,1.0,0.9465477516175151,1.0,1.0,1.0,0.24121941698831506
rework,0.0,1005,350,150,150,0.0,0.03,0.99,6,1,0.002857142857142857,0.0,0.0,6.0,7,6,6,0,12,8,7,6,0,0,0,0,0,0,0.125,2,1.3333333333333333,112,97,37,67,75,7,30,4,6,6,0,0.25170068027210885,5.0,5,5,1.0,1.0,6.166666666666667,18.666666666666668,11.166666666666666,150,0,0,150,1.0,1.0,1.0,1.0,0.0,0.0,10.0,1.0,1.0,1.0,1.0,0.0,150,0,30,120,0.9,0.8333333333333334,1.0,0.9090909090909091,0.2,0.0,10.0,0.8,0.9,0.9090909090909091,0.9523809523809523,0.04329004329004327,150,0,0,150,1.0,1.0,1.0,1.0,0.0,0.0,10.0,1.0,1.0,1.0,1.0,0.0,1.0,1.0,0.9465477516175151,1.0,1.0,1.0,0.22012391599128023
rework,0.0,1005,350,150,150,0.0,0.05,0.9,6,1,0.002857142857142857,0.0,0.0,6.0,7,6,6,0,12,8,7,6,0,0,0,0,0,0,0.125,2,1.3333333333333333,112,97,37,67,75,7,30,4,6,6,0,0.25170068027210885,5.0,5,5,1.0,1.0,6.166666666666667,18.666666666666668,11.166666666666666,150,0,0,150,1.0,1.0,1.0,1.0,0.0,0.0,10.0,1.0,1.0,1.0,1.0,0.0,150,0,30,120,0.9,0.8333333333333334,1.0,0.9090909090909091,0.2,0.0,10.0,0.8,0.9,0.9090909090909091,0.9523809523809523,0.04329004329004327,150,0,0,150,1.0,1.0,1.0,1.0,0.0,0.0,10.0,1.0,1.0,1.0,1.0,0.0,1.0,1.0,0.9465477516175151,1.0,1.0,1.0,0.24108837501262315
rework,0.0,1005,350,150,150,0.0,0.05,0.95,6,1,0.002857142857142857,0.0,0.0,6.0,7,6,6,0,12,8,7,6,0,0,0,0,0,0,0.125,2,1.3333333333333333,112,97,37,67,75,7,30,4,6,6,0,0.25170068027210885,5.0,5,5,1.0,1.0,6.166666666666667,18.666666666666668,11.166666666666666,150,0,0,150,1.0,1.0,1.0,1.0,0.0,0.0,10.0,1.0,1.0,1.0,1.0,0.0,150,0,30,120,0.9,0.8333333333333334,1.0,0.9090909090909091,0.2,0.0,10.0,0.8,0.9,0.9090909090909091,0.9523809523809523,0.04329004329004327,150,0,0,150,1.0,1.0,1.0,1.0,0.0,0.0,10.0,1.0,1.0,1.0,1.0,0.0,1.0,1.0,0.9465477516175151,1.0,1.0,1.0,0.22267004201421514
rework,0.0,1005,350,150,150,0.0,0.05,0.99,6,1,0.002857142857142857,0.0,0.0,6.0,7,6,6,0,12,8,7,6,0,0,0,0,0,0,0.125,2,1.3333333333333333,112,97,37,67,75,7,30,4,6,6,0,0.25170068027210885,5.0,5,5,1.0,1.0,6.166666666666667,18.666666666666668,11.166666666666666,150,0,0,150,1.0,1.0,1.0,1.0,0.0,0.0,10.0,1.0,1.0,1.0,1.0,0.0,150,0,30,120,0.9,0.8333333333333334,1.0,0.9090909090909091,0.2,0.0,10.0,0.8,0.9,0.9090909090909091,0.9523809523809523,0.04329004329004327,150,0,0,150,1.0,1.0,1.0,1.0,0.0,0.0,10.0,1.0,1.0,1.0,1.0,0.0,1.0,1.0,0.9465477516175151,1.0,1.0,1.0,0.22353112502605654
rework,0.0,1005,350,150,150,0.0,0.07,0.9,6,1,0.002857142857142857,0.0,0.0,6.0,7,6,6,0,12,8,7,6,0,0,0,0,0,0,0.125,2,1.3333333333333333,112,97,37,67,75,7,30,4,6,6,0,0.25170068027210885,5.0,5,5,1.0,1.0,6.166666666666667,18.666666666666668,11.166666666666666,150,0,0,150,1.0,1.0,1.0,1.0,0.0,0.0,10.0,1.0,1.0,1.0,1.0,0.0,150,0,30,120,0.9,0.8333333333333334,1.0,0.9090909090909091,0.2,0.0,10.0,0.8,0.9,0.9090909090909091,0.9523809523809523,0.04329004329004327,150,0,0,150,1.0,1.0,1.0,1.0,0.0,0.0,10.0,1.0,1.0,1.0,1.0,0.0,1.0,1.0,0.9465477516175151,1.0,1.0,1.0,0.24617833399679512
rework,0.0,1005,350,150,150,0.0,0.07,0.95,6,1,0.002857142857142857,0.0,0.0,6.0,7,6,6,0,12,8,7,6,0,0,0,0,0,0,0.125,2,1.3333333333333333,112,97,37,67,75,7,30,4,6,6,0,0.25170068027210885,5.0,5,5,1.0,1.0,6.166666666666667,18.666666666666668,11.166666666666666,150,0,0,150,1.0,1.0,1.0,1.0,0.0,0.0,10.0,1.0,1.0,1.0,1.0,0.0,150,0,30,120,0.9,0.8333333333333334,1.0,0.9090909090909091,0.2,0.0,10.0,0.8,0.9,0.9090909090909091,0.9523809523809523,0.04329004329004327,150,0,0,150,1.0,1.0,1.0,1.0,0.0,0.0,10.0,1.0,1.0,1.0,1.0,0.0,1.0,1.0,0.9465477516175151,1.0,1.0,1.0,0.22772345898556523
rework,0.0,1005,350,150,150,0.0,0.07,0.99,6,1,0.002857142857142857,0.0,0.0,6.0,7,6,6,0,12,8,7,6,0,0,0,0,0,0,0.125,2,1.3333333333333333,112,97,37,67,75,7,30,4,6,6,0,0.25170068027210885,5.0,5,5,1.0,1.0,6.166666666666667,18.666666666666668,11.166666666666666,150,0,0,150,1.0,1.0,1.0,1.0,0.0,0.0,10.0,1.0,1.0,1.0,1.0,0.0,150,0,30,120,0.9,0.8333333333333334,1.0,0.9090909090909091,0.2,0.0,10.0,0.8,0.9,0.9090909090909091,0.9523809523809523,0.04329004329004327,150,0,0,150,1.0,1.0,1.0,1.0,0.0,0.0,10.0,1.0,1.0,1.0,1.0,0.0,1.0,1.0,0.9465477516175151,1.0,1.0,1.0,0.24660220800433308
rework,0.0,1006,350,150,150,0.0,0.03,0.9,6,1,0.002857142857142857,0.0,0.0,6.0,7,6,6,0,12,8,7,6,0,0,0,0,0,0,0.125,2,1.3333333333333333,112,97,37,67,75,7,30,4,6,6,0,0.25170068027210885,5.0,5,5,1.0,1.0,6.166666666666667,18.666666666666668,11.166666666666666,150,0,0,150,1.0,1.0,1.0,1.0,0.0,0.0,10.0,1.0,1.0,1.0,1.0,0.0,150,0,30,120,0.9,0.8333333333333334,1.0,0.9090909090909091,0.2,0.0,10.0,0.8,0.9,0.9090909090909091,0.9523809523809523,0.04329004329004327,150,0,0,150,1.0,1.0,1.0,1.0,0.0,0.0,10.0,1.0,1.0,1.0,1.0,0.0,1.0,1.0,0.9465477516175151,1.0,1.0,1.0,0.21920570798101835
rework,0.0,1006,350,150,150,0.0,0.03,0.95,6,1,0.002857142857142857,0.0,0.0,6.0,7,6,6,0,12,8,7,6,0,0,0,0,0,0,0.125,2,1.3333333333333333,112,97,37,67,75,7,30,4,6,6,0,0.25170068027210885,5.0,5,5,1.0,1.0,6.166666666666667,18.666666666666668,11.166666666666666,150,0,0,150,1.0,1.0,1.0,1.0,0.0,0.0,10.0,1.0,1.0,1.0,1.0,0.0,150,0,30,120,0.9,0.8333333333333334,1.0,0.9090909090909091,0.2,0.0,10.0,0.8,0.9,0.9090909090909091,0.9523809523809523,0.04329004329004327,150,0,0,150,1.0,1.0,1.0,1.0,0.0,0.0,10.0,1.0,1.0,1.0,1.0,0.0,1.0,1.0,0.9465477516175151,1.0,1.0,1.0,0.22092533300747164
rework,0.0,1006,350,150,150,0.0,0.03,0.99,6,1,0.002857142857142857,0.0,0.0,6.0,7,6,6,0,12,8,7,6,0,0,0,0,0,0,0.125,2,1.3333333333333333,112,97,37,67,75,7,30,4,6,6,0,0.25170068027210885,5.0,5,5,1.0,1.0,6.166666666666667,18.666666666666668,11.166666666666666,150,0,0,150,1.0,1.0,1.0,1.0,0.0,0.0,10.0,1.0,1.0,1.0,1.0,0.0,150,0,30,120,0.9,0.8333333333333334,1.0,0.9090909090909091,0.2,0.0,10.0,0.8,0.9,0.9090909090909091,0.9523809523809523,0.04329004329004327,150,0,0,150,1.0,1.0,1.0,1.0,0.0,0.0,10.0,1.0,1.0,1.0,1.0,0.0,1.0,1.0,0.9465477516175151,1.0,1.0,1.0,0.2684000829758588
rework,0.0,1006,350,150,150,0.0,0.05,0.9,6,1,0.002857142857142857,0.0,0.0,6.0,7,6,6,0,12,8,7,6,0,0,0,0,0,0,0.125,2,1.3333333333333333,112,97,37,67,75,7,30,4,6,6,0,0.25170068027210885,5.0,5,5,1.0,1.0,6.166666666666667,18.666666666666668,11.166666666666666,150,0,0,150,1.0,1.0,1.0,1.0,0.0,0.0,10.0,1.0,1.0,1.0,1.0,0.0,150,0,30,120,0.9,0.8333333333333334,1.0,0.9090909090909091,0.2,0.0,10.0,0.8,0.9,0.9090909090909091,0.9523809523809523,0.04329004329004327,150,0,0,150,1.0,1.0,1.0,1.0,0.0,0.0,10.0,1.0,1.0,1.0,1.0,0.0,1.0,1.0,0.9465477516175151,1.0,1.0,1.0,0.22195708300569095
rework,0.0,1006,350,150,150,0.0,0.05,0.95,6,1,0.002857142857142857,0.0,0.0,6.0,7,6,6,0,12,8,7,6,0,0,0,0,0,0,0.125,2,1.3333333333333333,112,97,37,67,75,7,30,4,6,6,0,0.25170068027210885,5.0,5,5,1.0,1.0,6.166666666666667,18.666666666666668,11.166666666666666,150,0,0,150,1.0,1.0,1.0,1.0,0.0,0.0,10.0,1.0,1.0,1.0,1.0,0.0,150,0,30,120,0.9,0.8333333333333334,1.0,0.9090909090909091,0.2,0.0,10.0,0.8,0.9,0.9090909090909091,0.9523809523809523,0.04329004329004327,150,0,0,150,1.0,1.0,1.0,1.0,0.0,0.0,10.0,1.0,1.0,1.0,1.0,0.0,1.0,1.0,0.9465477516175151,1.0,1.0,1.0,0.24268650001613423
rework,0.0,1006,350,150,150,0.0,0.05,0.99,6,1,0.002857142857142857,0.0,0.0,6.0,7,6,6,0,12,8,7,6,0,0,0,0,0,0,0.125,2,1.3333333333333333,112,97,37,67,75,7,30,4,6,6,0,0.25170068027210885,5.0,5,5,1.0,1.0,6.166666666666667,18.666666666666668,11.166666666666666,150,0,0,150,1.0,1.0,1.0,1.0,0.0,0.0,10.0,1.0,1.0,1.0,1.0,0.0,150,0,30,120,0.9,0.8333333333333334,1.0,0.9090909090909091,0.2,0.0,10.0,0.8,0.9,0.9090909090909091,0.9523809523809523,0.04329004329004327,150,0,0,150,1.0,1.0,1.0,1.0,0.0,0.0,10.0,1.0,1.0,1.0,1.0,0.0,1.0,1.0,0.9465477516175151,1.0,1.0,1.0,0.21995062500354834
rework,0.0,1006,350,150,150,0.0,0.07,0.9,6,1,0.002857142857142857,0.0,0.0,6.0,7,6,6,0,12,8,7,6,0,0,0,0,0,0,0.125,2,1.3333333333333333,112,97,37,67,75,7,30,4,6,6,0,0.25170068027210885,5.0,5,5,1.0,1.0,6.166666666666667,18.666666666666668,11.166666666666666,150,0,0,150,1.0,1.0,1.0,1.0,0.0,0.0,10.0,1.0,1.0,1.0,1.0,0.0,150,0,30,120,0.9,0.8333333333333334,1.0,0.9090909090909091,0.2,0.0,10.0,0.8,0.9,0.9090909090909091,0.9523809523809523,0.04329004329004327,150,0,0,150,1.0,1.0,1.0,1.0,0.0,0.0,10.0,1.0,1.0,1.0,1.0,0.0,1.0,1.0,0.9465477516175151,1.0,1.0,1.0,0.22060887498082593
rework,0.0,1006,350,150,150,0.0,0.07,0.95,6,1,0.002857142857142857,0.0,0.0,6.0,7,6,6,0,12,8,7,6,0,0,0,0,0,0,0.125,2,1.3333333333333333,112,97,37,67,75,7,30,4,6,6,0,0.25170068027210885,5.0,5,5,1.0,1.0,6.166666666666667,18.666666666666668,11.166666666666666,150,0,0,150,1.0,1.0,1.0,1.0,0.0,0.0,10.0,1.0,1.0,1.0,1.0,0.0,150,0,30,120,0.9,0.8333333333333334,1.0,0.9090909090909091,0.2,0.0,10.0,0.8,0.9,0.9090909090909091,0.9523809523809523,0.04329004329004327,150,0,0,150,1.0,1.0,1.0,1.0,0.0,0.0,10.0,1.0,1.0,1.0,1.0,0.0,1.0,1.0,0.9465477516175151,1.0,1.0,1.0,0.24336516598123126
rework,0.0,1006,350,150,150,0.0,0.07,0.99,6,1,0.002857142857142857,0.0,0.0,6.0,7,6,6,0,12,8,7,6,0,0,0,0,0,0,0.125,2,1.3333333333333333,112,97,37,67,75,7,30,4,6,6,0,0.25170068027210885,5.0,5,5,1.0,1.0,6.166666666666667,18.666666666666668,11.166666666666666,150,0,0,150,1.0,1.0,1.0,1.0,0.0,0.0,10.0,1.0,1.0,1.0,1.0,0.0,150,0,30,120,0.9,0.8333333333333334,1.0,0.9090909090909091,0.2,0.0,10.0,0.8,0.9,0.9090909090909091,0.9523809523809523,0.04329004329004327,150,0,0,150,1.0,1.0,1.0,1.0,0.0,0.0,10.0,1.0,1.0,1.0,1.0,0.0,1.0,1.0,0.9465477516175151,1.0,1.0,1.0,0.21940662499400787
rework,0.0,1007,350,150,150,0.0,0.03,0.9,6,1,0.002857142857142857,0.0,0.0,6.0,7,6,6,0,12,8,7,6,0,0,0,0,0,0,0.125,2,1.3333333333333333,112,97,37,67,75,7,30,4,6,6,0,0.25170068027210885,5.0,5,5,1.0,1.0,6.166666666666667,18.666666666666668,11.166666666666666,150,0,0,150,1.0,1.0,1.0,1.0,0.0,0.0,10.0,1.0,1.0,1.0,1.0,0.0,150,0,30,120,0.9,0.8333333333333334,1.0,0.9090909090909091,0.2,0.0,10.0,0.8,0.9,0.9090909090909091,0.9523809523809523,0.04329004329004327,150,0,0,150,1.0,1.0,1.0,1.0,0.0,0.0,10.0,1.0,1.0,1.0,1.0,0.0,1.0,1.0,0.9465477516175151,1.0,1.0,1.0,0.2761994169850368
rework,0.0,1007,350,150,150,0.0,0.03,0.95,6,1,0.002857142857142857,0.0,0.0,6.0,7,6,6,0,12,8,7,6,0,0,0,0,0,0,0.125,2,1.3333333333333333,112,97,37,67,75,7,30,4,6,6,0,0.25170068027210885,5.0,5,5,1.0,1.0,6.166666666666667,18.666666666666668,11.166666666666666,150,0,0,150,1.0,1.0,1.0,1.0,0.0,0.0,10.0,1.0,1.0,1.0,1.0,0.0,150,0,30,120,0.9,0.8333333333333334,1.0,0.9090909090909091,0.2,0.0,10.0,0.8,0.9,0.9090909090909091,0.9523809523809523,0.04329004329004327,150,0,0,150,1.0,1.0,1.0,1.0,0.0,0.0,10.0,1.0,1.0,1.0,1.0,0.0,1.0,1.0,0.9465477516175151,1.0,1.0,1.0,0.22300274998997338
rework,0.0,1007,350,150,150,0.0,0.03,0.99,6,1,0.002857142857142857,0.0,0.0,6.0,7,6,6,0,12,8,7,6,0,0,0,0,0,0,0.125,2,1.3333333333333333,112,97,37,67,75,7,30,4,6,6,0,0.25170068027210885,5.0,5,5,1.0,1.0,6.166666666666667,18.666666666666668,11.166666666666666,150,0,0,150,1.0,1.0,1.0,1.0,0.0,0.0,10.0,1.0,1.0,1.0,1.0,0.0,150,0,30,120,0.9,0.8333333333333334,1.0,0.9090909090909091,0.2,0.0,10.0,0.8,0.9,0.9090909090909091,0.9523809523809523,0.04329004329004327,150,0,0,150,1.0,1.0,1.0,1.0,0.0,0.0,10.0,1.0,1.0,1.0,1.0,0.0,1.0,1.0,0.9465477516175151,1.0,1.0,1.0,0.21864354200079106
rework,0.0,1007,350,150,150,0.0,0.05,0.9,6,1,0.002857142857142857,0.0,0.0,6.0,7,6,6,0,12,8,7,6,0,0,0,0,0,0,0.125,2,1.3333333333333333,112,97,37,67,75,7,30,4,6,6,0,0.25170068027210885,5.0,5,5,1.0,1.0,6.166666666666667,18.666666666666668,11.166666666666666,150,0,0,150,1.0,1.0,1.0,1.0,0.0,0.0,10.0,1.0,1.0,1.0,1.0,0.0,150,0,30,120,0.9,0.8333333333333334,1.0,0.9090909090909091,0.2,0.0,10.0,0.8,0.9,0.9090909090909091,0.9523809523809523,0.04329004329004327,150,0,0,150,1.0,1.0,1.0,1.0,0.0,0.0,10.0,1.0,1.0,1.0,1.0,0.0,1.0,1.0,0.9465477516175151,1.0,1.0,1.0,0.27385795800364576
rework,0.0,1007,350,150,150,0.0,0.05,0.95,6,1,0.002857142857142857,0.0,0.0,6.0,7,6,6,0,12,8,7,6,0,0,0,0,0,0,0.125,2,1.3333333333333333,112,97,37,67,75,7,30,4,6,6,0,0.25170068027210885,5.0,5,5,1.0,1.0,6.166666666666667,18.666666666666668,11.166666666666666,150,0,0,150,1.0,1.0,1.0,1.0,0.0,0.0,10.0,1.0,1.0,1.0,1.0,0.0,150,0,30,120,0.9,0.8333333333333334,1.0,0.9090909090909091,0.2,0.0,10.0,0.8,0.9,0.9090909090909091,0.9523809523809523,0.04329004329004327,150,0,0,150,1.0,1.0,1.0,1.0,0.0,0.0,10.0,1.0,1.0,1.0,1.0,0.0,1.0,1.0,0.9465477516175151,1.0,1.0,1.0,0.23713233298622072
rework,0.0,1007,350,150,150,0.0,0.05,0.99,6,1,0.002857142857142857,0.0,0.0,6.0,7,6,6,0,12,8,7,6,0,0,0,0,0,0,0.125,2,1.3333333333333333,112,97,37,67,75,7,30,4,6,6,0,0.25170068027210885,5.0,5,5,1.0,1.0,6.166666666666667,18.666666666666668,11.166666666666666,150,0,0,150,1.0,1.0,1.0,1.0,0.0,0.0,10.0,1.0,1.0,1.0,1.0,0.0,150,0,30,120,0.9,0.8333333333333334,1.0,0.9090909090909091,0.2,0.0,10.0,0.8,0.9,0.9090909090909091,0.9523809523809523,0.04329004329004327,150,0,0,150,1.0,1.0,1.0,1.0,0.0,0.0,10.0,1.0,1.0,1.0,1.0,0.0,1.0,1.0,0.9465477516175151,1.0,1.0,1.0,0.2603989169874694
rework,0.0,1007,350,150,150,0.0,0.07,0.9,6,1,0.002857142857142857,0.0,0.0,6.0,7,6,6,0,12,8,7,6,0,0,0,0,0,0,0.125,2,1.3333333333333333,112,97,37,67,75,7,30,4,6,6,0,0.25170068027210885,5.0,5,5,1.0,1.0,6.166666666666667,18.666666666666668,11.166666666666666,150,0,0,150,1.0,1.0,1.0,1.0,0.0,0.0,10.0,1.0,1.0,1.0,1.0,0.0,150,0,30,120,0.9,0.8333333333333334,1.0,0.9090909090909091,0.2,0.0,10.0,0.8,0.9,0.9090909090909091,0.9523809523809523,0.04329004329004327,150,0,0,150,1.0,1.0,1.0,1.0,0.0,0.0,10.0,1.0,1.0,1.0,1.0,0.0,1.0,1.0,0.9465477516175151,1.0,1.0,1.0,0.2908948750118725
rework,0.0,1007,350,150,150,0.0,0.07,0.95,6,1,0.002857142857142857,0.0,0.0,6.0,7,6,6,0,12,8,7,6,0,0,0,0,0,0,0.125,2,1.3333333333333333,112,97,37,67,75,7,30,4,6,6,0,0.25170068027210885,5.0,5,5,1.0,1.0,6.166666666666667,18.666666666666668,11.166666666666666,150,0,0,150,1.0,1.0,1.0,1.0,0.0,0.0,10.0,1.0,1.0,1.0,1.0,0.0,150,0,30,120,0.9,0.8333333333333334,1.0,0.9090909090909091,0.2,0.0,10.0,0.8,0.9,0.9090909090909091,0.9523809523809523,0.04329004329004327,150,0,0,150,1.0,1.0,1.0,1.0,0.0,0.0,10.0,1.0,1.0,1.0,1.0,0.0,1.0,1.0,0.9465477516175151,1.0,1.0,1.0,0.4139711250027176
rework,0.0,1007,350,150,150,0.0,0.07,0.99,6,1,0.002857142857142857,0.0,0.0,6.0,7,6,6,0,12,8,7,6,0,0,0,0,0,0,0.125,2,1.3333333333333333,112,97,37,67,75,7,30,4,6,6,0,0.25170068027210885,5.0,5,5,1.0,1.0,6.166666666666667,18.666666666666668,11.166666666666666,150,0,0,150,1.0,1.0,1.0,1.0,0.0,0.0,10.0,1.0,1.0,1.0,1.0,0.0,150,0,30,120,0.9,0.8333333333333334,1.0,0.9090909090909091,0.2,0.0,10.0,0.8,0.9,0.9090909090909091,0.9523809523809523,0.04329004329004327,150,0,0,150,1.0,1.0,1.0,1.0,0.0,0.0,10.0,1.0,1.0,1.0,1.0,0.0,1.0,1.0,0.9465477516175151,1.0,1.0,1.0,0.2888534170051571
rework,0.0,1008,350,150,150,0.0,0.03,0.9,6,1,0.002857142857142857,0.0,0.0,6.0,7,6,6,0,12,8,7,6,0,0,0,0,0,0,0.125,2,1.3333333333333333,112,97,37,67,75,7,30,4,6,6,0,0.25170068027210885,5.0,5,5,1.0,1.0,6.166666666666667,18.666666666666668,11.166666666666666,150,0,0,150,1.0,1.0,1.0,1.0,0.0,0.0,10.0,1.0,1.0,1.0,1.0,0.0,150,0,30,120,0.9,0.8333333333333334,1.0,0.9090909090909091,0.2,0.0,10.0,0.8,0.9,0.9090909090909091,0.9523809523809523,0.04329004329004327,150,0,0,150,1.0,1.0,1.0,1.0,0.0,0.0,10.0,1.0,1.0,1.0,1.0,0.0,1.0,1.0,0.9465477516175151,1.0,1.0,1.0,0.2552931669924874
rework,0.0,1008,350,150,150,0.0,0.03,0.95,6,1,0.002857142857142857,0.0,0.0,6.0,7,6,6,0,12,8,7,6,0,0,0,0,0,0,0.125,2,1.3333333333333333,112,97,37,67,75,7,30,4,6,6,0,0.25170068027210885,5.0,5,5,1.0,1.0,6.166666666666667,18.666666666666668,11.166666666666666,150,0,0,150,1.0,1.0,1.0,1.0,0.0,0.0,10.0,1.0,1.0,1.0,1.0,0.0,150,0,30,120,0.9,0.8333333333333334,1.0,0.9090909090909091,0.2,0.0,10.0,0.8,0.9,0.9090909090909091,0.9523809523809523,0.04329004329004327,150,0,0,150,1.0,1.0,1.0,1.0,0.0,0.0,10.0,1.0,1.0,1.0,1.0,0.0,1.0,1.0,0.9465477516175151,1.0,1.0,1.0,0.27662345801945776
rework,0.0,1008,350,150,150,0.0,0.03,0.99,6,1,0.002857142857142857,0.0,0.0,6.0,7,6,6,0,12,8,7,6,0,0,0,0,0,0,0.125,2,1.3333333333333333,112,97,37,67,75,7,30,4,6,6,0,0.25170068027210885,5.0,5,5,1.0,1.0,6.166666666666667,18.666666666666668,11.166666666666666,150,0,0,150,1.0,1.0,1.0,1.0,0.0,0.0,10.0,1.0,1.0,1.0,1.0,0.0,150,0,30,120,0.9,0.8333333333333334,1.0,0.9090909090909091,0.2,0.0,10.0,0.8,0.9,0.9090909090909091,0.9523809523809523,0.04329004329004327,150,0,0,150,1.0,1.0,1.0,1.0,0.0,0.0,10.0,1.0,1.0,1.0,1.0,0.0,1.0,1.0,0.9465477516175151,1.0,1.0,1.0,0.25690337500418536
rework,0.0,1008,350,150,150,0.0,0.05,0.9,6,1,0.002857142857142857,0.0,0.0,6.0,7,6,6,0,12,8,7,6,0,0,0,0,0,0,0.125,2,1.3333333333333333,112,97,37,67,75,7,30,4,6,6,0,0.25170068027210885,5.0,5,5,1.0,1.0,6.166666666666667,18.666666666666668,11.166666666666666,150,0,0,150,1.0,1.0,1.0,1.0,0.0,0.0,10.0,1.0,1.0,1.0,1.0,0.0,150,0,30,120,0.9,0.8333333333333334,1.0,0.9090909090909091,0.2,0.0,10.0,0.8,0.9,0.9090909090909091,0.9523809523809523,0.04329004329004327,150,0,0,150,1.0,1.0,1.0,1.0,0.0,0.0,10.0,1.0,1.0,1.0,1.0,0.0,1.0,1.0,0.9465477516175151,1.0,1.0,1.0,0.319855625013588
rework,0.0,1008,350,150,150,0.0,0.05,0.95,6,1,0.002857142857142857,0.0,0.0,6.0,7,6,6,0,12,8,7,6,0,0,0,0,0,0,0.125,2,1.3333333333333333,112,97,37,67,75,7,30,4,6,6,0,0.25170068027210885,5.0,5,5,1.0,1.0,6.166666666666667,18.666666666666668,11.166666666666666,150,0,0,150,1.0,1.0,1.0,1.0,0.0,0.0,10.0,1.0,1.0,1.0,1.0,0.0,150,0,30,120,0.9,0.8333333333333334,1.0,0.9090909090909091,0.2,0.0,10.0,0.8,0.9,0.9090909090909091,0.9523809523809523,0.04329004329004327,150,0,0,150,1.0,1.0,1.0,1.0,0.0,0.0,10.0,1.0,1.0,1.0,1.0,0.0,1.0,1.0,0.9465477516175151,1.0,1.0,1.0,0.32611129101132974
rework,0.0,1008,350,150,150,0.0,0.05,0.99,6,1,0.002857142857142857,0.0,0.0,6.0,7,6,6,0,12,8,7,6,0,0,0,0,0,0,0.125,2,1.3333333333333333,112,97,37,67,75,7,30,4,6,6,0,0.25170068027210885,5.0,5,5,1.0,1.0,6.166666666666667,18.666666666666668,11.166666666666666,150,0,0,150,1.0,1.0,1.0,1.0,0.0,0.0,10.0,1.0,1.0,1.0,1.0,0.0,150,0,30,120,0.9,0.8333333333333334,1.0,0.9090909090909091,0.2,0.0,10.0,0.8,0.9,0.9090909090909091,0.9523809523809523,0.04329004329004327,150,0,0,150,1.0,1.0,1.0,1.0,0.0,0.0,10.0,1.0,1.0,1.0,1.0,0.0,1.0,1.0,0.9465477516175151,1.0,1.0,1.0,0.24620941598550417
rework,0.0,1008,350,150,150,0.0,0.07,0.9,6,1,0.002857142857142857,0.0,0.0,6.0,7,6,6,0,12,8,7,6,0,0,0,0,0,0,0.125,2,1.3333333333333333,112,97,37,67,75,7,30,4,6,6,0,0.25170068027210885,5.0,5,5,1.0,1.0,6.166666666666667,18.666666666666668,11.166666666666666,150,0,0,150,1.0,1.0,1.0,1.0,0.0,0.0,10.0,1.0,1.0,1.0,1.0,0.0,150,0,30,120,0.9,0.8333333333333334,1.0,0.9090909090909091,0.2,0.0,10.0,0.8,0.9,0.9090909090909091,0.9523809523809523,0.04329004329004327,150,0,0,150,1.0,1.0,1.0,1.0,0.0,0.0,10.0,1.0,1.0,1.0,1.0,0.0,1.0,1.0,0.9465477516175151,1.0,1.0,1.0,0.26082858300651424
rework,0.0,1008,350,150,150,0.0,0.07,0.95,6,1,0.002857142857142857,0.0,0.0,6.0,7,6,6,0,12,8,7,6,0,0,0,0,0,0,0.125,2,1.3333333333333333,112,97,37,67,75,7,30,4,6,6,0,0.25170068027210885,5.0,5,5,1.0,1.0,6.166666666666667,18.666666666666668,11.166666666666666,150,0,0,150,1.0,1.0,1.0,1.0,0.0,0.0,10.0,1.0,1.0,1.0,1.0,0.0,150,0,30,120,0.9,0.8333333333333334,1.0,0.9090909090909091,0.2,0.0,10.0,0.8,0.9,0.9090909090909091,0.9523809523809523,0.04329004329004327,150,0,0,150,1.0,1.0,1.0,1.0,0.0,0.0,10.0,1.0,1.0,1.0,1.0,0.0,1.0,1.0,0.9465477516175151,1.0,1.0,1.0,0.2249125840025954
rework,0.0,1008,350,150,150,0.0,0.07,0.99,6,1,0.002857142857142857,0.0,0.0,6.0,7,6,6,0,12,8,7,6,0,0,0,0,0,0,0.125,2,1.3333333333333333,112,97,37,67,75,7,30,4,6,6,0,0.25170068027210885,5.0,5,5,1.0,1.0,6.166666666666667,18.666666666666668,11.166666666666666,150,0,0,150,1.0,1.0,1.0,1.0,0.0,0.0,10.0,1.0,1.0,1.0,1.0,0.0,150,0,30,120,0.9,0.8333333333333334,1.0,0.9090909090909091,0.2,0.0,10.0,0.8,0.9,0.9090909090909091,0.9523809523809523,0.04329004329004327,150,0,0,150,1.0,1.0,1.0,1.0,0.0,0.0,10.0,1.0,1.0,1.0,1.0,0.0,1.0,1.0,0.9465477516175151,1.0,1.0,1.0,0.23214137498871423
rework,0.0,1009,350,150,150,0.0,0.03,0.9,6,1,0.002857142857142857,0.0,0.0,6.0,7,6,6,0,12,8,7,6,0,0,0,0,0,0,0.125,2,1.3333333333333333,112,97,37,67,75,7,30,4,6,6,0,0.25170068027210885,5.0,5,5,1.0,1.0,6.166666666666667,18.666666666666668,11.166666666666666,150,0,0,150,1.0,1.0,1.0,1.0,0.0,0.0,10.0,1.0,1.0,1.0,1.0,0.0,150,0,30,120,0.9,0.8333333333333334,1.0,0.9090909090909091,0.2,0.0,10.0,0.8,0.9,0.9090909090909091,0.9523809523809523,0.04329004329004327,150,0,0,150,1.0,1.0,1.0,1.0,0.0,0.0,10.0,1.0,1.0,1.0,1.0,0.0,1.0,1.0,0.9465477516175151,1.0,1.0,1.0,0.2625497919798363
rework,0.0,1009,350,150,150,0.0,0.03,0.95,6,1,0.002857142857142857,0.0,0.0,6.0,7,6,6,0,12,8,7,6,0,0,0,0,0,0,0.125,2,1.3333333333333333,112,97,37,67,75,7,30,4,6,6,0,0.25170068027210885,5.0,5,5,1.0,1.0,6.166666666666667,18.666666666666668,11.166666666666666,150,0,0,150,1.0,1.0,1.0,1.0,0.0,0.0,10.0,1.0,1.0,1.0,1.0,0.0,150,0,30,120,0.9,0.8333333333333334,1.0,0.9090909090909091,0.2,0.0,10.0,0.8,0.9,0.9090909090909091,0.9523809523809523,0.04329004329004327,150,0,0,150,1.0,1.0,1.0,1.0,0.0,0.0,10.0,1.0,1.0,1.0,1.0,0.0,1.0,1.0,0.9465477516175151,1.0,1.0,1.0,0.22426595800789073
rework,0.0,1009,350,150,150,0.0,0.03,0.99,6,1,0.002857142857142857,0.0,0.0,6.0,7,6,6,0,12,8,7,6,0,0,0,0,0,0,0.125,2,1.3333333333333333,112,97,37,67,75,7,30,4,6,6,0,0.25170068027210885,5.0,5,5,1.0,1.0,6.166666666666667,18.666666666666668,11.166666666666666,150,0,0,150,1.0,1.0,1.0,1.0,0.0,0.0,10.0,1.0,1.0,1.0,1.0,0.0,150,0,30,120,0.9,0.8333333333333334,1.0,0.9090909090909091,0.2,0.0,10.0,0.8,0.9,0.9090909090909091,0.9523809523809523,0.04329004329004327,150,0,0,150,1.0,1.0,1.0,1.0,0.0,0.0,10.0,1.0,1.0,1.0,1.0,0.0,1.0,1.0,0.9465477516175151,1.0,1.0,1.0,0.2429702079971321
rework,0.0,1009,350,150,150,0.0,0.05,0.9,6,1,0.002857142857142857,0.0,0.0,6.0,7,6,6,0,12,8,7,6,0,0,0,0,0,0,0.125,2,1.3333333333333333,112,97,37,67,75,7,30,4,6,6,0,0.25170068027210885,5.0,5,5,1.0,1.0,6.166666666666667,18.666666666666668,11.166666666666666,150,0,0,150,1.0,1.0,1.0,1.0,0.0,0.0,10.0,1.0,1.0,1.0,1.0,0.0,150,0,30,120,0.9,0.8333333333333334,1.0,0.9090909090909091,0.2,0.0,10.0,0.8,0.9,0.9090909090909091,0.9523809523809523,0.04329004329004327,150,0,0,150,1.0,1.0,1.0,1.0,0.0,0.0,10.0,1.0,1.0,1.0,1.0,0.0,1.0,1.0,0.9465477516175151,1.0,1.0,1.0,0.2642623749852646
rework,0.0,1009,350,150,150,0.0,0.05,0.95,6,1,0.002857142857142857,0.0,0.0,6.0,7,6,6,0,12,8,7,6,0,0,0,0,0,0,0.125,2,1.3333333333333333,112,97,37,67,75,7,30,4,6,6,0,0.25170068027210885,5.0,5,5,1.0,1.0,6.166666666666667,18.666666666666668,11.166666666666666,150,0,0,150,1.0,1.0,1.0,1.0,0.0,0.0,10.0,1.0,1.0,1.0,1.0,0.0,150,0,30,120,0.9,0.8333333333333334,1.0,0.9090909090909091,0.2,0.0,10.0,0.8,0.9,0.9090909090909091,0.9523809523809523,0.04329004329004327,150,0,0,150,1.0,1.0,1.0,1.0,0.0,0.0,10.0,1.0,1.0,1.0,1.0,0.0,1.0,1.0,0.9465477516175151,1.0,1.0,1.0,0.3743290839775
rework,0.0,1009,350,150,150,0.0,0.05,0.99,6,1,0.002857142857142857,0.0,0.0,6.0,7,6,6,0,12,8,7,6,0,0,0,0,0,0,0.125,2,1.3333333333333333,112,97,37,67,75,7,30,4,6,6,0,0.25170068027210885,5.0,5,5,1.0,1.0,6.166666666666667,18.666666666666668,11.166666666666666,150,0,0,150,1.0,1.0,1.0,1.0,0.0,0.0,10.0,1.0,1.0,1.0,1.0,0.0,150,0,30,120,0.9,0.8333333333333334,1.0,0.9090909090909091,0.2,0.0,10.0,0.8,0.9,0.9090909090909091,0.9523809523809523,0.04329004329004327,150,0,0,150,1.0,1.0,1.0,1.0,0.0,0.0,10.0,1.0,1.0,1.0,1.0,0.0,1.0,1.0,0.9465477516175151,1.0,1.0,1.0,0.313727624976309
rework,0.0,1009,350,150,150,0.0,0.07,0.9,6,1,0.002857142857142857,0.0,0.0,6.0,7,6,6,0,12,8,7,6,0,0,0,0,0,0,0.125,2,1.3333333333333333,112,97,37,67,75,7,30,4,6,6,0,0.25170068027210885,5.0,5,5,1.0,1.0,6.166666666666667,18.666666666666668,11.166666666666666,150,0,0,150,1.0,1.0,1.0,1.0,0.0,0.0,10.0,1.0,1.0,1.0,1.0,0.0,150,0,30,120,0.9,0.8333333333333334,1.0,0.9090909090909091,0.2,0.0,10.0,0.8,0.9,0.9090909090909091,0.9523809523809523,0.04329004329004327,150,0,0,150,1.0,1.0,1.0,1.0,0.0,0.0,10.0,1.0,1.0,1.0,1.0,0.0,1.0,1.0,0.9465477516175151,1.0,1.0,1.0,0.27446600000257604
rework,0.0,1009,350,150,150,0.0,0.07,0.95,6,1,0.002857142857142857,0.0,0.0,6.0,7,6,6,0,12,8,7,6,0,0,0,0,0,0,0.125,2,1.3333333333333333,112,97,37,67,75,7,30,4,6,6,0,0.25170068027210885,5.0,5,5,1.0,1.0,6.166666666666667,18.666666666666668,11.166666666666666,150,0,0,150,1.0,1.0,1.0,1.0,0.0,0.0,10.0,1.0,1.0,1.0,1.0,0.0,150,0,30,120,0.9,0.8333333333333334,1.0,0.9090909090909091,0.2,0.0,10.0,0.8,0.9,0.9090909090909091,0.9523809523809523,0.04329004329004327,150,0,0,150,1.0,1.0,1.0,1.0,0.0,0.0,10.0,1.0,1.0,1.0,1.0,0.0,1.0,1.0,0.9465477516175151,1.0,1.0,1.0,0.30901683299453
rework,0.0,1009,350,150,150,0.0,0.07,0.99,6,1,0.002857142857142857,0.0,0.0,6.0,7,6,6,0,12,8,7,6,0,0,0,0,0,0,0.125,2,1.3333333333333333,112,97,37,67,75,7,30,4,6,6,0,0.25170068027210885,5.0,5,5,1.0,1.0,6.166666666666667,18.666666666666668,11.166666666666666,150,0,0,150,1.0,1.0,1.0,1.0,0.0,0.0,10.0,1.0,1.0,1.0,1.0,0.0,150,0,30,120,0.9,0.8333333333333334,1.0,0.9090909090909091,0.2,0.0,10.0,0.8,0.9,0.9090909090909091,0.9523809523809523,0.04329004329004327,150,0,0,150,1.0,1.0,1.0,1.0,0.0,0.0,10.0,1.0,1.0,1.0,1.0,0.0,1.0,1.0,0.9465477516175151,1.0,1.0,1.0,0.27950783298001625
rework,0.0,1010,350,150,150,0.0,0.03,0.9,6,1,0.002857142857142857,0.0,0.0,6.0,7,6,6,0,12,8,7,6,0,0,0,0,0,0,0.125,2,1.3333333333333333,112,97,37,67,75,7,30,4,6,6,0,0.25170068027210885,5.0,5,5,1.0,1.0,6.166666666666667,18.666666666666668,11.166666666666666,150,0,0,150,1.0,1.0,1.0,1.0,0.0,0.0,10.0,1.0,1.0,1.0,1.0,0.0,150,0,30,120,0.9,0.8333333333333334,1.0,0.9090909090909091,0.2,0.0,10.0,0.8,0.9,0.9090909090909091,0.9523809523809523,0.04329004329004327,150,0,0,150,1.0,1.0,1.0,1.0,0.0,0.0,10.0,1.0,1.0,1.0,1.0,0.0,1.0,1.0,0.9465477516175151,1.0,1.0,1.0,0.278218833002029
rework,0.0,1010,350,150,150,0.0,0.03,0.95,6,1,0.002857142857142857,0.0,0.0,6.0,7,6,6,0,12,8,7,6,0,0,0,0,0,0,0.125,2,1.3333333333333333,112,97,37,67,75,7,30,4,6,6,0,0.25170068027210885,5.0,5,5,1.0,1.0,6.166666666666667,18.666666666666668,11.166666666666666,150,0,0,150,1.0,1.0,1.0,1.0,0.0,0.0,10.0,1.0,1.0,1.0,1.0,0.0,150,0,30,120,0.9,0.8333333333333334,1.0,0.9090909090909091,0.2,0.0,10.0,0.8,0.9,0.9090909090909091,0.9523809523809523,0.04329004329004327,150,0,0,150,1.0,1.0,1.0,1.0,0.0,0.0,10.0,1.0,1.0,1.0,1.0,0.0,1.0,1.0,0.9465477516175151,1.0,1.0,1.0,0.29239824999240227
rework,0.0,1010,350,150,150,0.0,0.03,0.99,6,1,0.002857142857142857,0.0,0.0,6.0,7,6,6,0,12,8,7,6,0,0,0,0,0,0,0.125,2,1.3333333333333333,112,97,37,67,75,7,30,4,6,6,0,0.25170068027210885,5.0,5,5,1.0,1.0,6.166666666666667,18.666666666666668,11.166666666666666,150,0,0,150,1.0,1.0,1.0,1.0,0.0,0.0,10.0,1.0,1.0,1.0,1.0,0.0,150,0,30,120,0.9,0.8333333333333334,1.0,0.9090909090909091,0.2,0.0,10.0,0.8,0.9,0.9090909090909091,0.9523809523809523,0.04329004329004327,150,0,0,150,1.0,1.0,1.0,1.0,0.0,0.0,10.0,1.0,1.0,1.0,1.0,0.0,1.0,1.0,0.9465477516175151,1.0,1.0,1.0,0.25243283301824704
rework,0.0,1010,350,150,150,0.0,0.05,0.9,6,1,0.002857142857142857,0.0,0.0,6.0,7,6,6,0,12,8,7,6,0,0,0,0,0,0,0.125,2,1.3333333333333333,112,97,37,67,75,7,30,4,6,6,0,0.25170068027210885,5.0,5,5,1.0,1.0,6.166666666666667,18.666666666666668,11.166666666666666,150,0,0,150,1.0,1.0,1.0,1.0,0.0,0.0,10.0,1.0,1.0,1.0,1.0,0.0,150,0,30,120,0.9,0.8333333333333334,1.0,0.9090909090909091,0.2,0.0,10.0,0.8,0.9,0.9090909090909091,0.9523809523809523,0.04329004329004327,150,0,0,150,1.0,1.0,1.0,1.0,0.0,0.0,10.0,1.0,1.0,1.0,1.0,0.0,1.0,1.0,0.9465477516175151,1.0,1.0,1.0,0.2599819579918403
rework,0.0,1010,350,150,150,0.0,0.05,0.95,6,1,0.002857142857142857,0.0,0.0,6.0,7,6,6,0,12,8,7,6,0,0,0,0,0,0,0.125,2,1.3333333333333333,112,97,37,67,75,7,30,4,6,6,0,0.25170068027210885,5.0,5,5,1.0,1.0,6.166666666666667,18.666666666666668,11.166666666666666,150,0,0,150,1.0,1.0,1.0,1.0,0.0,0.0,10.0,1.0,1.0,1.0,1.0,0.0,150,0,30,120,0.9,0.8333333333333334,1.0,0.9090909090909091,0.2,0.0,10.0,0.8,0.9,0.9090909090909091,0.9523809523809523,0.04329004329004327,150,0,0,150,1.0,1.0,1.0,1.0,0.0,0.0,10.0,1.0,1.0,1.0,1.0,0.0,1.0,1.0,0.9465477516175151,1.0,1.0,1.0,0.2253715840051882
rework,0.0,1010,350,150,150,0.0,0.05,0.99,6,1,0.002857142857142857,0.0,0.0,6.0,7,6,6,0,12,8,7,6,0,0,0,0,0,0,0.125,2,1.3333333333333333,112,97,37,67,75,7,30,4,6,6,0,0.25170068027210885,5.0,5,5,1.0,1.0,6.166666666666667,18.666666666666668,11.166666666666666,150,0,0,150,1.0,1.0,1.0,1.0,0.0,0.0,10.0,1.0,1.0,1.0,1.0,0.0,150,0,30,120,0.9,0.8333333333333334,1.0,0.9090909090909091,0.2,0.0,10.0,0.8,0.9,0.9090909090909091,0.9523809523809523,0.04329004329004327,150,0,0,150,1.0,1.0,1.0,1.0,0.0,0.0,10.0,1.0,1.0,1.0,1.0,0.0,1.0,1.0,0.9465477516175151,1.0,1.0,1.0,0.21991633300785907
rework,0.0,1010,350,150,150,0.0,0.07,0.9,6,1,0.002857142857142857,0.0,0.0,6.0,7,6,6,0,12,8,7,6,0,0,0,0,0,0,0.125,2,1.3333333333333333,112,97,37,67,75,7,30,4,6,6,0,0.25170068027210885,5.0,5,5,1.0,1.0,6.166666666666667,18.666666666666668,11.166666666666666,150,0,0,150,1.0,1.0,1.0,1.0,0.0,0.0,10.0,1.0,1.0,1.0,1.0,0.0,150,0,30,120,0.9,0.8333333333333334,1.0,0.9090909090909091,0.2,0.0,10.0,0.8,0.9,0.9090909090909091,0.9523809523809523,0.04329004329004327,150,0,0,150,1.0,1.0,1.0,1.0,0.0,0.0,10.0,1.0,1.0,1.0,1.0,0.0,1.0,1.0,0.9465477516175151,1.0,1.0,1.0,0.2456548749760259
rework,0.0,1010,350,150,150,0.0,0.07,0.95,6,1,0.002857142857142857,0.0,0.0,6.0,7,6,6,0,12,8,7,6,0,0,0,0,0,0,0.125,2,1.3333333333333333,112,97,37,67,75,7,30,4,6,6,0,0.25170068027210885,5.0,5,5,1.0,1.0,6.166666666666667,18.666666666666668,11.166666666666666,150,0,0,150,1.0,1.0,1.0,1.0,0.0,0.0,10.0,1.0,1.0,1.0,1.0,0.0,150,0,30,120,0.9,0.8333333333333334,1.0,0.9090909090909091,0.2,0.0,10.0,0.8,0.9,0.9090909090909091,0.9523809523809523,0.04329004329004327,150,0,0,150,1.0,1.0,1.0,1.0,0.0,0.0,10.0,1.0,1.0,1.0,1.0,0.0,1.0,1.0,0.9465477516175151,1.0,1.0,1.0,0.22304504201747477
rework,0.0,1010,350,150,150,0.0,0.07,0.99,6,1,0.002857142857142857,0.0,0.0,6.0,7,6,6,0,12,8,7,6,0,0,0,0,0,0,0.125,2,1.3333333333333333,112,97,37,67,75,7,30,4,6,6,0,0.25170068027210885,5.0,5,5,1.0,1.0,6.166666666666667,18.666666666666668,11.166666666666666,150,0,0,150,1.0,1.0,1.0,1.0,0.0,0.0,10.0,1.0,1.0,1.0,1.0,0.0,150,0,30,120,0.9,0.8333333333333334,1.0,0.9090909090909091,0.2,0.0,10.0,0.8,0.9,0.9090909090909091,0.9523809523809523,0.04329004329004327,150,0,0,150,1.0,1.0,1.0,1.0,0.0,0.0,10.0,1.0,1.0,1.0,1.0,0.0,1.0,1.0,0.9465477516175151,1.0,1.0,1.0,0.2493745000101626
rework,0.03,1001,350,150,150,0.0,0.03,0.9,8,2,0.005714285714285714,0.18717625687320816,0.18717625687320816,6.085714285714285,8,8,8,0,16,12,12,8,2,2,0,0,1,2,0.09090909090909091,4,1.5,112,97,37,67,75,7,30,4,8,6,2,0.13805970149253732,3.75,5,5,1.0,0.9992277992277991,4.625,14.0,8.375,150,0,0,150,1.0,1.0,1.0,1.0,0.0,0.0,10.0,1.0,1.0,1.0,1.0,0.0,75,75,30,120,0.65,0.7142857142857143,0.5,0.588235294117647,0.2,0.5,10.0,0.8,0.65,0.588235294117647,0.625,0.03676470588235303,75,75,30,120,0.65,0.7142857142857143,0.5,0.588235294117647,0.2,0.5,10.0,0.8,0.65,0.588235294117647,0.625,0.03676470588235303,1.0,0.9959839357429718,0.8809473247980534,1.0,0.9714285714285714,0.9997448979591836,0.24138204200426117
rework,0.03,1001,350,150,150,0.0,0.03,0.95,8,2,0.005714285714285714,0.18717625687320816,0.18717625687320816,6.085714285714285,8,8,8,0,16,12,12,8,2,2,0,0,1,2,0.09090909090909091,4,1.5,112,97,37,67,75,7,30,4,8,6,2,0.13805970149253732,3.75,5,5,1.0,0.9992277992277991,4.625,14.0,8.375,150,0,0,150,1.0,1.0,1.0,1.0,0.0,0.0,10.0,1.0,1.0,1.0,1.0,0.0,75,75,30,120,0.65,0.7142857142857143,0.5,0.588235294117647,0.2,0.5,10.0,0.8,0.65,0.588235294117647,0.625,0.03676470588235303,75,75,30,120,0.65,0.7142857142857143,0.5,0.588235294117647,0.2,0.5,10.0,0.8,0.65,0.588235294117647,0.625,0.03676470588235303,1.0,0.9959839357429718,0.8809473247980534,1.0,0.9714285714285714,0.9997448979591836,0.24681683399830945
rework,0.03,1001,350,150,150,0.0,0.03,0.99,8,2,0.005714285714285714,0.18717625687320816,0.18717625687320816,6.085714285714285,8,8,8,0,16,12,12,8,2,2,0,0,1,2,0.09090909090909091,4,1.5,111,96,36,66,75,6,30,4,8,6,2,0.13432835820895522,3.75,5,5,1.0,1.0,4.5,13.875,8.25,150,0,0,150,1.0,1.0,1.0,1.0,0.0,0.0,10.0,1.0,1.0,1.0,1.0,0.0,150,0,60,90,0.8,0.7142857142857143,1.0,0.8333333333333333,0.4,0.0,10.0,0.6,0.8,0.8333333333333333,0.8695652173913044,0.036231884057971175,150,0,60,90,0.8,0.7142857142857143,1.0,0.8333333333333333,0.4,0.0,10.0,0.6,0.8,0.8333333333333333,0.8695652173913044,0.036231884057971175,1.0,0.9959839357429718,0.8809473247980534,1.0,1.0,1.0,0.3174306250002701
rework,0.03,1001,350,150,150,0.0,0.05,0.9,8,2,0.005714285714285714,0.18717625687320816,0.18717625687320816,6.085714285714285,8,8,8,0,16,12,12,8,2,2,0,0,1,2,0.09090909090909091,4,1.5,112,97,37,67,75,7,30,4,8,6,2,0.13805970149253732,3.75,5,5,1.0,0.9992277992277991,4.625,14.0,8.375,150,0,0,150,1.0,1.0,1.0,1.0,0.0,0.0,10.0,1.0,1.0,1.0,1.0,0.0,75,75,30,120,0.65,0.7142857142857143,0.5,0.588235294117647,0.2,0.5,10.0,0.8,0.65,0.588235294117647,0.625,0.03676470588235303,75,75,30,120,0.65,0.7142857142857143,0.5,0.588235294117647,0.2,0.5,10.0,0.8,0.65,0.588235294117647,0.625,0.03676470588235303,1.0,0.9959839357429718,0.8809473247980534,1.0,0.9714285714285714,0.9997448979591836,0.27735274998121895
rework,0.03,1001,350,150,150,0.0,0.05,0.95,8,2,0.005714285714285714,0.18717625687320816,0.18717625687320816,6.085714285714285,8,8,8,0,16,12,12,8,2,2,0,0,1,2,0.09090909090909091,4,1.5,112,97,37,67,75,7,30,4,8,6,2,0.13805970149253732,3.75,5,5,1.0,0.9992277992277991,4.625,14.0,8.375,150,0,0,150,1.0,1.0,1.0,1.0,0.0,0.0,10.0,1.0,1.0,1.0,1.0,0.0,75,75,30,120,0.65,0.7142857142857143,0.5,0.588235294117647,0.2,0.5,10.0,0.8,0.65,0.588235294117647,0.625,0.03676470588235303,75,75,30,120,0.65,0.7142857142857143,0.5,0.588235294117647,0.2,0.5,10.0,0.8,0.65,0.588235294117647,0.625,0.03676470588235303,1.0,0.9959839357429718,0.8809473247980534,1.0,0.9714285714285714,0.9997448979591836,0.2767646670108661
rework,0.03,1001,350,150,150,0.0,0.05,0.99,8,2,0.005714285714285714,0.18717625687320816,0.18717625687320816,6.085714285714285,8,8,8,0,16,12,12,8,2,2,0,0,1,2,0.09090909090909091,4,1.5,111,96,36,66,75,6,30,4,8,6,2,0.13432835820895522,3.75,5,5,1.0,1.0,4.5,13.875,8.25,150,0,0,150,1.0,1.0,1.0,1.0,0.0,0.0,10.0,1.0,1.0,1.0,1.0,0.0,150,0,60,90,0.8,0.7142857142857143,1.0,0.8333333333333333,0.4,0.0,10.0,0.6,0.8,0.8333333333333333,0.8695652173913044,0.036231884057971175,150,0,60,90,0.8,0.7142857142857143,1.0,0.8333333333333333,0.4,0.0,10.0,0.6,0.8,0.8333333333333333,0.8695652173913044,0.036231884057971175,1.0,0.9959839357429718,0.8809473247980534,1.0,1.0,1.0,0.3100022910221014
rework,0.03,1001,350,150,150,0.0,0.07,0.9,8,2,0.005714285714285714,0.18717625687320816,0.18717625687320816,6.085714285714285,8,8,8,0,16,12,12,8,2,2,0,0,1,2,0.09090909090909091,4,1.5,112,97,37,67,75,7,30,4,8,6,2,0.13805970149253732,3.75,5,5,1.0,0.9992277992277991,4.625,14.0,8.375,150,0,0,150,1.0,1.0,1.0,1.0,0.0,0.0,10.0,1.0,1.0,1.0,1.0,0.0,75,75,30,120,0.65,0.7142857142857143,0.5,0.588235294117647,0.2,0.5,10.0,0.8,0.65,0.588235294117647,0.625,0.03676470588235303,75,75,30,120,0.65,0.7142857142857143,0.5,0.588235294117647,0.2,0.5,10.0,0.8,0.65,0.588235294117647,0.625,0.03676470588235303,1.0,0.9959839357429718,0.8809473247980534,1.0,0.9714285714285714,0.9997448979591836,0.2900937500235159
rework,0.03,1001,350,150,150,0.0,0.07,0.95,8,2,0.005714285714285714,0.18717625687320816,0.18717625687320816,6.085714285714285,8,8,8,0,16,12,12,8,2,2,0,0,1,2,0.09090909090909091,4,1.5,112,97,37,67,75,7,30,4,8,6,2,0.13805970149253732,3.75,5,5,1.0,0.9992277992277991,4.625,14.0,8.375,150,0,0,150,1.0,1.0,1.0,1.0,0.0,0.0,10.0,1.0,1.0,1.0,1.0,0.0,75,75,30,120,0.65,0.7142857142857143,0.5,0.588235294117647,0.2,0.5,10.0,0.8,0.65,0.588235294117647,0.625,0.03676470588235303,75,75,30,120,0.65,0.7142857142857143,0.5,0.588235294117647,0.2,0.5,10.0,0.8,0.65,0.588235294117647,0.625,0.03676470588235303,1.0,0.9959839357429718,0.8809473247980534,1.0,0.9714285714285714,0.9997448979591836,0.2666803339961916
rework,0.03,1001,350,150,150,0.0,0.07,0.99,8,2,0.005714285714285714,0.18717625687320816,0.18717625687320816,6.085714285714285,8,8,8,0,16,12,12,8,2,2,0,0,1,2,0.09090909090909091,4,1.5,111,96,36,66,75,6,30,4,8,6,2,0.13432835820895522,3.75,5,5,1.0,1.0,4.5,13.875,8.25,150,0,0,150,1.0,1.0,1.0,1.0,0.0,0.0,10.0,1.0,1.0,1.0,1.0,0.0,150,0,60,90,0.8,0.7142857142857143,1.0,0.8333333333333333,0.4,0.0,10.0,0.6,0.8,0.8333333333333333,0.8695652173913044,0.036231884057971175,150,0,60,90,0.8,0.7142857142857143,1.0,0.8333333333333333,0.4,0.0,10.0,0.6,0.8,0.8333333333333333,0.8695652173913044,0.036231884057971175,1.0,0.9959839357429718,0.8809473247980534,1.0,1.0,1.0,0.2833910830086097
rework,0.03,1002,350,150,150,0.0,0.03,0.9,8,2,0.005714285714285714,0.22903531870627022,0.22903531870627022,6.111428571428571,8,8,8,0,16,12,12,8,2,2,0,0,1,2,0.09090909090909091,4,1.5,145,129,65,97,80,7,58,7,8,8,0,0.24253731343283583,7.0,7,14,0.5852307692307692,0.9994285714285714,8.125,18.125,12.125,150,0,0,150,1.0,1.0,1.0,1.0,0.0,0.0,10.0,1.0,1.0,1.0,1.0,0.0,75,75,0,150,0.75,1.0,0.5,0.6666666666666666,0.0,0.5,10.0,1.0,0.75,0.6666666666666666,0.6666666666666666,0.0,75,75,0,150,0.75,1.0,0.5,0.6666666666666666,0.0,0.5,10.0,1.0,0.75,0.6666666666666666,0.6666666666666666,0.0,1.0,0.9948041566746603,0.8906940217192748,1.0,0.9628571428571429,0.999743842364532,0.28646399997523986
rework,0.03,1002,350,150,150,0.0,0.03,0.95,8,2,0.005714285714285714,0.22903531870627022,0.22903531870627022,6.111428571428571,8,8,8,0,16,12,12,8,2,2,0,0,1,2,0.09090909090909091,4,1.5,145,129,65,97,80,7,58,7,8,8,0,0.24253731343283583,7.0,7,14,0.5852307692307692,0.9994285714285714,8.125,18.125,12.125,150,0,0,150,1.0,1.0,1.0,1.0,0.0,0.0,10.0,1.0,1.0,1.0,1.0,0.0,75,75,0,150,0.75,1.0,0.5,0.6666666666666666,0.0,0.5,10.0,1.0,0.75,0.6666666666666666,0.6666666666666666,0.0,75,75,0,150,0.75,1.0,0.5,0.6666666666666666,0.0,0.5,10.0,1.0,0.75,0.6666666666666666,0.6666666666666666,0.0,1.0,0.9948041566746603,0.8906940217192748,1.0,0.9628571428571429,0.999743842364532,0.27442633401369676
rework,0.03,1002,350,150,150,0.0,0.03,0.99,8,2,0.005714285714285714,0.22903531870627022,0.22903531870627022,6.111428571428571,8,8,8,0,16,12,12,8,2,2,0,0,1,2,0.09090909090909091,4,1.5,144,128,64,96,80,6,58,7,8,8,0,0.23880597014925373,7.0,7,14,0.57875,1.0,8.0,18.0,12.0,150,0,0,150,1.0,1.0,1.0,1.0,0.0,0.0,10.0,1.0,1.0,1.0,1.0,0.0,150,0,0,150,1.0,1.0,1.0,1.0,0.0,0.0,10.0,1.0,1.0,1.0,1.0,0.0,150,0,0,150,1.0,1.0,1.0,1.0,0.0,0.0,10.0,1.0,1.0,1.0,1.0,0.0,1.0,0.9948041566746603,0.8906940217192748,1.0,1.0,1.0,0.4928705829952378
rework,0.03,1002,350,150,150,0.0,0.05,0.9,8,2,0.005714285714285714,0.22903531870627022,0.22903531870627022,6.111428571428571,8,8,8,0,16,12,12,8,2,2,0,0,1,2,0.09090909090909091,4,1.5,112,97,37,67,75,7,30,4,8,6,2,0.13805970149253732,3.75,5,5,1.0,0.998996138996139,4.625,14.0,8.375,150,0,0,150,1.0,1.0,1.0,1.0,0.0,0.0,10.0,1.0,1.0,1.0,1.0,0.0,75,75,30,120,0.65,0.7142857142857143,0.5,0.588235294117647,0.2,0.5,10.0,0.8,0.65,0.588235294117647,0.625,0.03676470588235303,75,75,30,120,0.65,0.7142857142857143,0.5,0.588235294117647,0.2,0.5,10.0,0.8,0.65,0.588235294117647,0.625,0.03676470588235303,1.0,0.9948041566746603,0.8906940217192748,1.0,0.9628571428571429,0.9996683673469388,0.3560168749827426
rework,0.03,1002,350,150,150,0.0,0.05,0.95,8,2,0.005714285714285714,0.22903531870627022,0.22903531870627022,6.111428571428571,8,8,8,0,16,12,12,8,2,2,0,0,1,2,0.09090909090909091,4,1.5,112,97,37,67,75,7,30,4,8,6,2,0.13805970149253732,3.75,5,5,1.0,0.998996138996139,4.625,14.0,8.375,150,0,0,150,1.0,1.0,1.0,1.0,0.0,0.0,10.0,1.0,1.0,1.0,1.0,0.0,75,75,30,120,0.65,0.7142857142857143,0.5,0.588235294117647,0.2,0.5,10.0,0.8,0.65,0.588235294117647,0.625,0.03676470588235303,75,75,30,120,0.65,0.7142857142857143,0.5,0.588235294117647,0.2,0.5,10.0,0.8,0.65,0.588235294117647,0.625,0.03676470588235303,1.0,0.9948041566746603,0.8906940217192748,1.0,0.9628571428571429,0.9996683673469388,0.28959654198843054
rework,0.03,1002,350,150,150,0.0,0.05,0.99,8,2,0.005714285714285714,0.22903531870627022,0.22903531870627022,6.111428571428571,8,8,8,0,16,12,12,8,2,2,0,0,1,2,0.09090909090909091,4,1.5,111,96,36,66,75,6,30,4,8,6,2,0.13432835820895522,3.75,5,5,1.0,1.0,4.5,13.875,8.25,150,0,0,150,1.0,1.0,1.0,1.0,0.0,0.0,10.0,1.0,1.0,1.0,1.0,0.0,150,0,60,90,0.8,0.7142857142857143,1.0,0.8333333333333333,0.4,0.0,10.0,0.6,0.8,0.8333333333333333,0.8695652173913044,0.036231884057971175,150,0,60,90,0.8,0.7142857142857143,1.0,0.8333333333333333,0.4,0.0,10.0,0.6,0.8,0.8333333333333333,0.8695652173913044,0.036231884057971175,1.0,0.9948041566746603,0.8906940217192748,1.0,1.0,1.0,0.2876005420112051
rework,0.03,1002,350,150,150,0.0,0.07,0.9,8,2,0.005714285714285714,0.22903531870627022,0.22903531870627022,6.111428571428571,8,8,8,0,16,12,12,8,2,2,0,0,1,2,0.09090909090909091,4,1.5,112,97,37,67,75,7,30,4,8,6,2,0.13805970149253732,3.75,5,5,1.0,0.998996138996139,4.625,14.0,8.375,150,0,0,150,1.0,1.0,1.0,1.0,0.0,0.0,10.0,1.0,1.0,1.0,1.0,0.0,75,75,30,120,0.65,0.7142857142857143,0.5,0.588235294117647,0.2,0.5,10.0,0.8,0.65,0.588235294117647,0.625,0.03676470588235303,75,75,30,120,0.65,0.7142857142857143,0.5,0.588235294117647,0.2,0.5,10.0,0.8,0.65,0.588235294117647,0.625,0.03676470588235303,1.0,0.9948041566746603,0.8906940217192748,1.0,0.9628571428571429,0.9996683673469388,0.27849854200030677
rework,0.03,1002,350,150,150,0.0,0.07,0.95,8,2,0.005714285714285714,0.22903531870627022,0.22903531870627022,6.111428571428571,8,8,8,0,16,12,12,8,2,2,0,0,1,2,0.09090909090909091,4,1.5,112,97,37,67,75,7,30,4,8,6,2,0.13805970149253732,3.75,5,5,1.0,0.998996138996139,4.625,14.0,8.375,150,0,0,150,1.0,1.0,1.0,1.0,0.0,0.0,10.0,1.0,1.0,1.0,1.0,0.0,75,75,30,120,0.65,0.7142857142857143,0.5,0.588235294117647,0.2,0.5,10.0,0.8,0.65,0.588235294117647,0.625,0.03676470588235303,75,75,30,120,0.65,0.7142857142857143,0.5,0.588235294117647,0.2,0.5,10.0,0.8,0.65,0.588235294117647,0.625,0.03676470588235303,1.0,0.9948041566746603,0.8906940217192748,1.0,0.9628571428571429,0.9996683673469388,0.24545683301403187
rework,0.03,1002,350,150,150,0.0,0.07,0.99,8,2,0.005714285714285714,0.22903531870627022,0.22903531870627022,6.111428571428571,8,8,8,0,16,12,12,8,2,2,0,0,1,2,0.09090909090909091,4,1.5,111,96,36,66,75,6,30,4,8,6,2,0.13432835820895522,3.75,5,5,1.0,1.0,4.5,13.875,8.25,150,0,0,150,1.0,1.0,1.0,1.0,0.0,0.0,10.0,1.0,1.0,1.0,1.0,0.0,150,0,60,90,0.8,0.7142857142857143,1.0,0.8333333333333333,0.4,0.0,10.0,0.6,0.8,0.8333333333333333,0.8695652173913044,0.036231884057971175,150,0,60,90,0.8,0.7142857142857143,1.0,0.8333333333333333,0.4,0.0,10.0,0.6,0.8,0.8333333333333333,0.8695652173913044,0.036231884057971175,1.0,0.9948041566746603,0.8906940217192748,1.0,1.0,1.0,0.3206056669878308
rework,0.03,1003,350,150,150,0.0,0.03,0.9,8,2,0.005714285714285714,0.20150624380881219,0.20150624380881219,6.094285714285714,8,8,8,0,16,12,12,8,2,2,0,0,1,2,0.09090909090909091,4,1.5,145,129,65,97,80,7,58,7,8,8,0,0.24253731343283583,7.0,7,14,0.5827692307692308,0.9995164835164835,8.125,18.125,12.125,150,0,0,150,1.0,1.0,1.0,1.0,0.0,0.0,10.0,1.0,1.0,1.0,1.0,0.0,75,75,0,150,0.75,1.0,0.5,0.6666666666666666,0.0,0.5,10.0,1.0,0.75,0.6666666666666666,0.6666666666666666,0.0,75,75,0,150,0.75,1.0,0.5,0.6666666666666666,0.0,0.5,10.0,1.0,0.75,0.6666666666666666,0.6666666666666666,0.0,1.0,0.995589414595028,0.884635561248085,1.0,0.9685714285714285,0.999783251231527,0.3161085839965381
rework,0.03,1003,350,150,150,0.0,0.03,0.95,8,2,0.005714285714285714,0.20150624380881219,0.20150624380881219,6.094285714285714,8,8,8,0,16,12,12,8,2,2,0,0,1,2,0.09090909090909091,4,1.5,145,129,65,97,80,7,58,7,8,8,0,0.24253731343283583,7.0,7,14,0.5827692307692308,0.9995164835164835,8.125,18.125,12.125,150,0,0,150,1.0,1.0,1.0,1.0,0.0,0.0,10.0,1.0,1.0,1.0,1.0,0.0,75,75,0,150,0.75,1.0,0.5,0.6666666666666666,0.0,0.5,10.0,1.0,0.75,0.6666666666666666,0.6666666666666666,0.0,75,75,0,150,0.75,1.0,0.5,0.6666666666666666,0.0,0.5,10.0,1.0,0.75,0.6666666666666666,0.6666666666666666,0.0,1.0,0.995589414595028,0.884635561248085,1.0,0.9685714285714285,0.999783251231527,0.2644882499880623
rework,0.03,1003,350,150,150,0.0,0.03,0.99,8,2,0.005714285714285714,0.20150624380881219,0.20150624380881219,6.094285714285714,8,8,8,0,16,12,12,8,2,2,0,0,1,2,0.09090909090909091,4,1.5,144,128,64,96,80,6,58,7,8,8,0,0.23880597014925373,7.0,7,14,0.57625,1.0,8.0,18.0,12.0,150,0,0,150,1.0,1.0,1.0,1.0,0.0,0.0,10.0,1.0,1.0,1.0,1.0,0.0,150,0,0,150,1.0,1.0,1.0,1.0,0.0,0.0,10.0,1.0,1.0,1.0,1.0,0.0,150,0,0,150,1.0,1.0,1.0,1.0,0.0,0.0,10.0,1.0,1.0,1.0,1.0,0.0,1.0,0.995589414595028,0.884635561248085,1.0,1.0,1.0,0.3092014589929022
rework,0.03,1003,350,150,150,0.0,0.05,0.9,8,2,0.005714285714285714,0.20150624380881219,0.20150624380881219,6.094285714285714,8,8,8,0,16,12,12,8,2,2,0,0,1,2,0.09090909090909091,4,1.5,112,97,37,67,75,7,30,4,8,6,2,0.13805970149253732,3.75,5,5,1.0,0.9991505791505791,4.625,14.0,8.375,150,0,0,150,1.0,1.0,1.0,1.0,0.0,0.0,10.0,1.0,1.0,1.0,1.0,0.0,75,75,30,120,0.65,0.7142857142857143,0.5,0.588235294117647,0.2,0.5,10.0,0.8,0.65,0.588235294117647,0.625,0.03676470588235303,75,75,30,120,0.65,0.7142857142857143,0.5,0.588235294117647,0.2,0.5,10.0,0.8,0.65,0.588235294117647,0.625,0.03676470588235303,1.0,0.995589414595028,0.884635561248085,1.0,0.9685714285714285,0.999719387755102,0.28635095900972374
rework,0.03,1003,350,150,150,0.0,0.05,0.95,8,2,0.005714285714285714,0.20150624380881219,0.20150624380881219,6.094285714285714,8,8,8,0,16,12,12,8,2,2,0,0,1,2,0.09090909090909091,4,1.5,112,97,37,67,75,7,30,4,8,6,2,0.13805970149253732,3.75,5,5,1.0,0.9991505791505791,4.625,14.0,8.375,150,0,0,150,1.0,1.0,1.0,1.0,0.0,0.0,10.0,1.0,1.0,1.0,1.0,0.0,75,75,30,120,0.65,0.7142857142857143,0.5,0.588235294117647,0.2,0.5,10.0,0.8,0.65,0.588235294117647,0.625,0.03676470588235303,75,75,30,120,0.65,0.7142857142857143,0.5,0.588235294117647,0.2,0.5,10.0,0.8,0.65,0.588235294117647,0.625,0.03676470588235303,1.0,0.995589414595028,0.884635561248085,1.0,0.9685714285714285,0.999719387755102,0.24865625001257285
rework,0.03,1003,350,150,150,0.0,0.05,0.99,8,2,0.005714285714285714,0.20150624380881219,0.20150624380881219,6.094285714285714,8,8,8,0,16,12,12,8,2,2,0,0,1,2,0.09090909090909091,4,1.5,111,96,36,66,75,6,30,4,8,6,2,0.13432835820895522,3.75,5,5,1.0,1.0,4.5,13.875,8.25,150,0,0,150,1.0,1.0,1.0,1.0,0.0,0.0,10.0,1.0,1.0,1.0,1.0,0.0,150,0,60,90,0.8,0.7142857142857143,1.0,0.8333333333333333,0.4,0.0,10.0,0.6,0.8,0.8333333333333333,0.8695652173913044,0.036231884057971175,150,0,60,90,0.8,0.7142857142857143,1.0,0.8333333333333333,0.4,0.0,10.0,0.6,0.8,0.8333333333333333,0.8695652173913044,0.036231884057971175,1.0,0.995589414595028,0.884635561248085,1.0,1.0,1.0,0.27946545800659806
rework,0.03,1003,350,150,150,0.0,0.07,0.9,8,2,0.005714285714285714,0.20150624380881219,0.20150624380881219,6.094285714285714,8,8,8,0,16,12,12,8,2,2,0,0,1,2,0.09090909090909091,4,1.5,112,97,37,67,75,7,30,4,8,6,2,0.13805970149253732,3.75,5,5,1.0,0.9991505791505791,4.625,14.0,8.375,150,0,0,150,1.0,1.0,1.0,1.0,0.0,0.0,10.0,1.0,1.0,1.0,1.0,0.0,75,75,30,120,0.65,0.7142857142857143,0.5,0.588235294117647,0.2,0.5,10.0,0.8,0.65,0.588235294117647,0.625,0.03676470588235303,75,75,30,120,0.65,0.7142857142857143,0.5,0.588235294117647,0.2,0.5,10.0,0.8,0.65,0.588235294117647,0.625,0.03676470588235303,1.0,0.995589414595028,0.884635561248085,1.0,0.9685714285714285,0.999719387755102,0.3195085829938762
rework,0.03,1003,350,150,150,0.0,0.07,0.95,8,2,0.005714285714285714,0.20150624380881219,0.20150624380881219,6.094285714285714,8,8,8,0,16,12,12,8,2,2,0,0,1,2,0.09090909090909091,4,1.5,112,97,37,67,75,7,30,4,8,6,2,0.13805970149253732,3.75,5,5,1.0,0.9991505791505791,4.625,14.0,8.375,150,0,0,150,1.0,1.0,1.0,1.0,0.0,0.0,10.0,1.0,1.0,1.0,1.0,0.0,75,75,30,120,0.65,0.7142857142857143,0.5,0.588235294117647,0.2,0.5,10.0,0.8,0.65,0.588235294117647,0.625,0.03676470588235303,75,75,30,120,0.65,0.7142857142857143,0.5,0.588235294117647,0.2,0.5,10.0,0.8,0.65,0.588235294117647,0.625,0.03676470588235303,1.0,0.995589414595028,0.884635561248085,1.0,0.9685714285714285,0.999719387755102,0.2464416250004433
rework,0.03,1003,350,150,150,0.0,0.07,0.99,8,2,0.005714285714285714,0.20150624380881219,0.20150624380881219,6.094285714285714,8,8,8,0,16,12,12,8,2,2,0,0,1,2,0.09090909090909091,4,1.5,111,96,36,66,75,6,30,4,8,6,2,0.13432835820895522,3.75,5,5,1.0,1.0,4.5,13.875,8.25,150,0,0,150,1.0,1.0,1.0,1.0,0.0,0.0,10.0,1.0,1.0,1.0,1.0,0.0,150,0,60,90,0.8,0.7142857142857143,1.0,0.8333333333333333,0.4,0.0,10.0,0.6,0.8,0.8333333333333333,0.8695652173913044,0.036231884057971175,150,0,60,90,0.8,0.7142857142857143,1.0,0.8333333333333333,0.4,0.0,10.0,0.6,0.8,0.8333333333333333,0.8695652173913044,0.036231884057971175,1.0,0.995589414595028,0.884635561248085,1.0,1.0,1.0,0.25591837501269765
rework,0.03,1004,350,150,150,0.0,0.03,0.9,8,2,0.005714285714285714,0.21544882762652257,0.21544882762652257,6.102857142857143,8,8,8,0,16,12,12,8,2,2,0,0,1,2,0.09090909090909091,4,1.5,145,129,65,97,80,7,58,7,8,8,0,0.24253731343283583,7.0,7,14,0.584,0.9994725274725275,8.125,18.125,12.125,150,0,0,150,1.0,1.0,1.0,1.0,0.0,0.0,10.0,1.0,1.0,1.0,1.0,0.0,75,75,0,150,0.75,1.0,0.5,0.6666666666666666,0.0,0.5,10.0,1.0,0.75,0.6666666666666666,0.6666666666666666,0.0,75,75,0,150,0.75,1.0,0.5,0.6666666666666666,0.0,0.5,10.0,1.0,0.75,0.6666666666666666,0.6666666666666666,0.0,1.0,0.9951961569255404,0.8878537069718982,1.0,0.9657142857142857,0.9997635467980295,0.2967585420119576
rework,0.03,1004,350,150,150,0.0,0.03,0.95,8,2,0.005714285714285714,0.21544882762652257,0.21544882762652257,6.102857142857143,8,8,8,0,16,12,12,8,2,2,0,0,1,2,0.09090909090909091,4,1.5,145,129,65,97,80,7,58,7,8,8,0,0.24253731343283583,7.0,7,14,0.584,0.9994725274725275,8.125,18.125,12.125,150,0,0,150,1.0,1.0,1.0,1.0,0.0,0.0,10.0,1.0,1.0,1.0,1.0,0.0,75,75,0,150,0.75,1.0,0.5,0.6666666666666666,0.0,0.5,10.0,1.0,0.75,0.6666666666666666,0.6666666666666666,0.0,75,75,0,150,0.75,1.0,0.5,0.6666666666666666,0.0,0.5,10.0,1.0,0.75,0.6666666666666666,0.6666666666666666,0.0,1.0,0.9951961569255404,0.8878537069718982,1.0,0.9657142857142857,0.9997635467980295,0.267351000016788
rework,0.03,1004,350,150,150,0.0,0.03,0.99,8,2,0.005714285714285714,0.21544882762652257,0.21544882762652257,6.102857142857143,8,8,8,0,16,12,12,8,2,2,0,0,1,2,0.09090909090909091,4,1.5,144,128,64,96,80,6,58,7,8,8,0,0.23880597014925373,7.0,7,14,0.5775,1.0,8.0,18.0,12.0,150,0,0,150,1.0,1.0,1.0,1.0,0.0,0.0,10.0,1.0,1.0,1.0,1.0,0.0,150,0,0,150,1.0,1.0,1.0,1.0,0.0,0.0,10.0,1.0,1.0,1.0,1.0,0.0,150,0,0,150,1.0,1.0,1.0,1.0,0.0,0.0,10.0,1.0,1.0,1.0,1.0,0.0,1.0,0.9951961569255404,0.8878537069718982,1.0,1.0,1.0,0.27353954198770225
rework,0.03,1004,350,150,150,0.0,0.05,0.9,8,2,0.005714285714285714,0.21544882762652257,0.21544882762652257,6.102857142857143,8,8,8,0,16,12,12,8,2,2,0,0,1,2,0.09090909090909091,4,1.5,112,97,37,67,75,7,30,4,8,6,2,0.13805970149253732,3.75,5,5,1.0,0.999073359073359,4.625,14.0,8.375,150,0,0,150,1.0,1.0,1.0,1.0,0.0,0.0,10.0,1.0,1.0,1.0,1.0,0.0,75,75,30,120,0.65,0.7142857142857143,0.5,0.588235294117647,0.2,0.5,10.0,0.8,0.65,0.588235294117647,0.625,0.03676470588235303,75,75,30,120,0.65,0.7142857142857143,0.5,0.588235294117647,0.2,0.5,10.0,0.8,0.65,0.588235294117647,0.625,0.03676470588235303,1.0,0.9951961569255404,0.8878537069718982,1.0,0.9657142857142857,0.9996938775510205,0.2814686250058003
rework,0.03,1004,350,150,150,0.0,0.05,0.95,8,2,0.005714285714285714,0.21544882762652257,0.21544882762652257,6.102857142857143,8,8,8,0,16,12,12,8,2,2,0,0,1,2,0.09090909090909091,4,1.5,112,97,37,67,75,7,30,4,8,6,2,0.13805970149253732,3.75,5,5,1.0,0.999073359073359,4.625,14.0,8.375,150,0,0,150,1.0,1.0,1.0,1.0,0.0,0.0,10.0,1.0,1.0,1.0,1.0,0.0,75,75,30,120,0.65,0.7142857142857143,0.5,0.588235294117647,0.2,0.5,10.0,0.8,0.65,0.588235294117647,0.625,0.03676470588235303,75,75,30,120,0.65,0.7142857142857143,0.5,0.588235294117647,0.2,0.5,10.0,0.8,0.65,0.588235294117647,0.625,0.03676470588235303,1.0,0.9951961569255404,0.8878537069718982,1.0,0.9657142857142857,0.9996938775510205,0.2398647499794606
rework,0.03,1004,350,150,150,0.0,0.05,0.99,8,2,0.005714285714285714,0.21544882762652257,0.21544882762652257,6.102857142857143,8,8,8,0,16,12,12,8,2,2,0,0,1,2,0.09090909090909091,4,1.5,111,96,36,66,75,6,30,4,8,6,2,0.13432835820895522,3.75,5,5,1.0,1.0,4.5,13.875,8.25,150,0,0,150,1.0,1.0,1.0,1.0,0.0,0.0,10.0,1.0,1.0,1.0,1.0,0.0,150,0,60,90,0.8,0.7142857142857143,1.0,0.8333333333333333,0.4,0.0,10.0,0.6,0.8,0.8333333333333333,0.8695652173913044,0.036231884057971175,150,0,60,90,0.8,0.7142857142857143,1.0,0.8333333333333333,0.4,0.0,10.0,0.6,0.8,0.8333333333333333,0.8695652173913044,0.036231884057971175,1.0,0.9951961569255404,0.8878537069718982,1.0,1.0,1.0,0.2554153329983819
rework,0.03,1004,350,150,150,0.0,0.07,0.9,8,2,0.005714285714285714,0.21544882762652257,0.21544882762652257,6.102857142857143,8,8,8,0,16,12,12,8,2,2,0,0,1,2,0.09090909090909091,4,1.5,112,97,37,67,75,7,30,4,8,6,2,0.13805970149253732,3.75,5,5,1.0,0.999073359073359,4.625,14.0,8.375,150,0,0,150,1.0,1.0,1.0,1.0,0.0,0.0,10.0,1.0,1.0,1.0,1.0,0.0,75,75,30,120,0.65,0.7142857142857143,0.5,0.588235294117647,0.2,0.5,10.0,0.8,0.65,0.588235294117647,0.625,0.03676470588235303,75,75,30,120,0.65,0.7142857142857143,0.5,0.588235294117647,0.2,0.5,10.0,0.8,0.65,0.588235294117647,0.625,0.03676470588235303,1.0,0.9951961569255404,0.8878537069718982,1.0,0.9657142857142857,0.9996938775510205,0.262080665997928
rework,0.03,1004,350,150,150,0.0,0.07,0.95,8,2,0.005714285714285714,0.21544882762652257,0.21544882762652257,6.102857142857143,8,8,8,0,16,12,12,8,2,2,0,0,1,2,0.09090909090909091,4,1.5,112,97,37,67,75,7,30,4,8,6,2,0.13805970149253732,3.75,5,5,1.0,0.999073359073359,4.625,14.0,8.375,150,0,0,150,1.0,1.0,1.0,1.0,0.0,0.0,10.0,1.0,1.0,1.0,1.0,0.0,75,75,30,120,0.65,0.7142857142857143,0.5,0.588235294117647,0.2,0.5,10.0,0.8,0.65,0.588235294117647,0.625,0.03676470588235303,75,75,30,120,0.65,0.7142857142857143,0.5,0.588235294117647,0.2,0.5,10.0,0.8,0.65,0.588235294117647,0.625,0.03676470588235303,1.0,0.9951961569255404,0.8878537069718982,1.0,0.9657142857142857,0.9996938775510205,0.25759845902211964
rework,0.03,1004,350,150,150,0.0,0.07,0.99,8,2,0.005714285714285714,0.21544882762652257,0.21544882762652257,6.102857142857143,8,8,8,0,16,12,12,8,2,2,0,0,1,2,0.09090909090909091,4,1.5,111,96,36,66,75,6,30,4,8,6,2,0.13432835820895522,3.75,5,5,1.0,1.0,4.5,13.875,8.25,150,0,0,150,1.0,1.0,1.0,1.0,0.0,0.0,10.0,1.0,1.0,1.0,1.0,0.0,150,0,60,90,0.8,0.7142857142857143,1.0,0.8333333333333333,0.4,0.0,10.0,0.6,0.8,0.8333333333333333,0.8695652173913044,0.036231884057971175,150,0,60,90,0.8,0.7142857142857143,1.0,0.8333333333333333,0.4,0.0,10.0,0.6,0.8,0.8333333333333333,0.8695652173913044,0.036231884057971175,1.0,0.9951961569255404,0.8878537069718982,1.0,1.0,1.0,0.26585749999503605
rework,0.03,1005,350,150,150,0.0,0.03,0.9,8,2,0.005714285714285714,0.2679047298713761,0.2679047298713761,6.137142857142857,8,8,8,0,16,12,12,8,2,2,0,0,1,2,0.09090909090909091,4,1.5,145,129,65,97,80,7,58,7,8,8,0,0.24253731343283583,7.0,7,14,0.588923076923077,0.9992967032967034,8.125,18.125,12.125,150,0,0,150,1.0,1.0,1.0,1.0,0.0,0.0,10.0,1.0,1.0,1.0,1.0,0.0,75,75,0,150,0.75,1.0,0.5,0.6666666666666666,0.0,0.5,10.0,1.0,0.75,0.6666666666666666,0.6666666666666666,0.0,75,75,0,150,0.75,1.0,0.5,0.6666666666666666,0.0,0.5,10.0,1.0,0.75,0.6666666666666666,0.6666666666666666,0.0,1.0,0.9936356404136834,0.8975584900923305,1.0,0.9542857142857143,0.9996847290640394,0.31856087502092123
rework,0.03,1005,350,150,150,0.0,0.03,0.95,8,2,0.005714285714285714,0.2679047298713761,0.2679047298713761,6.137142857142857,8,8,8,0,16,12,12,8,2,2,0,0,1,2,0.09090909090909091,4,1.5,145,129,65,97,80,7,58,7,8,8,0,0.24253731343283583,7.0,7,14,0.588923076923077,0.9992967032967034,8.125,18.125,12.125,150,0,0,150,1.0,1.0,1.0,1.0,0.0,0.0,10.0,1.0,1.0,1.0,1.0,0.0,75,75,0,150,0.75,1.0,0.5,0.6666666666666666,0.0,0.5,10.0,1.0,0.75,0.6666666666666666,0.6666666666666666,0.0,75,75,0,150,0.75,1.0,0.5,0.6666666666666666,0.0,0.5,10.0,1.0,0.75,0.6666666666666666,0.6666666666666666,0.0,1.0,0.9936356404136834,0.8975584900923305,1.0,0.9542857142857143,0.9996847290640394,0.28899199998704717
rework,0.03,1005,350,150,150,0.0,0.03,0.99,8,2,0.005714285714285714,0.2679047298713761,0.2679047298713761,6.137142857142857,8,8,8,0,16,12,12,8,2,2,0,0,1,2,0.09090909090909091,4,1.5,144,128,64,96,80,6,58,7,8,8,0,0.23880597014925373,7.0,7,14,0.5825,1.0,8.0,18.0,12.0,150,0,0,150,1.0,1.0,1.0,1.0,0.0,0.0,10.0,1.0,1.0,1.0,1.0,0.0,150,0,0,150,1.0,1.0,1.0,1.0,0.0,0.0,10.0,1.0,1.0,1.0,1.0,0.0,150,0,0,150,1.0,1.0,1.0,1.0,0.0,0.0,10.0,1.0,1.0,1.0,1.0,0.0,1.0,0.9936356404136834,0.8975584900923305,1.0,1.0,1.0,0.3039970829850063
rework,0.03,1005,350,150,150,0.0,0.05,0.9,8,2,0.005714285714285714,0.2679047298713761,0.2679047298713761,6.137142857142857,8,8,8,0,16,12,12,8,2,2,0,0,1,2,0.09090909090909091,4,1.5,112,97,37,67,75,7,30,4,8,6,2,0.13805970149253732,3.75,5,5,1.0,0.9987644787644788,4.625,14.0,8.375,150,0,0,150,1.0,1.0,1.0,1.0,0.0,0.0,10.0,1.0,1.0,1.0,1.0,0.0,75,75,30,120,0.65,0.7142857142857143,0.5,0.588235294117647,0.2,0.5,10.0,0.8,0.65,0.588235294117647,0.625,0.03676470588235303,75,75,30,120,0.65,0.7142857142857143,0.5,0.588235294117647,0.2,0.5,10.0,0.8,0.65,0.588235294117647,0.625,0.03676470588235303,1.0,0.9936356404136834,0.8975584900923305,1.0,0.9542857142857143,0.9995918367346938,0.34998837500461377
rework,0.03,1005,350,150,150,0.0,0.05,0.95,8,2,0.005714285714285714,0.2679047298713761,0.2679047298713761,6.137142857142857,8,8,8,0,16,12,12,8,2,2,0,0,1,2,0.09090909090909091,4,1.5,112,97,37,67,75,7,30,4,8,6,2,0.13805970149253732,3.75,5,5,1.0,0.9987644787644788,4.625,14.0,8.375,150,0,0,150,1.0,1.0,1.0,1.0,0.0,0.0,10.0,1.0,1.0,1.0,1.0,0.0,75,75,30,120,0.65,0.7142857142857143,0.5,0.588235294117647,0.2,0.5,10.0,0.8,0.65,0.588235294117647,0.625,0.03676470588235303,75,75,30,120,0.65,0.7142857142857143,0.5,0.588235294117647,0.2,0.5,10.0,0.8,0.65,0.588235294117647,0.625,0.03676470588235303,1.0,0.9936356404136834,0.8975584900923305,1.0,0.9542857142857143,0.9995918367346938,0.3254693750059232
rework,0.03,1005,350,150,150,0.0,0.05,0.99,8,2,0.005714285714285714,0.2679047298713761,0.2679047298713761,6.137142857142857,8,8,8,0,16,12,12,8,2,2,0,0,1,2,0.09090909090909091,4,1.5,111,96,36,66,75,6,30,4,8,6,2,0.13432835820895522,3.75,5,5,1.0,1.0,4.5,13.875,8.25,150,0,0,150,1.0,1.0,1.0,1.0,0.0,0.0,10.0,1.0,1.0,1.0,1.0,0.0,150,0,60,90,0.8,0.7142857142857143,1.0,0.8333333333333333,0.4,0.0,10.0,0.6,0.8,0.8333333333333333,0.8695652173913044,0.036231884057971175,150,0,60,90,0.8,0.7142857142857143,1.0,0.8333333333333333,0.4,0.0,10.0,0.6,0.8,0.8333333333333333,0.8695652173913044,0.036231884057971175,1.0,0.9936356404136834,0.8975584900923305,1.0,1.0,1.0,0.3025956669880543
rework,0.03,1005,350,150,150,0.0,0.07,0.9,8,2,0.005714285714285714,0.2679047298713761,0.2679047298713761,6.137142857142857,8,8,8,0,16,12,12,8,2,2,0,0,1,2,0.09090909090909091,4,1.5,112,97,37,67,75,7,30,4,8,6,2,0.13805970149253732,3.75,5,5,1.0,0.9987644787644788,4.625,14.0,8.375,150,0,0,150,1.0,1.0,1.0,1.0,0.0,0.0,10.0,1.0,1.0,1.0,1.0,0.0,75,75,30,120,0.65,0.7142857142857143,0.5,0.588235294117647,0.2,0.5,10.0,0.8,0.65,0.588235294117647,0.625,0.03676470588235303,75,75,30,120,0.65,0.7142857142857143,0.5,0.588235294117647,0.2,0.5,10.0,0.8,0.65,0.588235294117647,0.625,0.03676470588235303,1.0,0.9936356404136834,0.8975584900923305,1.0,0.9542857142857143,0.9995918367346938,0.3844369169964921
rework,0.03,1005,350,150,150,0.0,0.07,0.95,8,2,0.005714285714285714,0.2679047298713761,0.2679047298713761,6.137142857142857,8,8,8,0,16,12,12,8,2,2,0,0,1,2,0.09090909090909091,4,1.5,112,97,37,67,75,7,30,4,8,6,2,0.13805970149253732,3.75,5,5,1.0,0.9987644787644788,4.625,14.0,8.375,150,0,0,150,1.0,1.0,1.0,1.0,0.0,0.0,10.0,1.0,1.0,1.0,1.0,0.0,75,75,30,120,0.65,0.7142857142857143,0.5,0.588235294117647,0.2,0.5,10.0,0.8,0.65,0.588235294117647,0.625,0.03676470588235303,75,75,30,120,0.65,0.7142857142857143,0.5,0.588235294117647,0.2,0.5,10.0,0.8,0.65,0.588235294117647,0.625,0.03676470588235303,1.0,0.9936356404136834,0.8975584900923305,1.0,0.9542857142857143,0.9995918367346938,0.284077916003298
rework,0.03,1005,350,150,150,0.0,0.07,0.99,8,2,0.005714285714285714,0.2679047298713761,0.2679047298713761,6.137142857142857,8,8,8,0,16,12,12,8,2,2,0,0,1,2,0.09090909090909091,4,1.5,111,96,36,66,75,6,30,4,8,6,2,0.13432835820895522,3.75,5,5,1.0,1.0,4.5,13.875,8.25,150,0,0,150,1.0,1.0,1.0,1.0,0.0,0.0,10.0,1.0,1.0,1.0,1.0,0.0,150,0,60,90,0.8,0.7142857142857143,1.0,0.8333333333333333,0.4,0.0,10.0,0.6,0.8,0.8333333333333333,0.8695652173913044,0.036231884057971175,150,0,60,90,0.8,0.7142857142857143,1.0,0.8333333333333333,0.4,0.0,10.0,0.6,0.8,0.8333333333333333,0.8695652173913044,0.036231884057971175,1.0,0.9936356404136834,0.8975584900923305,1.0,1.0,1.0,0.34757949999766424
rework,0.03,1006,350,150,150,0.0,0.03,0.9,8,2,0.005714285714285714,0.14144054254182067,0.14144054254182067,6.06,8,8,8,0,16,12,12,8,2,2,0,0,1,2,0.09090909090909091,4,1.5,112,97,37,67,75,7,30,4,8,6,2,0.13805970149253732,3.75,5,5,1.0,0.9994594594594594,4.625,14.0,8.375,150,0,0,150,1.0,1.0,1.0,1.0,0.0,0.0,10.0,1.0,1.0,1.0,1.0,0.0,75,75,30,120,0.65,0.7142857142857143,0.5,0.588235294117647,0.2,0.5,10.0,0.8,0.65,0.588235294117647,0.625,0.03676470588235303,75,75,30,120,0.65,0.7142857142857143,0.5,0.588235294117647,0.2,0.5,10.0,0.8,0.65,0.588235294117647,0.625,0.03676470588235303,1.0,0.9971751412429378,0.8654855249583282,1.0,0.98,0.9998214285714285,0.568970749998698
rework,0.03,1006,350,150,150,0.0,0.03,0.95,8,2,0.005714285714285714,0.14144054254182067,0.14144054254182067,6.06,8,8,8,0,16,12,12,8,2,2,0,0,1,2,0.09090909090909091,4,1.5,112,97,37,67,75,7,30,4,8,6,2,0.13805970149253732,3.75,5,5,1.0,0.9994594594594594,4.625,14.0,8.375,150,0,0,150,1.0,1.0,1.0,1.0,0.0,0.0,10.0,1.0,1.0,1.0,1.0,0.0,75,75,30,120,0.65,0.7142857142857143,0.5,0.588235294117647,0.2,0.5,10.0,0.8,0.65,0.588235294117647,0.625,0.03676470588235303,75,75,30,120,0.65,0.7142857142857143,0.5,0.588235294117647,0.2,0.5,10.0,0.8,0.65,0.588235294117647,0.625,0.03676470588235303,1.0,0.9971751412429378,0.8654855249583282,1.0,0.98,0.9998214285714285,0.5320852920121979
rework,0.03,1006,350,150,150,0.0,0.03,0.99,8,2,0.005714285714285714,0.14144054254182067,0.14144054254182067,6.06,8,8,8,0,16,12,12,8,2,2,0,0,1,2,0.09090909090909091,4,1.5,111,96,36,66,75,6,30,4,8,6,2,0.13432835820895522,3.75,5,5,1.0,1.0,4.5,13.875,8.25,150,0,0,150,1.0,1.0,1.0,1.0,0.0,0.0,10.0,1.0,1.0,1.0,1.0,0.0,150,0,60,90,0.8,0.7142857142857143,1.0,0.8333333333333333,0.4,0.0,10.0,0.6,0.8,0.8333333333333333,0.8695652173913044,0.036231884057971175,150,0,60,90,0.8,0.7142857142857143,1.0,0.8333333333333333,0.4,0.0,10.0,0.6,0.8,0.8333333333333333,0.8695652173913044,0.036231884057971175,1.0,0.9971751412429378,0.8654855249583282,1.0,1.0,1.0,0.5053870829869993
rework,0.03,1006,350,150,150,0.0,0.05,0.9,8,2,0.005714285714285714,0.14144054254182067,0.14144054254182067,6.06,8,8,8,0,16,12,12,8,2,2,0,0,1,2,0.09090909090909091,4,1.5,112,97,37,67,75,7,30,4,8,6,2,0.13805970149253732,3.75,5,5,1.0,0.9994594594594594,4.625,14.0,8.375,150,0,0,150,1.0,1.0,1.0,1.0,0.0,0.0,10.0,1.0,1.0,1.0,1.0,0.0,75,75,30,120,0.65,0.7142857142857143,0.5,0.588235294117647,0.2,0.5,10.0,0.8,0.65,0.588235294117647,0.625,0.03676470588235303,75,75,30,120,0.65,0.7142857142857143,0.5,0.588235294117647,0.2,0.5,10.0,0.8,0.65,0.588235294117647,0.625,0.03676470588235303,1.0,0.9971751412429378,0.8654855249583282,1.0,0.98,0.9998214285714285,0.5444508750224486
rework,0.03,1006,350,150,150,0.0,0.05,0.95,8,2,0.005714285714285714,0.14144054254182067,0.14144054254182067,6.06,8,8,8,0,16,12,12,8,2,2,0,0,1,2,0.09090909090909091,4,1.5,112,97,37,67,75,7,30,4,8,6,2,0.13805970149253732,3.75,5,5,1.0,0.9994594594594594,4.625,14.0,8.375,150,0,0,150,1.0,1.0,1.0,1.0,0.0,0.0,10.0,1.0,1.0,1.0,1.0,0.0,75,75,30,120,0.65,0.7142857142857143,0.5,0.588235294117647,0.2,0.5,10.0,0.8,0.65,0.588235294117647,0.625,0.03676470588235303,75,75,30,120,0.65,0.7142857142857143,0.5,0.588235294117647,0.2,0.5,10.0,0.8,0.65,0.588235294117647,0.625,0.03676470588235303,1.0,0.9971751412429378,0.8654855249583282,1.0,0.98,0.9998214285714285,0.4606924160034396
rework,0.03,1006,350,150,150,0.0,0.05,0.99,8,2,0.005714285714285714,0.14144054254182067,0.14144054254182067,6.06,8,8,8,0,16,12,12,8,2,2,0,0,1,2,0.09090909090909091,4,1.5,111,96,36,66,75,6,30,4,8,6,2,0.13432835820895522,3.75,5,5,1.0,1.0,4.5,13.875,8.25,150,0,0,150,1.0,1.0,1.0,1.0,0.0,0.0,10.0,1.0,1.0,1.0,1.0,0.0,150,0,60,90,0.8,0.7142857142857143,1.0,0.8333333333333333,0.4,0.0,10.0,0.6,0.8,0.8333333333333333,0.8695652173913044,0.036231884057971175,150,0,60,90,0.8,0.7142857142857143,1.0,0.8333333333333333,0.4,0.0,10.0,0.6,0.8,0.8333333333333333,0.8695652173913044,0.036231884057971175,1.0,0.9971751412429378,0.8654855249583282,1.0,1.0,1.0,0.4784575830271933
rework,0.03,1006,350,150,150,0.0,0.07,0.9,8,2,0.005714285714285714,0.14144054254182067,0.14144054254182067,6.06,8,8,8,0,16,12,12,8,2,2,0,0,1,2,0.09090909090909091,4,1.5,112,97,37,67,75,7,30,4,8,6,2,0.13805970149253732,3.75,5,5,1.0,0.9994594594594594,4.625,14.0,8.375,150,0,0,150,1.0,1.0,1.0,1.0,0.0,0.0,10.0,1.0,1.0,1.0,1.0,0.0,75,75,30,120,0.65,0.7142857142857143,0.5,0.588235294117647,0.2,0.5,10.0,0.8,0.65,0.588235294117647,0.625,0.03676470588235303,75,75,30,120,0.65,0.7142857142857143,0.5,0.588235294117647,0.2,0.5,10.0,0.8,0.65,0.588235294117647,0.625,0.03676470588235303,1.0,0.9971751412429378,0.8654855249583282,1.0,0.98,0.9998214285714285,0.4049198339926079
rework,0.03,1006,350,150,150,0.0,0.07,0.95,8,2,0.005714285714285714,0.14144054254182067,0.14144054254182067,6.06,8,8,8,0,16,12,12,8,2,2,0,0,1,2,0.09090909090909091,4,1.5,112,97,37,67,75,7,30,4,8,6,2,0.13805970149253732,3.75,5,5,1.0,0.9994594594594594,4.625,14.0,8.375,150,0,0,150,1.0,1.0,1.0,1.0,0.0,0.0,10.0,1.0,1.0,1.0,1.0,0.0,75,75,30,120,0.65,0.7142857142857143,0.5,0.588235294117647,0.2,0.5,10.0,0.8,0.65,0.588235294117647,0.625,0.03676470588235303,75,75,30,120,0.65,0.7142857142857143,0.5,0.588235294117647,0.2,0.5,10.0,0.8,0.65,0.588235294117647,0.625,0.03676470588235303,1.0,0.9971751412429378,0.8654855249583282,1.0,0.98,0.9998214285714285,0.3551209160068538
rework,0.03,1006,350,150,150,0.0,0.07,0.99,8,2,0.005714285714285714,0.14144054254182067,0.14144054254182067,6.06,8,8,8,0,16,12,12,8,2,2,0,0,1,2,0.09090909090909091,4,1.5,111,96,36,66,75,6,30,4,8,6,2,0.13432835820895522,3.75,5,5,1.0,1.0,4.5,13.875,8.25,150,0,0,150,1.0,1.0,1.0,1.0,0.0,0.0,10.0,1.0,1.0,1.0,1.0,0.0,150,0,60,90,0.8,0.7142857142857143,1.0,0.8333333333333333,0.4,0.0,10.0,0.6,0.8,0.8333333333333333,0.8695652173913044,0.036231884057971175,150,0,60,90,0.8,0.7142857142857143,1.0,0.8333333333333333,0.4,0.0,10.0,0.6,0.8,0.8333333333333333,0.8695652173913044,0.036231884057971175,1.0,0.9971751412429378,0.8654855249583282,1.0,1.0,1.0,0.32484595899586566
rework,0.03,1007,350,150,150,0.0,0.03,0.9,8,2,0.005714285714285714,0.21544882762652257,0.21544882762652257,6.102857142857143,8,8,8,0,16,12,12,8,2,2,0,0,1,2,0.09090909090909091,4,1.5,145,129,65,97,80,7,58,7,8,8,0,0.24253731343283583,7.0,7,14,0.584,0.9994725274725275,8.125,18.125,12.125,150,0,0,150,1.0,1.0,1.0,1.0,0.0,0.0,10.0,1.0,1.0,1.0,1.0,0.0,75,75,0,150,0.75,1.0,0.5,0.6666666666666666,0.0,0.5,10.0,1.0,0.75,0.6666666666666666,0.6666666666666666,0.0,75,75,0,150,0.75,1.0,0.5,0.6666666666666666,0.0,0.5,10.0,1.0,0.75,0.6666666666666666,0.6666666666666666,0.0,1.0,0.9951961569255404,0.8878537069718982,1.0,0.9657142857142857,0.9997635467980295,0.3393507500004489
rework,0.03,1007,350,150,150,0.0,0.03,0.95,8,2,0.005714285714285714,0.21544882762652257,0.21544882762652257,6.102857142857143,8,8,8,0,16,12,12,8,2,2,0,0,1,2,0.09090909090909091,4,1.5,145,129,65,97,80,7,58,7,8,8,0,0.24253731343283583,7.0,7,14,0.584,0.9994725274725275,8.125,18.125,12.125,150,0,0,150,1.0,1.0,1.0,1.0,0.0,0.0,10.0,1.0,1.0,1.0,1.0,0.0,75,75,0,150,0.75,1.0,0.5,0.6666666666666666,0.0,0.5,10.0,1.0,0.75,0.6666666666666666,0.6666666666666666,0.0,75,75,0,150,0.75,1.0,0.5,0.6666666666666666,0.0,0.5,10.0,1.0,0.75,0.6666666666666666,0.6666666666666666,0.0,1.0,0.9951961569255404,0.8878537069718982,1.0,0.9657142857142857,0.9997635467980295,0.31288158299867064
rework,0.03,1007,350,150,150,0.0,0.03,0.99,8,2,0.005714285714285714,0.21544882762652257,0.21544882762652257,6.102857142857143,8,8,8,0,16,12,12,8,2,2,0,0,1,2,0.09090909090909091,4,1.5,144,128,64,96,80,6,58,7,8,8,0,0.23880597014925373,7.0,7,14,0.5775,1.0,8.0,18.0,12.0,150,0,0,150,1.0,1.0,1.0,1.0,0.0,0.0,10.0,1.0,1.0,1.0,1.0,0.0,150,0,0,150,1.0,1.0,1.0,1.0,0.0,0.0,10.0,1.0,1.0,1.0,1.0,0.0,150,0,0,150,1.0,1.0,1.0,1.0,0.0,0.0,10.0,1.0,1.0,1.0,1.0,0.0,1.0,0.9951961569255404,0.8878537069718982,1.0,1.0,1.0,0.3587162910262123
rework,0.03,1007,350,150,150,0.0,0.05,0.9,8,2,0.005714285714285714,0.21544882762652257,0.21544882762652257,6.102857142857143,8,8,8,0,16,12,12,8,2,2,0,0,1,2,0.09090909090909091,4,1.5,112,97,37,67,75,7,30,4,8,6,2,0.13805970149253732,3.75,5,5,1.0,0.999073359073359,4.625,14.0,8.375,150,0,0,150,1.0,1.0,1.0,1.0,0.0,0.0,10.0,1.0,1.0,1.0,1.0,0.0,75,75,30,120,0.65,0.7142857142857143,0.5,0.588235294117647,0.2,0.5,10.0,0.8,0.65,0.588235294117647,0.625,0.03676470588235303,75,75,30,120,0.65,0.7142857142857143,0.5,0.588235294117647,0.2,0.5,10.0,0.8,0.65,0.588235294117647,0.625,0.03676470588235303,1.0,0.9951961569255404,0.8878537069718982,1.0,0.9657142857142857,0.9996938775510205,0.32495604097493924
rework,0.03,1007,350,150,150,0.0,0.05,0.95,8,2,0.005714285714285714,0.21544882762652257,0.21544882762652257,6.102857142857143,8,8,8,0,16,12,12,8,2,2,0,0,1,2,0.09090909090909091,4,1.5,112,97,37,67,75,7,30,4,8,6,2,0.13805970149253732,3.75,5,5,1.0,0.999073359073359,4.625,14.0,8.375,150,0,0,150,1.0,1.0,1.0,1.0,0.0,0.0,10.0,1.0,1.0,1.0,1.0,0.0,75,75,30,120,0.65,0.7142857142857143,0.5,0.588235294117647,0.2,0.5,10.0,0.8,0.65,0.588235294117647,0.625,0.03676470588235303,75,75,30,120,0.65,0.7142857142857143,0.5,0.588235294117647,0.2,0.5,10.0,0.8,0.65,0.588235294117647,0.625,0.03676470588235303,1.0,0.9951961569255404,0.8878537069718982,1.0,0.9657142857142857,0.9996938775510205,0.3124472079798579
rework,0.03,1007,350,150,150,0.0,0.05,0.99,8,2,0.005714285714285714,0.21544882762652257,0.21544882762652257,6.102857142857143,8,8,8,0,16,12,12,8,2,2,0,0,1,2,0.09090909090909091,4,1.5,111,96,36,66,75,6,30,4,8,6,2,0.13432835820895522,3.75,5,5,1.0,1.0,4.5,13.875,8.25,150,0,0,150,1.0,1.0,1.0,1.0,0.0,0.0,10.0,1.0,1.0,1.0,1.0,0.0,150,0,60,90,0.8,0.7142857142857143,1.0,0.8333333333333333,0.4,0.0,10.0,0.6,0.8,0.8333333333333333,0.8695652173913044,0.036231884057971175,150,0,60,90,0.8,0.7142857142857143,1.0,0.8333333333333333,0.4,0.0,10.0,0.6,0.8,0.8333333333333333,0.8695652173913044,0.036231884057971175,1.0,0.9951961569255404,0.8878537069718982,1.0,1.0,1.0,0.31628387499949895
rework,0.03,1007,350,150,150,0.0,0.07,0.9,8,2,0.005714285714285714,0.21544882762652257,0.21544882762652257,6.102857142857143,8,8,8,0,16,12,12,8,2,2,0,0,1,2,0.09090909090909091,4,1.5,112,97,37,67,75,7,30,4,8,6,2,0.13805970149253732,3.75,5,5,1.0,0.999073359073359,4.625,14.0,8.375,150,0,0,150,1.0,1.0,1.0,1.0,0.0,0.0,10.0,1.0,1.0,1.0,1.0,0.0,75,75,30,120,0.65,0.7142857142857143,0.5,0.588235294117647,0.2,0.5,10.0,0.8,0.65,0.588235294117647,0.625,0.03676470588235303,75,75,30,120,0.65,0.7142857142857143,0.5,0.588235294117647,0.2,0.5,10.0,0.8,0.65,0.588235294117647,0.625,0.03676470588235303,1.0,0.9951961569255404,0.8878537069718982,1.0,0.9657142857142857,0.9996938775510205,0.3104543749941513
rework,0.03,1007,350,150,150,0.0,0.07,0.95,8,2,0.005714285714285714,0.21544882762652257,0.21544882762652257,6.102857142857143,8,8,8,0,16,12,12,8,2,2,0,0,1,2,0.09090909090909091,4,1.5,112,97,37,67,75,7,30,4,8,6,2,0.13805970149253732,3.75,5,5,1.0,0.999073359073359,4.625,14.0,8.375,150,0,0,150,1.0,1.0,1.0,1.0,0.0,0.0,10.0,1.0,1.0,1.0,1.0,0.0,75,75,30,120,0.65,0.7142857142857143,0.5,0.588235294117647,0.2,0.5,10.0,0.8,0.65,0.588235294117647,0.625,0.03676470588235303,75,75,30,120,0.65,0.7142857142857143,0.5,0.588235294117647,0.2,0.5,10.0,0.8,0.65,0.588235294117647,0.625,0.03676470588235303,1.0,0.9951961569255404,0.8878537069718982,1.0,0.9657142857142857,0.9996938775510205,0.2798932919977233
rework,0.03,1007,350,150,150,0.0,0.07,0.99,8,2,0.005714285714285714,0.21544882762652257,0.21544882762652257,6.102857142857143,8,8,8,0,16,12,12,8,2,2,0,0,1,2,0.09090909090909091,4,1.5,111,96,36,66,75,6,30,4,8,6,2,0.13432835820895522,3.75,5,5,1.0,1.0,4.5,13.875,8.25,150,0,0,150,1.0,1.0,1.0,1.0,0.0,0.0,10.0,1.0,1.0,1.0,1.0,0.0,150,0,60,90,0.8,0.7142857142857143,1.0,0.8333333333333333,0.4,0.0,10.0,0.6,0.8,0.8333333333333333,0.8695652173913044,0.036231884057971175,150,0,60,90,0.8,0.7142857142857143,1.0,0.8333333333333333,0.4,0.0,10.0,0.6,0.8,0.8333333333333333,0.8695652173913044,0.036231884057971175,1.0,0.9951961569255404,0.8878537069718982,1.0,1.0,1.0,0.3047324169892818
rework,0.03,1008,350,150,150,0.0,0.03,0.9,8,2,0.005714285714285714,0.12508296719847556,0.12508296719847556,6.051428571428572,8,8,8,0,16,12,12,8,2,2,0,0,1,2,0.09090909090909091,4,1.5,112,97,37,67,75,7,30,4,8,6,2,0.13805970149253732,3.75,5,5,1.0,0.9995366795366796,4.625,14.0,8.375,150,0,0,150,1.0,1.0,1.0,1.0,0.0,0.0,10.0,1.0,1.0,1.0,1.0,0.0,75,75,30,120,0.65,0.7142857142857143,0.5,0.588235294117647,0.2,0.5,10.0,0.8,0.65,0.588235294117647,0.625,0.03676470588235303,75,75,30,120,0.65,0.7142857142857143,0.5,0.588235294117647,0.2,0.5,10.0,0.8,0.65,0.588235294117647,0.625,0.03676470588235303,1.0,0.9975747776879548,0.8579052853949414,1.0,0.9828571428571429,0.9998469387755101,0.28667800000403076
rework,0.03,1008,350,150,150,0.0,0.03,0.95,8,2,0.005714285714285714,0.12508296719847556,0.12508296719847556,6.051428571428572,8,8,8,0,16,12,12,8,2,2,0,0,1,2,0.09090909090909091,4,1.5,112,97,37,67,75,7,30,4,8,6,2,0.13805970149253732,3.75,5,5,1.0,0.9995366795366796,4.625,14.0,8.375,150,0,0,150,1.0,1.0,1.0,1.0,0.0,0.0,10.0,1.0,1.0,1.0,1.0,0.0,75,75,30,120,0.65,0.7142857142857143,0.5,0.588235294117647,0.2,0.5,10.0,0.8,0.65,0.588235294117647,0.625,0.03676470588235303,75,75,30,120,0.65,0.7142857142857143,0.5,0.588235294117647,0.2,0.5,10.0,0.8,0.65,0.588235294117647,0.625,0.03676470588235303,1.0,0.9975747776879548,0.8579052853949414,1.0,0.9828571428571429,0.9998469387755101,0.26200108299963176
rework,0.03,1008,350,150,150,0.0,0.03,0.99,8,2,0.005714285714285714,0.12508296719847556,0.12508296719847556,6.051428571428572,8,8,8,0,16,12,12,8,2,2,0,0,1,2,0.09090909090909091,4,1.5,111,96,36,66,75,6,30,4,8,6,2,0.13432835820895522,3.75,5,5,1.0,1.0,4.5,13.875,8.25,150,0,0,150,1.0,1.0,1.0,1.0,0.0,0.0,10.0,1.0,1.0,1.0,1.0,0.0,150,0,60,90,0.8,0.7142857142857143,1.0,0.8333333333333333,0.4,0.0,10.0,0.6,0.8,0.8333333333333333,0.8695652173913044,0.036231884057971175,150,0,60,90,0.8,0.7142857142857143,1.0,0.8333333333333333,0.4,0.0,10.0,0.6,0.8,0.8333333333333333,0.8695652173913044,0.036231884057971175,1.0,0.9975747776879548,0.8579052853949414,1.0,1.0,1.0,0.3195170830003917
rework,0.03,1008,350,150,150,0.0,0.05,0.9,8,2,0.005714285714285714,0.12508296719847556,0.12508296719847556,6.051428571428572,8,8,8,0,16,12,12,8,2,2,0,0,1,2,0.09090909090909091,4,1.5,112,97,37,67,75,7,30,4,8,6,2,0.13805970149253732,3.75,5,5,1.0,0.9995366795366796,4.625,14.0,8.375,150,0,0,150,1.0,1.0,1.0,1.0,0.0,0.0,10.0,1.0,1.0,1.0,1.0,0.0,75,75,30,120,0.65,0.7142857142857143,0.5,0.588235294117647,0.2,0.5,10.0,0.8,0.65,0.588235294117647,0.625,0.03676470588235303,75,75,30,120,0.65,0.7142857142857143,0.5,0.588235294117647,0.2,0.5,10.0,0.8,0.65,0.588235294117647,0.625,0.03676470588235303,1.0,0.9975747776879548,0.8579052853949414,1.0,0.9828571428571429,0.9998469387755101,0.3251779160054866
rework,0.03,1008,350,150,150,0.0,0.05,0.95,8,2,0.005714285714285714,0.12508296719847556,0.12508296719847556,6.051428571428572,8,8,8,0,16,12,12,8,2,2,0,0,1,2,0.09090909090909091,4,1.5,112,97,37,67,75,7,30,4,8,6,2,0.13805970149253732,3.75,5,5,1.0,0.9995366795366796,4.625,14.0,8.375,150,0,0,150,1.0,1.0,1.0,1.0,0.0,0.0,10.0,1.0,1.0,1.0,1.0,0.0,75,75,30,120,0.65,0.7142857142857143,0.5,0.588235294117647,0.2,0.5,10.0,0.8,0.65,0.588235294117647,0.625,0.03676470588235303,75,75,30,120,0.65,0.7142857142857143,0.5,0.588235294117647,0.2,0.5,10.0,0.8,0.65,0.588235294117647,0.625,0.03676470588235303,1.0,0.9975747776879548,0.8579052853949414,1.0,0.9828571428571429,0.9998469387755101,0.2895520410093013
rework,0.03,1008,350,150,150,0.0,0.05,0.99,8,2,0.005714285714285714,0.12508296719847556,0.12508296719847556,6.051428571428572,8,8,8,0,16,12,12,8,2,2,0,0,1,2,0.09090909090909091,4,1.5,111,96,36,66,75,6,30,4,8,6,2,0.13432835820895522,3.75,5,5,1.0,1.0,4.5,13.875,8.25,150,0,0,150,1.0,1.0,1.0,1.0,0.0,0.0,10.0,1.0,1.0,1.0,1.0,0.0,150,0,60,90,0.8,0.7142857142857143,1.0,0.8333333333333333,0.4,0.0,10.0,0.6,0.8,0.8333333333333333,0.8695652173913044,0.036231884057971175,150,0,60,90,0.8,0.7142857142857143,1.0,0.8333333333333333,0.4,0.0,10.0,0.6,0.8,0.8333333333333333,0.8695652173913044,0.036231884057971175,1.0,0.9975747776879548,0.8579052853949414,1.0,1.0,1.0,0.2721249159949366
rework,0.03,1008,350,150,150,0.0,0.07,0.9,8,2,0.005714285714285714,0.12508296719847556,0.12508296719847556,6.051428571428572,8,8,8,0,16,12,12,8,2,2,0,0,1,2,0.09090909090909091,4,1.5,112,97,37,67,75,7,30,4,8,6,2,0.13805970149253732,3.75,5,5,1.0,0.9995366795366796,4.625,14.0,8.375,150,0,0,150,1.0,1.0,1.0,1.0,0.0,0.0,10.0,1.0,1.0,1.0,1.0,0.0,75,75,30,120,0.65,0.7142857142857143,0.5,0.588235294117647,0.2,0.5,10.0,0.8,0.65,0.588235294117647,0.625,0.03676470588235303,75,75,30,120,0.65,0.7142857142857143,0.5,0.588235294117647,0.2,0.5,10.0,0.8,0.65,0.588235294117647,0.625,0.03676470588235303,1.0,0.9975747776879548,0.8579052853949414,1.0,0.9828571428571429,0.9998469387755101,0.2805830420111306
rework,0.03,1008,350,150,150,0.0,0.07,0.95,8,2,0.005714285714285714,0.12508296719847556,0.12508296719847556,6.051428571428572,8,8,8,0,16,12,12,8,2,2,0,0,1,2,0.09090909090909091,4,1.5,112,97,37,67,75,7,30,4,8,6,2,0.13805970149253732,3.75,5,5,1.0,0.9995366795366796,4.625,14.0,8.375,150,0,0,150,1.0,1.0,1.0,1.0,0.0,0.0,10.0,1.0,1.0,1.0,1.0,0.0,75,75,30,120,0.65,0.7142857142857143,0.5,0.588235294117647,0.2,0.5,10.0,0.8,0.65,0.588235294117647,0.625,0.03676470588235303,75,75,30,120,0.65,0.7142857142857143,0.5,0.588235294117647,0.2,0.5,10.0,0.8,0.65,0.588235294117647,0.625,0.03676470588235303,1.0,0.9975747776879548,0.8579052853949414,1.0,0.9828571428571429,0.9998469387755101,0.24092112499056384
rework,0.03,1008,350,150,150,0.0,0.07,0.99,8,2,0.005714285714285714,0.12508296719847556,0.12508296719847556,6.051428571428572,8,8,8,0,16,12,12,8,2,2,0,0,1,2,0.09090909090909091,4,1.5,111,96,36,66,75,6,30,4,8,6,2,0.13432835820895522,3.75,5,5,1.0,1.0,4.5,13.875,8.25,150,0,0,150,1.0,1.0,1.0,1.0,0.0,0.0,10.0,1.0,1.0,1.0,1.0,0.0,150,0,60,90,0.8,0.7142857142857143,1.0,0.8333333333333333,0.4,0.0,10.0,0.6,0.8,0.8333333333333333,0.8695652173913044,0.036231884057971175,150,0,60,90,0.8,0.7142857142857143,1.0,0.8333333333333333,0.4,0.0,10.0,0.6,0.8,0.8333333333333333,0.8695652173913044,0.036231884057971175,1.0,0.9975747776879548,0.8579052853949414,1.0,1.0,1.0,0.2668444169976283
rework,0.03,1009,350,150,150,0.0,0.03,0.9,8,2,0.005714285714285714,0.18717625687320816,0.18717625687320816,6.085714285714285,8,8,8,0,16,12,12,8,2,2,0,0,1,2,0.09090909090909091,4,1.5,112,97,37,67,75,7,30,4,8,6,2,0.13805970149253732,3.75,5,5,1.0,0.9992277992277991,4.625,14.0,8.375,150,0,0,150,1.0,1.0,1.0,1.0,0.0,0.0,10.0,1.0,1.0,1.0,1.0,0.0,75,75,30,120,0.65,0.7142857142857143,0.5,0.588235294117647,0.2,0.5,10.0,0.8,0.65,0.588235294117647,0.625,0.03676470588235303,75,75,30,120,0.65,0.7142857142857143,0.5,0.588235294117647,0.2,0.5,10.0,0.8,0.65,0.588235294117647,0.625,0.03676470588235303,1.0,0.9959839357429718,0.8809473247980534,1.0,0.9714285714285714,0.9997448979591836,0.27387554198503494
rework,0.03,1009,350,150,150,0.0,0.03,0.95,8,2,0.005714285714285714,0.18717625687320816,0.18717625687320816,6.085714285714285,8,8,8,0,16,12,12,8,2,2,0,0,1,2,0.09090909090909091,4,1.5,112,97,37,67,75,7,30,4,8,6,2,0.13805970149253732,3.75,5,5,1.0,0.9992277992277991,4.625,14.0,8.375,150,0,0,150,1.0,1.0,1.0,1.0,0.0,0.0,10.0,1.0,1.0,1.0,1.0,0.0,75,75,30,120,0.65,0.7142857142857143,0.5,0.588235294117647,0.2,0.5,10.0,0.8,0.65,0.588235294117647,0.625,0.03676470588235303,75,75,30,120,0.65,0.7142857142857143,0.5,0.588235294117647,0.2,0.5,10.0,0.8,0.65,0.588235294117647,0.625,0.03676470588235303,1.0,0.9959839357429718,0.8809473247980534,1.0,0.9714285714285714,0.9997448979591836,0.2477516250219196
rework,0.03,1009,350,150,150,0.0,0.03,0.99,8,2,0.005714285714285714,0.18717625687320816,0.18717625687320816,6.085714285714285,8,8,8,0,16,12,12,8,2,2,0,0,1,2,0.09090909090909091,4,1.5,111,96,36,66,75,6,30,4,8,6,2,0.13432835820895522,3.75,5,5,1.0,1.0,4.5,13.875,8.25,150,0,0,150,1.0,1.0,1.0,1.0,0.0,0.0,10.0,1.0,1.0,1.0,1.0,0.0,150,0,60,90,0.8,0.7142857142857143,1.0,0.8333333333333333,0.4,0.0,10.0,0.6,0.8,0.8333333333333333,0.8695652173913044,0.036231884057971175,150,0,60,90,0.8,0.7142857142857143,1.0,0.8333333333333333,0.4,0.0,10.0,0.6,0.8,0.8333333333333333,0.8695652173913044,0.036231884057971175,1.0,0.9959839357429718,0.8809473247980534,1.0,1.0,1.0,0.257237209007144
rework,0.03,1009,350,150,150,0.0,0.05,0.9,8,2,0.005714285714285714,0.18717625687320816,0.18717625687320816,6.085714285714285,8,8,8,0,16,12,12,8,2,2,0,0,1,2,0.09090909090909091,4,1.5,112,97,37,67,75,7,30,4,8,6,2,0.13805970149253732,3.75,5,5,1.0,0.9992277992277991,4.625,14.0,8.375,150,0,0,150,1.0,1.0,1.0,1.0,0.0,0.0,10.0,1.0,1.0,1.0,1.0,0.0,75,75,30,120,0.65,0.7142857142857143,0.5,0.588235294117647,0.2,0.5,10.0,0.8,0.65,0.588235294117647,0.625,0.03676470588235303,75,75,30,120,0.65,0.7142857142857143,0.5,0.588235294117647,0.2,0.5,10.0,0.8,0.65,0.588235294117647,0.625,0.03676470588235303,1.0,0.9959839357429718,0.8809473247980534,1.0,0.9714285714285714,0.9997448979591836,0.34293520901701413
rework,0.03,1009,350,150,150,0.0,0.05,0.95,8,2,0.005714285714285714,0.18717625687320816,0.18717625687320816,6.085714285714285,8,8,8,0,16,12,12,8,2,2,0,0,1,2,0.09090909090909091,4,1.5,112,97,37,67,75,7,30,4,8,6,2,0.13805970149253732,3.75,5,5,1.0,0.9992277992277991,4.625,14.0,8.375,150,0,0,150,1.0,1.0,1.0,1.0,0.0,0.0,10.0,1.0,1.0,1.0,1.0,0.0,75,75,30,120,0.65,0.7142857142857143,0.5,0.588235294117647,0.2,0.5,10.0,0.8,0.65,0.588235294117647,0.625,0.03676470588235303,75,75,30,120,0.65,0.7142857142857143,0.5,0.588235294117647,0.2,0.5,10.0,0.8,0.65,0.588235294117647,0.625,0.03676470588235303,1.0,0.9959839357429718,0.8809473247980534,1.0,0.9714285714285714,0.9997448979591836,0.2534870419767685
rework,0.03,1009,350,150,150,0.0,0.05,0.99,8,2,0.005714285714285714,0.18717625687320816,0.18717625687320816,6.085714285714285,8,8,8,0,16,12,12,8,2,2,0,0,1,2,0.09090909090909091,4,1.5,111,96,36,66,75,6,30,4,8,6,2,0.13432835820895522,3.75,5,5,1.0,1.0,4.5,13.875,8.25,150,0,0,150,1.0,1.0,1.0,1.0,0.0,0.0,10.0,1.0,1.0,1.0,1.0,0.0,150,0,60,90,0.8,0.7142857142857143,1.0,0.8333333333333333,0.4,0.0,10.0,0.6,0.8,0.8333333333333333,0.8695652173913044,0.036231884057971175,150,0,60,90,0.8,0.7142857142857143,1.0,0.8333333333333333,0.4,0.0,10.0,0.6,0.8,0.8333333333333333,0.8695652173913044,0.036231884057971175,1.0,0.9959839357429718,0.8809473247980534,1.0,1.0,1.0,0.321884000004502
rework,0.03,1009,350,150,150,0.0,0.07,0.9,8,2,0.005714285714285714,0.18717625687320816,0.18717625687320816,6.085714285714285,8,8,8,0,16,12,12,8,2,2,0,0,1,2,0.09090909090909091,4,1.5,112,97,37,67,75,7,30,4,8,6,2,0.13805970149253732,3.75,5,5,1.0,0.9992277992277991,4.625,14.0,8.375,150,0,0,150,1.0,1.0,1.0,1.0,0.0,0.0,10.0,1.0,1.0,1.0,1.0,0.0,75,75,30,120,0.65,0.7142857142857143,0.5,0.588235294117647,0.2,0.5,10.0,0.8,0.65,0.588235294117647,0.625,0.03676470588235303,75,75,30,120,0.65,0.7142857142857143,0.5,0.588235294117647,0.2,0.5,10.0,0.8,0.65,0.588235294117647,0.625,0.03676470588235303,1.0,0.9959839357429718,0.8809473247980534,1.0,0.9714285714285714,0.9997448979591836,0.3639768749999348
rework,0.03,1009,350,150,150,0.0,0.07,0.95,8,2,0.005714285714285714,0.18717625687320816,0.18717625687320816,6.085714285714285,8,8,8,0,16,12,12,8,2,2,0,0,1,2,0.09090909090909091,4,1.5,112,97,37,67,75,7,30,4,8,6,2,0.13805970149253732,3.75,5,5,1.0,0.9992277992277991,4.625,14.0,8.375,150,0,0,150,1.0,1.0,1.0,1.0,0.0,0.0,10.0,1.0,1.0,1.0,1.0,0.0,75,75,30,120,0.65,0.7142857142857143,0.5,0.588235294117647,0.2,0.5,10.0,0.8,0.65,0.588235294117647,0.625,0.03676470588235303,75,75,30,120,0.65,0.7142857142857143,0.5,0.588235294117647,0.2,0.5,10.0,0.8,0.65,0.588235294117647,0.625,0.03676470588235303,1.0,0.9959839357429718,0.8809473247980534,1.0,0.9714285714285714,0.9997448979591836,0.29866329199285246
rework,0.03,1009,350,150,150,0.0,0.07,0.99,8,2,0.005714285714285714,0.18717625687320816,0.18717625687320816,6.085714285714285,8,8,8,0,16,12,12,8,2,2,0,0,1,2,0.09090909090909091,4,1.5,111,96,36,66,75,6,30,4,8,6,2,0.13432835820895522,3.75,5,5,1.0,1.0,4.5,13.875,8.25,150,0,0,150,1.0,1.0,1.0,1.0,0.0,0.0,10.0,1.0,1.0,1.0,1.0,0.0,150,0,60,90,0.8,0.7142857142857143,1.0,0.8333333333333333,0.4,0.0,10.0,0.6,0.8,0.8333333333333333,0.8695652173913044,0.036231884057971175,150,0,60,90,0.8,0.7142857142857143,1.0,0.8333333333333333,0.4,0.0,10.0,0.6,0.8,0.8333333333333333,0.8695652173913044,0.036231884057971175,1.0,0.9959839357429718,0.8809473247980534,1.0,1.0,1.0,0.3007953749911394
rework,0.03,1010,350,150,150,0.0,0.03,0.9,8,2,0.005714285714285714,0.1571952258581087,0.1571952258581087,6.0685714285714285,8,8,8,0,16,12,12,8,2,2,0,0,1,2,0.09090909090909091,4,1.5,112,97,37,67,75,7,30,4,8,6,2,0.13805970149253732,3.75,5,5,1.0,0.9993822393822395,4.625,14.0,8.375,150,0,0,150,1.0,1.0,1.0,1.0,0.0,0.0,10.0,1.0,1.0,1.0,1.0,0.0,75,75,30,120,0.65,0.7142857142857143,0.5,0.588235294117647,0.2,0.5,10.0,0.8,0.65,0.588235294117647,0.625,0.03676470588235303,75,75,30,120,0.65,0.7142857142857143,0.5,0.588235294117647,0.2,0.5,10.0,0.8,0.65,0.588235294117647,0.625,0.03676470588235303,1.0,0.9967767929089444,0.8715975418303574,1.0,0.9771428571428571,0.9997959183673469,0.298415750003187
rework,0.03,1010,350,150,150,0.0,0.03,0.95,8,2,0.005714285714285714,0.1571952258581087,0.1571952258581087,6.0685714285714285,8,8,8,0,16,12,12,8,2,2,0,0,1,2,0.09090909090909091,4,1.5,112,97,37,67,75,7,30,4,8,6,2,0.13805970149253732,3.75,5,5,1.0,0.9993822393822395,4.625,14.0,8.375,150,0,0,150,1.0,1.0,1.0,1.0,0.0,0.0,10.0,1.0,1.0,1.0,1.0,0.0,75,75,30,120,0.65,0.7142857142857143,0.5,0.588235294117647,0.2,0.5,10.0,0.8,0.65,0.588235294117647,0.625,0.03676470588235303,75,75,30,120,0.65,0.7142857142857143,0.5,0.588235294117647,0.2,0.5,10.0,0.8,0.65,0.588235294117647,0.625,0.03676470588235303,1.0,0.9967767929089444,0.8715975418303574,1.0,0.9771428571428571,0.9997959183673469,0.2422015409974847
rework,0.03,1010,350,150,150,0.0,0.03,0.99,8,2,0.005714285714285714,0.1571952258581087,0.1571952258581087,6.0685714285714285,8,8,8,0,16,12,12,8,2,2,0,0,1,2,0.09090909090909091,4,1.5,111,96,36,66,75,6,30,4,8,6,2,0.13432835820895522,3.75,5,5,1.0,1.0,4.5,13.875,8.25,150,0,0,150,1.0,1.0,1.0,1.0,0.0,0.0,10.0,1.0,1.0,1.0,1.0,0.0,150,0,60,90,0.8,0.7142857142857143,1.0,0.8333333333333333,0.4,0.0,10.0,0.6,0.8,0.8333333333333333,0.8695652173913044,0.036231884057971175,150,0,60,90,0.8,0.7142857142857143,1.0,0.8333333333333333,0.4,0.0,10.0,0.6,0.8,0.8333333333333333,0.8695652173913044,0.036231884057971175,1.0,0.9967767929089444,0.8715975418303574,1.0,1.0,1.0,0.2652546669996809
rework,0.03,1010,350,150,150,0.0,0.05,0.9,8,2,0.005714285714285714,0.1571952258581087,0.1571952258581087,6.0685714285714285,8,8,8,0,16,12,12,8,2,2,0,0,1,2,0.09090909090909091,4,1.5,112,97,37,67,75,7,30,4,8,6,2,0.13805970149253732,3.75,5,5,1.0,0.9993822393822395,4.625,14.0,8.375,150,0,0,150,1.0,1.0,1.0,1.0,0.0,0.0,10.0,1.0,1.0,1.0,1.0,0.0,75,75,30,120,0.65,0.7142857142857143,0.5,0.588235294117647,0.2,0.5,10.0,0.8,0.65,0.588235294117647,0.625,0.03676470588235303,75,75,30,120,0.65,0.7142857142857143,0.5,0.588235294117647,0.2,0.5,10.0,0.8,0.65,0.588235294117647,0.625,0.03676470588235303,1.0,0.9967767929089444,0.8715975418303574,1.0,0.9771428571428571,0.9997959183673469,0.282926582993241
rework,0.03,1010,350,150,150,0.0,0.05,0.95,8,2,0.005714285714285714,0.1571952258581087,0.1571952258581087,6.0685714285714285,8,8,8,0,16,12,12,8,2,2,0,0,1,2,0.09090909090909091,4,1.5,112,97,37,67,75,7,30,4,8,6,2,0.13805970149253732,3.75,5,5,1.0,0.9993822393822395,4.625,14.0,8.375,150,0,0,150,1.0,1.0,1.0,1.0,0.0,0.0,10.0,1.0,1.0,1.0,1.0,0.0,75,75,30,120,0.65,0.7142857142857143,0.5,0.588235294117647,0.2,0.5,10.0,0.8,0.65,0.588235294117647,0.625,0.03676470588235303,75,75,30,120,0.65,0.7142857142857143,0.5,0.588235294117647,0.2,0.5,10.0,0.8,0.65,0.588235294117647,0.625,0.03676470588235303,1.0,0.9967767929089444,0.8715975418303574,1.0,0.9771428571428571,0.9997959183673469,0.24815258299349807
rework,0.03,1010,350,150,150,0.0,0.05,0.99,8,2,0.005714285714285714,0.1571952258581087,0.1571952258581087,6.0685714285714285,8,8,8,0,16,12,12,8,2,2,0,0,1,2,0.09090909090909091,4,1.5,111,96,36,66,75,6,30,4,8,6,2,0.13432835820895522,3.75,5,5,1.0,1.0,4.5,13.875,8.25,150,0,0,150,1.0,1.0,1.0,1.0,0.0,0.0,10.0,1.0,1.0,1.0,1.0,0.0,150,0,60,90,0.8,0.7142857142857143,1.0,0.8333333333333333,0.4,0.0,10.0,0.6,0.8,0.8333333333333333,0.8695652173913044,0.036231884057971175,150,0,60,90,0.8,0.7142857142857143,1.0,0.8333333333333333,0.4,0.0,10.0,0.6,0.8,0.8333333333333333,0.8695652173913044,0.036231884057971175,1.0,0.9967767929089444,0.8715975418303574,1.0,1.0,1.0,0.291827041975921
rework,0.03,1010,350,150,150,0.0,0.07,0.9,8,2,0.005714285714285714,0.1571952258581087,0.1571952258581087,6.0685714285714285,8,8,8,0,16,12,12,8,2,2,0,0,1,2,0.09090909090909091,4,1.5,112,97,37,67,75,7,30,4,8,6,2,0.13805970149253732,3.75,5,5,1.0,0.9993822393822395,4.625,14.0,8.375,150,0,0,150,1.0,1.0,1.0,1.0,0.0,0.0,10.0,1.0,1.0,1.0,1.0,0.0,75,75,30,120,0.65,0.7142857142857143,0.5,0.588235294117647,0.2,0.5,10.0,0.8,0.65,0.588235294117647,0.625,0.03676470588235303,75,75,30,120,0.65,0.7142857142857143,0.5,0.588235294117647,0.2,0.5,10.0,0.8,0.65,0.588235294117647,0.625,0.03676470588235303,1.0,0.9967767929089444,0.8715975418303574,1.0,0.9771428571428571,0.9997959183673469,0.309795542008942
rework,0.03,1010,350,150,150,0.0,0.07,0.95,8,2,0.005714285714285714,0.1571952258581087,0.1571952258581087,6.0685714285714285,8,8,8,0,16,12,12,8,2,2,0,0,1,2,0.09090909090909091,4,1.5,112,97,37,67,75,7,30,4,8,6,2,0.13805970149253732,3.75,5,5,1.0,0.9993822393822395,4.625,14.0,8.375,150,0,0,150,1.0,1.0,1.0,1.0,0.0,0.0,10.0,1.0,1.0,1.0,1.0,0.0,75,75,30,120,0.65,0.7142857142857143,0.5,0.588235294117647,0.2,0.5,10.0,0.8,0.65,0.588235294117647,0.625,0.03676470588235303,75,75,30,120,0.65,0.7142857142857143,0.5,0.588235294117647,0.2,0.5,10.0,0.8,0.65,0.588235294117647,0.625,0.03676470588235303,1.0,0.9967767929089444,0.8715975418303574,1.0,0.9771428571428571,0.9997959183673469,0.262436290999176
rework,0.03,1010,350,150,150,0.0,0.07,0.99,8,2,0.005714285714285714,0.1571952258581087,0.1571952258581087,6.0685714285714285,8,8,8,0,16,12,12,8,2,2,0,0,1,2,0.09090909090909091,4,1.5,111,96,36,66,75,6,30,4,8,6,2,0.13432835820895522,3.75,5,5,1.0,1.0,4.5,13.875,8.25,150,0,0,150,1.0,1.0,1.0,1.0,0.0,0.0,10.0,1.0,1.0,1.0,1.0,0.0,150,0,60,90,0.8,0.7142857142857143,1.0,0.8333333333333333,0.4,0.0,10.0,0.6,0.8,0.8333333333333333,0.8695652173913044,0.036231884057971175,150,0,60,90,0.8,0.7142857142857143,1.0,0.8333333333333333,0.4,0.0,10.0,0.6,0.8,0.8333333333333333,0.8695652173913044,0.036231884057971175,1.0,0.9967767929089444,0.8715975418303574,1.0,1.0,1.0,0.2682564159913454
rework,0.05,1001,350,150,150,0.0,0.03,0.9,8,2,0.005714285714285714,0.2802972131580829,0.2802972131580829,6.145714285714286,8,8,8,0,16,12,12,8,2,2,0,0,1,2,0.09090909090909091,4,1.5,145,129,65,97,80,7,58,7,8,8,0,0.24253731343283583,7.0,7,14,0.5901538461538461,0.9992527472527472,8.125,18.125,12.125,150,0,0,150,1.0,1.0,1.0,1.0,0.0,0.0,10.0,1.0,1.0,1.0,1.0,0.0,75,75,0,150,0.75,1.0,0.5,0.6666666666666666,0.0,0.5,10.0,1.0,0.75,0.6666666666666666,0.6666666666666666,0.0,75,75,0,150,0.75,1.0,0.5,0.6666666666666666,0.0,0.5,10.0,1.0,0.75,0.6666666666666666,0.6666666666666666,0.0,1.0,0.9932486100079428,0.8994334916147152,1.0,0.9514285714285714,0.9996650246305417,0.3173793749883771
rework,0.05,1001,350,150,150,0.0,0.03,0.95,8,2,0.005714285714285714,0.2802972131580829,0.2802972131580829,6.145714285714286,8,8,8,0,16,12,12,8,2,2,0,0,1,2,0.09090909090909091,4,1.5,145,129,65,97,80,7,58,7,8,8,0,0.24253731343283583,7.0,7,14,0.5901538461538461,0.9992527472527472,8.125,18.125,12.125,150,0,0,150,1.0,1.0,1.0,1.0,0.0,0.0,10.0,1.0,1.0,1.0,1.0,0.0,75,75,0,150,0.75,1.0,0.5,0.6666666666666666,0.0,0.5,10.0,1.0,0.75,0.6666666666666666,0.6666666666666666,0.0,75,75,0,150,0.75,1.0,0.5,0.6666666666666666,0.0,0.5,10.0,1.0,0.75,0.6666666666666666,0.6666666666666666,0.0,1.0,0.9932486100079428,0.8994334916147152,1.0,0.9514285714285714,0.9996650246305417,0.3069232919951901
rework,0.05,1001,350,150,150,0.0,0.03,0.99,8,2,0.005714285714285714,0.2802972131580829,0.2802972131580829,6.145714285714286,8,8,8,0,16,12,12,8,2,2,0,0,1,2,0.09090909090909091,4,1.5,144,128,64,96,80,6,58,7,8,8,0,0.23880597014925373,7.0,7,14,0.58375,1.0,8.0,18.0,12.0,150,0,0,150,1.0,1.0,1.0,1.0,0.0,0.0,10.0,1.0,1.0,1.0,1.0,0.0,150,0,0,150,1.0,1.0,1.0,1.0,0.0,0.0,10.0,1.0,1.0,1.0,1.0,0.0,150,0,0,150,1.0,1.0,1.0,1.0,0.0,0.0,10.0,1.0,1.0,1.0,1.0,0.0,1.0,0.9932486100079428,0.8994334916147152,1.0,1.0,1.0,0.3145444589899853
rework,0.05,1001,350,150,150,0.0,0.05,0.9,8,2,0.005714285714285714,0.2802972131580829,0.2802972131580829,6.145714285714286,8,8,8,0,16,12,12,8,2,2,0,0,1,2,0.09090909090909091,4,1.5,112,97,37,67,75,7,30,4,8,6,2,0.13805970149253732,3.75,5,5,1.0,0.9986872586872587,4.625,14.0,8.375,150,0,0,150,1.0,1.0,1.0,1.0,0.0,0.0,10.0,1.0,1.0,1.0,1.0,0.0,75,75,30,120,0.65,0.7142857142857143,0.5,0.588235294117647,0.2,0.5,10.0,0.8,0.65,0.588235294117647,0.625,0.03676470588235303,75,75,30,120,0.65,0.7142857142857143,0.5,0.588235294117647,0.2,0.5,10.0,0.8,0.65,0.588235294117647,0.625,0.03676470588235303,1.0,0.9932486100079428,0.8994334916147152,1.0,0.9514285714285714,0.9995663265306122,0.383178666990716
rework,0.05,1001,350,150,150,0.0,0.05,0.95,8,2,0.005714285714285714,0.2802972131580829,0.2802972131580829,6.145714285714286,8,8,8,0,16,12,12,8,2,2,0,0,1,2,0.09090909090909091,4,1.5,112,97,37,67,75,7,30,4,8,6,2,0.13805970149253732,3.75,5,5,1.0,0.9986872586872587,4.625,14.0,8.375,150,0,0,150,1.0,1.0,1.0,1.0,0.0,0.0,10.0,1.0,1.0,1.0,1.0,0.0,75,75,30,120,0.65,0.7142857142857143,0.5,0.588235294117647,0.2,0.5,10.0,0.8,0.65,0.588235294117647,0.625,0.03676470588235303,75,75,30,120,0.65,0.7142857142857143,0.5,0.588235294117647,0.2,0.5,10.0,0.8,0.65,0.588235294117647,0.625,0.03676470588235303,1.0,0.9932486100079428,0.8994334916147152,1.0,0.9514285714285714,0.9995663265306122,0.30798408400733024
rework,0.05,1001,350,150,150,0.0,0.05,0.99,8,2,0.005714285714285714,0.2802972131580829,0.2802972131580829,6.145714285714286,8,8,8,0,16,12,12,8,2,2,0,0,1,2,0.09090909090909091,4,1.5,111,96,36,66,75,6,30,4,8,6,2,0.13432835820895522,3.75,5,5,1.0,1.0,4.5,13.875,8.25,150,0,0,150,1.0,1.0,1.0,1.0,0.0,0.0,10.0,1.0,1.0,1.0,1.0,0.0,150,0,60,90,0.8,0.7142857142857143,1.0,0.8333333333333333,0.4,0.0,10.0,0.6,0.8,0.8333333333333333,0.8695652173913044,0.036231884057971175,150,0,60,90,0.8,0.7142857142857143,1.0,0.8333333333333333,0.4,0.0,10.0,0.6,0.8,0.8333333333333333,0.8695652173913044,0.036231884057971175,1.0,0.9932486100079428,0.8994334916147152,1.0,1.0,1.0,0.29895579197909683
rework,0.05,1001,350,150,150,0.0,0.07,0.9,8,2,0.005714285714285714,0.2802972131580829,0.2802972131580829,6.145714285714286,8,8,8,0,16,12,12,8,2,2,0,0,1,2,0.09090909090909091,4,1.5,112,97,37,67,75,7,30,4,8,6,2,0.13805970149253732,3.75,5,5,1.0,0.9986872586872587,4.625,14.0,8.375,150,0,0,150,1.0,1.0,1.0,1.0,0.0,0.0,10.0,1.0,1.0,1.0,1.0,0.0,75,75,30,120,0.65,0.7142857142857143,0.5,0.588235294117647,0.2,0.5,10.0,0.8,0.65,0.588235294117647,0.625,0.03676470588235303,75,75,30,120,0.65,0.7142857142857143,0.5,0.588235294117647,0.2,0.5,10.0,0.8,0.65,0.588235294117647,0.625,0.03676470588235303,1.0,0.9932486100079428,0.8994334916147152,1.0,0.9514285714285714,0.9995663265306122,0.31709150000824593
rework,0.05,1001,350,150,150,0.0,0.07,0.95,8,2,0.005714285714285714,0.2802972131580829,0.2802972131580829,6.145714285714286,8,8,8,0,16,12,12,8,2,2,0,0,1,2,0.09090909090909091,4,1.5,112,97,37,67,75,7,30,4,8,6,2,0.13805970149253732,3.75,5,5,1.0,0.9986872586872587,4.625,14.0,8.375,150,0,0,150,1.0,1.0,1.0,1.0,0.0,0.0,10.0,1.0,1.0,1.0,1.0,0.0,75,75,30,120,0.65,0.7142857142857143,0.5,0.588235294117647,0.2,0.5,10.0,0.8,0.65,0.588235294117647,0.625,0.03676470588235303,75,75,30,120,0.65,0.7142857142857143,0.5,0.588235294117647,0.2,0.5,10.0,0.8,0.65,0.588235294117647,0.625,0.03676470588235303,1.0,0.9932486100079428,0.8994334916147152,1.0,0.9514285714285714,0.9995663265306122,0.28629916699719615
rework,0.05,1001,350,150,150,0.0,0.07,0.99,8,2,0.005714285714285714,0.2802972131580829,0.2802972131580829,6.145714285714286,8,8,8,0,16,12,12,8,2,2,0,0,1,2,0.09090909090909091,4,1.5,111,96,36,66,75,6,30,4,8,6,2,0.13432835820895522,3.75,5,5,1.0,1.0,4.5,13.875,8.25,150,0,0,150,1.0,1.0,1.0,1.0,0.0,0.0,10.0,1.0,1.0,1.0,1.0,0.0,150,0,60,90,0.8,0.7142857142857143,1.0,0.8333333333333333,0.4,0.0,10.0,0.6,0.8,0.8333333333333333,0.8695652173913044,0.036231884057971175,150,0,60,90,0.8,0.7142857142857143,1.0,0.8333333333333333,0.4,0.0,10.0,0.6,0.8,0.8333333333333333,0.8695652173913044,0.036231884057971175,1.0,0.9932486100079428,0.8994334916147152,1.0,1.0,1.0,0.2969252910115756
rework,0.05,1002,350,150,150,0.0,0.03,0.9,8,2,0.005714285714285714,0.2679047298713761,0.2679047298713761,6.137142857142857,8,8,8,0,16,12,12,8,2,2,0,0,1,2,0.09090909090909091,4,1.5,145,129,65,97,80,7,58,7,8,8,0,0.24253731343283583,7.0,7,14,0.588923076923077,0.9992967032967034,8.125,18.125,12.125,150,0,0,150,1.0,1.0,1.0,1.0,0.0,0.0,10.0,1.0,1.0,1.0,1.0,0.0,75,75,0,150,0.75,1.0,0.5,0.6666666666666666,0.0,0.5,10.0,1.0,0.75,0.6666666666666666,0.6666666666666666,0.0,75,75,0,150,0.75,1.0,0.5,0.6666666666666666,0.0,0.5,10.0,1.0,0.75,0.6666666666666666,0.6666666666666666,0.0,1.0,0.9936356404136834,0.8975584900923305,1.0,0.9542857142857143,0.9996847290640394,0.32106824999209493
rework,0.05,1002,350,150,150,0.0,0.03,0.95,8,2,0.005714285714285714,0.2679047298713761,0.2679047298713761,6.137142857142857,8,8,8,0,16,12,12,8,2,2,0,0,1,2,0.09090909090909091,4,1.5,145,129,65,97,80,7,58,7,8,8,0,0.24253731343283583,7.0,7,14,0.588923076923077,0.9992967032967034,8.125,18.125,12.125,150,0,0,150,1.0,1.0,1.0,1.0,0.0,0.0,10.0,1.0,1.0,1.0,1.0,0.0,75,75,0,150,0.75,1.0,0.5,0.6666666666666666,0.0,0.5,10.0,1.0,0.75,0.6666666666666666,0.6666666666666666,0.0,75,75,0,150,0.75,1.0,0.5,0.6666666666666666,0.0,0.5,10.0,1.0,0.75,0.6666666666666666,0.6666666666666666,0.0,1.0,0.9936356404136834,0.8975584900923305,1.0,0.9542857142857143,0.9996847290640394,0.2648827499942854
rework,0.05,1002,350,150,150,0.0,0.03,0.99,8,2,0.005714285714285714,0.2679047298713761,0.2679047298713761,6.137142857142857,8,8,8,0,16,12,12,8,2,2,0,0,1,2,0.09090909090909091,4,1.5,144,128,64,96,80,6,58,7,8,8,0,0.23880597014925373,7.0,7,14,0.5825,1.0,8.0,18.0,12.0,150,0,0,150,1.0,1.0,1.0,1.0,0.0,0.0,10.0,1.0,1.0,1.0,1.0,0.0,150,0,0,150,1.0,1.0,1.0,1.0,0.0,0.0,10.0,1.0,1.0,1.0,1.0,0.0,150,0,0,150,1.0,1.0,1.0,1.0,0.0,0.0,10.0,1.0,1.0,1.0,1.0,0.0,1.0,0.9936356404136834,0.8975584900923305,1.0,1.0,1.0,0.2813161249796394
rework,0.05,1002,350,150,150,0.0,0.05,0.9,8,2,0.005714285714285714,0.2679047298713761,0.2679047298713761,6.137142857142857,8,8,8,0,16,12,12,8,2,2,0,0,1,2,0.09090909090909091,4,1.5,112,97,37,67,75,7,30,4,8,6,2,0.13805970149253732,3.75,5,5,1.0,0.9987644787644788,4.625,14.0,8.375,150,0,0,150,1.0,1.0,1.0,1.0,0.0,0.0,10.0,1.0,1.0,1.0,1.0,0.0,75,75,30,120,0.65,0.7142857142857143,0.5,0.588235294117647,0.2,0.5,10.0,0.8,0.65,0.588235294117647,0.625,0.03676470588235303,75,75,30,120,0.65,0.7142857142857143,0.5,0.588235294117647,0.2,0.5,10.0,0.8,0.65,0.588235294117647,0.625,0.03676470588235303,1.0,0.9936356404136834,0.8975584900923305,1.0,0.9542857142857143,0.9995918367346938,0.313289249985246
rework,0.05,1002,350,150,150,0.0,0.05,0.95,8,2,0.005714285714285714,0.2679047298713761,0.2679047298713761,6.137142857142857,8,8,8,0,16,12,12,8,2,2,0,0,1,2,0.09090909090909091,4,1.5,112,97,37,67,75,7,30,4,8,6,2,0.13805970149253732,3.75,5,5,1.0,0.9987644787644788,4.625,14.0,8.375,150,0,0,150,1.0,1.0,1.0,1.0,0.0,0.0,10.0,1.0,1.0,1.0,1.0,0.0,75,75,30,120,0.65,0.7142857142857143,0.5,0.588235294117647,0.2,0.5,10.0,0.8,0.65,0.588235294117647,0.625,0.03676470588235303,75,75,30,120,0.65,0.7142857142857143,0.5,0.588235294117647,0.2,0.5,10.0,0.8,0.65,0.588235294117647,0.625,0.03676470588235303,1.0,0.9936356404136834,0.8975584900923305,1.0,0.9542857142857143,0.9995918367346938,0.2673840839997865
rework,0.05,1002,350,150,150,0.0,0.05,0.99,8,2,0.005714285714285714,0.2679047298713761,0.2679047298713761,6.137142857142857,8,8,8,0,16,12,12,8,2,2,0,0,1,2,0.09090909090909091,4,1.5,111,96,36,66,75,6,30,4,8,6,2,0.13432835820895522,3.75,5,5,1.0,1.0,4.5,13.875,8.25,150,0,0,150,1.0,1.0,1.0,1.0,0.0,0.0,10.0,1.0,1.0,1.0,1.0,0.0,150,0,60,90,0.8,0.7142857142857143,1.0,0.8333333333333333,0.4,0.0,10.0,0.6,0.8,0.8333333333333333,0.8695652173913044,0.036231884057971175,150,0,60,90,0.8,0.7142857142857143,1.0,0.8333333333333333,0.4,0.0,10.0,0.6,0.8,0.8333333333333333,0.8695652173913044,0.036231884057971175,1.0,0.9936356404136834,0.8975584900923305,1.0,1.0,1.0,0.2903659160074312
rework,0.05,1002,350,150,150,0.0,0.07,0.9,8,2,0.005714285714285714,0.2679047298713761,0.2679047298713761,6.137142857142857,8,8,8,0,16,12,12,8,2,2,0,0,1,2,0.09090909090909091,4,1.5,112,97,37,67,75,7,30,4,8,6,2,0.13805970149253732,3.75,5,5,1.0,0.9987644787644788,4.625,14.0,8.375,150,0,0,150,1.0,1.0,1.0,1.0,0.0,0.0,10.0,1.0,1.0,1.0,1.0,0.0,75,75,30,120,0.65,0.7142857142857143,0.5,0.588235294117647,0.2,0.5,10.0,0.8,0.65,0.588235294117647,0.625,0.03676470588235303,75,75,30,120,0.65,0.7142857142857143,0.5,0.588235294117647,0.2,0.5,10.0,0.8,0.65,0.588235294117647,0.625,0.03676470588235303,1.0,0.9936356404136834,0.8975584900923305,1.0,0.9542857142857143,0.9995918367346938,0.29146066698012874
rework,0.05,1002,350,150,150,0.0,0.07,0.95,8,2,0.005714285714285714,0.2679047298713761,0.2679047298713761,6.137142857142857,8,8,8,0,16,12,12,8,2,2,0,0,1,2,0.09090909090909091,4,1.5,112,97,37,67,75,7,30,4,8,6,2,0.13805970149253732,3.75,5,5,1.0,0.9987644787644788,4.625,14.0,8.375,150,0,0,150,1.0,1.0,1.0,1.0,0.0,0.0,10.0,1.0,1.0,1.0,1.0,0.0,75,75,30,120,0.65,0.7142857142857143,0.5,0.588235294117647,0.2,0.5,10.0,0.8,0.65,0.588235294117647,0.625,0.03676470588235303,75,75,30,120,0.65,0.7142857142857143,0.5,0.588235294117647,0.2,0.5,10.0,0.8,0.65,0.588235294117647,0.625,0.03676470588235303,1.0,0.9936356404136834,0.8975584900923305,1.0,0.9542857142857143,0.9995918367346938,0.26881808301550336
rework,0.05,1002,350,150,150,0.0,0.07,0.99,8,2,0.005714285714285714,0.2679047298713761,0.2679047298713761,6.137142857142857,8,8,8,0,16,12,12,8,2,2,0,0,1,2,0.09090909090909091,4,1.5,111,96,36,66,75,6,30,4,8,6,2,0.13432835820895522,3.75,5,5,1.0,1.0,4.5,13.875,8.25,150,0,0,150,1.0,1.0,1.0,1.0,0.0,0.0,10.0,1.0,1.0,1.0,1.0,0.0,150,0,60,90,0.8,0.7142857142857143,1.0,0.8333333333333333,0.4,0.0,10.0,0.6,0.8,0.8333333333333333,0.8695652173913044,0.036231884057971175,150,0,60,90,0.8,0.7142857142857143,1.0,0.8333333333333333,0.4,0.0,10.0,0.6,0.8,0.8333333333333333,0.8695652173913044,0.036231884057971175,1.0,0.9936356404136834,0.8975584900923305,1.0,1.0,1.0,0.28831529201124795
rework,0.05,1003,350,150,150,0.0,0.03,0.9,8,2,0.005714285714285714,0.21544882762652257,0.21544882762652257,6.102857142857143,8,8,8,0,16,12,12,8,2,2,0,0,1,2,0.09090909090909091,4,1.5,145,129,65,97,80,7,58,7,8,8,0,0.24253731343283583,7.0,7,14,0.584,0.9994725274725275,8.125,18.125,12.125,150,0,0,150,1.0,1.0,1.0,1.0,0.0,0.0,10.0,1.0,1.0,1.0,1.0,0.0,75,75,0,150,0.75,1.0,0.5,0.6666666666666666,0.0,0.5,10.0,1.0,0.75,0.6666666666666666,0.6666666666666666,0.0,75,75,0,150,0.75,1.0,0.5,0.6666666666666666,0.0,0.5,10.0,1.0,0.75,0.6666666666666666,0.6666666666666666,0.0,1.0,0.9951961569255404,0.8878537069718982,1.0,0.9657142857142857,0.9997635467980295,0.3243466249841731
rework,0.05,1003,350,150,150,0.0,0.03,0.95,8,2,0.005714285714285714,0.21544882762652257,0.21544882762652257,6.102857142857143,8,8,8,0,16,12,12,8,2,2,0,0,1,2,0.09090909090909091,4,1.5,145,129,65,97,80,7,58,7,8,8,0,0.24253731343283583,7.0,7,14,0.584,0.9994725274725275,8.125,18.125,12.125,150,0,0,150,1.0,1.0,1.0,1.0,0.0,0.0,10.0,1.0,1.0,1.0,1.0,0.0,75,75,0,150,0.75,1.0,0.5,0.6666666666666666,0.0,0.5,10.0,1.0,0.75,0.6666666666666666,0.6666666666666666,0.0,75,75,0,150,0.75,1.0,0.5,0.6666666666666666,0.0,0.5,10.0,1.0,0.75,0.6666666666666666,0.6666666666666666,0.0,1.0,0.9951961569255404,0.8878537069718982,1.0,0.9657142857142857,0.9997635467980295,0.30320358302560635
rework,0.05,1003,350,150,150,0.0,0.03,0.99,8,2,0.005714285714285714,0.21544882762652257,0.21544882762652257,6.102857142857143,8,8,8,0,16,12,12,8,2,2,0,0,1,2,0.09090909090909091,4,1.5,144,128,64,96,80,6,58,7,8,8,0,0.23880597014925373,7.0,7,14,0.5775,1.0,8.0,18.0,12.0,150,0,0,150,1.0,1.0,1.0,1.0,0.0,0.0,10.0,1.0,1.0,1.0,1.0,0.0,150,0,0,150,1.0,1.0,1.0,1.0,0.0,0.0,10.0,1.0,1.0,1.0,1.0,0.0,150,0,0,150,1.0,1.0,1.0,1.0,0.0,0.0,10.0,1.0,1.0,1.0,1.0,0.0,1.0,0.9951961569255404,0.8878537069718982,1.0,1.0,1.0,0.2948352500097826
rework,0.05,1003,350,150,150,0.0,0.05,0.9,8,2,0.005714285714285714,0.21544882762652257,0.21544882762652257,6.102857142857143,8,8,8,0,16,12,12,8,2,2,0,0,1,2,0.09090909090909091,4,1.5,112,97,37,67,75,7,30,4,8,6,2,0.13805970149253732,3.75,5,5,1.0,0.999073359073359,4.625,14.0,8.375,150,0,0,150,1.0,1.0,1.0,1.0,0.0,0.0,10.0,1.0,1.0,1.0,1.0,0.0,75,75,30,120,0.65,0.7142857142857143,0.5,0.588235294117647,0.2,0.5,10.0,0.8,0.65,0.588235294117647,0.625,0.03676470588235303,75,75,30,120,0.65,0.7142857142857143,0.5,0.588235294117647,0.2,0.5,10.0,0.8,0.65,0.588235294117647,0.625,0.03676470588235303,1.0,0.9951961569255404,0.8878537069718982,1.0,0.9657142857142857,0.9996938775510205,0.3012089580006432
rework,0.05,1003,350,150,150,0.0,0.05,0.95,8,2,0.005714285714285714,0.21544882762652257,0.21544882762652257,6.102857142857143,8,8,8,0,16,12,12,8,2,2,0,0,1,2,0.09090909090909091,4,1.5,112,97,37,67,75,7,30,4,8,6,2,0.13805970149253732,3.75,5,5,1.0,0.999073359073359,4.625,14.0,8.375,150,0,0,150,1.0,1.0,1.0,1.0,0.0,0.0,10.0,1.0,1.0,1.0,1.0,0.0,75,75,30,120,0.65,0.7142857142857143,0.5,0.588235294117647,0.2,0.5,10.0,0.8,0.65,0.588235294117647,0.625,0.03676470588235303,75,75,30,120,0.65,0.7142857142857143,0.5,0.588235294117647,0.2,0.5,10.0,0.8,0.65,0.588235294117647,0.625,0.03676470588235303,1.0,0.9951961569255404,0.8878537069718982,1.0,0.9657142857142857,0.9996938775510205,0.2724937089951709
rework,0.05,1003,350,150,150,0.0,0.05,0.99,8,2,0.005714285714285714,0.21544882762652257,0.21544882762652257,6.102857142857143,8,8,8,0,16,12,12,8,2,2,0,0,1,2,0.09090909090909091,4,1.5,111,96,36,66,75,6,30,4,8,6,2,0.13432835820895522,3.75,5,5,1.0,1.0,4.5,13.875,8.25,150,0,0,150,1.0,1.0,1.0,1.0,0.0,0.0,10.0,1.0,1.0,1.0,1.0,0.0,150,0,60,90,0.8,0.7142857142857143,1.0,0.8333333333333333,0.4,0.0,10.0,0.6,0.8,0.8333333333333333,0.8695652173913044,0.036231884057971175,150,0,60,90,0.8,0.7142857142857143,1.0,0.8333333333333333,0.4,0.0,10.0,0.6,0.8,0.8333333333333333,0.8695652173913044,0.036231884057971175,1.0,0.9951961569255404,0.8878537069718982,1.0,1.0,1.0,0.29721000001882203
rework,0.05,1003,350,150,150,0.0,0.07,0.9,8,2,0.005714285714285714,0.21544882762652257,0.21544882762652257,6.102857142857143,8,8,8,0,16,12,12,8,2,2,0,0,1,2,0.09090909090909091,4,1.5,112,97,37,67,75,7,30,4,8,6,2,0.13805970149253732,3.75,5,5,1.0,0.999073359073359,4.625,14.0,8.375,150,0,0,150,1.0,1.0,1.0,1.0,0.0,0.0,10.0,1.0,1.0,1.0,1.0,0.0,75,75,30,120,0.65,0.7142857142857143,0.5,0.588235294117647,0.2,0.5,10.0,0.8,0.65,0.588235294117647,0.625,0.03676470588235303,75,75,30,120,0.65,0.7142857142857143,0.5,0.588235294117647,0.2,0.5,10.0,0.8,0.65,0.588235294117647,0.625,0.03676470588235303,1.0,0.9951961569255404,0.8878537069718982,1.0,0.9657142857142857,0.9996938775510205,0.35713366701384075
rework,0.05,1003,350,150,150,0.0,0.07,0.95,8,2,0.005714285714285714,0.21544882762652257,0.21544882762652257,6.102857142857143,8,8,8,0,16,12,12,8,2,2,0,0,1,2,0.09090909090909091,4,1.5,112,97,37,67,75,7,30,4,8,6,2,0.13805970149253732,3.75,5,5,1.0,0.999073359073359,4.625,14.0,8.375,150,0,0,150,1.0,1.0,1.0,1.0,0.0,0.0,10.0,1.0,1.0,1.0,1.0,0.0,75,75,30,120,0.65,0.7142857142857143,0.5,0.588235294117647,0.2,0.5,10.0,0.8,0.65,0.588235294117647,0.625,0.03676470588235303,75,75,30,120,0.65,0.7142857142857143,0.5,0.588235294117647,0.2,0.5,10.0,0.8,0.65,0.588235294117647,0.625,0.03676470588235303,1.0,0.9951961569255404,0.8878537069718982,1.0,0.9657142857142857,0.9996938775510205,0.3741164579987526
rework,0.05,1003,350,150,150,0.0,0.07,0.99,8,2,0.005714285714285714,0.21544882762652257,0.21544882762652257,6.102857142857143,8,8,8,0,16,12,12,8,2,2,0,0,1,2,0.09090909090909091,4,1.5,111,96,36,66,75,6,30,4,8,6,2,0.13432835820895522,3.75,5,5,1.0,1.0,4.5,13.875,8.25,150,0,0,150,1.0,1.0,1.0,1.0,0.0,0.0,10.0,1.0,1.0,1.0,1.0,0.0,150,0,60,90,0.8,0.7142857142857143,1.0,0.8333333333333333,0.4,0.0,10.0,0.6,0.8,0.8333333333333333,0.8695652173913044,0.036231884057971175,150,0,60,90,0.8,0.7142857142857143,1.0,0.8333333333333333,0.4,0.0,10.0,0.6,0.8,0.8333333333333333,0.8695652173913044,0.036231884057971175,1.0,0.9951961569255404,0.8878537069718982,1.0,1.0,1.0,0.37432170801912434
rework,0.05,1004,350,150,150,0.0,0.03,0.9,8,2,0.005714285714285714,0.33868381719018026,0.33868381719018026,6.188571428571429,8,8,8,0,16,12,12,8,2,2,0,0,1,2,0.09090909090909091,4,1.5,145,129,65,97,80,7,58,7,8,8,0,0.24253731343283583,7.0,7,14,0.5963076923076923,0.9990329670329671,8.125,18.125,12.125,150,0,0,150,1.0,1.0,1.0,1.0,0.0,0.0,10.0,1.0,1.0,1.0,1.0,0.0,75,75,0,150,0.75,1.0,0.5,0.6666666666666666,0.0,0.5,10.0,1.0,0.75,0.6666666666666666,0.6666666666666666,0.0,75,75,0,150,0.75,1.0,0.5,0.6666666666666666,0.0,0.5,10.0,1.0,0.75,0.6666666666666666,0.6666666666666666,0.0,1.0,0.9913317572892041,0.9068112175799792,1.0,0.9371428571428572,0.9995665024630542,0.3774908339837566
rework,0.05,1004,350,150,150,0.0,0.03,0.95,8,2,0.005714285714285714,0.33868381719018026,0.33868381719018026,6.188571428571429,8,8,8,0,16,12,12,8,2,2,0,0,1,2,0.09090909090909091,4,1.5,144,128,64,96,80,6,58,7,8,8,0,0.23880597014925373,7.0,7,14,0.59,1.0,8.0,18.0,12.0,150,0,0,150,1.0,1.0,1.0,1.0,0.0,0.0,10.0,1.0,1.0,1.0,1.0,0.0,150,0,0,150,1.0,1.0,1.0,1.0,0.0,0.0,10.0,1.0,1.0,1.0,1.0,0.0,150,0,0,150,1.0,1.0,1.0,1.0,0.0,0.0,10.0,1.0,1.0,1.0,1.0,0.0,1.0,0.9913317572892041,0.9068112175799792,1.0,1.0,1.0,0.3154254170076456
rework,0.05,1004,350,150,150,0.0,0.03,0.99,8,2,0.005714285714285714,0.33868381719018026,0.33868381719018026,6.188571428571429,8,8,8,0,16,12,12,8,2,2,0,0,1,2,0.09090909090909091,4,1.5,144,128,64,96,80,6,58,7,8,8,0,0.23880597014925373,7.0,7,14,0.59,1.0,8.0,18.0,12.0,150,0,0,150,1.0,1.0,1.0,1.0,0.0,0.0,10.0,1.0,1.0,1.0,1.0,0.0,150,0,0,150,1.0,1.0,1.0,1.0,0.0,0.0,10.0,1.0,1.0,1.0,1.0,0.0,150,0,0,150,1.0,1.0,1.0,1.0,0.0,0.0,10.0,1.0,1.0,1.0,1.0,0.0,1.0,0.9913317572892041,0.9068112175799792,1.0,1.0,1.0,0.3035565000027418
rework,0.05,1004,350,150,150,0.0,0.05,0.9,8,2,0.005714285714285714,0.33868381719018026,0.33868381719018026,6.188571428571429,8,8,8,0,16,12,12,8,2,2,0,0,1,2,0.09090909090909091,4,1.5,145,129,65,97,80,7,58,7,8,8,0,0.24253731343283583,7.0,7,14,0.5963076923076923,0.9990329670329671,8.125,18.125,12.125,150,0,0,150,1.0,1.0,1.0,1.0,0.0,0.0,10.0,1.0,1.0,1.0,1.0,0.0,75,75,0,150,0.75,1.0,0.5,0.6666666666666666,0.0,0.5,10.0,1.0,0.75,0.6666666666666666,0.6666666666666666,0.0,75,75,0,150,0.75,1.0,0.5,0.6666666666666666,0.0,0.5,10.0,1.0,0.75,0.6666666666666666,0.6666666666666666,0.0,1.0,0.9913317572892041,0.9068112175799792,1.0,0.9371428571428572,0.9995665024630542,0.3218899999919813
rework,0.05,1004,350,150,150,0.0,0.05,0.95,8,2,0.005714285714285714,0.33868381719018026,0.33868381719018026,6.188571428571429,8,8,8,0,16,12,12,8,2,2,0,0,1,2,0.09090909090909091,4,1.5,144,128,64,96,80,6,58,7,8,8,0,0.23880597014925373,7.0,7,14,0.59,1.0,8.0,18.0,12.0,150,0,0,150,1.0,1.0,1.0,1.0,0.0,0.0,10.0,1.0,1.0,1.0,1.0,0.0,150,0,0,150,1.0,1.0,1.0,1.0,0.0,0.0,10.0,1.0,1.0,1.0,1.0,0.0,150,0,0,150,1.0,1.0,1.0,1.0,0.0,0.0,10.0,1.0,1.0,1.0,1.0,0.0,1.0,0.9913317572892041,0.9068112175799792,1.0,1.0,1.0,0.2942863749922253
rework,0.05,1004,350,150,150,0.0,0.05,0.99,8,2,0.005714285714285714,0.33868381719018026,0.33868381719018026,6.188571428571429,8,8,8,0,16,12,12,8,2,2,0,0,1,2,0.09090909090909091,4,1.5,144,128,64,96,80,6,58,7,8,8,0,0.23880597014925373,7.0,7,14,0.59,1.0,8.0,18.0,12.0,150,0,0,150,1.0,1.0,1.0,1.0,0.0,0.0,10.0,1.0,1.0,1.0,1.0,0.0,150,0,0,150,1.0,1.0,1.0,1.0,0.0,0.0,10.0,1.0,1.0,1.0,1.0,0.0,150,0,0,150,1.0,1.0,1.0,1.0,0.0,0.0,10.0,1.0,1.0,1.0,1.0,0.0,1.0,0.9913317572892041,0.9068112175799792,1.0,1.0,1.0,0.28568666701903567
rework,0.05,1004,350,150,150,0.0,0.07,0.9,8,2,0.005714285714285714,0.33868381719018026,0.33868381719018026,6.188571428571429,8,8,8,0,16,12,12,8,2,2,0,0,1,2,0.09090909090909091,4,1.5,112,97,37,67,75,7,30,4,8,6,2,0.13805970149253732,3.75,5,5,1.0,0.9983011583011584,4.625,14.0,8.375,150,0,0,150,1.0,1.0,1.0,1.0,0.0,0.0,10.0,1.0,1.0,1.0,1.0,0.0,75,75,30,120,0.65,0.7142857142857143,0.5,0.588235294117647,0.2,0.5,10.0,0.8,0.65,0.588235294117647,0.625,0.03676470588235303,75,75,30,120,0.65,0.7142857142857143,0.5,0.588235294117647,0.2,0.5,10.0,0.8,0.65,0.588235294117647,0.625,0.03676470588235303,1.0,0.9913317572892041,0.9068112175799792,1.0,0.9371428571428572,0.9994387755102041,0.2888210419914685
rework,0.05,1004,350,150,150,0.0,0.07,0.95,8,2,0.005714285714285714,0.33868381719018026,0.33868381719018026,6.188571428571429,8,8,8,0,16,12,12,8,2,2,0,0,1,2,0.09090909090909091,4,1.5,111,96,36,66,75,6,30,4,8,6,2,0.13432835820895522,3.75,5,5,1.0,1.0,4.5,13.875,8.25,150,0,0,150,1.0,1.0,1.0,1.0,0.0,0.0,10.0,1.0,1.0,1.0,1.0,0.0,150,0,60,90,0.8,0.7142857142857143,1.0,0.8333333333333333,0.4,0.0,10.0,0.6,0.8,0.8333333333333333,0.8695652173913044,0.036231884057971175,150,0,60,90,0.8,0.7142857142857143,1.0,0.8333333333333333,0.4,0.0,10.0,0.6,0.8,0.8333333333333333,0.8695652173913044,0.036231884057971175,1.0,0.9913317572892041,0.9068112175799792,1.0,1.0,1.0,0.2862948330002837
rework,0.05,1004,350,150,150,0.0,0.07,0.99,8,2,0.005714285714285714,0.33868381719018026,0.33868381719018026,6.188571428571429,8,8,8,0,16,12,12,8,2,2,0,0,1,2,0.09090909090909091,4,1.5,111,96,36,66,75,6,30,4,8,6,2,0.13432835820895522,3.75,5,5,1.0,1.0,4.5,13.875,8.25,150,0,0,150,1.0,1.0,1.0,1.0,0.0,0.0,10.0,1.0,1.0,1.0,1.0,0.0,150,0,60,90,0.8,0.7142857142857143,1.0,0.8333333333333333,0.4,0.0,10.0,0.6,0.8,0.8333333333333333,0.8695652173913044,0.036231884057971175,150,0,60,90,0.8,0.7142857142857143,1.0,0.8333333333333333,0.4,0.0,10.0,0.6,0.8,0.8333333333333333,0.8695652173913044,0.036231884057971175,1.0,0.9913317572892041,0.9068112175799792,1.0,1.0,1.0,0.3396049159928225
rework,0.05,1005,350,150,150,0.0,0.03,0.9,8,2,0.005714285714285714,0.29243470830906976,0.29243470830906976,6.154285714285714,8,8,8,0,16,12,12,8,2,2,0,0,1,2,0.09090909090909091,4,1.5,145,129,65,97,80,7,58,7,8,8,0,0.24253731343283583,7.0,7,14,0.5913846153846154,0.9992087912087911,8.125,18.125,12.125,150,0,0,150,1.0,1.0,1.0,1.0,0.0,0.0,10.0,1.0,1.0,1.0,1.0,0.0,75,75,0,150,0.75,1.0,0.5,0.6666666666666666,0.0,0.5,10.0,1.0,0.75,0.6666666666666666,0.6666666666666666,0.0,75,75,0,150,0.75,1.0,0.5,0.6666666666666666,0.0,0.5,10.0,1.0,0.75,0.6666666666666666,0.6666666666666666,0.0,1.0,0.992862807295797,0.9011507042227844,1.0,0.9485714285714286,0.9996453201970442,0.32832825000514276
rework,0.05,1005,350,150,150,0.0,0.03,0.95,8,2,0.005714285714285714,0.29243470830906976,0.29243470830906976,6.154285714285714,8,8,8,0,16,12,12,8,2,2,0,0,1,2,0.09090909090909091,4,1.5,144,128,64,96,80,6,58,7,8,8,0,0.23880597014925373,7.0,7,14,0.585,1.0,8.0,18.0,12.0,150,0,0,150,1.0,1.0,1.0,1.0,0.0,0.0,10.0,1.0,1.0,1.0,1.0,0.0,150,0,0,150,1.0,1.0,1.0,1.0,0.0,0.0,10.0,1.0,1.0,1.0,1.0,0.0,150,0,0,150,1.0,1.0,1.0,1.0,0.0,0.0,10.0,1.0,1.0,1.0,1.0,0.0,1.0,0.992862807295797,0.9011507042227844,1.0,1.0,1.0,0.3095850830140989
rework,0.05,1005,350,150,150,0.0,0.03,0.99,8,2,0.005714285714285714,0.29243470830906976,0.29243470830906976,6.154285714285714,8,8,8,0,16,12,12,8,2,2,0,0,1,2,0.09090909090909091,4,1.5,144,128,64,96,80,6,58,7,8,8,0,0.23880597014925373,7.0,7,14,0.585,1.0,8.0,18.0,12.0,150,0,0,150,1.0,1.0,1.0,1.0,0.0,0.0,10.0,1.0,1.0,1.0,1.0,0.0,150,0,0,150,1.0,1.0,1.0,1.0,0.0,0.0,10.0,1.0,1.0,1.0,1.0,0.0,150,0,0,150,1.0,1.0,1.0,1.0,0.0,0.0,10.0,1.0,1.0,1.0,1.0,0.0,1.0,0.992862807295797,0.9011507042227844,1.0,1.0,1.0,0.32710462500108406
rework,0.05,1005,350,150,150,0.0,0.05,0.9,8,2,0.005714285714285714,0.29243470830906976,0.29243470830906976,6.154285714285714,8,8,8,0,16,12,12,8,2,2,0,0,1,2,0.09090909090909091,4,1.5,145,129,65,97,80,7,58,7,8,8,0,0.24253731343283583,7.0,7,14,0.5913846153846154,0.9992087912087911,8.125,18.125,12.125,150,0,0,150,1.0,1.0,1.0,1.0,0.0,0.0,10.0,1.0,1.0,1.0,1.0,0.0,75,75,0,150,0.75,1.0,0.5,0.6666666666666666,0.0,0.5,10.0,1.0,0.75,0.6666666666666666,0.6666666666666666,0.0,75,75,0,150,0.75,1.0,0.5,0.6666666666666666,0.0,0.5,10.0,1.0,0.75,0.6666666666666666,0.6666666666666666,0.0,1.0,0.992862807295797,0.9011507042227844,1.0,0.9485714285714286,0.9996453201970442,0.31921587500255555
rework,0.05,1005,350,150,150,0.0,0.05,0.95,8,2,0.005714285714285714,0.29243470830906976,0.29243470830906976,6.154285714285714,8,8,8,0,16,12,12,8,2,2,0,0,1,2,0.09090909090909091,4,1.5,144,128,64,96,80,6,58,7,8,8,0,0.23880597014925373,7.0,7,14,0.585,1.0,8.0,18.0,12.0,150,0,0,150,1.0,1.0,1.0,1.0,0.0,0.0,10.0,1.0,1.0,1.0,1.0,0.0,150,0,0,150,1.0,1.0,1.0,1.0,0.0,0.0,10.0,1.0,1.0,1.0,1.0,0.0,150,0,0,150,1.0,1.0,1.0,1.0,0.0,0.0,10.0,1.0,1.0,1.0,1.0,0.0,1.0,0.992862807295797,0.9011507042227844,1.0,1.0,1.0,0.30298187502194196
rework,0.05,1005,350,150,150,0.0,0.05,0.99,8,2,0.005714285714285714,0.29243470830906976,0.29243470830906976,6.154285714285714,8,8,8,0,16,12,12,8,2,2,0,0,1,2,0.09090909090909091,4,1.5,144,128,64,96,80,6,58,7,8,8,0,0.23880597014925373,7.0,7,14,0.585,1.0,8.0,18.0,12.0,150,0,0,150,1.0,1.0,1.0,1.0,0.0,0.0,10.0,1.0,1.0,1.0,1.0,0.0,150,0,0,150,1.0,1.0,1.0,1.0,0.0,0.0,10.0,1.0,1.0,1.0,1.0,0.0,150,0,0,150,1.0,1.0,1.0,1.0,0.0,0.0,10.0,1.0,1.0,1.0,1.0,0.0,1.0,0.992862807295797,0.9011507042227844,1.0,1.0,1.0,0.2957136250042822
rework,0.05,1005,350,150,150,0.0,0.07,0.9,8,2,0.005714285714285714,0.29243470830906976,0.29243470830906976,6.154285714285714,8,8,8,0,16,12,12,8,2,2,0,0,1,2,0.09090909090909091,4,1.5,112,97,37,67,75,7,30,4,8,6,2,0.13805970149253732,3.75,5,5,1.0,0.9986100386100386,4.625,14.0,8.375,150,0,0,150,1.0,1.0,1.0,1.0,0.0,0.0,10.0,1.0,1.0,1.0,1.0,0.0,75,75,30,120,0.65,0.7142857142857143,0.5,0.588235294117647,0.2,0.5,10.0,0.8,0.65,0.588235294117647,0.625,0.03676470588235303,75,75,30,120,0.65,0.7142857142857143,0.5,0.588235294117647,0.2,0.5,10.0,0.8,0.65,0.588235294117647,0.625,0.03676470588235303,1.0,0.992862807295797,0.9011507042227844,1.0,0.9485714285714286,0.9995408163265307,0.2758849159872625
rework,0.05,1005,350,150,150,0.0,0.07,0.95,8,2,0.005714285714285714,0.29243470830906976,0.29243470830906976,6.154285714285714,8,8,8,0,16,12,12,8,2,2,0,0,1,2,0.09090909090909091,4,1.5,111,96,36,66,75,6,30,4,8,6,2,0.13432835820895522,3.75,5,5,1.0,1.0,4.5,13.875,8.25,150,0,0,150,1.0,1.0,1.0,1.0,0.0,0.0,10.0,1.0,1.0,1.0,1.0,0.0,150,0,60,90,0.8,0.7142857142857143,1.0,0.8333333333333333,0.4,0.0,10.0,0.6,0.8,0.8333333333333333,0.8695652173913044,0.036231884057971175,150,0,60,90,0.8,0.7142857142857143,1.0,0.8333333333333333,0.4,0.0,10.0,0.6,0.8,0.8333333333333333,0.8695652173913044,0.036231884057971175,1.0,0.992862807295797,0.9011507042227844,1.0,1.0,1.0,0.28764104199944995
rework,0.05,1005,350,150,150,0.0,0.07,0.99,8,2,0.005714285714285714,0.29243470830906976,0.29243470830906976,6.154285714285714,8,8,8,0,16,12,12,8,2,2,0,0,1,2,0.09090909090909091,4,1.5,111,96,36,66,75,6,30,4,8,6,2,0.13432835820895522,3.75,5,5,1.0,1.0,4.5,13.875,8.25,150,0,0,150,1.0,1.0,1.0,1.0,0.0,0.0,10.0,1.0,1.0,1.0,1.0,0.0,150,0,60,90,0.8,0.7142857142857143,1.0,0.8333333333333333,0.4,0.0,10.0,0.6,0.8,0.8333333333333333,0.8695652173913044,0.036231884057971175,150,0,60,90,0.8,0.7142857142857143,1.0,0.8333333333333333,0.4,0.0,10.0,0.6,0.8,0.8333333333333333,0.8695652173913044,0.036231884057971175,1.0,0.992862807295797,0.9011507042227844,1.0,1.0,1.0,0.29016475001117215
rework,0.05,1006,350,150,150,0.0,0.03,0.9,8,2,0.005714285714285714,0.2679047298713761,0.2679047298713761,6.137142857142857,8,8,8,0,16,12,12,8,2,2,0,0,1,2,0.09090909090909091,4,1.5,145,129,65,97,80,7,58,7,8,8,0,0.24253731343283583,7.0,7,14,0.588923076923077,0.9992967032967034,8.125,18.125,12.125,150,0,0,150,1.0,1.0,1.0,1.0,0.0,0.0,10.0,1.0,1.0,1.0,1.0,0.0,75,75,0,150,0.75,1.0,0.5,0.6666666666666666,0.0,0.5,10.0,1.0,0.75,0.6666666666666666,0.6666666666666666,0.0,75,75,0,150,0.75,1.0,0.5,0.6666666666666666,0.0,0.5,10.0,1.0,0.75,0.6666666666666666,0.6666666666666666,0.0,1.0,0.9936356404136834,0.8975584900923305,1.0,0.9542857142857143,0.9996847290640394,0.30492799999774434
rework,0.05,1006,350,150,150,0.0,0.03,0.95,8,2,0.005714285714285714,0.2679047298713761,0.2679047298713761,6.137142857142857,8,8,8,0,16,12,12,8,2,2,0,0,1,2,0.09090909090909091,4,1.5,145,129,65,97,80,7,58,7,8,8,0,0.24253731343283583,7.0,7,14,0.588923076923077,0.9992967032967034,8.125,18.125,12.125,150,0,0,150,1.0,1.0,1.0,1.0,0.0,0.0,10.0,1.0,1.0,1.0,1.0,0.0,75,75,0,150,0.75,1.0,0.5,0.6666666666666666,0.0,0.5,10.0,1.0,0.75,0.6666666666666666,0.6666666666666666,0.0,75,75,0,150,0.75,1.0,0.5,0.6666666666666666,0.0,0.5,10.0,1.0,0.75,0.6666666666666666,0.6666666666666666,0.0,1.0,0.9936356404136834,0.8975584900923305,1.0,0.9542857142857143,0.9996847290640394,0.30842195902368985
rework,0.05,1006,350,150,150,0.0,0.03,0.99,8,2,0.005714285714285714,0.2679047298713761,0.2679047298713761,6.137142857142857,8,8,8,0,16,12,12,8,2,2,0,0,1,2,0.09090909090909091,4,1.5,144,128,64,96,80,6,58,7,8,8,0,0.23880597014925373,7.0,7,14,0.5825,1.0,8.0,18.0,12.0,150,0,0,150,1.0,1.0,1.0,1.0,0.0,0.0,10.0,1.0,1.0,1.0,1.0,0.0,150,0,0,150,1.0,1.0,1.0,1.0,0.0,0.0,10.0,1.0,1.0,1.0,1.0,0.0,150,0,0,150,1.0,1.0,1.0,1.0,0.0,0.0,10.0,1.0,1.0,1.0,1.0,0.0,1.0,0.9936356404136834,0.8975584900923305,1.0,1.0,1.0,0.3100794999918435
rework,0.05,1006,350,150,150,0.0,0.05,0.9,8,2,0.005714285714285714,0.2679047298713761,0.2679047298713761,6.137142857142857,8,8,8,0,16,12,12,8,2,2,0,0,1,2,0.09090909090909091,4,1.5,112,97,37,67,75,7,30,4,8,6,2,0.13805970149253732,3.75,5,5,1.0,0.9987644787644788,4.625,14.0,8.375,150,0,0,150,1.0,1.0,1.0,1.0,0.0,0.0,10.0,1.0,1.0,1.0,1.0,0.0,75,75,30,120,0.65,0.7142857142857143,0.5,0.588235294117647,0.2,0.5,10.0,0.8,0.65,0.588235294117647,0.625,0.03676470588235303,75,75,30,120,0.65,0.7142857142857143,0.5,0.588235294117647,0.2,0.5,10.0,0.8,0.65,0.588235294117647,0.625,0.03676470588235303,1.0,0.9936356404136834,0.8975584900923305,1.0,0.9542857142857143,0.9995918367346938,0.3202587499981746
rework,0.05,1006,350,150,150,0.0,0.05,0.95,8,2,0.005714285714285714,0.2679047298713761,0.2679047298713761,6.137142857142857,8,8,8,0,16,12,12,8,2,2,0,0,1,2,0.09090909090909091,4,1.5,112,97,37,67,75,7,30,4,8,6,2,0.13805970149253732,3.75,5,5,1.0,0.9987644787644788,4.625,14.0,8.375,150,0,0,150,1.0,1.0,1.0,1.0,0.0,0.0,10.0,1.0,1.0,1.0,1.0,0.0,75,75,30,120,0.65,0.7142857142857143,0.5,0.588235294117647,0.2,0.5,10.0,0.8,0.65,0.588235294117647,0.625,0.03676470588235303,75,75,30,120,0.65,0.7142857142857143,0.5,0.588235294117647,0.2,0.5,10.0,0.8,0.65,0.588235294117647,0.625,0.03676470588235303,1.0,0.9936356404136834,0.8975584900923305,1.0,0.9542857142857143,0.9995918367346938,0.3132526669942308
rework,0.05,1006,350,150,150,0.0,0.05,0.99,8,2,0.005714285714285714,0.2679047298713761,0.2679047298713761,6.137142857142857,8,8,8,0,16,12,12,8,2,2,0,0,1,2,0.09090909090909091,4,1.5,111,96,36,66,75,6,30,4,8,6,2,0.13432835820895522,3.75,5,5,1.0,1.0,4.5,13.875,8.25,150,0,0,150,1.0,1.0,1.0,1.0,0.0,0.0,10.0,1.0,1.0,1.0,1.0,0.0,150,0,60,90,0.8,0.7142857142857143,1.0,0.8333333333333333,0.4,0.0,10.0,0.6,0.8,0.8333333333333333,0.8695652173913044,0.036231884057971175,150,0,60,90,0.8,0.7142857142857143,1.0,0.8333333333333333,0.4,0.0,10.0,0.6,0.8,0.8333333333333333,0.8695652173913044,0.036231884057971175,1.0,0.9936356404136834,0.8975584900923305,1.0,1.0,1.0,0.30819862498901784
rework,0.05,1006,350,150,150,0.0,0.07,0.9,8,2,0.005714285714285714,0.2679047298713761,0.2679047298713761,6.137142857142857,8,8,8,0,16,12,12,8,2,2,0,0,1,2,0.09090909090909091,4,1.5,112,97,37,67,75,7,30,4,8,6,2,0.13805970149253732,3.75,5,5,1.0,0.9987644787644788,4.625,14.0,8.375,150,0,0,150,1.0,1.0,1.0,1.0,0.0,0.0,10.0,1.0,1.0,1.0,1.0,0.0,75,75,30,120,0.65,0.7142857142857143,0.5,0.588235294117647,0.2,0.5,10.0,0.8,0.65,0.588235294117647,0.625,0.03676470588235303,75,75,30,120,0.65,0.7142857142857143,0.5,0.588235294117647,0.2,0.5,10.0,0.8,0.65,0.588235294117647,0.625,0.03676470588235303,1.0,0.9936356404136834,0.8975584900923305,1.0,0.9542857142857143,0.9995918367346938,0.30799195799045265
rework,0.05,1006,350,150,150,0.0,0.07,0.95,8,2,0.005714285714285714,0.2679047298713761,0.2679047298713761,6.137142857142857,8,8,8,0,16,12,12,8,2,2,0,0,1,2,0.09090909090909091,4,1.5,112,97,37,67,75,7,30,4,8,6,2,0.13805970149253732,3.75,5,5,1.0,0.9987644787644788,4.625,14.0,8.375,150,0,0,150,1.0,1.0,1.0,1.0,0.0,0.0,10.0,1.0,1.0,1.0,1.0,0.0,75,75,30,120,0.65,0.7142857142857143,0.5,0.588235294117647,0.2,0.5,10.0,0.8,0.65,0.588235294117647,0.625,0.03676470588235303,75,75,30,120,0.65,0.7142857142857143,0.5,0.588235294117647,0.2,0.5,10.0,0.8,0.65,0.588235294117647,0.625,0.03676470588235303,1.0,0.9936356404136834,0.8975584900923305,1.0,0.9542857142857143,0.9995918367346938,0.25767049999558367
rework,0.05,1006,350,150,150,0.0,0.07,0.99,8,2,0.005714285714285714,0.2679047298713761,0.2679047298713761,6.137142857142857,8,8,8,0,16,12,12,8,2,2,0,0,1,2,0.09090909090909091,4,1.5,111,96,36,66,75,6,30,4,8,6,2,0.13432835820895522,3.75,5,5,1.0,1.0,4.5,13.875,8.25,150,0,0,150,1.0,1.0,1.0,1.0,0.0,0.0,10.0,1.0,1.0,1.0,1.0,0.0,150,0,60,90,0.8,0.7142857142857143,1.0,0.8333333333333333,0.4,0.0,10.0,0.6,0.8,0.8333333333333333,0.8695652173913044,0.036231884057971175,150,0,60,90,0.8,0.7142857142857143,1.0,0.8333333333333333,0.4,0.0,10.0,0.6,0.8,0.8333333333333333,0.8695652173913044,0.036231884057971175,1.0,0.9936356404136834,0.8975584900923305,1.0,1.0,1.0,0.28624600000330247
rework,0.05,1007,350,150,150,0.0,0.03,0.9,8,2,0.005714285714285714,0.37123232664087563,0.37123232664087563,6.214285714285714,8,8,8,0,16,12,12,8,2,2,0,0,1,2,0.09090909090909091,4,1.5,145,129,65,97,80,7,58,7,8,8,0,0.24253731343283583,7.0,7,14,0.6,0.9989010989010989,8.125,18.125,12.125,150,0,0,150,1.0,1.0,1.0,1.0,0.0,0.0,10.0,1.0,1.0,1.0,1.0,0.0,75,75,0,150,0.75,1.0,0.5,0.6666666666666666,0.0,0.5,10.0,1.0,0.75,0.6666666666666666,0.6666666666666666,0.0,75,75,0,150,0.75,1.0,0.5,0.6666666666666666,0.0,0.5,10.0,1.0,0.75,0.6666666666666666,0.6666666666666666,0.0,1.0,0.9901960784313726,0.9101373725172679,1.0,0.9285714285714286,0.9995073891625617,0.28826370800379664
rework,0.05,1007,350,150,150,0.0,0.03,0.95,8,2,0.005714285714285714,0.37123232664087563,0.37123232664087563,6.214285714285714,8,8,8,0,16,12,12,8,2,2,0,0,1,2,0.09090909090909091,4,1.5,144,128,64,96,80,6,58,7,8,8,0,0.23880597014925373,7.0,7,14,0.59375,1.0,8.0,18.0,12.0,150,0,0,150,1.0,1.0,1.0,1.0,0.0,0.0,10.0,1.0,1.0,1.0,1.0,0.0,150,0,0,150,1.0,1.0,1.0,1.0,0.0,0.0,10.0,1.0,1.0,1.0,1.0,0.0,150,0,0,150,1.0,1.0,1.0,1.0,0.0,0.0,10.0,1.0,1.0,1.0,1.0,0.0,1.0,0.9901960784313726,0.9101373725172679,1.0,1.0,1.0,0.3396097920194734
rework,0.05,1007,350,150,150,0.0,0.03,0.99,8,2,0.005714285714285714,0.37123232664087563,0.37123232664087563,6.214285714285714,8,8,8,0,16,12,12,8,2,2,0,0,1,2,0.09090909090909091,4,1.5,144,128,64,96,80,6,58,7,8,8,0,0.23880597014925373,7.0,7,14,0.59375,1.0,8.0,18.0,12.0,150,0,0,150,1.0,1.0,1.0,1.0,0.0,0.0,10.0,1.0,1.0,1.0,1.0,0.0,150,0,0,150,1.0,1.0,1.0,1.0,0.0,0.0,10.0,1.0,1.0,1.0,1.0,0.0,150,0,0,150,1.0,1.0,1.0,1.0,0.0,0.0,10.0,1.0,1.0,1.0,1.0,0.0,1.0,0.9901960784313726,0.9101373725172679,1.0,1.0,1.0,0.31851654199999757
rework,0.05,1007,350,150,150,0.0,0.05,0.9,8,2,0.005714285714285714,0.37123232664087563,0.37123232664087563,6.214285714285714,8,8,8,0,16,12,12,8,2,2,0,0,1,2,0.09090909090909091,4,1.5,145,129,65,97,80,7,58,7,8,8,0,0.24253731343283583,7.0,7,14,0.6,0.9989010989010989,8.125,18.125,12.125,150,0,0,150,1.0,1.0,1.0,1.0,0.0,0.0,10.0,1.0,1.0,1.0,1.0,0.0,75,75,0,150,0.75,1.0,0.5,0.6666666666666666,0.0,0.5,10.0,1.0,0.75,0.6666666666666666,0.6666666666666666,0.0,75,75,0,150,0.75,1.0,0.5,0.6666666666666666,0.0,0.5,10.0,1.0,0.75,0.6666666666666666,0.6666666666666666,0.0,1.0,0.9901960784313726,0.9101373725172679,1.0,0.9285714285714286,0.9995073891625617,0.32359704200644046
rework,0.05,1007,350,150,150,0.0,0.05,0.95,8,2,0.005714285714285714,0.37123232664087563,0.37123232664087563,6.214285714285714,8,8,8,0,16,12,12,8,2,2,0,0,1,2,0.09090909090909091,4,1.5,144,128,64,96,80,6,58,7,8,8,0,0.23880597014925373,7.0,7,14,0.59375,1.0,8.0,18.0,12.0,150,0,0,150,1.0,1.0,1.0,1.0,0.0,0.0,10.0,1.0,1.0,1.0,1.0,0.0,150,0,0,150,1.0,1.0,1.0,1.0,0.0,0.0,10.0,1.0,1.0,1.0,1.0,0.0,150,0,0,150,1.0,1.0,1.0,1.0,0.0,0.0,10.0,1.0,1.0,1.0,1.0,0.0,1.0,0.9901960784313726,0.9101373725172679,1.0,1.0,1.0,0.28848008398199454
rework,0.05,1007,350,150,150,0.0,0.05,0.99,8,2,0.005714285714285714,0.37123232664087563,0.37123232664087563,6.214285714285714,8,8,8,0,16,12,12,8,2,2,0,0,1,2,0.09090909090909091,4,1.5,144,128,64,96,80,6,58,7,8,8,0,0.23880597014925373,7.0,7,14,0.59375,1.0,8.0,18.0,12.0,150,0,0,150,1.0,1.0,1.0,1.0,0.0,0.0,10.0,1.0,1.0,1.0,1.0,0.0,150,0,0,150,1.0,1.0,1.0,1.0,0.0,0.0,10.0,1.0,1.0,1.0,1.0,0.0,150,0,0,150,1.0,1.0,1.0,1.0,0.0,0.0,10.0,1.0,1.0,1.0,1.0,0.0,1.0,0.9901960784313726,0.9101373725172679,1.0,1.0,1.0,0.2998962080164347
rework,0.05,1007,350,150,150,0.0,0.07,0.9,8,2,0.005714285714285714,0.37123232664087563,0.37123232664087563,6.214285714285714,8,8,8,0,16,12,12,8,2,2,0,0,1,2,0.09090909090909091,4,1.5,145,129,65,97,80,7,58,7,8,8,0,0.24253731343283583,7.0,7,14,0.6,0.9989010989010989,8.125,18.125,12.125,150,0,0,150,1.0,1.0,1.0,1.0,0.0,0.0,10.0,1.0,1.0,1.0,1.0,0.0,75,75,0,150,0.75,1.0,0.5,0.6666666666666666,0.0,0.5,10.0,1.0,0.75,0.6666666666666666,0.6666666666666666,0.0,75,75,0,150,0.75,1.0,0.5,0.6666666666666666,0.0,0.5,10.0,1.0,0.75,0.6666666666666666,0.6666666666666666,0.0,1.0,0.9901960784313726,0.9101373725172679,1.0,0.9285714285714286,0.9995073891625617,0.31388845801120624
rework,0.05,1007,350,150,150,0.0,0.07,0.95,8,2,0.005714285714285714,0.37123232664087563,0.37123232664087563,6.214285714285714,8,8,8,0,16,12,12,8,2,2,0,0,1,2,0.09090909090909091,4,1.5,144,128,64,96,80,6,58,7,8,8,0,0.23880597014925373,7.0,7,14,0.59375,1.0,8.0,18.0,12.0,150,0,0,150,1.0,1.0,1.0,1.0,0.0,0.0,10.0,1.0,1.0,1.0,1.0,0.0,150,0,0,150,1.0,1.0,1.0,1.0,0.0,0.0,10.0,1.0,1.0,1.0,1.0,0.0,150,0,0,150,1.0,1.0,1.0,1.0,0.0,0.0,10.0,1.0,1.0,1.0,1.0,0.0,1.0,0.9901960784313726,0.9101373725172679,1.0,1.0,1.0,0.29696112501551397
rework,0.05,1007,350,150,150,0.0,0.07,0.99,8,2,0.005714285714285714,0.37123232664087563,0.37123232664087563,6.214285714285714,8,8,8,0,16,12,12,8,2,2,0,0,1,2,0.09090909090909091,4,1.5,144,128,64,96,80,6,58,7,8,8,0,0.23880597014925373,7.0,7,14,0.59375,1.0,8.0,18.0,12.0,150,0,0,150,1.0,1.0,1.0,1.0,0.0,0.0,10.0,1.0,1.0,1.0,1.0,0.0,150,0,0,150,1.0,1.0,1.0,1.0,0.0,0.0,10.0,1.0,1.0,1.0,1.0,0.0,150,0,0,150,1.0,1.0,1.0,1.0,0.0,0.0,10.0,1.0,1.0,1.0,1.0,0.0,1.0,0.9901960784313726,0.9101373725172679,1.0,1.0,1.0,0.3103151250106748
rework,0.05,1008,350,150,150,0.0,0.03,0.9,8,2,0.005714285714285714,0.21544882762652257,0.21544882762652257,6.102857142857143,8,8,8,0,16,12,12,8,2,2,0,0,1,2,0.09090909090909091,4,1.5,145,129,65,97,80,7,58,7,8,8,0,0.24253731343283583,7.0,7,14,0.584,0.9994725274725275,8.125,18.125,12.125,150,0,0,150,1.0,1.0,1.0,1.0,0.0,0.0,10.0,1.0,1.0,1.0,1.0,0.0,75,75,0,150,0.75,1.0,0.5,0.6666666666666666,0.0,0.5,10.0,1.0,0.75,0.6666666666666666,0.6666666666666666,0.0,75,75,0,150,0.75,1.0,0.5,0.6666666666666666,0.0,0.5,10.0,1.0,0.75,0.6666666666666666,0.6666666666666666,0.0,1.0,0.9951961569255404,0.8878537069718982,1.0,0.9657142857142857,0.9997635467980295,0.3139482499973383
rework,0.05,1008,350,150,150,0.0,0.03,0.95,8,2,0.005714285714285714,0.21544882762652257,0.21544882762652257,6.102857142857143,8,8,8,0,16,12,12,8,2,2,0,0,1,2,0.09090909090909091,4,1.5,145,129,65,97,80,7,58,7,8,8,0,0.24253731343283583,7.0,7,14,0.584,0.9994725274725275,8.125,18.125,12.125,150,0,0,150,1.0,1.0,1.0,1.0,0.0,0.0,10.0,1.0,1.0,1.0,1.0,0.0,75,75,0,150,0.75,1.0,0.5,0.6666666666666666,0.0,0.5,10.0,1.0,0.75,0.6666666666666666,0.6666666666666666,0.0,75,75,0,150,0.75,1.0,0.5,0.6666666666666666,0.0,0.5,10.0,1.0,0.75,0.6666666666666666,0.6666666666666666,0.0,1.0,0.9951961569255404,0.8878537069718982,1.0,0.9657142857142857,0.9997635467980295,0.32569679201697
rework,0.05,1008,350,150,150,0.0,0.03,0.99,8,2,0.005714285714285714,0.21544882762652257,0.21544882762652257,6.102857142857143,8,8,8,0,16,12,12,8,2,2,0,0,1,2,0.09090909090909091,4,1.5,144,128,64,96,80,6,58,7,8,8,0,0.23880597014925373,7.0,7,14,0.5775,1.0,8.0,18.0,12.0,150,0,0,150,1.0,1.0,1.0,1.0,0.0,0.0,10.0,1.0,1.0,1.0,1.0,0.0,150,0,0,150,1.0,1.0,1.0,1.0,0.0,0.0,10.0,1.0,1.0,1.0,1.0,0.0,150,0,0,150,1.0,1.0,1.0,1.0,0.0,0.0,10.0,1.0,1.0,1.0,1.0,0.0,1.0,0.9951961569255404,0.8878537069718982,1.0,1.0,1.0,0.6805393750255462
rework,0.05,1008,350,150,150,0.0,0.05,0.9,8,2,0.005714285714285714,0.21544882762652257,0.21544882762652257,6.102857142857143,8,8,8,0,16,12,12,8,2,2,0,0,1,2,0.09090909090909091,4,1.5,112,97,37,67,75,7,30,4,8,6,2,0.13805970149253732,3.75,5,5,1.0,0.999073359073359,4.625,14.0,8.375,150,0,0,150,1.0,1.0,1.0,1.0,0.0,0.0,10.0,1.0,1.0,1.0,1.0,0.0,75,75,30,120,0.65,0.7142857142857143,0.5,0.588235294117647,0.2,0.5,10.0,0.8,0.65,0.588235294117647,0.625,0.03676470588235303,75,75,30,120,0.65,0.7142857142857143,0.5,0.588235294117647,0.2,0.5,10.0,0.8,0.65,0.588235294117647,0.625,0.03676470588235303,1.0,0.9951961569255404,0.8878537069718982,1.0,0.9657142857142857,0.9996938775510205,0.3209340419853106
rework,0.05,1008,350,150,150,0.0,0.05,0.95,8,2,0.005714285714285714,0.21544882762652257,0.21544882762652257,6.102857142857143,8,8,8,0,16,12,12,8,2,2,0,0,1,2,0.09090909090909091,4,1.5,112,97,37,67,75,7,30,4,8,6,2,0.13805970149253732,3.75,5,5,1.0,0.999073359073359,4.625,14.0,8.375,150,0,0,150,1.0,1.0,1.0,1.0,0.0,0.0,10.0,1.0,1.0,1.0,1.0,0.0,75,75,30,120,0.65,0.7142857142857143,0.5,0.588235294117647,0.2,0.5,10.0,0.8,0.65,0.588235294117647,0.625,0.03676470588235303,75,75,30,120,0.65,0.7142857142857143,0.5,0.588235294117647,0.2,0.5,10.0,0.8,0.65,0.588235294117647,0.625,0.03676470588235303,1.0,0.9951961569255404,0.8878537069718982,1.0,0.9657142857142857,0.9996938775510205,0.3051208330143709
rework,0.05,1008,350,150,150,0.0,0.05,0.99,8,2,0.005714285714285714,0.21544882762652257,0.21544882762652257,6.102857142857143,8,8,8,0,16,12,12,8,2,2,0,0,1,2,0.09090909090909091,4,1.5,111,96,36,66,75,6,30,4,8,6,2,0.13432835820895522,3.75,5,5,1.0,1.0,4.5,13.875,8.25,150,0,0,150,1.0,1.0,1.0,1.0,0.0,0.0,10.0,1.0,1.0,1.0,1.0,0.0,150,0,60,90,0.8,0.7142857142857143,1.0,0.8333333333333333,0.4,0.0,10.0,0.6,0.8,0.8333333333333333,0.8695652173913044,0.036231884057971175,150,0,60,90,0.8,0.7142857142857143,1.0,0.8333333333333333,0.4,0.0,10.0,0.6,0.8,0.8333333333333333,0.8695652173913044,0.036231884057971175,1.0,0.9951961569255404,0.8878537069718982,1.0,1.0,1.0,0.2710816659964621
rework,0.05,1008,350,150,150,0.0,0.07,0.9,8,2,0.005714285714285714,0.21544882762652257,0.21544882762652257,6.102857142857143,8,8,8,0,16,12,12,8,2,2,0,0,1,2,0.09090909090909091,4,1.5,112,97,37,67,75,7,30,4,8,6,2,0.13805970149253732,3.75,5,5,1.0,0.999073359073359,4.625,14.0,8.375,150,0,0,150,1.0,1.0,1.0,1.0,0.0,0.0,10.0,1.0,1.0,1.0,1.0,0.0,75,75,30,120,0.65,0.7142857142857143,0.5,0.588235294117647,0.2,0.5,10.0,0.8,0.65,0.588235294117647,0.625,0.03676470588235303,75,75,30,120,0.65,0.7142857142857143,0.5,0.588235294117647,0.2,0.5,10.0,0.8,0.65,0.588235294117647,0.625,0.03676470588235303,1.0,0.9951961569255404,0.8878537069718982,1.0,0.9657142857142857,0.9996938775510205,0.29993950002244674
rework,0.05,1008,350,150,150,0.0,0.07,0.95,8,2,0.005714285714285714,0.21544882762652257,0.21544882762652257,6.102857142857143,8,8,8,0,16,12,12,8,2,2,0,0,1,2,0.09090909090909091,4,1.5,112,97,37,67,75,7,30,4,8,6,2,0.13805970149253732,3.75,5,5,1.0,0.999073359073359,4.625,14.0,8.375,150,0,0,150,1.0,1.0,1.0,1.0,0.0,0.0,10.0,1.0,1.0,1.0,1.0,0.0,75,75,30,120,0.65,0.7142857142857143,0.5,0.588235294117647,0.2,0.5,10.0,0.8,0.65,0.588235294117647,0.625,0.03676470588235303,75,75,30,120,0.65,0.7142857142857143,0.5,0.588235294117647,0.2,0.5,10.0,0.8,0.65,0.588235294117647,0.625,0.03676470588235303,1.0,0.9951961569255404,0.8878537069718982,1.0,0.9657142857142857,0.9996938775510205,0.2836459999962244
rework,0.05,1008,350,150,150,0.0,0.07,0.99,8,2,0.005714285714285714,0.21544882762652257,0.21544882762652257,6.102857142857143,8,8,8,0,16,12,12,8,2,2,0,0,1,2,0.09090909090909091,4,1.5,111,96,36,66,75,6,30,4,8,6,2,0.13432835820895522,3.75,5,5,1.0,1.0,4.5,13.875,8.25,150,0,0,150,1.0,1.0,1.0,1.0,0.0,0.0,10.0,1.0,1.0,1.0,1.0,0.0,150,0,60,90,0.8,0.7142857142857143,1.0,0.8333333333333333,0.4,0.0,10.0,0.6,0.8,0.8333333333333333,0.8695652173913044,0.036231884057971175,150,0,60,90,0.8,0.7142857142857143,1.0,0.8333333333333333,0.4,0.0,10.0,0.6,0.8,0.8333333333333333,0.8695652173913044,0.036231884057971175,1.0,0.9951961569255404,0.8878537069718982,1.0,1.0,1.0,0.27822554198792204
rework,0.05,1009,350,150,150,0.0,0.03,0.9,8,2,0.005714285714285714,0.22903531870627022,0.22903531870627022,6.111428571428571,8,8,8,0,16,12,12,8,2,2,0,0,1,2,0.09090909090909091,4,1.5,145,129,65,97,80,7,58,7,8,8,0,0.24253731343283583,7.0,7,14,0.5852307692307692,0.9994285714285714,8.125,18.125,12.125,150,0,0,150,1.0,1.0,1.0,1.0,0.0,0.0,10.0,1.0,1.0,1.0,1.0,0.0,75,75,0,150,0.75,1.0,0.5,0.6666666666666666,0.0,0.5,10.0,1.0,0.75,0.6666666666666666,0.6666666666666666,0.0,75,75,0,150,0.75,1.0,0.5,0.6666666666666666,0.0,0.5,10.0,1.0,0.75,0.6666666666666666,0.6666666666666666,0.0,1.0,0.9948041566746603,0.8906940217192748,1.0,0.9628571428571429,0.999743842364532,0.2927517079806421
rework,0.05,1009,350,150,150,0.0,0.03,0.95,8,2,0.005714285714285714,0.22903531870627022,0.22903531870627022,6.111428571428571,8,8,8,0,16,12,12,8,2,2,0,0,1,2,0.09090909090909091,4,1.5,145,129,65,97,80,7,58,7,8,8,0,0.24253731343283583,7.0,7,14,0.5852307692307692,0.9994285714285714,8.125,18.125,12.125,150,0,0,150,1.0,1.0,1.0,1.0,0.0,0.0,10.0,1.0,1.0,1.0,1.0,0.0,75,75,0,150,0.75,1.0,0.5,0.6666666666666666,0.0,0.5,10.0,1.0,0.75,0.6666666666666666,0.6666666666666666,0.0,75,75,0,150,0.75,1.0,0.5,0.6666666666666666,0.0,0.5,10.0,1.0,0.75,0.6666666666666666,0.6666666666666666,0.0,1.0,0.9948041566746603,0.8906940217192748,1.0,0.9628571428571429,0.999743842364532,0.29929995801649056
rework,0.05,1009,350,150,150,0.0,0.03,0.99,8,2,0.005714285714285714,0.22903531870627022,0.22903531870627022,6.111428571428571,8,8,8,0,16,12,12,8,2,2,0,0,1,2,0.09090909090909091,4,1.5,144,128,64,96,80,6,58,7,8,8,0,0.23880597014925373,7.0,7,14,0.57875,1.0,8.0,18.0,12.0,150,0,0,150,1.0,1.0,1.0,1.0,0.0,0.0,10.0,1.0,1.0,1.0,1.0,0.0,150,0,0,150,1.0,1.0,1.0,1.0,0.0,0.0,10.0,1.0,1.0,1.0,1.0,0.0,150,0,0,150,1.0,1.0,1.0,1.0,0.0,0.0,10.0,1.0,1.0,1.0,1.0,0.0,1.0,0.9948041566746603,0.8906940217192748,1.0,1.0,1.0,0.30984387500211596
rework,0.05,1009,350,150,150,0.0,0.05,0.9,8,2,0.005714285714285714,0.22903531870627022,0.22903531870627022,6.111428571428571,8,8,8,0,16,12,12,8,2,2,0,0,1,2,0.09090909090909091,4,1.5,112,97,37,67,75,7,30,4,8,6,2,0.13805970149253732,3.75,5,5,1.0,0.998996138996139,4.625,14.0,8.375,150,0,0,150,1.0,1.0,1.0,1.0,0.0,0.0,10.0,1.0,1.0,1.0,1.0,0.0,75,75,30,120,0.65,0.7142857142857143,0.5,0.588235294117647,0.2,0.5,10.0,0.8,0.65,0.588235294117647,0.625,0.03676470588235303,75,75,30,120,0.65,0.7142857142857143,0.5,0.588235294117647,0.2,0.5,10.0,0.8,0.65,0.588235294117647,0.625,0.03676470588235303,1.0,0.9948041566746603,0.8906940217192748,1.0,0.9628571428571429,0.9996683673469388,0.28604079099022783
rework,0.05,1009,350,150,150,0.0,0.05,0.95,8,2,0.005714285714285714,0.22903531870627022,0.22903531870627022,6.111428571428571,8,8,8,0,16,12,12,8,2,2,0,0,1,2,0.09090909090909091,4,1.5,112,97,37,67,75,7,30,4,8,6,2,0.13805970149253732,3.75,5,5,1.0,0.998996138996139,4.625,14.0,8.375,150,0,0,150,1.0,1.0,1.0,1.0,0.0,0.0,10.0,1.0,1.0,1.0,1.0,0.0,75,75,30,120,0.65,0.7142857142857143,0.5,0.588235294117647,0.2,0.5,10.0,0.8,0.65,0.588235294117647,0.625,0.03676470588235303,75,75,30,120,0.65,0.7142857142857143,0.5,0.588235294117647,0.2,0.5,10.0,0.8,0.65,0.588235294117647,0.625,0.03676470588235303,1.0,0.9948041566746603,0.8906940217192748,1.0,0.9628571428571429,0.9996683673469388,0.27829737501451746
rework,0.05,1009,350,150,150,0.0,0.05,0.99,8,2,0.005714285714285714,0.22903531870627022,0.22903531870627022,6.111428571428571,8,8,8,0,16,12,12,8,2,2,0,0,1,2,0.09090909090909091,4,1.5,111,96,36,66,75,6,30,4,8,6,2,0.13432835820895522,3.75,5,5,1.0,1.0,4.5,13.875,8.25,150,0,0,150,1.0,1.0,1.0,1.0,0.0,0.0,10.0,1.0,1.0,1.0,1.0,0.0,150,0,60,90,0.8,0.7142857142857143,1.0,0.8333333333333333,0.4,0.0,10.0,0.6,0.8,0.8333333333333333,0.8695652173913044,0.036231884057971175,150,0,60,90,0.8,0.7142857142857143,1.0,0.8333333333333333,0.4,0.0,10.0,0.6,0.8,0.8333333333333333,0.8695652173913044,0.036231884057971175,1.0,0.9948041566746603,0.8906940217192748,1.0,1.0,1.0,0.28200787500827573
rework,0.05,1009,350,150,150,0.0,0.07,0.9,8,2,0.005714285714285714,0.22903531870627022,0.22903531870627022,6.111428571428571,8,8,8,0,16,12,12,8,2,2,0,0,1,2,0.09090909090909091,4,1.5,112,97,37,67,75,7,30,4,8,6,2,0.13805970149253732,3.75,5,5,1.0,0.998996138996139,4.625,14.0,8.375,150,0,0,150,1.0,1.0,1.0,1.0,0.0,0.0,10.0,1.0,1.0,1.0,1.0,0.0,75,75,30,120,0.65,0.7142857142857143,0.5,0.588235294117647,0.2,0.5,10.0,0.8,0.65,0.588235294117647,0.625,0.03676470588235303,75,75,30,120,0.65,0.7142857142857143,0.5,0.588235294117647,0.2,0.5,10.0,0.8,0.65,0.588235294117647,0.625,0.03676470588235303,1.0,0.9948041566746603,0.8906940217192748,1.0,0.9628571428571429,0.9996683673469388,0.2476233330089599
rework,0.05,1009,350,150,150,0.0,0.07,0.95,8,2,0.005714285714285714,0.22903531870627022,0.22903531870627022,6.111428571428571,8,8,8,0,16,12,12,8,2,2,0,0,1,2,0.09090909090909091,4,1.5,112,97,37,67,75,7,30,4,8,6,2,0.13805970149253732,3.75,5,5,1.0,0.998996138996139,4.625,14.0,8.375,150,0,0,150,1.0,1.0,1.0,1.0,0.0,0.0,10.0,1.0,1.0,1.0,1.0,0.0,75,75,30,120,0.65,0.7142857142857143,0.5,0.588235294117647,0.2,0.5,10.0,0.8,0.65,0.588235294117647,0.625,0.03676470588235303,75,75,30,120,0.65,0.7142857142857143,0.5,0.588235294117647,0.2,0.5,10.0,0.8,0.65,0.588235294117647,0.625,0.03676470588235303,1.0,0.9948041566746603,0.8906940217192748,1.0,0.9628571428571429,0.9996683673469388,0.2758224999997765
rework,0.05,1009,350,150,150,0.0,0.07,0.99,8,2,0.005714285714285714,0.22903531870627022,0.22903531870627022,6.111428571428571,8,8,8,0,16,12,12,8,2,2,0,0,1,2,0.09090909090909091,4,1.5,111,96,36,66,75,6,30,4,8,6,2,0.13432835820895522,3.75,5,5,1.0,1.0,4.5,13.875,8.25,150,0,0,150,1.0,1.0,1.0,1.0,0.0,0.0,10.0,1.0,1.0,1.0,1.0,0.0,150,0,60,90,0.8,0.7142857142857143,1.0,0.8333333333333333,0.4,0.0,10.0,0.6,0.8,0.8333333333333333,0.8695652173913044,0.036231884057971175,150,0,60,90,0.8,0.7142857142857143,1.0,0.8333333333333333,0.4,0.0,10.0,0.6,0.8,0.8333333333333333,0.8695652173913044,0.036231884057971175,1.0,0.9948041566746603,0.8906940217192748,1.0,1.0,1.0,0.2683273750008084
rework,0.05,1010,350,150,150,0.0,0.03,0.9,8,2,0.005714285714285714,0.22903531870627022,0.22903531870627022,6.111428571428571,8,8,8,0,16,12,12,8,2,2,0,0,1,2,0.09090909090909091,4,1.5,145,129,65,97,80,7,58,7,8,8,0,0.24253731343283583,7.0,7,14,0.5852307692307692,0.9994285714285714,8.125,18.125,12.125,150,0,0,150,1.0,1.0,1.0,1.0,0.0,0.0,10.0,1.0,1.0,1.0,1.0,0.0,75,75,0,150,0.75,1.0,0.5,0.6666666666666666,0.0,0.5,10.0,1.0,0.75,0.6666666666666666,0.6666666666666666,0.0,75,75,0,150,0.75,1.0,0.5,0.6666666666666666,0.0,0.5,10.0,1.0,0.75,0.6666666666666666,0.6666666666666666,0.0,1.0,0.9948041566746603,0.8906940217192748,1.0,0.9628571428571429,0.999743842364532,0.2636530000017956
rework,0.05,1010,350,150,150,0.0,0.03,0.95,8,2,0.005714285714285714,0.22903531870627022,0.22903531870627022,6.111428571428571,8,8,8,0,16,12,12,8,2,2,0,0,1,2,0.09090909090909091,4,1.5,145,129,65,97,80,7,58,7,8,8,0,0.24253731343283583,7.0,7,14,0.5852307692307692,0.9994285714285714,8.125,18.125,12.125,150,0,0,150,1.0,1.0,1.0,1.0,0.0,0.0,10.0,1.0,1.0,1.0,1.0,0.0,75,75,0,150,0.75,1.0,0.5,0.6666666666666666,0.0,0.5,10.0,1.0,0.75,0.6666666666666666,0.6666666666666666,0.0,75,75,0,150,0.75,1.0,0.5,0.6666666666666666,0.0,0.5,10.0,1.0,0.75,0.6666666666666666,0.6666666666666666,0.0,1.0,0.9948041566746603,0.8906940217192748,1.0,0.9628571428571429,0.999743842364532,0.28844025000580586
rework,0.05,1010,350,150,150,0.0,0.03,0.99,8,2,0.005714285714285714,0.22903531870627022,0.22903531870627022,6.111428571428571,8,8,8,0,16,12,12,8,2,2,0,0,1,2,0.09090909090909091,4,1.5,144,128,64,96,80,6,58,7,8,8,0,0.23880597014925373,7.0,7,14,0.57875,1.0,8.0,18.0,12.0,150,0,0,150,1.0,1.0,1.0,1.0,0.0,0.0,10.0,1.0,1.0,1.0,1.0,0.0,150,0,0,150,1.0,1.0,1.0,1.0,0.0,0.0,10.0,1.0,1.0,1.0,1.0,0.0,150,0,0,150,1.0,1.0,1.0,1.0,0.0,0.0,10.0,1.0,1.0,1.0,1.0,0.0,1.0,0.9948041566746603,0.8906940217192748,1.0,1.0,1.0,0.2708425410091877
rework,0.05,1010,350,150,150,0.0,0.05,0.9,8,2,0.005714285714285714,0.22903531870627022,0.22903531870627022,6.111428571428571,8,8,8,0,16,12,12,8,2,2,0,0,1,2,0.09090909090909091,4,1.5,112,97,37,67,75,7,30,4,8,6,2,0.13805970149253732,3.75,5,5,1.0,0.998996138996139,4.625,14.0,8.375,150,0,0,150,1.0,1.0,1.0,1.0,0.0,0.0,10.0,1.0,1.0,1.0,1.0,0.0,75,75,30,120,0.65,0.7142857142857143,0.5,0.588235294117647,0.2,0.5,10.0,0.8,0.65,0.588235294117647,0.625,0.03676470588235303,75,75,30,120,0.65,0.7142857142857143,0.5,0.588235294117647,0.2,0.5,10.0,0.8,0.65,0.588235294117647,0.625,0.03676470588235303,1.0,0.9948041566746603,0.8906940217192748,1.0,0.9628571428571429,0.9996683673469388,0.25004579199594446
rework,0.05,1010,350,150,150,0.0,0.05,0.95,8,2,0.005714285714285714,0.22903531870627022,0.22903531870627022,6.111428571428571,8,8,8,0,16,12,12,8,2,2,0,0,1,2,0.09090909090909091,4,1.5,112,97,37,67,75,7,30,4,8,6,2,0.13805970149253732,3.75,5,5,1.0,0.998996138996139,4.625,14.0,8.375,150,0,0,150,1.0,1.0,1.0,1.0,0.0,0.0,10.0,1.0,1.0,1.0,1.0,0.0,75,75,30,120,0.65,0.7142857142857143,0.5,0.588235294117647,0.2,0.5,10.0,0.8,0.65,0.588235294117647,0.625,0.03676470588235303,75,75,30,120,0.65,0.7142857142857143,0.5,0.588235294117647,0.2,0.5,10.0,0.8,0.65,0.588235294117647,0.625,0.03676470588235303,1.0,0.9948041566746603,0.8906940217192748,1.0,0.9628571428571429,0.9996683673469388,0.2735890420153737
rework,0.05,1010,350,150,150,0.0,0.05,0.99,8,2,0.005714285714285714,0.22903531870627022,0.22903531870627022,6.111428571428571,8,8,8,0,16,12,12,8,2,2,0,0,1,2,0.09090909090909091,4,1.5,111,96,36,66,75,6,30,4,8,6,2,0.13432835820895522,3.75,5,5,1.0,1.0,4.5,13.875,8.25,150,0,0,150,1.0,1.0,1.0,1.0,0.0,0.0,10.0,1.0,1.0,1.0,1.0,0.0,150,0,60,90,0.8,0.7142857142857143,1.0,0.8333333333333333,0.4,0.0,10.0,0.6,0.8,0.8333333333333333,0.8695652173913044,0.036231884057971175,150,0,60,90,0.8,0.7142857142857143,1.0,0.8333333333333333,0.4,0.0,10.0,0.6,0.8,0.8333333333333333,0.8695652173913044,0.036231884057971175,1.0,0.9948041566746603,0.8906940217192748,1.0,1.0,1.0,0.2677986670169048
rework,0.05,1010,350,150,150,0.0,0.07,0.9,8,2,0.005714285714285714,0.22903531870627022,0.22903531870627022,6.111428571428571,8,8,8,0,16,12,12,8,2,2,0,0,1,2,0.09090909090909091,4,1.5,112,97,37,67,75,7,30,4,8,6,2,0.13805970149253732,3.75,5,5,1.0,0.998996138996139,4.625,14.0,8.375,150,0,0,150,1.0,1.0,1.0,1.0,0.0,0.0,10.0,1.0,1.0,1.0,1.0,0.0,75,75,30,120,0.65,0.7142857142857143,0.5,0.588235294117647,0.2,0.5,10.0,0.8,0.65,0.588235294117647,0.625,0.03676470588235303,75,75,30,120,0.65,0.7142857142857143,0.5,0.588235294117647,0.2,0.5,10.0,0.8,0.65,0.588235294117647,0.625,0.03676470588235303,1.0,0.9948041566746603,0.8906940217192748,1.0,0.9628571428571429,0.9996683673469388,0.24902758398093283
rework,0.05,1010,350,150,150,0.0,0.07,0.95,8,2,0.005714285714285714,0.22903531870627022,0.22903531870627022,6.111428571428571,8,8,8,0,16,12,12,8,2,2,0,0,1,2,0.09090909090909091,4,1.5,112,97,37,67,75,7,30,4,8,6,2,0.13805970149253732,3.75,5,5,1.0,0.998996138996139,4.625,14.0,8.375,150,0,0,150,1.0,1.0,1.0,1.0,0.0,0.0,10.0,1.0,1.0,1.0,1.0,0.0,75,75,30,120,0.65,0.7142857142857143,0.5,0.588235294117647,0.2,0.5,10.0,0.8,0.65,0.588235294117647,0.625,0.03676470588235303,75,75,30,120,0.65,0.7142857142857143,0.5,0.588235294117647,0.2,0.5,10.0,0.8,0.65,0.588235294117647,0.625,0.03676470588235303,1.0,0.9948041566746603,0.8906940217192748,1.0,0.9628571428571429,0.9996683673469388,0.26803008301067166
rework,0.05,1010,350,150,150,0.0,0.07,0.99,8,2,0.005714285714285714,0.22903531870627022,0.22903531870627022,6.111428571428571,8,8,8,0,16,12,12,8,2,2,0,0,1,2,0.09090909090909091,4,1.5,111,96,36,66,75,6,30,4,8,6,2,0.13432835820895522,3.75,5,5,1.0,1.0,4.5,13.875,8.25,150,0,0,150,1.0,1.0,1.0,1.0,0.0,0.0,10.0,1.0,1.0,1.0,1.0,0.0,150,0,60,90,0.8,0.7142857142857143,1.0,0.8333333333333333,0.4,0.0,10.0,0.6,0.8,0.8333333333333333,0.8695652173913044,0.036231884057971175,150,0,60,90,0.8,0.7142857142857143,1.0,0.8333333333333333,0.4,0.0,10.0,0.6,0.8,0.8333333333333333,0.8695652173913044,0.036231884057971175,1.0,0.9948041566746603,0.8906940217192748,1.0,1.0,1.0,0.2782797079999
rework,0.07,1001,350,150,150,0.0,0.03,0.9,8,2,0.005714285714285714,0.45987267461382586,0.45987267461382586,6.291428571428572,8,8,8,0,16,12,12,8,2,2,0,0,1,2,0.09090909090909091,4,1.5,145,129,65,97,80,7,58,7,8,8,0,0.24253731343283583,7.0,7,14,0.6110769230769231,0.9985054945054945,8.125,18.125,12.125,150,0,0,150,1.0,1.0,1.0,1.0,0.0,0.0,10.0,1.0,1.0,1.0,1.0,0.0,75,75,0,150,0.75,1.0,0.5,0.6666666666666666,0.0,0.5,10.0,1.0,0.75,0.6666666666666666,0.6666666666666666,0.0,75,75,0,150,0.75,1.0,0.5,0.6666666666666666,0.0,0.5,10.0,1.0,0.75,0.6666666666666666,0.6666666666666666,0.0,1.0,0.9868522815158546,0.9173388189368219,1.0,0.9028571428571428,0.9993300492610837,0.26779920799890533
rework,0.07,1001,350,150,150,0.0,0.03,0.95,8,2,0.005714285714285714,0.45987267461382586,0.45987267461382586,6.291428571428572,8,8,8,0,16,12,12,8,2,2,0,0,1,2,0.09090909090909091,4,1.5,144,128,64,96,80,6,58,7,8,8,0,0.23880597014925373,7.0,7,14,0.605,1.0,8.0,18.0,12.0,150,0,0,150,1.0,1.0,1.0,1.0,0.0,0.0,10.0,1.0,1.0,1.0,1.0,0.0,150,0,0,150,1.0,1.0,1.0,1.0,0.0,0.0,10.0,1.0,1.0,1.0,1.0,0.0,150,0,0,150,1.0,1.0,1.0,1.0,0.0,0.0,10.0,1.0,1.0,1.0,1.0,0.0,1.0,0.9868522815158546,0.9173388189368219,1.0,1.0,1.0,0.3206347090017516
rework,0.07,1001,350,150,150,0.0,0.03,0.99,8,2,0.005714285714285714,0.45987267461382586,0.45987267461382586,6.291428571428572,8,8,8,0,16,12,12,8,2,2,0,0,1,2,0.09090909090909091,4,1.5,144,128,64,96,80,6,58,7,8,8,0,0.23880597014925373,7.0,7,14,0.605,1.0,8.0,18.0,12.0,150,0,0,150,1.0,1.0,1.0,1.0,0.0,0.0,10.0,1.0,1.0,1.0,1.0,0.0,150,0,0,150,1.0,1.0,1.0,1.0,0.0,0.0,10.0,1.0,1.0,1.0,1.0,0.0,150,0,0,150,1.0,1.0,1.0,1.0,0.0,0.0,10.0,1.0,1.0,1.0,1.0,0.0,1.0,0.9868522815158546,0.9173388189368219,1.0,1.0,1.0,0.3540402500075288
rework,0.07,1001,350,150,150,0.0,0.05,0.9,8,2,0.005714285714285714,0.45987267461382586,0.45987267461382586,6.291428571428572,8,8,8,0,16,12,12,8,2,2,0,0,1,2,0.09090909090909091,4,1.5,145,129,65,97,80,7,58,7,8,8,0,0.24253731343283583,7.0,7,14,0.6110769230769231,0.9985054945054945,8.125,18.125,12.125,150,0,0,150,1.0,1.0,1.0,1.0,0.0,0.0,10.0,1.0,1.0,1.0,1.0,0.0,75,75,0,150,0.75,1.0,0.5,0.6666666666666666,0.0,0.5,10.0,1.0,0.75,0.6666666666666666,0.6666666666666666,0.0,75,75,0,150,0.75,1.0,0.5,0.6666666666666666,0.0,0.5,10.0,1.0,0.75,0.6666666666666666,0.6666666666666666,0.0,1.0,0.9868522815158546,0.9173388189368219,1.0,0.9028571428571428,0.9993300492610837,0.29196566602331586
rework,0.07,1001,350,150,150,0.0,0.05,0.95,8,2,0.005714285714285714,0.45987267461382586,0.45987267461382586,6.291428571428572,8,8,8,0,16,12,12,8,2,2,0,0,1,2,0.09090909090909091,4,1.5,144,128,64,96,80,6,58,7,8,8,0,0.23880597014925373,7.0,7,14,0.605,1.0,8.0,18.0,12.0,150,0,0,150,1.0,1.0,1.0,1.0,0.0,0.0,10.0,1.0,1.0,1.0,1.0,0.0,150,0,0,150,1.0,1.0,1.0,1.0,0.0,0.0,10.0,1.0,1.0,1.0,1.0,0.0,150,0,0,150,1.0,1.0,1.0,1.0,0.0,0.0,10.0,1.0,1.0,1.0,1.0,0.0,1.0,0.9868522815158546,0.9173388189368219,1.0,1.0,1.0,0.3678667499916628
rework,0.07,1001,350,150,150,0.0,0.05,0.99,8,2,0.005714285714285714,0.45987267461382586,0.45987267461382586,6.291428571428572,8,8,8,0,16,12,12,8,2,2,0,0,1,2,0.09090909090909091,4,1.5,144,128,64,96,80,6,58,7,8,8,0,0.23880597014925373,7.0,7,14,0.605,1.0,8.0,18.0,12.0,150,0,0,150,1.0,1.0,1.0,1.0,0.0,0.0,10.0,1.0,1.0,1.0,1.0,0.0,150,0,0,150,1.0,1.0,1.0,1.0,0.0,0.0,10.0,1.0,1.0,1.0,1.0,0.0,150,0,0,150,1.0,1.0,1.0,1.0,0.0,0.0,10.0,1.0,1.0,1.0,1.0,0.0,1.0,0.9868522815158546,0.9173388189368219,1.0,1.0,1.0,0.2991338749998249
rework,0.07,1001,350,150,150,0.0,0.07,0.9,8,2,0.005714285714285714,0.45987267461382586,0.45987267461382586,6.291428571428572,8,8,8,0,16,12,12,8,2,2,0,0,1,2,0.09090909090909091,4,1.5,145,129,65,97,80,7,58,7,8,8,0,0.24253731343283583,7.0,7,14,0.6110769230769231,0.9985054945054945,8.125,18.125,12.125,150,0,0,150,1.0,1.0,1.0,1.0,0.0,0.0,10.0,1.0,1.0,1.0,1.0,0.0,75,75,0,150,0.75,1.0,0.5,0.6666666666666666,0.0,0.5,10.0,1.0,0.75,0.6666666666666666,0.6666666666666666,0.0,75,75,0,150,0.75,1.0,0.5,0.6666666666666666,0.0,0.5,10.0,1.0,0.75,0.6666666666666666,0.6666666666666666,0.0,1.0,0.9868522815158546,0.9173388189368219,1.0,0.9028571428571428,0.9993300492610837,0.33700837500509806
rework,0.07,1001,350,150,150,0.0,0.07,0.95,8,2,0.005714285714285714,0.45987267461382586,0.45987267461382586,6.291428571428572,8,8,8,0,16,12,12,8,2,2,0,0,1,2,0.09090909090909091,4,1.5,144,128,64,96,80,6,58,7,8,8,0,0.23880597014925373,7.0,7,14,0.605,1.0,8.0,18.0,12.0,150,0,0,150,1.0,1.0,1.0,1.0,0.0,0.0,10.0,1.0,1.0,1.0,1.0,0.0,150,0,0,150,1.0,1.0,1.0,1.0,0.0,0.0,10.0,1.0,1.0,1.0,1.0,0.0,150,0,0,150,1.0,1.0,1.0,1.0,0.0,0.0,10.0,1.0,1.0,1.0,1.0,0.0,1.0,0.9868522815158546,0.9173388189368219,1.0,1.0,1.0,0.35921412499737926
rework,0.07,1001,350,150,150,0.0,0.07,0.99,8,2,0.005714285714285714,0.45987267461382586,0.45987267461382586,6.291428571428572,8,8,8,0,16,12,12,8,2,2,0,0,1,2,0.09090909090909091,4,1.5,144,128,64,96,80,6,58,7,8,8,0,0.23880597014925373,7.0,7,14,0.605,1.0,8.0,18.0,12.0,150,0,0,150,1.0,1.0,1.0,1.0,0.0,0.0,10.0,1.0,1.0,1.0,1.0,0.0,150,0,0,150,1.0,1.0,1.0,1.0,0.0,0.0,10.0,1.0,1.0,1.0,1.0,0.0,150,0,0,150,1.0,1.0,1.0,1.0,0.0,0.0,10.0,1.0,1.0,1.0,1.0,0.0,1.0,0.9868522815158546,0.9173388189368219,1.0,1.0,1.0,0.3571106670133304
rework,0.07,1002,350,150,150,0.0,0.03,0.9,8,2,0.005714285714285714,0.4021791902022728,0.4021791902022728,6.24,8,8,8,0,16,12,12,8,2,2,0,0,1,2,0.09090909090909091,4,1.5,145,129,65,97,80,7,58,7,8,8,0,0.24253731343283583,7.0,7,14,0.6036923076923078,0.9987692307692307,8.125,18.125,12.125,150,0,0,150,1.0,1.0,1.0,1.0,0.0,0.0,10.0,1.0,1.0,1.0,1.0,0.0,75,75,0,150,0.75,1.0,0.5,0.6666666666666666,0.0,0.5,10.0,1.0,0.75,0.6666666666666666,0.6666666666666666,0.0,75,75,0,150,0.75,1.0,0.5,0.6666666666666666,0.0,0.5,10.0,1.0,0.75,0.6666666666666666,0.6666666666666666,0.0,1.0,0.9890710382513661,0.912917479386373,1.0,0.92,0.999448275862069,0.34291979199042544
rework,0.07,1002,350,150,150,0.0,0.03,0.95,8,2,0.005714285714285714,0.4021791902022728,0.4021791902022728,6.24,8,8,8,0,16,12,12,8,2,2,0,0,1,2,0.09090909090909091,4,1.5,144,128,64,96,80,6,58,7,8,8,0,0.23880597014925373,7.0,7,14,0.5975,1.0,8.0,18.0,12.0,150,0,0,150,1.0,1.0,1.0,1.0,0.0,0.0,10.0,1.0,1.0,1.0,1.0,0.0,150,0,0,150,1.0,1.0,1.0,1.0,0.0,0.0,10.0,1.0,1.0,1.0,1.0,0.0,150,0,0,150,1.0,1.0,1.0,1.0,0.0,0.0,10.0,1.0,1.0,1.0,1.0,0.0,1.0,0.9890710382513661,0.912917479386373,1.0,1.0,1.0,0.3683584999816958
rework,0.07,1002,350,150,150,0.0,0.03,0.99,8,2,0.005714285714285714,0.4021791902022728,0.4021791902022728,6.24,8,8,8,0,16,12,12,8,2,2,0,0,1,2,0.09090909090909091,4,1.5,144,128,64,96,80,6,58,7,8,8,0,0.23880597014925373,7.0,7,14,0.5975,1.0,8.0,18.0,12.0,150,0,0,150,1.0,1.0,1.0,1.0,0.0,0.0,10.0,1.0,1.0,1.0,1.0,0.0,150,0,0,150,1.0,1.0,1.0,1.0,0.0,0.0,10.0,1.0,1.0,1.0,1.0,0.0,150,0,0,150,1.0,1.0,1.0,1.0,0.0,0.0,10.0,1.0,1.0,1.0,1.0,0.0,1.0,0.9890710382513661,0.912917479386373,1.0,1.0,1.0,0.3580654579855036
rework,0.07,1002,350,150,150,0.0,0.05,0.9,8,2,0.005714285714285714,0.4021791902022728,0.4021791902022728,6.24,8,8,8,0,16,12,12,8,2,2,0,0,1,2,0.09090909090909091,4,1.5,145,129,65,97,80,7,58,7,8,8,0,0.24253731343283583,7.0,7,14,0.6036923076923078,0.9987692307692307,8.125,18.125,12.125,150,0,0,150,1.0,1.0,1.0,1.0,0.0,0.0,10.0,1.0,1.0,1.0,1.0,0.0,75,75,0,150,0.75,1.0,0.5,0.6666666666666666,0.0,0.5,10.0,1.0,0.75,0.6666666666666666,0.6666666666666666,0.0,75,75,0,150,0.75,1.0,0.5,0.6666666666666666,0.0,0.5,10.0,1.0,0.75,0.6666666666666666,0.6666666666666666,0.0,1.0,0.9890710382513661,0.912917479386373,1.0,0.92,0.999448275862069,0.3268123750167433
rework,0.07,1002,350,150,150,0.0,0.05,0.95,8,2,0.005714285714285714,0.4021791902022728,0.4021791902022728,6.24,8,8,8,0,16,12,12,8,2,2,0,0,1,2,0.09090909090909091,4,1.5,144,128,64,96,80,6,58,7,8,8,0,0.23880597014925373,7.0,7,14,0.5975,1.0,8.0,18.0,12.0,150,0,0,150,1.0,1.0,1.0,1.0,0.0,0.0,10.0,1.0,1.0,1.0,1.0,0.0,150,0,0,150,1.0,1.0,1.0,1.0,0.0,0.0,10.0,1.0,1.0,1.0,1.0,0.0,150,0,0,150,1.0,1.0,1.0,1.0,0.0,0.0,10.0,1.0,1.0,1.0,1.0,0.0,1.0,0.9890710382513661,0.912917479386373,1.0,1.0,1.0,0.47389779199147597
rework,0.07,1002,350,150,150,0.0,0.05,0.99,8,2,0.005714285714285714,0.4021791902022728,0.4021791902022728,6.24,8,8,8,0,16,12,12,8,2,2,0,0,1,2,0.09090909090909091,4,1.5,144,128,64,96,80,6,58,7,8,8,0,0.23880597014925373,7.0,7,14,0.5975,1.0,8.0,18.0,12.0,150,0,0,150,1.0,1.0,1.0,1.0,0.0,0.0,10.0,1.0,1.0,1.0,1.0,0.0,150,0,0,150,1.0,1.0,1.0,1.0,0.0,0.0,10.0,1.0,1.0,1.0,1.0,0.0,150,0,0,150,1.0,1.0,1.0,1.0,0.0,0.0,10.0,1.0,1.0,1.0,1.0,0.0,1.0,0.9890710382513661,0.912917479386373,1.0,1.0,1.0,0.35328474998823367
rework,0.07,1002,350,150,150,0.0,0.07,0.9,8,2,0.005714285714285714,0.4021791902022728,0.4021791902022728,6.24,8,8,8,0,16,12,12,8,2,2,0,0,1,2,0.09090909090909091,4,1.5,145,129,65,97,80,7,58,7,8,8,0,0.24253731343283583,7.0,7,14,0.6036923076923078,0.9987692307692307,8.125,18.125,12.125,150,0,0,150,1.0,1.0,1.0,1.0,0.0,0.0,10.0,1.0,1.0,1.0,1.0,0.0,75,75,0,150,0.75,1.0,0.5,0.6666666666666666,0.0,0.5,10.0,1.0,0.75,0.6666666666666666,0.6666666666666666,0.0,75,75,0,150,0.75,1.0,0.5,0.6666666666666666,0.0,0.5,10.0,1.0,0.75,0.6666666666666666,0.6666666666666666,0.0,1.0,0.9890710382513661,0.912917479386373,1.0,0.92,0.999448275862069,0.30777204199694097
rework,0.07,1002,350,150,150,0.0,0.07,0.95,8,2,0.005714285714285714,0.4021791902022728,0.4021791902022728,6.24,8,8,8,0,16,12,12,8,2,2,0,0,1,2,0.09090909090909091,4,1.5,144,128,64,96,80,6,58,7,8,8,0,0.23880597014925373,7.0,7,14,0.5975,1.0,8.0,18.0,12.0,150,0,0,150,1.0,1.0,1.0,1.0,0.0,0.0,10.0,1.0,1.0,1.0,1.0,0.0,150,0,0,150,1.0,1.0,1.0,1.0,0.0,0.0,10.0,1.0,1.0,1.0,1.0,0.0,150,0,0,150,1.0,1.0,1.0,1.0,0.0,0.0,10.0,1.0,1.0,1.0,1.0,0.0,1.0,0.9890710382513661,0.912917479386373,1.0,1.0,1.0,0.4723147079930641
rework,0.07,1002,350,150,150,0.0,0.07,0.99,8,2,0.005714285714285714,0.4021791902022728,0.4021791902022728,6.24,8,8,8,0,16,12,12,8,2,2,0,0,1,2,0.09090909090909091,4,1.5,144,128,64,96,80,6,58,7,8,8,0,0.23880597014925373,7.0,7,14,0.5975,1.0,8.0,18.0,12.0,150,0,0,150,1.0,1.0,1.0,1.0,0.0,0.0,10.0,1.0,1.0,1.0,1.0,0.0,150,0,0,150,1.0,1.0,1.0,1.0,0.0,0.0,10.0,1.0,1.0,1.0,1.0,0.0,150,0,0,150,1.0,1.0,1.0,1.0,0.0,0.0,10.0,1.0,1.0,1.0,1.0,0.0,1.0,0.9890710382513661,0.912917479386373,1.0,1.0,1.0,0.3591388749773614
rework,0.07,1003,350,150,150,0.0,0.03,0.9,8,2,0.005714285714285714,0.4021791902022728,0.4021791902022728,6.24,8,8,8,0,16,12,12,8,2,2,0,0,1,2,0.09090909090909091,4,1.5,145,129,65,97,80,7,58,7,8,8,0,0.24253731343283583,7.0,7,14,0.6036923076923078,0.9987692307692307,8.125,18.125,12.125,150,0,0,150,1.0,1.0,1.0,1.0,0.0,0.0,10.0,1.0,1.0,1.0,1.0,0.0,75,75,0,150,0.75,1.0,0.5,0.6666666666666666,0.0,0.5,10.0,1.0,0.75,0.6666666666666666,0.6666666666666666,0.0,75,75,0,150,0.75,1.0,0.5,0.6666666666666666,0.0,0.5,10.0,1.0,0.75,0.6666666666666666,0.6666666666666666,0.0,1.0,0.9890710382513661,0.912917479386373,1.0,0.92,0.999448275862069,0.3140491660160478
rework,0.07,1003,350,150,150,0.0,0.03,0.95,8,2,0.005714285714285714,0.4021791902022728,0.4021791902022728,6.24,8,8,8,0,16,12,12,8,2,2,0,0,1,2,0.09090909090909091,4,1.5,144,128,64,96,80,6,58,7,8,8,0,0.23880597014925373,7.0,7,14,0.5975,1.0,8.0,18.0,12.0,150,0,0,150,1.0,1.0,1.0,1.0,0.0,0.0,10.0,1.0,1.0,1.0,1.0,0.0,150,0,0,150,1.0,1.0,1.0,1.0,0.0,0.0,10.0,1.0,1.0,1.0,1.0,0.0,150,0,0,150,1.0,1.0,1.0,1.0,0.0,0.0,10.0,1.0,1.0,1.0,1.0,0.0,1.0,0.9890710382513661,0.912917479386373,1.0,1.0,1.0,0.3780798749940004
rework,0.07,1003,350,150,150,0.0,0.03,0.99,8,2,0.005714285714285714,0.4021791902022728,0.4021791902022728,6.24,8,8,8,0,16,12,12,8,2,2,0,0,1,2,0.09090909090909091,4,1.5,144,128,64,96,80,6,58,7,8,8,0,0.23880597014925373,7.0,7,14,0.5975,1.0,8.0,18.0,12.0,150,0,0,150,1.0,1.0,1.0,1.0,0.0,0.0,10.0,1.0,1.0,1.0,1.0,0.0,150,0,0,150,1.0,1.0,1.0,1.0,0.0,0.0,10.0,1.0,1.0,1.0,1.0,0.0,150,0,0,150,1.0,1.0,1.0,1.0,0.0,0.0,10.0,1.0,1.0,1.0,1.0,0.0,1.0,0.9890710382513661,0.912917479386373,1.0,1.0,1.0,0.318088166997768
rework,0.07,1003,350,150,150,0.0,0.05,0.9,8,2,0.005714285714285714,0.4021791902022728,0.4021791902022728,6.24,8,8,8,0,16,12,12,8,2,2,0,0,1,2,0.09090909090909091,4,1.5,145,129,65,97,80,7,58,7,8,8,0,0.24253731343283583,7.0,7,14,0.6036923076923078,0.9987692307692307,8.125,18.125,12.125,150,0,0,150,1.0,1.0,1.0,1.0,0.0,0.0,10.0,1.0,1.0,1.0,1.0,0.0,75,75,0,150,0.75,1.0,0.5,0.6666666666666666,0.0,0.5,10.0,1.0,0.75,0.6666666666666666,0.6666666666666666,0.0,75,75,0,150,0.75,1.0,0.5,0.6666666666666666,0.0,0.5,10.0,1.0,0.75,0.6666666666666666,0.6666666666666666,0.0,1.0,0.9890710382513661,0.912917479386373,1.0,0.92,0.999448275862069,0.30640112500987016
rework,0.07,1003,350,150,150,0.0,0.05,0.95,8,2,0.005714285714285714,0.4021791902022728,0.4021791902022728,6.24,8,8,8,0,16,12,12,8,2,2,0,0,1,2,0.09090909090909091,4,1.5,144,128,64,96,80,6,58,7,8,8,0,0.23880597014925373,7.0,7,14,0.5975,1.0,8.0,18.0,12.0,150,0,0,150,1.0,1.0,1.0,1.0,0.0,0.0,10.0,1.0,1.0,1.0,1.0,0.0,150,0,0,150,1.0,1.0,1.0,1.0,0.0,0.0,10.0,1.0,1.0,1.0,1.0,0.0,150,0,0,150,1.0,1.0,1.0,1.0,0.0,0.0,10.0,1.0,1.0,1.0,1.0,0.0,1.0,0.9890710382513661,0.912917479386373,1.0,1.0,1.0,0.3524016669834964
rework,0.07,1003,350,150,150,0.0,0.05,0.99,8,2,0.005714285714285714,0.4021791902022728,0.4021791902022728,6.24,8,8,8,0,16,12,12,8,2,2,0,0,1,2,0.09090909090909091,4,1.5,144,128,64,96,80,6,58,7,8,8,0,0.23880597014925373,7.0,7,14,0.5975,1.0,8.0,18.0,12.0,150,0,0,150,1.0,1.0,1.0,1.0,0.0,0.0,10.0,1.0,1.0,1.0,1.0,0.0,150,0,0,150,1.0,1.0,1.0,1.0,0.0,0.0,10.0,1.0,1.0,1.0,1.0,0.0,150,0,0,150,1.0,1.0,1.0,1.0,0.0,0.0,10.0,1.0,1.0,1.0,1.0,0.0,1.0,0.9890710382513661,0.912917479386373,1.0,1.0,1.0,0.31487516697961837
rework,0.07,1003,350,150,150,0.0,0.07,0.9,8,2,0.005714285714285714,0.4021791902022728,0.4021791902022728,6.24,8,8,8,0,16,12,12,8,2,2,0,0,1,2,0.09090909090909091,4,1.5,145,129,65,97,80,7,58,7,8,8,0,0.24253731343283583,7.0,7,14,0.6036923076923078,0.9987692307692307,8.125,18.125,12.125,150,0,0,150,1.0,1.0,1.0,1.0,0.0,0.0,10.0,1.0,1.0,1.0,1.0,0.0,75,75,0,150,0.75,1.0,0.5,0.6666666666666666,0.0,0.5,10.0,1.0,0.75,0.6666666666666666,0.6666666666666666,0.0,75,75,0,150,0.75,1.0,0.5,0.6666666666666666,0.0,0.5,10.0,1.0,0.75,0.6666666666666666,0.6666666666666666,0.0,1.0,0.9890710382513661,0.912917479386373,1.0,0.92,0.999448275862069,0.3066200420144014
rework,0.07,1003,350,150,150,0.0,0.07,0.95,8,2,0.005714285714285714,0.4021791902022728,0.4021791902022728,6.24,8,8,8,0,16,12,12,8,2,2,0,0,1,2,0.09090909090909091,4,1.5,144,128,64,96,80,6,58,7,8,8,0,0.23880597014925373,7.0,7,14,0.5975,1.0,8.0,18.0,12.0,150,0,0,150,1.0,1.0,1.0,1.0,0.0,0.0,10.0,1.0,1.0,1.0,1.0,0.0,150,0,0,150,1.0,1.0,1.0,1.0,0.0,0.0,10.0,1.0,1.0,1.0,1.0,0.0,150,0,0,150,1.0,1.0,1.0,1.0,0.0,0.0,10.0,1.0,1.0,1.0,1.0,0.0,1.0,0.9890710382513661,0.912917479386373,1.0,1.0,1.0,0.34646375000011176
rework,0.07,1003,350,150,150,0.0,0.07,0.99,8,2,0.005714285714285714,0.4021791902022728,0.4021791902022728,6.24,8,8,8,0,16,12,12,8,2,2,0,0,1,2,0.09090909090909091,4,1.5,144,128,64,96,80,6,58,7,8,8,0,0.23880597014925373,7.0,7,14,0.5975,1.0,8.0,18.0,12.0,150,0,0,150,1.0,1.0,1.0,1.0,0.0,0.0,10.0,1.0,1.0,1.0,1.0,0.0,150,0,0,150,1.0,1.0,1.0,1.0,0.0,0.0,10.0,1.0,1.0,1.0,1.0,0.0,150,0,0,150,1.0,1.0,1.0,1.0,0.0,0.0,10.0,1.0,1.0,1.0,1.0,0.0,1.0,0.9890710382513661,0.912917479386373,1.0,1.0,1.0,0.3192031250218861
rework,0.07,1004,350,150,150,0.0,0.03,0.9,8,2,0.005714285714285714,0.37123232664087563,0.37123232664087563,6.214285714285714,8,8,8,0,16,12,12,8,2,2,0,0,1,2,0.09090909090909091,4,1.5,145,129,65,97,80,7,58,7,8,8,0,0.24253731343283583,7.0,7,14,0.6,0.9989010989010989,8.125,18.125,12.125,150,0,0,150,1.0,1.0,1.0,1.0,0.0,0.0,10.0,1.0,1.0,1.0,1.0,0.0,75,75,0,150,0.75,1.0,0.5,0.6666666666666666,0.0,0.5,10.0,1.0,0.75,0.6666666666666666,0.6666666666666666,0.0,75,75,0,150,0.75,1.0,0.5,0.6666666666666666,0.0,0.5,10.0,1.0,0.75,0.6666666666666666,0.6666666666666666,0.0,1.0,0.9901960784313726,0.9101373725172679,1.0,0.9285714285714286,0.9995073891625617,0.3059592909994535
rework,0.07,1004,350,150,150,0.0,0.03,0.95,8,2,0.005714285714285714,0.37123232664087563,0.37123232664087563,6.214285714285714,8,8,8,0,16,12,12,8,2,2,0,0,1,2,0.09090909090909091,4,1.5,144,128,64,96,80,6,58,7,8,8,0,0.23880597014925373,7.0,7,14,0.59375,1.0,8.0,18.0,12.0,150,0,0,150,1.0,1.0,1.0,1.0,0.0,0.0,10.0,1.0,1.0,1.0,1.0,0.0,150,0,0,150,1.0,1.0,1.0,1.0,0.0,0.0,10.0,1.0,1.0,1.0,1.0,0.0,150,0,0,150,1.0,1.0,1.0,1.0,0.0,0.0,10.0,1.0,1.0,1.0,1.0,0.0,1.0,0.9901960784313726,0.9101373725172679,1.0,1.0,1.0,0.34714466700097546
rework,0.07,1004,350,150,150,0.0,0.03,0.99,8,2,0.005714285714285714,0.37123232664087563,0.37123232664087563,6.214285714285714,8,8,8,0,16,12,12,8,2,2,0,0,1,2,0.09090909090909091,4,1.5,144,128,64,96,80,6,58,7,8,8,0,0.23880597014925373,7.0,7,14,0.59375,1.0,8.0,18.0,12.0,150,0,0,150,1.0,1.0,1.0,1.0,0.0,0.0,10.0,1.0,1.0,1.0,1.0,0.0,150,0,0,150,1.0,1.0,1.0,1.0,0.0,0.0,10.0,1.0,1.0,1.0,1.0,0.0,150,0,0,150,1.0,1.0,1.0,1.0,0.0,0.0,10.0,1.0,1.0,1.0,1.0,0.0,1.0,0.9901960784313726,0.9101373725172679,1.0,1.0,1.0,0.31820845798938535
rework,0.07,1004,350,150,150,0.0,0.05,0.9,8,2,0.005714285714285714,0.37123232664087563,0.37123232664087563,6.214285714285714,8,8,8,0,16,12,12,8,2,2,0,0,1,2,0.09090909090909091,4,1.5,145,129,65,97,80,7,58,7,8,8,0,0.24253731343283583,7.0,7,14,0.6,0.9989010989010989,8.125,18.125,12.125,150,0,0,150,1.0,1.0,1.0,1.0,0.0,0.0,10.0,1.0,1.0,1.0,1.0,0.0,75,75,0,150,0.75,1.0,0.5,0.6666666666666666,0.0,0.5,10.0,1.0,0.75,0.6666666666666666,0.6666666666666666,0.0,75,75,0,150,0.75,1.0,0.5,0.6666666666666666,0.0,0.5,10.0,1.0,0.75,0.6666666666666666,0.6666666666666666,0.0,1.0,0.9901960784313726,0.9101373725172679,1.0,0.9285714285714286,0.9995073891625617,0.3072051249910146
rework,0.07,1004,350,150,150,0.0,0.05,0.95,8,2,0.005714285714285714,0.37123232664087563,0.37123232664087563,6.214285714285714,8,8,8,0,16,12,12,8,2,2,0,0,1,2,0.09090909090909091,4,1.5,144,128,64,96,80,6,58,7,8,8,0,0.23880597014925373,7.0,7,14,0.59375,1.0,8.0,18.0,12.0,150,0,0,150,1.0,1.0,1.0,1.0,0.0,0.0,10.0,1.0,1.0,1.0,1.0,0.0,150,0,0,150,1.0,1.0,1.0,1.0,0.0,0.0,10.0,1.0,1.0,1.0,1.0,0.0,150,0,0,150,1.0,1.0,1.0,1.0,0.0,0.0,10.0,1.0,1.0,1.0,1.0,0.0,1.0,0.9901960784313726,0.9101373725172679,1.0,1.0,1.0,0.34856195899192244
rework,0.07,1004,350,150,150,0.0,0.05,0.99,8,2,0.005714285714285714,0.37123232664087563,0.37123232664087563,6.214285714285714,8,8,8,0,16,12,12,8,2,2,0,0,1,2,0.09090909090909091,4,1.5,144,128,64,96,80,6,58,7,8,8,0,0.23880597014925373,7.0,7,14,0.59375,1.0,8.0,18.0,12.0,150,0,0,150,1.0,1.0,1.0,1.0,0.0,0.0,10.0,1.0,1.0,1.0,1.0,0.0,150,0,0,150,1.0,1.0,1.0,1.0,0.0,0.0,10.0,1.0,1.0,1.0,1.0,0.0,150,0,0,150,1.0,1.0,1.0,1.0,0.0,0.0,10.0,1.0,1.0,1.0,1.0,0.0,1.0,0.9901960784313726,0.9101373725172679,1.0,1.0,1.0,0.3158265000092797
rework,0.07,1004,350,150,150,0.0,0.07,0.9,8,2,0.005714285714285714,0.37123232664087563,0.37123232664087563,6.214285714285714,8,8,8,0,16,12,12,8,2,2,0,0,1,2,0.09090909090909091,4,1.5,145,129,65,97,80,7,58,7,8,8,0,0.24253731343283583,7.0,7,14,0.6,0.9989010989010989,8.125,18.125,12.125,150,0,0,150,1.0,1.0,1.0,1.0,0.0,0.0,10.0,1.0,1.0,1.0,1.0,0.0,75,75,0,150,0.75,1.0,0.5,0.6666666666666666,0.0,0.5,10.0,1.0,0.75,0.6666666666666666,0.6666666666666666,0.0,75,75,0,150,0.75,1.0,0.5,0.6666666666666666,0.0,0.5,10.0,1.0,0.75,0.6666666666666666,0.6666666666666666,0.0,1.0,0.9901960784313726,0.9101373725172679,1.0,0.9285714285714286,0.9995073891625617,0.3073616669862531
rework,0.07,1004,350,150,150,0.0,0.07,0.95,8,2,0.005714285714285714,0.37123232664087563,0.37123232664087563,6.214285714285714,8,8,8,0,16,12,12,8,2,2,0,0,1,2,0.09090909090909091,4,1.5,144,128,64,96,80,6,58,7,8,8,0,0.23880597014925373,7.0,7,14,0.59375,1.0,8.0,18.0,12.0,150,0,0,150,1.0,1.0,1.0,1.0,0.0,0.0,10.0,1.0,1.0,1.0,1.0,0.0,150,0,0,150,1.0,1.0,1.0,1.0,0.0,0.0,10.0,1.0,1.0,1.0,1.0,0.0,150,0,0,150,1.0,1.0,1.0,1.0,0.0,0.0,10.0,1.0,1.0,1.0,1.0,0.0,1.0,0.9901960784313726,0.9101373725172679,1.0,1.0,1.0,0.34665337501792237
rework,0.07,1004,350,150,150,0.0,0.07,0.99,8,2,0.005714285714285714,0.37123232664087563,0.37123232664087563,6.214285714285714,8,8,8,0,16,12,12,8,2,2,0,0,1,2,0.09090909090909091,4,1.5,144,128,64,96,80,6,58,7,8,8,0,0.23880597014925373,7.0,7,14,0.59375,1.0,8.0,18.0,12.0,150,0,0,150,1.0,1.0,1.0,1.0,0.0,0.0,10.0,1.0,1.0,1.0,1.0,0.0,150,0,0,150,1.0,1.0,1.0,1.0,0.0,0.0,10.0,1.0,1.0,1.0,1.0,0.0,150,0,0,150,1.0,1.0,1.0,1.0,0.0,0.0,10.0,1.0,1.0,1.0,1.0,0.0,1.0,0.9901960784313726,0.9101373725172679,1.0,1.0,1.0,0.3186069579969626
rework,0.07,1005,350,150,150,0.0,0.03,0.9,8,2,0.005714285714285714,0.4121673569038748,0.4121673569038748,6.248571428571428,8,8,8,0,16,12,12,8,2,2,0,0,1,2,0.09090909090909091,4,1.5,145,129,65,97,80,7,58,7,8,8,0,0.24253731343283583,7.0,7,14,0.6049230769230769,0.9987252747252748,8.125,18.125,12.125,150,0,0,150,1.0,1.0,1.0,1.0,0.0,0.0,10.0,1.0,1.0,1.0,1.0,0.0,75,75,0,150,0.75,1.0,0.5,0.6666666666666666,0.0,0.5,10.0,1.0,0.75,0.6666666666666666,0.6666666666666666,0.0,75,75,0,150,0.75,1.0,0.5,0.6666666666666666,0.0,0.5,10.0,1.0,0.75,0.6666666666666666,0.6666666666666666,0.0,1.0,0.9886983632112237,0.913747691504965,1.0,0.9171428571428571,0.9994285714285714,0.3051644579973072
rework,0.07,1005,350,150,150,0.0,0.03,0.95,8,2,0.005714285714285714,0.4121673569038748,0.4121673569038748,6.248571428571428,8,8,8,0,16,12,12,8,2,2,0,0,1,2,0.09090909090909091,4,1.5,144,128,64,96,80,6,58,7,8,8,0,0.23880597014925373,7.0,7,14,0.59875,1.0,8.0,18.0,12.0,150,0,0,150,1.0,1.0,1.0,1.0,0.0,0.0,10.0,1.0,1.0,1.0,1.0,0.0,150,0,0,150,1.0,1.0,1.0,1.0,0.0,0.0,10.0,1.0,1.0,1.0,1.0,0.0,150,0,0,150,1.0,1.0,1.0,1.0,0.0,0.0,10.0,1.0,1.0,1.0,1.0,0.0,1.0,0.9886983632112237,0.913747691504965,1.0,1.0,1.0,0.3466390829999
rework,0.07,1005,350,150,150,0.0,0.03,0.99,8,2,0.005714285714285714,0.4121673569038748,0.4121673569038748,6.248571428571428,8,8,8,0,16,12,12,8,2,2,0,0,1,2,0.09090909090909091,4,1.5,144,128,64,96,80,6,58,7,8,8,0,0.23880597014925373,7.0,7,14,0.59875,1.0,8.0,18.0,12.0,150,0,0,150,1.0,1.0,1.0,1.0,0.0,0.0,10.0,1.0,1.0,1.0,1.0,0.0,150,0,0,150,1.0,1.0,1.0,1.0,0.0,0.0,10.0,1.0,1.0,1.0,1.0,0.0,150,0,0,150,1.0,1.0,1.0,1.0,0.0,0.0,10.0,1.0,1.0,1.0,1.0,0.0,1.0,0.9886983632112237,0.913747691504965,1.0,1.0,1.0,0.3170699999900535
rework,0.07,1005,350,150,150,0.0,0.05,0.9,8,2,0.005714285714285714,0.4121673569038748,0.4121673569038748,6.248571428571428,8,8,8,0,16,12,12,8,2,2,0,0,1,2,0.09090909090909091,4,1.5,145,129,65,97,80,7,58,7,8,8,0,0.24253731343283583,7.0,7,14,0.6049230769230769,0.9987252747252748,8.125,18.125,12.125,150,0,0,150,1.0,1.0,1.0,1.0,0.0,0.0,10.0,1.0,1.0,1.0,1.0,0.0,75,75,0,150,0.75,1.0,0.5,0.6666666666666666,0.0,0.5,10.0,1.0,0.75,0.6666666666666666,0.6666666666666666,0.0,75,75,0,150,0.75,1.0,0.5,0.6666666666666666,0.0,0.5,10.0,1.0,0.75,0.6666666666666666,0.6666666666666666,0.0,1.0,0.9886983632112237,0.913747691504965,1.0,0.9171428571428571,0.9994285714285714,0.3072401249955874
rework,0.07,1005,350,150,150,0.0,0.05,0.95,8,2,0.005714285714285714,0.4121673569038748,0.4121673569038748,6.248571428571428,8,8,8,0,16,12,12,8,2,2,0,0,1,2,0.09090909090909091,4,1.5,144,128,64,96,80,6,58,7,8,8,0,0.23880597014925373,7.0,7,14,0.59875,1.0,8.0,18.0,12.0,150,0,0,150,1.0,1.0,1.0,1.0,0.0,0.0,10.0,1.0,1.0,1.0,1.0,0.0,150,0,0,150,1.0,1.0,1.0,1.0,0.0,0.0,10.0,1.0,1.0,1.0,1.0,0.0,150,0,0,150,1.0,1.0,1.0,1.0,0.0,0.0,10.0,1.0,1.0,1.0,1.0,0.0,1.0,0.9886983632112237,0.913747691504965,1.0,1.0,1.0,0.876777375000529
rework,0.07,1005,350,150,150,0.0,0.05,0.99,8,2,0.005714285714285714,0.4121673569038748,0.4121673569038748,6.248571428571428,8,8,8,0,16,12,12,8,2,2,0,0,1,2,0.09090909090909091,4,1.5,144,128,64,96,80,6,58,7,8,8,0,0.23880597014925373,7.0,7,14,0.59875,1.0,8.0,18.0,12.0,150,0,0,150,1.0,1.0,1.0,1.0,0.0,0.0,10.0,1.0,1.0,1.0,1.0,0.0,150,0,0,150,1.0,1.0,1.0,1.0,0.0,0.0,10.0,1.0,1.0,1.0,1.0,0.0,150,0,0,150,1.0,1.0,1.0,1.0,0.0,0.0,10.0,1.0,1.0,1.0,1.0,0.0,1.0,0.9886983632112237,0.913747691504965,1.0,1.0,1.0,0.5254997499869205
rework,0.07,1005,350,150,150,0.0,0.07,0.9,8,2,0.005714285714285714,0.4121673569038748,0.4121673569038748,6.248571428571428,8,8,8,0,16,12,12,8,2,2,0,0,1,2,0.09090909090909091,4,1.5,145,129,65,97,80,7,58,7,8,8,0,0.24253731343283583,7.0,7,14,0.6049230769230769,0.9987252747252748,8.125,18.125,12.125,150,0,0,150,1.0,1.0,1.0,1.0,0.0,0.0,10.0,1.0,1.0,1.0,1.0,0.0,75,75,0,150,0.75,1.0,0.5,0.6666666666666666,0.0,0.5,10.0,1.0,0.75,0.6666666666666666,0.6666666666666666,0.0,75,75,0,150,0.75,1.0,0.5,0.6666666666666666,0.0,0.5,10.0,1.0,0.75,0.6666666666666666,0.6666666666666666,0.0,1.0,0.9886983632112237,0.913747691504965,1.0,0.9171428571428571,0.9994285714285714,0.34328029199969023
rework,0.07,1005,350,150,150,0.0,0.07,0.95,8,2,0.005714285714285714,0.4121673569038748,0.4121673569038748,6.248571428571428,8,8,8,0,16,12,12,8,2,2,0,0,1,2,0.09090909090909091,4,1.5,144,128,64,96,80,6,58,7,8,8,0,0.23880597014925373,7.0,7,14,0.59875,1.0,8.0,18.0,12.0,150,0,0,150,1.0,1.0,1.0,1.0,0.0,0.0,10.0,1.0,1.0,1.0,1.0,0.0,150,0,0,150,1.0,1.0,1.0,1.0,0.0,0.0,10.0,1.0,1.0,1.0,1.0,0.0,150,0,0,150,1.0,1.0,1.0,1.0,0.0,0.0,10.0,1.0,1.0,1.0,1.0,0.0,1.0,0.9886983632112237,0.913747691504965,1.0,1.0,1.0,0.3848861250153277
rework,0.07,1005,350,150,150,0.0,0.07,0.99,8,2,0.005714285714285714,0.4121673569038748,0.4121673569038748,6.248571428571428,8,8,8,0,16,12,12,8,2,2,0,0,1,2,0.09090909090909091,4,1.5,144,128,64,96,80,6,58,7,8,8,0,0.23880597014925373,7.0,7,14,0.59875,1.0,8.0,18.0,12.0,150,0,0,150,1.0,1.0,1.0,1.0,0.0,0.0,10.0,1.0,1.0,1.0,1.0,0.0,150,0,0,150,1.0,1.0,1.0,1.0,0.0,0.0,10.0,1.0,1.0,1.0,1.0,0.0,150,0,0,150,1.0,1.0,1.0,1.0,0.0,0.0,10.0,1.0,1.0,1.0,1.0,0.0,1.0,0.9886983632112237,0.913747691504965,1.0,1.0,1.0,0.36002574997837655
rework,0.07,1006,350,150,150,0.0,0.03,0.9,8,2,0.005714285714285714,0.33868381719018026,0.33868381719018026,6.188571428571429,8,8,8,0,16,12,12,8,2,2,0,0,1,2,0.09090909090909091,4,1.5,145,129,65,97,80,7,58,7,8,8,0,0.24253731343283583,7.0,7,14,0.5963076923076923,0.9990329670329671,8.125,18.125,12.125,150,0,0,150,1.0,1.0,1.0,1.0,0.0,0.0,10.0,1.0,1.0,1.0,1.0,0.0,75,75,0,150,0.75,1.0,0.5,0.6666666666666666,0.0,0.5,10.0,1.0,0.75,0.6666666666666666,0.6666666666666666,0.0,75,75,0,150,0.75,1.0,0.5,0.6666666666666666,0.0,0.5,10.0,1.0,0.75,0.6666666666666666,0.6666666666666666,0.0,1.0,0.9913317572892041,0.9068112175799792,1.0,0.9371428571428572,0.9995665024630542,0.30994716699933633
rework,0.07,1006,350,150,150,0.0,0.03,0.95,8,2,0.005714285714285714,0.33868381719018026,0.33868381719018026,6.188571428571429,8,8,8,0,16,12,12,8,2,2,0,0,1,2,0.09090909090909091,4,1.5,144,128,64,96,80,6,58,7,8,8,0,0.23880597014925373,7.0,7,14,0.59,1.0,8.0,18.0,12.0,150,0,0,150,1.0,1.0,1.0,1.0,0.0,0.0,10.0,1.0,1.0,1.0,1.0,0.0,150,0,0,150,1.0,1.0,1.0,1.0,0.0,0.0,10.0,1.0,1.0,1.0,1.0,0.0,150,0,0,150,1.0,1.0,1.0,1.0,0.0,0.0,10.0,1.0,1.0,1.0,1.0,0.0,1.0,0.9913317572892041,0.9068112175799792,1.0,1.0,1.0,0.3989874580001924
rework,0.07,1006,350,150,150,0.0,0.03,0.99,8,2,0.005714285714285714,0.33868381719018026,0.33868381719018026,6.188571428571429,8,8,8,0,16,12,12,8,2,2,0,0,1,2,0.09090909090909091,4,1.5,144,128,64,96,80,6,58,7,8,8,0,0.23880597014925373,7.0,7,14,0.59,1.0,8.0,18.0,12.0,150,0,0,150,1.0,1.0,1.0,1.0,0.0,0.0,10.0,1.0,1.0,1.0,1.0,0.0,150,0,0,150,1.0,1.0,1.0,1.0,0.0,0.0,10.0,1.0,1.0,1.0,1.0,0.0,150,0,0,150,1.0,1.0,1.0,1.0,0.0,0.0,10.0,1.0,1.0,1.0,1.0,0.0,1.0,0.9913317572892041,0.9068112175799792,1.0,1.0,1.0,0.3669521249830723
rework,0.07,1006,350,150,150,0.0,0.05,0.9,8,2,0.005714285714285714,0.33868381719018026,0.33868381719018026,6.188571428571429,8,8,8,0,16,12,12,8,2,2,0,0,1,2,0.09090909090909091,4,1.5,145,129,65,97,80,7,58,7,8,8,0,0.24253731343283583,7.0,7,14,0.5963076923076923,0.9990329670329671,8.125,18.125,12.125,150,0,0,150,1.0,1.0,1.0,1.0,0.0,0.0,10.0,1.0,1.0,1.0,1.0,0.0,75,75,0,150,0.75,1.0,0.5,0.6666666666666666,0.0,0.5,10.0,1.0,0.75,0.6666666666666666,0.6666666666666666,0.0,75,75,0,150,0.75,1.0,0.5,0.6666666666666666,0.0,0.5,10.0,1.0,0.75,0.6666666666666666,0.6666666666666666,0.0,1.0,0.9913317572892041,0.9068112175799792,1.0,0.9371428571428572,0.9995665024630542,0.3127728750114329
rework,0.07,1006,350,150,150,0.0,0.05,0.95,8,2,0.005714285714285714,0.33868381719018026,0.33868381719018026,6.188571428571429,8,8,8,0,16,12,12,8,2,2,0,0,1,2,0.09090909090909091,4,1.5,144,128,64,96,80,6,58,7,8,8,0,0.23880597014925373,7.0,7,14,0.59,1.0,8.0,18.0,12.0,150,0,0,150,1.0,1.0,1.0,1.0,0.0,0.0,10.0,1.0,1.0,1.0,1.0,0.0,150,0,0,150,1.0,1.0,1.0,1.0,0.0,0.0,10.0,1.0,1.0,1.0,1.0,0.0,150,0,0,150,1.0,1.0,1.0,1.0,0.0,0.0,10.0,1.0,1.0,1.0,1.0,0.0,1.0,0.9913317572892041,0.9068112175799792,1.0,1.0,1.0,0.3568432499887422
rework,0.07,1006,350,150,150,0.0,0.05,0.99,8,2,0.005714285714285714,0.33868381719018026,0.33868381719018026,6.188571428571429,8,8,8,0,16,12,12,8,2,2,0,0,1,2,0.09090909090909091,4,1.5,144,128,64,96,80,6,58,7,8,8,0,0.23880597014925373,7.0,7,14,0.59,1.0,8.0,18.0,12.0,150,0,0,150,1.0,1.0,1.0,1.0,0.0,0.0,10.0,1.0,1.0,1.0,1.0,0.0,150,0,0,150,1.0,1.0,1.0,1.0,0.0,0.0,10.0,1.0,1.0,1.0,1.0,0.0,150,0,0,150,1.0,1.0,1.0,1.0,0.0,0.0,10.0,1.0,1.0,1.0,1.0,0.0,1.0,0.9913317572892041,0.9068112175799792,1.0,1.0,1.0,0.38428816699888557
rework,0.07,1006,350,150,150,0.0,0.07,0.9,8,2,0.005714285714285714,0.33868381719018026,0.33868381719018026,6.188571428571429,8,8,8,0,16,12,12,8,2,2,0,0,1,2,0.09090909090909091,4,1.5,112,97,37,67,75,7,30,4,8,6,2,0.13805970149253732,3.75,5,5,1.0,0.9983011583011584,4.625,14.0,8.375,150,0,0,150,1.0,1.0,1.0,1.0,0.0,0.0,10.0,1.0,1.0,1.0,1.0,0.0,75,75,30,120,0.65,0.7142857142857143,0.5,0.588235294117647,0.2,0.5,10.0,0.8,0.65,0.588235294117647,0.625,0.03676470588235303,75,75,30,120,0.65,0.7142857142857143,0.5,0.588235294117647,0.2,0.5,10.0,0.8,0.65,0.588235294117647,0.625,0.03676470588235303,1.0,0.9913317572892041,0.9068112175799792,1.0,0.9371428571428572,0.9994387755102041,0.30178720800904557
rework,0.07,1006,350,150,150,0.0,0.07,0.95,8,2,0.005714285714285714,0.33868381719018026,0.33868381719018026,6.188571428571429,8,8,8,0,16,12,12,8,2,2,0,0,1,2,0.09090909090909091,4,1.5,111,96,36,66,75,6,30,4,8,6,2,0.13432835820895522,3.75,5,5,1.0,1.0,4.5,13.875,8.25,150,0,0,150,1.0,1.0,1.0,1.0,0.0,0.0,10.0,1.0,1.0,1.0,1.0,0.0,150,0,60,90,0.8,0.7142857142857143,1.0,0.8333333333333333,0.4,0.0,10.0,0.6,0.8,0.8333333333333333,0.8695652173913044,0.036231884057971175,150,0,60,90,0.8,0.7142857142857143,1.0,0.8333333333333333,0.4,0.0,10.0,0.6,0.8,0.8333333333333333,0.8695652173913044,0.036231884057971175,1.0,0.9913317572892041,0.9068112175799792,1.0,1.0,1.0,0.3325056250032503
rework,0.07,1006,350,150,150,0.0,0.07,0.99,8,2,0.005714285714285714,0.33868381719018026,0.33868381719018026,6.188571428571429,8,8,8,0,16,12,12,8,2,2,0,0,1,2,0.09090909090909091,4,1.5,111,96,36,66,75,6,30,4,8,6,2,0.13432835820895522,3.75,5,5,1.0,1.0,4.5,13.875,8.25,150,0,0,150,1.0,1.0,1.0,1.0,0.0,0.0,10.0,1.0,1.0,1.0,1.0,0.0,150,0,60,90,0.8,0.7142857142857143,1.0,0.8333333333333333,0.4,0.0,10.0,0.6,0.8,0.8333333333333333,0.8695652173913044,0.036231884057971175,150,0,60,90,0.8,0.7142857142857143,1.0,0.8333333333333333,0.4,0.0,10.0,0.6,0.8,0.8333333333333333,0.8695652173913044,0.036231884057971175,1.0,0.9913317572892041,0.9068112175799792,1.0,1.0,1.0,0.34446399999433197
rework,0.07,1007,350,150,150,0.0,0.03,0.9,8,2,0.005714285714285714,0.3605697452705031,0.3605697452705031,6.2057142857142855,8,8,8,0,16,12,12,8,2,2,0,0,1,2,0.09090909090909091,4,1.5,145,129,65,97,80,7,58,7,8,8,0,0.24253731343283583,7.0,7,14,0.5987692307692308,0.9989450549450549,8.125,18.125,12.125,150,0,0,150,1.0,1.0,1.0,1.0,0.0,0.0,10.0,1.0,1.0,1.0,1.0,0.0,75,75,0,150,0.75,1.0,0.5,0.6666666666666666,0.0,0.5,10.0,1.0,0.75,0.6666666666666666,0.6666666666666666,0.0,75,75,0,150,0.75,1.0,0.5,0.6666666666666666,0.0,0.5,10.0,1.0,0.75,0.6666666666666666,0.6666666666666666,0.0,1.0,0.99057344854674,0.9090977123280264,1.0,0.9314285714285714,0.9995270935960592,0.3838884999859147
rework,0.07,1007,350,150,150,0.0,0.03,0.95,8,2,0.005714285714285714,0.3605697452705031,0.3605697452705031,6.2057142857142855,8,8,8,0,16,12,12,8,2,2,0,0,1,2,0.09090909090909091,4,1.5,144,128,64,96,80,6,58,7,8,8,0,0.23880597014925373,7.0,7,14,0.5925,1.0,8.0,18.0,12.0,150,0,0,150,1.0,1.0,1.0,1.0,0.0,0.0,10.0,1.0,1.0,1.0,1.0,0.0,150,0,0,150,1.0,1.0,1.0,1.0,0.0,0.0,10.0,1.0,1.0,1.0,1.0,0.0,150,0,0,150,1.0,1.0,1.0,1.0,0.0,0.0,10.0,1.0,1.0,1.0,1.0,0.0,1.0,0.99057344854674,0.9090977123280264,1.0,1.0,1.0,0.3261669159983285
rework,0.07,1007,350,150,150,0.0,0.03,0.99,8,2,0.005714285714285714,0.3605697452705031,0.3605697452705031,6.2057142857142855,8,8,8,0,16,12,12,8,2,2,0,0,1,2,0.09090909090909091,4,1.5,144,128,64,96,80,6,58,7,8,8,0,0.23880597014925373,7.0,7,14,0.5925,1.0,8.0,18.0,12.0,150,0,0,150,1.0,1.0,1.0,1.0,0.0,0.0,10.0,1.0,1.0,1.0,1.0,0.0,150,0,0,150,1.0,1.0,1.0,1.0,0.0,0.0,10.0,1.0,1.0,1.0,1.0,0.0,150,0,0,150,1.0,1.0,1.0,1.0,0.0,0.0,10.0,1.0,1.0,1.0,1.0,0.0,1.0,0.99057344854674,0.9090977123280264,1.0,1.0,1.0,0.3277656660065986
rework,0.07,1007,350,150,150,0.0,0.05,0.9,8,2,0.005714285714285714,0.3605697452705031,0.3605697452705031,6.2057142857142855,8,8,8,0,16,12,12,8,2,2,0,0,1,2,0.09090909090909091,4,1.5,145,129,65,97,80,7,58,7,8,8,0,0.24253731343283583,7.0,7,14,0.5987692307692308,0.9989450549450549,8.125,18.125,12.125,150,0,0,150,1.0,1.0,1.0,1.0,0.0,0.0,10.0,1.0,1.0,1.0,1.0,0.0,75,75,0,150,0.75,1.0,0.5,0.6666666666666666,0.0,0.5,10.0,1.0,0.75,0.6666666666666666,0.6666666666666666,0.0,75,75,0,150,0.75,1.0,0.5,0.6666666666666666,0.0,0.5,10.0,1.0,0.75,0.6666666666666666,0.6666666666666666,0.0,1.0,0.99057344854674,0.9090977123280264,1.0,0.9314285714285714,0.9995270935960592,0.3113558749901131
rework,0.07,1007,350,150,150,0.0,0.05,0.95,8,2,0.005714285714285714,0.3605697452705031,0.3605697452705031,6.2057142857142855,8,8,8,0,16,12,12,8,2,2,0,0,1,2,0.09090909090909091,4,1.5,144,128,64,96,80,6,58,7,8,8,0,0.23880597014925373,7.0,7,14,0.5925,1.0,8.0,18.0,12.0,150,0,0,150,1.0,1.0,1.0,1.0,0.0,0.0,10.0,1.0,1.0,1.0,1.0,0.0,150,0,0,150,1.0,1.0,1.0,1.0,0.0,0.0,10.0,1.0,1.0,1.0,1.0,0.0,150,0,0,150,1.0,1.0,1.0,1.0,0.0,0.0,10.0,1.0,1.0,1.0,1.0,0.0,1.0,0.99057344854674,0.9090977123280264,1.0,1.0,1.0,0.3128963329945691
rework,0.07,1007,350,150,150,0.0,0.05,0.99,8,2,0.005714285714285714,0.3605697452705031,0.3605697452705031,6.2057142857142855,8,8,8,0,16,12,12,8,2,2,0,0,1,2,0.09090909090909091,4,1.5,144,128,64,96,80,6,58,7,8,8,0,0.23880597014925373,7.0,7,14,0.5925,1.0,8.0,18.0,12.0,150,0,0,150,1.0,1.0,1.0,1.0,0.0,0.0,10.0,1.0,1.0,1.0,1.0,0.0,150,0,0,150,1.0,1.0,1.0,1.0,0.0,0.0,10.0,1.0,1.0,1.0,1.0,0.0,150,0,0,150,1.0,1.0,1.0,1.0,0.0,0.0,10.0,1.0,1.0,1.0,1.0,0.0,1.0,0.99057344854674,0.9090977123280264,1.0,1.0,1.0,0.3047615420073271
rework,0.07,1007,350,150,150,0.0,0.07,0.9,8,2,0.005714285714285714,0.3605697452705031,0.3605697452705031,6.2057142857142855,8,8,8,0,16,12,12,8,2,2,0,0,1,2,0.09090909090909091,4,1.5,112,97,37,67,75,7,30,4,8,6,2,0.13805970149253732,3.75,5,5,1.0,0.9981467181467181,4.625,14.0,8.375,150,0,0,150,1.0,1.0,1.0,1.0,0.0,0.0,10.0,1.0,1.0,1.0,1.0,0.0,75,75,30,120,0.65,0.7142857142857143,0.5,0.588235294117647,0.2,0.5,10.0,0.8,0.65,0.588235294117647,0.625,0.03676470588235303,75,75,30,120,0.65,0.7142857142857143,0.5,0.588235294117647,0.2,0.5,10.0,0.8,0.65,0.588235294117647,0.625,0.03676470588235303,1.0,0.99057344854674,0.9090977123280264,1.0,0.9314285714285714,0.9993877551020408,0.27586229200824164
rework,0.07,1007,350,150,150,0.0,0.07,0.95,8,2,0.005714285714285714,0.3605697452705031,0.3605697452705031,6.2057142857142855,8,8,8,0,16,12,12,8,2,2,0,0,1,2,0.09090909090909091,4,1.5,111,96,36,66,75,6,30,4,8,6,2,0.13432835820895522,3.75,5,5,1.0,1.0,4.5,13.875,8.25,150,0,0,150,1.0,1.0,1.0,1.0,0.0,0.0,10.0,1.0,1.0,1.0,1.0,0.0,150,0,60,90,0.8,0.7142857142857143,1.0,0.8333333333333333,0.4,0.0,10.0,0.6,0.8,0.8333333333333333,0.8695652173913044,0.036231884057971175,150,0,60,90,0.8,0.7142857142857143,1.0,0.8333333333333333,0.4,0.0,10.0,0.6,0.8,0.8333333333333333,0.8695652173913044,0.036231884057971175,1.0,0.99057344854674,0.9090977123280264,1.0,1.0,1.0,0.2794285829877481
rework,0.07,1007,350,150,150,0.0,0.07,0.99,8,2,0.005714285714285714,0.3605697452705031,0.3605697452705031,6.2057142857142855,8,8,8,0,16,12,12,8,2,2,0,0,1,2,0.09090909090909091,4,1.5,111,96,36,66,75,6,30,4,8,6,2,0.13432835820895522,3.75,5,5,1.0,1.0,4.5,13.875,8.25,150,0,0,150,1.0,1.0,1.0,1.0,0.0,0.0,10.0,1.0,1.0,1.0,1.0,0.0,150,0,60,90,0.8,0.7142857142857143,1.0,0.8333333333333333,0.4,0.0,10.0,0.6,0.8,0.8333333333333333,0.8695652173913044,0.036231884057971175,150,0,60,90,0.8,0.7142857142857143,1.0,0.8333333333333333,0.4,0.0,10.0,0.6,0.8,0.8333333333333333,0.8695652173913044,0.036231884057971175,1.0,0.99057344854674,0.9090977123280264,1.0,1.0,1.0,0.29600012497394346
rework,0.07,1008,350,150,150,0.0,0.03,0.9,8,2,0.005714285714285714,0.2679047298713761,0.2679047298713761,6.137142857142857,8,8,8,0,16,12,12,8,2,2,0,0,1,2,0.09090909090909091,4,1.5,145,129,65,97,80,7,58,7,8,8,0,0.24253731343283583,7.0,7,14,0.588923076923077,0.9992967032967034,8.125,18.125,12.125,150,0,0,150,1.0,1.0,1.0,1.0,0.0,0.0,10.0,1.0,1.0,1.0,1.0,0.0,75,75,0,150,0.75,1.0,0.5,0.6666666666666666,0.0,0.5,10.0,1.0,0.75,0.6666666666666666,0.6666666666666666,0.0,75,75,0,150,0.75,1.0,0.5,0.6666666666666666,0.0,0.5,10.0,1.0,0.75,0.6666666666666666,0.6666666666666666,0.0,1.0,0.9936356404136834,0.8975584900923305,1.0,0.9542857142857143,0.9996847290640394,0.2839059999969322
rework,0.07,1008,350,150,150,0.0,0.03,0.95,8,2,0.005714285714285714,0.2679047298713761,0.2679047298713761,6.137142857142857,8,8,8,0,16,12,12,8,2,2,0,0,1,2,0.09090909090909091,4,1.5,145,129,65,97,80,7,58,7,8,8,0,0.24253731343283583,7.0,7,14,0.588923076923077,0.9992967032967034,8.125,18.125,12.125,150,0,0,150,1.0,1.0,1.0,1.0,0.0,0.0,10.0,1.0,1.0,1.0,1.0,0.0,75,75,0,150,0.75,1.0,0.5,0.6666666666666666,0.0,0.5,10.0,1.0,0.75,0.6666666666666666,0.6666666666666666,0.0,75,75,0,150,0.75,1.0,0.5,0.6666666666666666,0.0,0.5,10.0,1.0,0.75,0.6666666666666666,0.6666666666666666,0.0,1.0,0.9936356404136834,0.8975584900923305,1.0,0.9542857142857143,0.9996847290640394,0.26933716601342894
rework,0.07,1008,350,150,150,0.0,0.03,0.99,8,2,0.005714285714285714,0.2679047298713761,0.2679047298713761,6.137142857142857,8,8,8,0,16,12,12,8,2,2,0,0,1,2,0.09090909090909091,4,1.5,144,128,64,96,80,6,58,7,8,8,0,0.23880597014925373,7.0,7,14,0.5825,1.0,8.0,18.0,12.0,150,0,0,150,1.0,1.0,1.0,1.0,0.0,0.0,10.0,1.0,1.0,1.0,1.0,0.0,150,0,0,150,1.0,1.0,1.0,1.0,0.0,0.0,10.0,1.0,1.0,1.0,1.0,0.0,150,0,0,150,1.0,1.0,1.0,1.0,0.0,0.0,10.0,1.0,1.0,1.0,1.0,0.0,1.0,0.9936356404136834,0.8975584900923305,1.0,1.0,1.0,0.33219679101603106
rework,0.07,1008,350,150,150,0.0,0.05,0.9,8,2,0.005714285714285714,0.2679047298713761,0.2679047298713761,6.137142857142857,8,8,8,0,16,12,12,8,2,2,0,0,1,2,0.09090909090909091,4,1.5,112,97,37,67,75,7,30,4,8,6,2,0.13805970149253732,3.75,5,5,1.0,0.9987644787644788,4.625,14.0,8.375,150,0,0,150,1.0,1.0,1.0,1.0,0.0,0.0,10.0,1.0,1.0,1.0,1.0,0.0,75,75,30,120,0.65,0.7142857142857143,0.5,0.588235294117647,0.2,0.5,10.0,0.8,0.65,0.588235294117647,0.625,0.03676470588235303,75,75,30,120,0.65,0.7142857142857143,0.5,0.588235294117647,0.2,0.5,10.0,0.8,0.65,0.588235294117647,0.625,0.03676470588235303,1.0,0.9936356404136834,0.8975584900923305,1.0,0.9542857142857143,0.9995918367346938,0.27904991697869264
rework,0.07,1008,350,150,150,0.0,0.05,0.95,8,2,0.005714285714285714,0.2679047298713761,0.2679047298713761,6.137142857142857,8,8,8,0,16,12,12,8,2,2,0,0,1,2,0.09090909090909091,4,1.5,112,97,37,67,75,7,30,4,8,6,2,0.13805970149253732,3.75,5,5,1.0,0.9987644787644788,4.625,14.0,8.375,150,0,0,150,1.0,1.0,1.0,1.0,0.0,0.0,10.0,1.0,1.0,1.0,1.0,0.0,75,75,30,120,0.65,0.7142857142857143,0.5,0.588235294117647,0.2,0.5,10.0,0.8,0.65,0.588235294117647,0.625,0.03676470588235303,75,75,30,120,0.65,0.7142857142857143,0.5,0.588235294117647,0.2,0.5,10.0,0.8,0.65,0.588235294117647,0.625,0.03676470588235303,1.0,0.9936356404136834,0.8975584900923305,1.0,0.9542857142857143,0.9995918367346938,0.26898816699394956
rework,0.07,1008,350,150,150,0.0,0.05,0.99,8,2,0.005714285714285714,0.2679047298713761,0.2679047298713761,6.137142857142857,8,8,8,0,16,12,12,8,2,2,0,0,1,2,0.09090909090909091,4,1.5,111,96,36,66,75,6,30,4,8,6,2,0.13432835820895522,3.75,5,5,1.0,1.0,4.5,13.875,8.25,150,0,0,150,1.0,1.0,1.0,1.0,0.0,0.0,10.0,1.0,1.0,1.0,1.0,0.0,150,0,60,90,0.8,0.7142857142857143,1.0,0.8333333333333333,0.4,0.0,10.0,0.6,0.8,0.8333333333333333,0.8695652173913044,0.036231884057971175,150,0,60,90,0.8,0.7142857142857143,1.0,0.8333333333333333,0.4,0.0,10.0,0.6,0.8,0.8333333333333333,0.8695652173913044,0.036231884057971175,1.0,0.9936356404136834,0.8975584900923305,1.0,1.0,1.0,0.35177999999723397
rework,0.07,1008,350,150,150,0.0,0.07,0.9,8,2,0.005714285714285714,0.2679047298713761,0.2679047298713761,6.137142857142857,8,8,8,0,16,12,12,8,2,2,0,0,1,2,0.09090909090909091,4,1.5,112,97,37,67,75,7,30,4,8,6,2,0.13805970149253732,3.75,5,5,1.0,0.9987644787644788,4.625,14.0,8.375,150,0,0,150,1.0,1.0,1.0,1.0,0.0,0.0,10.0,1.0,1.0,1.0,1.0,0.0,75,75,30,120,0.65,0.7142857142857143,0.5,0.588235294117647,0.2,0.5,10.0,0.8,0.65,0.588235294117647,0.625,0.03676470588235303,75,75,30,120,0.65,0.7142857142857143,0.5,0.588235294117647,0.2,0.5,10.0,0.8,0.65,0.588235294117647,0.625,0.03676470588235303,1.0,0.9936356404136834,0.8975584900923305,1.0,0.9542857142857143,0.9995918367346938,0.28146025000023656
rework,0.07,1008,350,150,150,0.0,0.07,0.95,8,2,0.005714285714285714,0.2679047298713761,0.2679047298713761,6.137142857142857,8,8,8,0,16,12,12,8,2,2,0,0,1,2,0.09090909090909091,4,1.5,112,97,37,67,75,7,30,4,8,6,2,0.13805970149253732,3.75,5,5,1.0,0.9987644787644788,4.625,14.0,8.375,150,0,0,150,1.0,1.0,1.0,1.0,0.0,0.0,10.0,1.0,1.0,1.0,1.0,0.0,75,75,30,120,0.65,0.7142857142857143,0.5,0.588235294117647,0.2,0.5,10.0,0.8,0.65,0.588235294117647,0.625,0.03676470588235303,75,75,30,120,0.65,0.7142857142857143,0.5,0.588235294117647,0.2,0.5,10.0,0.8,0.65,0.588235294117647,0.625,0.03676470588235303,1.0,0.9936356404136834,0.8975584900923305,1.0,0.9542857142857143,0.9995918367346938,0.27729608400841244
rework,0.07,1008,350,150,150,0.0,0.07,0.99,8,2,0.005714285714285714,0.2679047298713761,0.2679047298713761,6.137142857142857,8,8,8,0,16,12,12,8,2,2,0,0,1,2,0.09090909090909091,4,1.5,111,96,36,66,75,6,30,4,8,6,2,0.13432835820895522,3.75,5,5,1.0,1.0,4.5,13.875,8.25,150,0,0,150,1.0,1.0,1.0,1.0,0.0,0.0,10.0,1.0,1.0,1.0,1.0,0.0,150,0,60,90,0.8,0.7142857142857143,1.0,0.8333333333333333,0.4,0.0,10.0,0.6,0.8,0.8333333333333333,0.8695652173913044,0.036231884057971175,150,0,60,90,0.8,0.7142857142857143,1.0,0.8333333333333333,0.4,0.0,10.0,0.6,0.8,0.8333333333333333,0.8695652173913044,0.036231884057971175,1.0,0.9936356404136834,0.8975584900923305,1.0,1.0,1.0,0.33790920799947344
rework,0.07,1009,350,150,150,0.0,0.03,0.9,8,2,0.005714285714285714,0.3605697452705031,0.3605697452705031,6.2057142857142855,8,8,8,0,16,12,12,8,2,2,0,0,1,2,0.09090909090909091,4,1.5,145,129,65,97,80,7,58,7,8,8,0,0.24253731343283583,7.0,7,14,0.5987692307692308,0.9989450549450549,8.125,18.125,12.125,150,0,0,150,1.0,1.0,1.0,1.0,0.0,0.0,10.0,1.0,1.0,1.0,1.0,0.0,75,75,0,150,0.75,1.0,0.5,0.6666666666666666,0.0,0.5,10.0,1.0,0.75,0.6666666666666666,0.6666666666666666,0.0,75,75,0,150,0.75,1.0,0.5,0.6666666666666666,0.0,0.5,10.0,1.0,0.75,0.6666666666666666,0.6666666666666666,0.0,1.0,0.99057344854674,0.9090977123280264,1.0,0.9314285714285714,0.9995270935960592,0.33546637499239296
rework,0.07,1009,350,150,150,0.0,0.03,0.95,8,2,0.005714285714285714,0.3605697452705031,0.3605697452705031,6.2057142857142855,8,8,8,0,16,12,12,8,2,2,0,0,1,2,0.09090909090909091,4,1.5,144,128,64,96,80,6,58,7,8,8,0,0.23880597014925373,7.0,7,14,0.5925,1.0,8.0,18.0,12.0,150,0,0,150,1.0,1.0,1.0,1.0,0.0,0.0,10.0,1.0,1.0,1.0,1.0,0.0,150,0,0,150,1.0,1.0,1.0,1.0,0.0,0.0,10.0,1.0,1.0,1.0,1.0,0.0,150,0,0,150,1.0,1.0,1.0,1.0,0.0,0.0,10.0,1.0,1.0,1.0,1.0,0.0,1.0,0.99057344854674,0.9090977123280264,1.0,1.0,1.0,0.3298361249908339
rework,0.07,1009,350,150,150,0.0,0.03,0.99,8,2,0.005714285714285714,0.3605697452705031,0.3605697452705031,6.2057142857142855,8,8,8,0,16,12,12,8,2,2,0,0,1,2,0.09090909090909091,4,1.5,144,128,64,96,80,6,58,7,8,8,0,0.23880597014925373,7.0,7,14,0.5925,1.0,8.0,18.0,12.0,150,0,0,150,1.0,1.0,1.0,1.0,0.0,0.0,10.0,1.0,1.0,1.0,1.0,0.0,150,0,0,150,1.0,1.0,1.0,1.0,0.0,0.0,10.0,1.0,1.0,1.0,1.0,0.0,150,0,0,150,1.0,1.0,1.0,1.0,0.0,0.0,10.0,1.0,1.0,1.0,1.0,0.0,1.0,0.99057344854674,0.9090977123280264,1.0,1.0,1.0,0.36116658299579285
rework,0.07,1009,350,150,150,0.0,0.05,0.9,8,2,0.005714285714285714,0.3605697452705031,0.3605697452705031,6.2057142857142855,8,8,8,0,16,12,12,8,2,2,0,0,1,2,0.09090909090909091,4,1.5,145,129,65,97,80,7,58,7,8,8,0,0.24253731343283583,7.0,7,14,0.5987692307692308,0.9989450549450549,8.125,18.125,12.125,150,0,0,150,1.0,1.0,1.0,1.0,0.0,0.0,10.0,1.0,1.0,1.0,1.0,0.0,75,75,0,150,0.75,1.0,0.5,0.6666666666666666,0.0,0.5,10.0,1.0,0.75,0.6666666666666666,0.6666666666666666,0.0,75,75,0,150,0.75,1.0,0.5,0.6666666666666666,0.0,0.5,10.0,1.0,0.75,0.6666666666666666,0.6666666666666666,0.0,1.0,0.99057344854674,0.9090977123280264,1.0,0.9314285714285714,0.9995270935960592,0.328837916982593
rework,0.07,1009,350,150,150,0.0,0.05,0.95,8,2,0.005714285714285714,0.3605697452705031,0.3605697452705031,6.2057142857142855,8,8,8,0,16,12,12,8,2,2,0,0,1,2,0.09090909090909091,4,1.5,144,128,64,96,80,6,58,7,8,8,0,0.23880597014925373,7.0,7,14,0.5925,1.0,8.0,18.0,12.0,150,0,0,150,1.0,1.0,1.0,1.0,0.0,0.0,10.0,1.0,1.0,1.0,1.0,0.0,150,0,0,150,1.0,1.0,1.0,1.0,0.0,0.0,10.0,1.0,1.0,1.0,1.0,0.0,150,0,0,150,1.0,1.0,1.0,1.0,0.0,0.0,10.0,1.0,1.0,1.0,1.0,0.0,1.0,0.99057344854674,0.9090977123280264,1.0,1.0,1.0,0.3428857089893427
rework,0.07,1009,350,150,150,0.0,0.05,0.99,8,2,0.005714285714285714,0.3605697452705031,0.3605697452705031,6.2057142857142855,8,8,8,0,16,12,12,8,2,2,0,0,1,2,0.09090909090909091,4,1.5,144,128,64,96,80,6,58,7,8,8,0,0.23880597014925373,7.0,7,14,0.5925,1.0,8.0,18.0,12.0,150,0,0,150,1.0,1.0,1.0,1.0,0.0,0.0,10.0,1.0,1.0,1.0,1.0,0.0,150,0,0,150,1.0,1.0,1.0,1.0,0.0,0.0,10.0,1.0,1.0,1.0,1.0,0.0,150,0,0,150,1.0,1.0,1.0,1.0,0.0,0.0,10.0,1.0,1.0,1.0,1.0,0.0,1.0,0.99057344854674,0.9090977123280264,1.0,1.0,1.0,0.34295591700356454
rework,0.07,1009,350,150,150,0.0,0.07,0.9,8,2,0.005714285714285714,0.3605697452705031,0.3605697452705031,6.2057142857142855,8,8,8,0,16,12,12,8,2,2,0,0,1,2,0.09090909090909091,4,1.5,112,97,37,67,75,7,30,4,8,6,2,0.13805970149253732,3.75,5,5,1.0,0.9981467181467181,4.625,14.0,8.375,150,0,0,150,1.0,1.0,1.0,1.0,0.0,0.0,10.0,1.0,1.0,1.0,1.0,0.0,75,75,30,120,0.65,0.7142857142857143,0.5,0.588235294117647,0.2,0.5,10.0,0.8,0.65,0.588235294117647,0.625,0.03676470588235303,75,75,30,120,0.65,0.7142857142857143,0.5,0.588235294117647,0.2,0.5,10.0,0.8,0.65,0.588235294117647,0.625,0.03676470588235303,1.0,0.99057344854674,0.9090977123280264,1.0,0.9314285714285714,0.9993877551020408,0.26268316598725505
rework,0.07,1009,350,150,150,0.0,0.07,0.95,8,2,0.005714285714285714,0.3605697452705031,0.3605697452705031,6.2057142857142855,8,8,8,0,16,12,12,8,2,2,0,0,1,2,0.09090909090909091,4,1.5,111,96,36,66,75,6,30,4,8,6,2,0.13432835820895522,3.75,5,5,1.0,1.0,4.5,13.875,8.25,150,0,0,150,1.0,1.0,1.0,1.0,0.0,0.0,10.0,1.0,1.0,1.0,1.0,0.0,150,0,60,90,0.8,0.7142857142857143,1.0,0.8333333333333333,0.4,0.0,10.0,0.6,0.8,0.8333333333333333,0.8695652173913044,0.036231884057971175,150,0,60,90,0.8,0.7142857142857143,1.0,0.8333333333333333,0.4,0.0,10.0,0.6,0.8,0.8333333333333333,0.8695652173913044,0.036231884057971175,1.0,0.99057344854674,0.9090977123280264,1.0,1.0,1.0,0.28686962500796653
rework,0.07,1009,350,150,150,0.0,0.07,0.99,8,2,0.005714285714285714,0.3605697452705031,0.3605697452705031,6.2057142857142855,8,8,8,0,16,12,12,8,2,2,0,0,1,2,0.09090909090909091,4,1.5,111,96,36,66,75,6,30,4,8,6,2,0.13432835820895522,3.75,5,5,1.0,1.0,4.5,13.875,8.25,150,0,0,150,1.0,1.0,1.0,1.0,0.0,0.0,10.0,1.0,1.0,1.0,1.0,0.0,150,0,60,90,0.8,0.7142857142857143,1.0,0.8333333333333333,0.4,0.0,10.0,0.6,0.8,0.8333333333333333,0.8695652173913044,0.036231884057971175,150,0,60,90,0.8,0.7142857142857143,1.0,0.8333333333333333,0.4,0.0,10.0,0.6,0.8,0.8333333333333333,0.8695652173913044,0.036231884057971175,1.0,0.99057344854674,0.9090977123280264,1.0,1.0,1.0,0.3026802079984918
rework,0.07,1010,350,150,150,0.0,0.03,0.9,8,2,0.005714285714285714,0.4220005168831531,0.4220005168831531,6.257142857142857,8,8,8,0,16,12,12,8,2,2,0,0,1,2,0.09090909090909091,4,1.5,145,129,65,97,80,7,58,7,8,8,0,0.24253731343283583,7.0,7,14,0.6061538461538462,0.9986813186813186,8.125,18.125,12.125,150,0,0,150,1.0,1.0,1.0,1.0,0.0,0.0,10.0,1.0,1.0,1.0,1.0,0.0,75,75,0,150,0.75,1.0,0.5,0.6666666666666666,0.0,0.5,10.0,1.0,0.75,0.6666666666666666,0.6666666666666666,0.0,75,75,0,150,0.75,1.0,0.5,0.6666666666666666,0.0,0.5,10.0,1.0,0.75,0.6666666666666666,0.6666666666666666,0.0,1.0,0.9883268482490273,0.9145364336016509,1.0,0.9142857142857143,0.9994088669950739,0.2663014160061721
rework,0.07,1010,350,150,150,0.0,0.03,0.95,8,2,0.005714285714285714,0.4220005168831531,0.4220005168831531,6.257142857142857,8,8,8,0,16,12,12,8,2,2,0,0,1,2,0.09090909090909091,4,1.5,144,128,64,96,80,6,58,7,8,8,0,0.23880597014925373,7.0,7,14,0.6,1.0,8.0,18.0,12.0,150,0,0,150,1.0,1.0,1.0,1.0,0.0,0.0,10.0,1.0,1.0,1.0,1.0,0.0,150,0,0,150,1.0,1.0,1.0,1.0,0.0,0.0,10.0,1.0,1.0,1.0,1.0,0.0,150,0,0,150,1.0,1.0,1.0,1.0,0.0,0.0,10.0,1.0,1.0,1.0,1.0,0.0,1.0,0.9883268482490273,0.9145364336016509,1.0,1.0,1.0,0.2852667919942178
rework,0.07,1010,350,150,150,0.0,0.03,0.99,8,2,0.005714285714285714,0.4220005168831531,0.4220005168831531,6.257142857142857,8,8,8,0,16,12,12,8,2,2,0,0,1,2,0.09090909090909091,4,1.5,144,128,64,96,80,6,58,7,8,8,0,0.23880597014925373,7.0,7,14,0.6,1.0,8.0,18.0,12.0,150,0,0,150,1.0,1.0,1.0,1.0,0.0,0.0,10.0,1.0,1.0,1.0,1.0,0.0,150,0,0,150,1.0,1.0,1.0,1.0,0.0,0.0,10.0,1.0,1.0,1.0,1.0,0.0,150,0,0,150,1.0,1.0,1.0,1.0,0.0,0.0,10.0,1.0,1.0,1.0,1.0,0.0,1.0,0.9883268482490273,0.9145364336016509,1.0,1.0,1.0,0.38565158302662894
rework,0.07,1010,350,150,150,0.0,0.05,0.9,8,2,0.005714285714285714,0.4220005168831531,0.4220005168831531,6.257142857142857,8,8,8,0,16,12,12,8,2,2,0,0,1,2,0.09090909090909091,4,1.5,145,129,65,97,80,7,58,7,8,8,0,0.24253731343283583,7.0,7,14,0.6061538461538462,0.9986813186813186,8.125,18.125,12.125,150,0,0,150,1.0,1.0,1.0,1.0,0.0,0.0,10.0,1.0,1.0,1.0,1.0,0.0,75,75,0,150,0.75,1.0,0.5,0.6666666666666666,0.0,0.5,10.0,1.0,0.75,0.6666666666666666,0.6666666666666666,0.0,75,75,0,150,0.75,1.0,0.5,0.6666666666666666,0.0,0.5,10.0,1.0,0.75,0.6666666666666666,0.6666666666666666,0.0,1.0,0.9883268482490273,0.9145364336016509,1.0,0.9142857142857143,0.9994088669950739,0.3020464170258492
rework,0.07,1010,350,150,150,0.0,0.05,0.95,8,2,0.005714285714285714,0.4220005168831531,0.4220005168831531,6.257142857142857,8,8,8,0,16,12,12,8,2,2,0,0,1,2,0.09090909090909091,4,1.5,144,128,64,96,80,6,58,7,8,8,0,0.23880597014925373,7.0,7,14,0.6,1.0,8.0,18.0,12.0,150,0,0,150,1.0,1.0,1.0,1.0,0.0,0.0,10.0,1.0,1.0,1.0,1.0,0.0,150,0,0,150,1.0,1.0,1.0,1.0,0.0,0.0,10.0,1.0,1.0,1.0,1.0,0.0,150,0,0,150,1.0,1.0,1.0,1.0,0.0,0.0,10.0,1.0,1.0,1.0,1.0,0.0,1.0,0.9883268482490273,0.9145364336016509,1.0,1.0,1.0,0.3228842919925228
rework,0.07,1010,350,150,150,0.0,0.05,0.99,8,2,0.005714285714285714,0.4220005168831531,0.4220005168831531,6.257142857142857,8,8,8,0,16,12,12,8,2,2,0,0,1,2,0.09090909090909091,4,1.5,144,128,64,96,80,6,58,7,8,8,0,0.23880597014925373,7.0,7,14,0.6,1.0,8.0,18.0,12.0,150,0,0,150,1.0,1.0,1.0,1.0,0.0,0.0,10.0,1.0,1.0,1.0,1.0,0.0,150,0,0,150,1.0,1.0,1.0,1.0,0.0,0.0,10.0,1.0,1.0,1.0,1.0,0.0,150,0,0,150,1.0,1.0,1.0,1.0,0.0,0.0,10.0,1.0,1.0,1.0,1.0,0.0,1.0,0.9883268482490273,0.9145364336016509,1.0,1.0,1.0,0.32538787499652244
rework,0.07,1010,350,150,150,0.0,0.07,0.9,8,2,0.005714285714285714,0.4220005168831531,0.4220005168831531,6.257142857142857,8,8,8,0,16,12,12,8,2,2,0,0,1,2,0.09090909090909091,4,1.5,145,129,65,97,80,7,58,7,8,8,0,0.24253731343283583,7.0,7,14,0.6061538461538462,0.9986813186813186,8.125,18.125,12.125,150,0,0,150,1.0,1.0,1.0,1.0,0.0,0.0,10.0,1.0,1.0,1.0,1.0,0.0,75,75,0,150,0.75,1.0,0.5,0.6666666666666666,0.0,0.5,10.0,1.0,0.75,0.6666666666666666,0.6666666666666666,0.0,75,75,0,150,0.75,1.0,0.5,0.6666666666666666,0.0,0.5,10.0,1.0,0.75,0.6666666666666666,0.6666666666666666,0.0,1.0,0.9883268482490273,0.9145364336016509,1.0,0.9142857142857143,0.9994088669950739,0.27327875001356006
rework,0.07,1010,350,150,150,0.0,0.07,0.95,8,2,0.005714285714285714,0.4220005168831531,0.4220005168831531,6.257142857142857,8,8,8,0,16,12,12,8,2,2,0,0,1,2,0.09090909090909091,4,1.5,144,128,64,96,80,6,58,7,8,8,0,0.23880597014925373,7.0,7,14,0.6,1.0,8.0,18.0,12.0,150,0,0,150,1.0,1.0,1.0,1.0,0.0,0.0,10.0,1.0,1.0,1.0,1.0,0.0,150,0,0,150,1.0,1.0,1.0,1.0,0.0,0.0,10.0,1.0,1.0,1.0,1.0,0.0,150,0,0,150,1.0,1.0,1.0,1.0,0.0,0.0,10.0,1.0,1.0,1.0,1.0,0.0,1.0,0.9883268482490273,0.9145364336016509,1.0,1.0,1.0,0.315242374985246
rework,0.07,1010,350,150,150,0.0,0.07,0.99,8,2,0.005714285714285714,0.4220005168831531,0.4220005168831531,6.257142857142857,8,8,8,0,16,12,12,8,2,2,0,0,1,2,0.09090909090909091,4,1.5,144,128,64,96,80,6,58,7,8,8,0,0.23880597014925373,7.0,7,14,0.6,1.0,8.0,18.0,12.0,150,0,0,150,1.0,1.0,1.0,1.0,0.0,0.0,10.0,1.0,1.0,1.0,1.0,0.0,150,0,0,150,1.0,1.0,1.0,1.0,0.0,0.0,10.0,1.0,1.0,1.0,1.0,0.0,150,0,0,150,1.0,1.0,1.0,1.0,0.0,0.0,10.0,1.0,1.0,1.0,1.0,0.0,1.0,0.9883268482490273,0.9145364336016509,1.0,1.0,1.0,0.34923066702322103
rework,0.1,1001,350,150,150,0.0,0.03,0.9,8,2,0.005714285714285714,0.4689955935892812,0.4689955935892812,6.3,8,8,8,0,16,12,12,8,2,2,0,0,1,2,0.09090909090909091,4,1.5,145,129,65,97,80,7,58,7,8,8,0,0.24253731343283583,7.0,7,14,0.6123076923076922,0.9984615384615385,8.125,18.125,12.125,150,0,0,150,1.0,1.0,1.0,1.0,0.0,0.0,10.0,1.0,1.0,1.0,1.0,0.0,75,75,0,150,0.75,1.0,0.5,0.6666666666666666,0.0,0.5,10.0,1.0,0.75,0.6666666666666666,0.6666666666666666,0.0,75,75,0,150,0.75,1.0,0.5,0.6666666666666666,0.0,0.5,10.0,1.0,0.75,0.6666666666666666,0.6666666666666666,0.0,1.0,0.9864864864864865,0.9179640421315508,1.0,0.9,0.9993103448275862,0.3022112080070656
rework,0.1,1001,350,150,150,0.0,0.03,0.95,8,2,0.005714285714285714,0.4689955935892812,0.4689955935892812,6.3,8,8,8,0,16,12,12,8,2,2,0,0,1,2,0.09090909090909091,4,1.5,144,128,64,96,80,6,58,7,8,8,0,0.23880597014925373,7.0,7,14,0.60625,1.0,8.0,18.0,12.0,150,0,0,150,1.0,1.0,1.0,1.0,0.0,0.0,10.0,1.0,1.0,1.0,1.0,0.0,150,0,0,150,1.0,1.0,1.0,1.0,0.0,0.0,10.0,1.0,1.0,1.0,1.0,0.0,150,0,0,150,1.0,1.0,1.0,1.0,0.0,0.0,10.0,1.0,1.0,1.0,1.0,0.0,1.0,0.9864864864864865,0.9179640421315508,1.0,1.0,1.0,0.31344787499983795
rework,0.1,1001,350,150,150,0.0,0.03,0.99,8,2,0.005714285714285714,0.4689955935892812,0.4689955935892812,6.3,8,8,8,0,16,12,12,8,2,2,0,0,1,2,0.09090909090909091,4,1.5,144,128,64,96,80,6,58,7,8,8,0,0.23880597014925373,7.0,7,14,0.60625,1.0,8.0,18.0,12.0,150,0,0,150,1.0,1.0,1.0,1.0,0.0,0.0,10.0,1.0,1.0,1.0,1.0,0.0,150,0,0,150,1.0,1.0,1.0,1.0,0.0,0.0,10.0,1.0,1.0,1.0,1.0,0.0,150,0,0,150,1.0,1.0,1.0,1.0,0.0,0.0,10.0,1.0,1.0,1.0,1.0,0.0,1.0,0.9864864864864865,0.9179640421315508,1.0,1.0,1.0,0.31867000000784174
rework,0.1,1001,350,150,150,0.0,0.05,0.9,8,2,0.005714285714285714,0.4689955935892812,0.4689955935892812,6.3,8,8,8,0,16,12,12,8,2,2,0,0,1,2,0.09090909090909091,4,1.5,145,129,65,97,80,7,58,7,8,8,0,0.24253731343283583,7.0,7,14,0.6123076923076922,0.9984615384615385,8.125,18.125,12.125,150,0,0,150,1.0,1.0,1.0,1.0,0.0,0.0,10.0,1.0,1.0,1.0,1.0,0.0,75,75,0,150,0.75,1.0,0.5,0.6666666666666666,0.0,0.5,10.0,1.0,0.75,0.6666666666666666,0.6666666666666666,0.0,75,75,0,150,0.75,1.0,0.5,0.6666666666666666,0.0,0.5,10.0,1.0,0.75,0.6666666666666666,0.6666666666666666,0.0,1.0,0.9864864864864865,0.9179640421315508,1.0,0.9,0.9993103448275862,0.28948287502862513
rework,0.1,1001,350,150,150,0.0,0.05,0.95,8,2,0.005714285714285714,0.4689955935892812,0.4689955935892812,6.3,8,8,8,0,16,12,12,8,2,2,0,0,1,2,0.09090909090909091,4,1.5,144,128,64,96,80,6,58,7,8,8,0,0.23880597014925373,7.0,7,14,0.60625,1.0,8.0,18.0,12.0,150,0,0,150,1.0,1.0,1.0,1.0,0.0,0.0,10.0,1.0,1.0,1.0,1.0,0.0,150,0,0,150,1.0,1.0,1.0,1.0,0.0,0.0,10.0,1.0,1.0,1.0,1.0,0.0,150,0,0,150,1.0,1.0,1.0,1.0,0.0,0.0,10.0,1.0,1.0,1.0,1.0,0.0,1.0,0.9864864864864865,0.9179640421315508,1.0,1.0,1.0,0.31489537499146536
rework,0.1,1001,350,150,150,0.0,0.05,0.99,8,2,0.005714285714285714,0.4689955935892812,0.4689955935892812,6.3,8,8,8,0,16,12,12,8,2,2,0,0,1,2,0.09090909090909091,4,1.5,144,128,64,96,80,6,58,7,8,8,0,0.23880597014925373,7.0,7,14,0.60625,1.0,8.0,18.0,12.0,150,0,0,150,1.0,1.0,1.0,1.0,0.0,0.0,10.0,1.0,1.0,1.0,1.0,0.0,150,0,0,150,1.0,1.0,1.0,1.0,0.0,0.0,10.0,1.0,1.0,1.0,1.0,0.0,150,0,0,150,1.0,1.0,1.0,1.0,0.0,0.0,10.0,1.0,1.0,1.0,1.0,0.0,1.0,0.9864864864864865,0.9179640421315508,1.0,1.0,1.0,0.3322174999921117
rework,0.1,1001,350,150,150,0.0,0.07,0.9,8,2,0.005714285714285714,0.4689955935892812,0.4689955935892812,6.3,8,8,8,0,16,12,12,8,2,2,0,0,1,2,0.09090909090909091,4,1.5,145,129,65,97,80,7,58,7,8,8,0,0.24253731343283583,7.0,7,14,0.6123076923076922,0.9984615384615385,8.125,18.125,12.125,150,0,0,150,1.0,1.0,1.0,1.0,0.0,0.0,10.0,1.0,1.0,1.0,1.0,0.0,75,75,0,150,0.75,1.0,0.5,0.6666666666666666,0.0,0.5,10.0,1.0,0.75,0.6666666666666666,0.6666666666666666,0.0,75,75,0,150,0.75,1.0,0.5,0.6666666666666666,0.0,0.5,10.0,1.0,0.75,0.6666666666666666,0.6666666666666666,0.0,1.0,0.9864864864864865,0.9179640421315508,1.0,0.9,0.9993103448275862,0.2971364580153022
rework,0.1,1001,350,150,150,0.0,0.07,0.95,8,2,0.005714285714285714,0.4689955935892812,0.4689955935892812,6.3,8,8,8,0,16,12,12,8,2,2,0,0,1,2,0.09090909090909091,4,1.5,144,128,64,96,80,6,58,7,8,8,0,0.23880597014925373,7.0,7,14,0.60625,1.0,8.0,18.0,12.0,150,0,0,150,1.0,1.0,1.0,1.0,0.0,0.0,10.0,1.0,1.0,1.0,1.0,0.0,150,0,0,150,1.0,1.0,1.0,1.0,0.0,0.0,10.0,1.0,1.0,1.0,1.0,0.0,150,0,0,150,1.0,1.0,1.0,1.0,0.0,0.0,10.0,1.0,1.0,1.0,1.0,0.0,1.0,0.9864864864864865,0.9179640421315508,1.0,1.0,1.0,0.3367682920070365
rework,0.1,1001,350,150,150,0.0,0.07,0.99,8,2,0.005714285714285714,0.4689955935892812,0.4689955935892812,6.3,8,8,8,0,16,12,12,8,2,2,0,0,1,2,0.09090909090909091,4,1.5,144,128,64,96,80,6,58,7,8,8,0,0.23880597014925373,7.0,7,14,0.60625,1.0,8.0,18.0,12.0,150,0,0,150,1.0,1.0,1.0,1.0,0.0,0.0,10.0,1.0,1.0,1.0,1.0,0.0,150,0,0,150,1.0,1.0,1.0,1.0,0.0,0.0,10.0,1.0,1.0,1.0,1.0,0.0,150,0,0,150,1.0,1.0,1.0,1.0,0.0,0.0,10.0,1.0,1.0,1.0,1.0,0.0,1.0,0.9864864864864865,0.9179640421315508,1.0,1.0,1.0,0.3311468329920899
rework,0.1,1002,350,150,150,0.0,0.03,0.9,8,2,0.005714285714285714,0.47798763982120274,0.47798763982120274,6.308571428571429,8,8,8,0,16,12,12,8,2,2,0,0,1,2,0.09090909090909091,4,1.5,144,128,64,96,80,6,58,7,8,8,0,0.23880597014925373,7.0,7,14,0.6075,1.0,8.0,18.0,12.0,150,0,0,150,1.0,1.0,1.0,1.0,0.0,0.0,10.0,1.0,1.0,1.0,1.0,0.0,150,0,0,150,1.0,1.0,1.0,1.0,0.0,0.0,10.0,1.0,1.0,1.0,1.0,0.0,150,0,0,150,1.0,1.0,1.0,1.0,0.0,0.0,10.0,1.0,1.0,1.0,1.0,0.0,1.0,0.9861218195836546,0.9185633456122893,1.0,1.0,1.0,0.3123792500118725
rework,0.1,1002,350,150,150,0.0,0.03,0.95,8,2,0.005714285714285714,0.47798763982120274,0.47798763982120274,6.308571428571429,8,8,8,0,16,12,12,8,2,2,0,0,1,2,0.09090909090909091,4,1.5,144,128,64,96,80,6,58,7,8,8,0,0.23880597014925373,7.0,7,14,0.6075,1.0,8.0,18.0,12.0,150,0,0,150,1.0,1.0,1.0,1.0,0.0,0.0,10.0,1.0,1.0,1.0,1.0,0.0,150,0,0,150,1.0,1.0,1.0,1.0,0.0,0.0,10.0,1.0,1.0,1.0,1.0,0.0,150,0,0,150,1.0,1.0,1.0,1.0,0.0,0.0,10.0,1.0,1.0,1.0,1.0,0.0,1.0,0.9861218195836546,0.9185633456122893,1.0,1.0,1.0,0.31298595800762996
rework,0.1,1002,350,150,150,0.0,0.03,0.99,8,2,0.005714285714285714,0.47798763982120274,0.47798763982120274,6.308571428571429,8,8,8,0,16,12,12,8,2,2,0,0,1,2,0.09090909090909091,4,1.5,144,128,64,96,80,6,58,7,8,8,0,0.23880597014925373,7.0,7,14,0.6075,1.0,8.0,18.0,12.0,150,0,0,150,1.0,1.0,1.0,1.0,0.0,0.0,10.0,1.0,1.0,1.0,1.0,0.0,150,0,0,150,1.0,1.0,1.0,1.0,0.0,0.0,10.0,1.0,1.0,1.0,1.0,0.0,150,0,0,150,1.0,1.0,1.0,1.0,0.0,0.0,10.0,1.0,1.0,1.0,1.0,0.0,1.0,0.9861218195836546,0.9185633456122893,1.0,1.0,1.0,0.32286166699486785
rework,0.1,1002,350,150,150,0.0,0.05,0.9,8,2,0.005714285714285714,0.47798763982120274,0.47798763982120274,6.308571428571429,8,8,8,0,16,12,12,8,2,2,0,0,1,2,0.09090909090909091,4,1.5,144,128,64,96,80,6,58,7,8,8,0,0.23880597014925373,7.0,7,14,0.6075,1.0,8.0,18.0,12.0,150,0,0,150,1.0,1.0,1.0,1.0,0.0,0.0,10.0,1.0,1.0,1.0,1.0,0.0,150,0,0,150,1.0,1.0,1.0,1.0,0.0,0.0,10.0,1.0,1.0,1.0,1.0,0.0,150,0,0,150,1.0,1.0,1.0,1.0,0.0,0.0,10.0,1.0,1.0,1.0,1.0,0.0,1.0,0.9861218195836546,0.9185633456122893,1.0,1.0,1.0,0.296101458981866
rework,0.1,1002,350,150,150,0.0,0.05,0.95,8,2,0.005714285714285714,0.47798763982120274,0.47798763982120274,6.308571428571429,8,8,8,0,16,12,12,8,2,2,0,0,1,2,0.09090909090909091,4,1.5,144,128,64,96,80,6,58,7,8,8,0,0.23880597014925373,7.0,7,14,0.6075,1.0,8.0,18.0,12.0,150,0,0,150,1.0,1.0,1.0,1.0,0.0,0.0,10.0,1.0,1.0,1.0,1.0,0.0,150,0,0,150,1.0,1.0,1.0,1.0,0.0,0.0,10.0,1.0,1.0,1.0,1.0,0.0,150,0,0,150,1.0,1.0,1.0,1.0,0.0,0.0,10.0,1.0,1.0,1.0,1.0,0.0,1.0,0.9861218195836546,0.9185633456122893,1.0,1.0,1.0,0.39491883298614994
rework,0.1,1002,350,150,150,0.0,0.05,0.99,8,2,0.005714285714285714,0.47798763982120274,0.47798763982120274,6.308571428571429,8,8,8,0,16,12,12,8,2,2,0,0,1,2,0.09090909090909091,4,1.5,144,128,64,96,80,6,58,7,8,8,0,0.23880597014925373,7.0,7,14,0.6075,1.0,8.0,18.0,12.0,150,0,0,150,1.0,1.0,1.0,1.0,0.0,0.0,10.0,1.0,1.0,1.0,1.0,0.0,150,0,0,150,1.0,1.0,1.0,1.0,0.0,0.0,10.0,1.0,1.0,1.0,1.0,0.0,150,0,0,150,1.0,1.0,1.0,1.0,0.0,0.0,10.0,1.0,1.0,1.0,1.0,0.0,1.0,0.9861218195836546,0.9185633456122893,1.0,1.0,1.0,0.36092883298988454
rework,0.1,1002,350,150,150,0.0,0.07,0.9,8,2,0.005714285714285714,0.47798763982120274,0.47798763982120274,6.308571428571429,8,8,8,0,16,12,12,8,2,2,0,0,1,2,0.09090909090909091,4,1.5,144,128,64,96,80,6,58,7,8,8,0,0.23880597014925373,7.0,7,14,0.6075,1.0,8.0,18.0,12.0,150,0,0,150,1.0,1.0,1.0,1.0,0.0,0.0,10.0,1.0,1.0,1.0,1.0,0.0,150,0,0,150,1.0,1.0,1.0,1.0,0.0,0.0,10.0,1.0,1.0,1.0,1.0,0.0,150,0,0,150,1.0,1.0,1.0,1.0,0.0,0.0,10.0,1.0,1.0,1.0,1.0,0.0,1.0,0.9861218195836546,0.9185633456122893,1.0,1.0,1.0,0.3187804580084048
rework,0.1,1002,350,150,150,0.0,0.07,0.95,8,2,0.005714285714285714,0.47798763982120274,0.47798763982120274,6.308571428571429,8,8,8,0,16,12,12,8,2,2,0,0,1,2,0.09090909090909091,4,1.5,144,128,64,96,80,6,58,7,8,8,0,0.23880597014925373,7.0,7,14,0.6075,1.0,8.0,18.0,12.0,150,0,0,150,1.0,1.0,1.0,1.0,0.0,0.0,10.0,1.0,1.0,1.0,1.0,0.0,150,0,0,150,1.0,1.0,1.0,1.0,0.0,0.0,10.0,1.0,1.0,1.0,1.0,0.0,150,0,0,150,1.0,1.0,1.0,1.0,0.0,0.0,10.0,1.0,1.0,1.0,1.0,0.0,1.0,0.9861218195836546,0.9185633456122893,1.0,1.0,1.0,0.3009607919957489
rework,0.1,1002,350,150,150,0.0,0.07,0.99,8,2,0.005714285714285714,0.47798763982120274,0.47798763982120274,6.308571428571429,8,8,8,0,16,12,12,8,2,2,0,0,1,2,0.09090909090909091,4,1.5,144,128,64,96,80,6,58,7,8,8,0,0.23880597014925373,7.0,7,14,0.6075,1.0,8.0,18.0,12.0,150,0,0,150,1.0,1.0,1.0,1.0,0.0,0.0,10.0,1.0,1.0,1.0,1.0,0.0,150,0,0,150,1.0,1.0,1.0,1.0,0.0,0.0,10.0,1.0,1.0,1.0,1.0,0.0,150,0,0,150,1.0,1.0,1.0,1.0,0.0,0.0,10.0,1.0,1.0,1.0,1.0,0.0,1.0,0.9861218195836546,0.9185633456122893,1.0,1.0,1.0,0.3637671250035055
rework,0.1,1003,350,150,150,0.0,0.03,0.9,8,2,0.005714285714285714,0.5375182490299424,0.5375182490299424,6.368571428571428,8,8,8,0,16,12,12,8,2,2,0,0,1,2,0.09090909090909091,4,1.5,144,128,64,96,80,6,58,7,8,8,0,0.23880597014925373,7.0,7,14,0.61625,1.0,8.0,18.0,12.0,150,0,0,150,1.0,1.0,1.0,1.0,0.0,0.0,10.0,1.0,1.0,1.0,1.0,0.0,150,0,0,150,1.0,1.0,1.0,1.0,0.0,0.0,10.0,1.0,1.0,1.0,1.0,0.0,150,0,0,150,1.0,1.0,1.0,1.0,0.0,0.0,10.0,1.0,1.0,1.0,1.0,0.0,1.0,0.9836003051106026,0.9221622862739793,1.0,1.0,1.0,0.30832350000855513
rework,0.1,1003,350,150,150,0.0,0.03,0.95,8,2,0.005714285714285714,0.5375182490299424,0.5375182490299424,6.368571428571428,8,8,8,0,16,12,12,8,2,2,0,0,1,2,0.09090909090909091,4,1.5,144,128,64,96,80,6,58,7,8,8,0,0.23880597014925373,7.0,7,14,0.61625,1.0,8.0,18.0,12.0,150,0,0,150,1.0,1.0,1.0,1.0,0.0,0.0,10.0,1.0,1.0,1.0,1.0,0.0,150,0,0,150,1.0,1.0,1.0,1.0,0.0,0.0,10.0,1.0,1.0,1.0,1.0,0.0,150,0,0,150,1.0,1.0,1.0,1.0,0.0,0.0,10.0,1.0,1.0,1.0,1.0,0.0,1.0,0.9836003051106026,0.9221622862739793,1.0,1.0,1.0,0.32160599998314865
rework,0.1,1003,350,150,150,0.0,0.03,0.99,8,2,0.005714285714285714,0.5375182490299424,0.5375182490299424,6.368571428571428,8,8,8,0,16,12,12,8,2,2,0,0,1,2,0.09090909090909091,4,1.5,144,128,64,96,80,6,58,7,8,8,0,0.23880597014925373,7.0,7,14,0.61625,1.0,8.0,18.0,12.0,150,0,0,150,1.0,1.0,1.0,1.0,0.0,0.0,10.0,1.0,1.0,1.0,1.0,0.0,150,0,0,150,1.0,1.0,1.0,1.0,0.0,0.0,10.0,1.0,1.0,1.0,1.0,0.0,150,0,0,150,1.0,1.0,1.0,1.0,0.0,0.0,10.0,1.0,1.0,1.0,1.0,0.0,1.0,0.9836003051106026,0.9221622862739793,1.0,1.0,1.0,0.3268589999934193
rework,0.1,1003,350,150,150,0.0,0.05,0.9,8,2,0.005714285714285714,0.5375182490299424,0.5375182490299424,6.368571428571428,8,8,8,0,16,12,12,8,2,2,0,0,1,2,0.09090909090909091,4,1.5,144,128,64,96,80,6,58,7,8,8,0,0.23880597014925373,7.0,7,14,0.61625,1.0,8.0,18.0,12.0,150,0,0,150,1.0,1.0,1.0,1.0,0.0,0.0,10.0,1.0,1.0,1.0,1.0,0.0,150,0,0,150,1.0,1.0,1.0,1.0,0.0,0.0,10.0,1.0,1.0,1.0,1.0,0.0,150,0,0,150,1.0,1.0,1.0,1.0,0.0,0.0,10.0,1.0,1.0,1.0,1.0,0.0,1.0,0.9836003051106026,0.9221622862739793,1.0,1.0,1.0,0.3181585829879623
rework,0.1,1003,350,150,150,0.0,0.05,0.95,8,2,0.005714285714285714,0.5375182490299424,0.5375182490299424,6.368571428571428,8,8,8,0,16,12,12,8,2,2,0,0,1,2,0.09090909090909091,4,1.5,144,128,64,96,80,6,58,7,8,8,0,0.23880597014925373,7.0,7,14,0.61625,1.0,8.0,18.0,12.0,150,0,0,150,1.0,1.0,1.0,1.0,0.0,0.0,10.0,1.0,1.0,1.0,1.0,0.0,150,0,0,150,1.0,1.0,1.0,1.0,0.0,0.0,10.0,1.0,1.0,1.0,1.0,0.0,150,0,0,150,1.0,1.0,1.0,1.0,0.0,0.0,10.0,1.0,1.0,1.0,1.0,0.0,1.0,0.9836003051106026,0.9221622862739793,1.0,1.0,1.0,0.3102997090027202
rework,0.1,1003,350,150,150,0.0,0.05,0.99,8,2,0.005714285714285714,0.5375182490299424,0.5375182490299424,6.368571428571428,8,8,8,0,16,12,12,8,2,2,0,0,1,2,0.09090909090909091,4,1.5,144,128,64,96,80,6,58,7,8,8,0,0.23880597014925373,7.0,7,14,0.61625,1.0,8.0,18.0,12.0,150,0,0,150,1.0,1.0,1.0,1.0,0.0,0.0,10.0,1.0,1.0,1.0,1.0,0.0,150,0,0,150,1.0,1.0,1.0,1.0,0.0,0.0,10.0,1.0,1.0,1.0,1.0,0.0,150,0,0,150,1.0,1.0,1.0,1.0,0.0,0.0,10.0,1.0,1.0,1.0,1.0,0.0,1.0,0.9836003051106026,0.9221622862739793,1.0,1.0,1.0,0.3170171669917181
rework,0.1,1003,350,150,150,0.0,0.07,0.9,8,2,0.005714285714285714,0.5375182490299424,0.5375182490299424,6.368571428571428,8,8,8,0,16,12,12,8,2,2,0,0,1,2,0.09090909090909091,4,1.5,144,128,64,96,80,6,58,7,8,8,0,0.23880597014925373,7.0,7,14,0.61625,1.0,8.0,18.0,12.0,150,0,0,150,1.0,1.0,1.0,1.0,0.0,0.0,10.0,1.0,1.0,1.0,1.0,0.0,150,0,0,150,1.0,1.0,1.0,1.0,0.0,0.0,10.0,1.0,1.0,1.0,1.0,0.0,150,0,0,150,1.0,1.0,1.0,1.0,0.0,0.0,10.0,1.0,1.0,1.0,1.0,0.0,1.0,0.9836003051106026,0.9221622862739793,1.0,1.0,1.0,0.2961163749860134
rework,0.1,1003,350,150,150,0.0,0.07,0.95,8,2,0.005714285714285714,0.5375182490299424,0.5375182490299424,6.368571428571428,8,8,8,0,16,12,12,8,2,2,0,0,1,2,0.09090909090909091,4,1.5,144,128,64,96,80,6,58,7,8,8,0,0.23880597014925373,7.0,7,14,0.61625,1.0,8.0,18.0,12.0,150,0,0,150,1.0,1.0,1.0,1.0,0.0,0.0,10.0,1.0,1.0,1.0,1.0,0.0,150,0,0,150,1.0,1.0,1.0,1.0,0.0,0.0,10.0,1.0,1.0,1.0,1.0,0.0,150,0,0,150,1.0,1.0,1.0,1.0,0.0,0.0,10.0,1.0,1.0,1.0,1.0,0.0,1.0,0.9836003051106026,0.9221622862739793,1.0,1.0,1.0,0.297307875007391
rework,0.1,1003,350,150,150,0.0,0.07,0.99,8,2,0.005714285714285714,0.5375182490299424,0.5375182490299424,6.368571428571428,8,8,8,0,16,12,12,8,2,2,0,0,1,2,0.09090909090909091,4,1.5,144,128,64,96,80,6,58,7,8,8,0,0.23880597014925373,7.0,7,14,0.61625,1.0,8.0,18.0,12.0,150,0,0,150,1.0,1.0,1.0,1.0,0.0,0.0,10.0,1.0,1.0,1.0,1.0,0.0,150,0,0,150,1.0,1.0,1.0,1.0,0.0,0.0,10.0,1.0,1.0,1.0,1.0,0.0,150,0,0,150,1.0,1.0,1.0,1.0,0.0,0.0,10.0,1.0,1.0,1.0,1.0,0.0,1.0,0.9836003051106026,0.9221622862739793,1.0,1.0,1.0,0.3402673749951646
rework,0.1,1004,350,150,150,0.0,0.03,0.9,8,2,0.005714285714285714,0.49559186098696384,0.49559186098696384,6.325714285714286,8,8,8,0,16,12,12,8,2,2,0,0,1,2,0.09090909090909091,4,1.5,144,128,64,96,80,6,58,7,8,8,0,0.23880597014925373,7.0,7,14,0.61,1.0,8.0,18.0,12.0,150,0,0,150,1.0,1.0,1.0,1.0,0.0,0.0,10.0,1.0,1.0,1.0,1.0,0.0,150,0,0,150,1.0,1.0,1.0,1.0,0.0,0.0,10.0,1.0,1.0,1.0,1.0,0.0,150,0,0,150,1.0,1.0,1.0,1.0,0.0,0.0,10.0,1.0,1.0,1.0,1.0,0.0,1.0,0.9853958493466565,0.9196910759461712,1.0,1.0,1.0,0.3033541670010891
rework,0.1,1004,350,150,150,0.0,0.03,0.95,8,2,0.005714285714285714,0.49559186098696384,0.49559186098696384,6.325714285714286,8,8,8,0,16,12,12,8,2,2,0,0,1,2,0.09090909090909091,4,1.5,144,128,64,96,80,6,58,7,8,8,0,0.23880597014925373,7.0,7,14,0.61,1.0,8.0,18.0,12.0,150,0,0,150,1.0,1.0,1.0,1.0,0.0,0.0,10.0,1.0,1.0,1.0,1.0,0.0,150,0,0,150,1.0,1.0,1.0,1.0,0.0,0.0,10.0,1.0,1.0,1.0,1.0,0.0,150,0,0,150,1.0,1.0,1.0,1.0,0.0,0.0,10.0,1.0,1.0,1.0,1.0,0.0,1.0,0.9853958493466565,0.9196910759461712,1.0,1.0,1.0,0.30635883298236877
rework,0.1,1004,350,150,150,0.0,0.03,0.99,8,2,0.005714285714285714,0.49559186098696384,0.49559186098696384,6.325714285714286,8,8,8,0,16,12,12,8,2,2,0,0,1,2,0.09090909090909091,4,1.5,144,128,64,96,80,6,58,7,8,8,0,0.23880597014925373,7.0,7,14,0.61,1.0,8.0,18.0,12.0,150,0,0,150,1.0,1.0,1.0,1.0,0.0,0.0,10.0,1.0,1.0,1.0,1.0,0.0,150,0,0,150,1.0,1.0,1.0,1.0,0.0,0.0,10.0,1.0,1.0,1.0,1.0,0.0,150,0,0,150,1.0,1.0,1.0,1.0,0.0,0.0,10.0,1.0,1.0,1.0,1.0,0.0,1.0,0.9853958493466565,0.9196910759461712,1.0,1.0,1.0,0.332994292024523
rework,0.1,1004,350,150,150,0.0,0.05,0.9,8,2,0.005714285714285714,0.49559186098696384,0.49559186098696384,6.325714285714286,8,8,8,0,16,12,12,8,2,2,0,0,1,2,0.09090909090909091,4,1.5,144,128,64,96,80,6,58,7,8,8,0,0.23880597014925373,7.0,7,14,0.61,1.0,8.0,18.0,12.0,150,0,0,150,1.0,1.0,1.0,1.0,0.0,0.0,10.0,1.0,1.0,1.0,1.0,0.0,150,0,0,150,1.0,1.0,1.0,1.0,0.0,0.0,10.0,1.0,1.0,1.0,1.0,0.0,150,0,0,150,1.0,1.0,1.0,1.0,0.0,0.0,10.0,1.0,1.0,1.0,1.0,0.0,1.0,0.9853958493466565,0.9196910759461712,1.0,1.0,1.0,0.33231304099899717
rework,0.1,1004,350,150,150,0.0,0.05,0.95,8,2,0.005714285714285714,0.49559186098696384,0.49559186098696384,6.325714285714286,8,8,8,0,16,12,12,8,2,2,0,0,1,2,0.09090909090909091,4,1.5,144,128,64,96,80,6,58,7,8,8,0,0.23880597014925373,7.0,7,14,0.61,1.0,8.0,18.0,12.0,150,0,0,150,1.0,1.0,1.0,1.0,0.0,0.0,10.0,1.0,1.0,1.0,1.0,0.0,150,0,0,150,1.0,1.0,1.0,1.0,0.0,0.0,10.0,1.0,1.0,1.0,1.0,0.0,150,0,0,150,1.0,1.0,1.0,1.0,0.0,0.0,10.0,1.0,1.0,1.0,1.0,0.0,1.0,0.9853958493466565,0.9196910759461712,1.0,1.0,1.0,0.32273754201014526
rework,0.1,1004,350,150,150,0.0,0.05,0.99,8,2,0.005714285714285714,0.49559186098696384,0.49559186098696384,6.325714285714286,8,8,8,0,16,12,12,8,2,2,0,0,1,2,0.09090909090909091,4,1.5,144,128,64,96,80,6,58,7,8,8,0,0.23880597014925373,7.0,7,14,0.61,1.0,8.0,18.0,12.0,150,0,0,150,1.0,1.0,1.0,1.0,0.0,0.0,10.0,1.0,1.0,1.0,1.0,0.0,150,0,0,150,1.0,1.0,1.0,1.0,0.0,0.0,10.0,1.0,1.0,1.0,1.0,0.0,150,0,0,150,1.0,1.0,1.0,1.0,0.0,0.0,10.0,1.0,1.0,1.0,1.0,0.0,1.0,0.9853958493466565,0.9196910759461712,1.0,1.0,1.0,0.3558000840130262
rework,0.1,1004,350,150,150,0.0,0.07,0.9,8,2,0.005714285714285714,0.49559186098696384,0.49559186098696384,6.325714285714286,8,8,8,0,16,12,12,8,2,2,0,0,1,2,0.09090909090909091,4,1.5,144,128,64,96,80,6,58,7,8,8,0,0.23880597014925373,7.0,7,14,0.61,1.0,8.0,18.0,12.0,150,0,0,150,1.0,1.0,1.0,1.0,0.0,0.0,10.0,1.0,1.0,1.0,1.0,0.0,150,0,0,150,1.0,1.0,1.0,1.0,0.0,0.0,10.0,1.0,1.0,1.0,1.0,0.0,150,0,0,150,1.0,1.0,1.0,1.0,0.0,0.0,10.0,1.0,1.0,1.0,1.0,0.0,1.0,0.9853958493466565,0.9196910759461712,1.0,1.0,1.0,0.3347323329944629
rework,0.1,1004,350,150,150,0.0,0.07,0.95,8,2,0.005714285714285714,0.49559186098696384,0.49559186098696384,6.325714285714286,8,8,8,0,16,12,12,8,2,2,0,0,1,2,0.09090909090909091,4,1.5,144,128,64,96,80,6,58,7,8,8,0,0.23880597014925373,7.0,7,14,0.61,1.0,8.0,18.0,12.0,150,0,0,150,1.0,1.0,1.0,1.0,0.0,0.0,10.0,1.0,1.0,1.0,1.0,0.0,150,0,0,150,1.0,1.0,1.0,1.0,0.0,0.0,10.0,1.0,1.0,1.0,1.0,0.0,150,0,0,150,1.0,1.0,1.0,1.0,0.0,0.0,10.0,1.0,1.0,1.0,1.0,0.0,1.0,0.9853958493466565,0.9196910759461712,1.0,1.0,1.0,0.3153820830048062
rework,0.1,1004,350,150,150,0.0,0.07,0.99,8,2,0.005714285714285714,0.49559186098696384,0.49559186098696384,6.325714285714286,8,8,8,0,16,12,12,8,2,2,0,0,1,2,0.09090909090909091,4,1.5,144,128,64,96,80,6,58,7,8,8,0,0.23880597014925373,7.0,7,14,0.61,1.0,8.0,18.0,12.0,150,0,0,150,1.0,1.0,1.0,1.0,0.0,0.0,10.0,1.0,1.0,1.0,1.0,0.0,150,0,0,150,1.0,1.0,1.0,1.0,0.0,0.0,10.0,1.0,1.0,1.0,1.0,0.0,150,0,0,150,1.0,1.0,1.0,1.0,0.0,0.0,10.0,1.0,1.0,1.0,1.0,0.0,1.0,0.9853958493466565,0.9196910759461712,1.0,1.0,1.0,0.3292010840086732
rework,0.1,1005,350,150,150,0.0,0.03,0.9,8,2,0.005714285714285714,0.45987267461382586,0.45987267461382586,6.291428571428572,8,8,8,0,16,12,12,8,2,2,0,0,1,2,0.09090909090909091,4,1.5,145,129,65,97,80,7,58,7,8,8,0,0.24253731343283583,7.0,7,14,0.6110769230769231,0.9985054945054945,8.125,18.125,12.125,150,0,0,150,1.0,1.0,1.0,1.0,0.0,0.0,10.0,1.0,1.0,1.0,1.0,0.0,75,75,0,150,0.75,1.0,0.5,0.6666666666666666,0.0,0.5,10.0,1.0,0.75,0.6666666666666666,0.6666666666666666,0.0,75,75,0,150,0.75,1.0,0.5,0.6666666666666666,0.0,0.5,10.0,1.0,0.75,0.6666666666666666,0.6666666666666666,0.0,1.0,0.9868522815158546,0.9173388189368219,1.0,0.9028571428571428,0.9993300492610837,0.31516691599972546
rework,0.1,1005,350,150,150,0.0,0.03,0.95,8,2,0.005714285714285714,0.45987267461382586,0.45987267461382586,6.291428571428572,8,8,8,0,16,12,12,8,2,2,0,0,1,2,0.09090909090909091,4,1.5,144,128,64,96,80,6,58,7,8,8,0,0.23880597014925373,7.0,7,14,0.605,1.0,8.0,18.0,12.0,150,0,0,150,1.0,1.0,1.0,1.0,0.0,0.0,10.0,1.0,1.0,1.0,1.0,0.0,150,0,0,150,1.0,1.0,1.0,1.0,0.0,0.0,10.0,1.0,1.0,1.0,1.0,0.0,150,0,0,150,1.0,1.0,1.0,1.0,0.0,0.0,10.0,1.0,1.0,1.0,1.0,0.0,1.0,0.9868522815158546,0.9173388189368219,1.0,1.0,1.0,0.3264049590216018
rework,0.1,1005,350,150,150,0.0,0.03,0.99,8,2,0.005714285714285714,0.45987267461382586,0.45987267461382586,6.291428571428572,8,8,8,0,16,12,12,8,2,2,0,0,1,2,0.09090909090909091,4,1.5,144,128,64,96,80,6,58,7,8,8,0,0.23880597014925373,7.0,7,14,0.605,1.0,8.0,18.0,12.0,150,0,0,150,1.0,1.0,1.0,1.0,0.0,0.0,10.0,1.0,1.0,1.0,1.0,0.0,150,0,0,150,1.0,1.0,1.0,1.0,0.0,0.0,10.0,1.0,1.0,1.0,1.0,0.0,150,0,0,150,1.0,1.0,1.0,1.0,0.0,0.0,10.0,1.0,1.0,1.0,1.0,0.0,1.0,0.9868522815158546,0.9173388189368219,1.0,1.0,1.0,0.3210369169828482
rework,0.1,1005,350,150,150,0.0,0.05,0.9,8,2,0.005714285714285714,0.45987267461382586,0.45987267461382586,6.291428571428572,8,8,8,0,16,12,12,8,2,2,0,0,1,2,0.09090909090909091,4,1.5,145,129,65,97,80,7,58,7,8,8,0,0.24253731343283583,7.0,7,14,0.6110769230769231,0.9985054945054945,8.125,18.125,12.125,150,0,0,150,1.0,1.0,1.0,1.0,0.0,0.0,10.0,1.0,1.0,1.0,1.0,0.0,75,75,0,150,0.75,1.0,0.5,0.6666666666666666,0.0,0.5,10.0,1.0,0.75,0.6666666666666666,0.6666666666666666,0.0,75,75,0,150,0.75,1.0,0.5,0.6666666666666666,0.0,0.5,10.0,1.0,0.75,0.6666666666666666,0.6666666666666666,0.0,1.0,0.9868522815158546,0.9173388189368219,1.0,0.9028571428571428,0.9993300492610837,0.32150975000695325
rework,0.1,1005,350,150,150,0.0,0.05,0.95,8,2,0.005714285714285714,0.45987267461382586,0.45987267461382586,6.291428571428572,8,8,8,0,16,12,12,8,2,2,0,0,1,2,0.09090909090909091,4,1.5,144,128,64,96,80,6,58,7,8,8,0,0.23880597014925373,7.0,7,14,0.605,1.0,8.0,18.0,12.0,150,0,0,150,1.0,1.0,1.0,1.0,0.0,0.0,10.0,1.0,1.0,1.0,1.0,0.0,150,0,0,150,1.0,1.0,1.0,1.0,0.0,0.0,10.0,1.0,1.0,1.0,1.0,0.0,150,0,0,150,1.0,1.0,1.0,1.0,0.0,0.0,10.0,1.0,1.0,1.0,1.0,0.0,1.0,0.9868522815158546,0.9173388189368219,1.0,1.0,1.0,0.31053033299394883
rework,0.1,1005,350,150,150,0.0,0.05,0.99,8,2,0.005714285714285714,0.45987267461382586,0.45987267461382586,6.291428571428572,8,8,8,0,16,12,12,8,2,2,0,0,1,2,0.09090909090909091,4,1.5,144,128,64,96,80,6,58,7,8,8,0,0.23880597014925373,7.0,7,14,0.605,1.0,8.0,18.0,12.0,150,0,0,150,1.0,1.0,1.0,1.0,0.0,0.0,10.0,1.0,1.0,1.0,1.0,0.0,150,0,0,150,1.0,1.0,1.0,1.0,0.0,0.0,10.0,1.0,1.0,1.0,1.0,0.0,150,0,0,150,1.0,1.0,1.0,1.0,0.0,0.0,10.0,1.0,1.0,1.0,1.0,0.0,1.0,0.9868522815158546,0.9173388189368219,1.0,1.0,1.0,0.3310495420009829
rework,0.1,1005,350,150,150,0.0,0.07,0.9,8,2,0.005714285714285714,0.45987267461382586,0.45987267461382586,6.291428571428572,8,8,8,0,16,12,12,8,2,2,0,0,1,2,0.09090909090909091,4,1.5,145,129,65,97,80,7,58,7,8,8,0,0.24253731343283583,7.0,7,14,0.6110769230769231,0.9985054945054945,8.125,18.125,12.125,150,0,0,150,1.0,1.0,1.0,1.0,0.0,0.0,10.0,1.0,1.0,1.0,1.0,0.0,75,75,0,150,0.75,1.0,0.5,0.6666666666666666,0.0,0.5,10.0,1.0,0.75,0.6666666666666666,0.6666666666666666,0.0,75,75,0,150,0.75,1.0,0.5,0.6666666666666666,0.0,0.5,10.0,1.0,0.75,0.6666666666666666,0.6666666666666666,0.0,1.0,0.9868522815158546,0.9173388189368219,1.0,0.9028571428571428,0.9993300492610837,0.3529457919939887
rework,0.1,1005,350,150,150,0.0,0.07,0.95,8,2,0.005714285714285714,0.45987267461382586,0.45987267461382586,6.291428571428572,8,8,8,0,16,12,12,8,2,2,0,0,1,2,0.09090909090909091,4,1.5,144,128,64,96,80,6,58,7,8,8,0,0.23880597014925373,7.0,7,14,0.605,1.0,8.0,18.0,12.0,150,0,0,150,1.0,1.0,1.0,1.0,0.0,0.0,10.0,1.0,1.0,1.0,1.0,0.0,150,0,0,150,1.0,1.0,1.0,1.0,0.0,0.0,10.0,1.0,1.0,1.0,1.0,0.0,150,0,0,150,1.0,1.0,1.0,1.0,0.0,0.0,10.0,1.0,1.0,1.0,1.0,0.0,1.0,0.9868522815158546,0.9173388189368219,1.0,1.0,1.0,0.321048666985007
rework,0.1,1005,350,150,150,0.0,0.07,0.99,8,2,0.005714285714285714,0.45987267461382586,0.45987267461382586,6.291428571428572,8,8,8,0,16,12,12,8,2,2,0,0,1,2,0.09090909090909091,4,1.5,144,128,64,96,80,6,58,7,8,8,0,0.23880597014925373,7.0,7,14,0.605,1.0,8.0,18.0,12.0,150,0,0,150,1.0,1.0,1.0,1.0,0.0,0.0,10.0,1.0,1.0,1.0,1.0,0.0,150,0,0,150,1.0,1.0,1.0,1.0,0.0,0.0,10.0,1.0,1.0,1.0,1.0,0.0,150,0,0,150,1.0,1.0,1.0,1.0,0.0,0.0,10.0,1.0,1.0,1.0,1.0,0.0,1.0,0.9868522815158546,0.9173388189368219,1.0,1.0,1.0,0.3220924170163926
rework,0.1,1006,350,150,150,0.0,0.03,0.9,8,2,0.005714285714285714,0.4689955935892812,0.4689955935892812,6.3,8,8,8,0,16,12,12,8,2,2,0,0,1,2,0.09090909090909091,4,1.5,145,129,65,97,80,7,58,7,8,8,0,0.24253731343283583,7.0,7,14,0.6123076923076922,0.9984615384615385,8.125,18.125,12.125,150,0,0,150,1.0,1.0,1.0,1.0,0.0,0.0,10.0,1.0,1.0,1.0,1.0,0.0,75,75,0,150,0.75,1.0,0.5,0.6666666666666666,0.0,0.5,10.0,1.0,0.75,0.6666666666666666,0.6666666666666666,0.0,75,75,0,150,0.75,1.0,0.5,0.6666666666666666,0.0,0.5,10.0,1.0,0.75,0.6666666666666666,0.6666666666666666,0.0,1.0,0.9864864864864865,0.9179640421315508,1.0,0.9,0.9993103448275862,0.3369022090046201
rework,0.1,1006,350,150,150,0.0,0.03,0.95,8,2,0.005714285714285714,0.4689955935892812,0.4689955935892812,6.3,8,8,8,0,16,12,12,8,2,2,0,0,1,2,0.09090909090909091,4,1.5,144,128,64,96,80,6,58,7,8,8,0,0.23880597014925373,7.0,7,14,0.60625,1.0,8.0,18.0,12.0,150,0,0,150,1.0,1.0,1.0,1.0,0.0,0.0,10.0,1.0,1.0,1.0,1.0,0.0,150,0,0,150,1.0,1.0,1.0,1.0,0.0,0.0,10.0,1.0,1.0,1.0,1.0,0.0,150,0,0,150,1.0,1.0,1.0,1.0,0.0,0.0,10.0,1.0,1.0,1.0,1.0,0.0,1.0,0.9864864864864865,0.9179640421315508,1.0,1.0,1.0,0.31994412498897873
rework,0.1,1006,350,150,150,0.0,0.03,0.99,8,2,0.005714285714285714,0.4689955935892812,0.4689955935892812,6.3,8,8,8,0,16,12,12,8,2,2,0,0,1,2,0.09090909090909091,4,1.5,144,128,64,96,80,6,58,7,8,8,0,0.23880597014925373,7.0,7,14,0.60625,1.0,8.0,18.0,12.0,150,0,0,150,1.0,1.0,1.0,1.0,0.0,0.0,10.0,1.0,1.0,1.0,1.0,0.0,150,0,0,150,1.0,1.0,1.0,1.0,0.0,0.0,10.0,1.0,1.0,1.0,1.0,0.0,150,0,0,150,1.0,1.0,1.0,1.0,0.0,0.0,10.0,1.0,1.0,1.0,1.0,0.0,1.0,0.9864864864864865,0.9179640421315508,1.0,1.0,1.0,0.3180990830005612
rework,0.1,1006,350,150,150,0.0,0.05,0.9,8,2,0.005714285714285714,0.4689955935892812,0.4689955935892812,6.3,8,8,8,0,16,12,12,8,2,2,0,0,1,2,0.09090909090909091,4,1.5,145,129,65,97,80,7,58,7,8,8,0,0.24253731343283583,7.0,7,14,0.6123076923076922,0.9984615384615385,8.125,18.125,12.125,150,0,0,150,1.0,1.0,1.0,1.0,0.0,0.0,10.0,1.0,1.0,1.0,1.0,0.0,75,75,0,150,0.75,1.0,0.5,0.6666666666666666,0.0,0.5,10.0,1.0,0.75,0.6666666666666666,0.6666666666666666,0.0,75,75,0,150,0.75,1.0,0.5,0.6666666666666666,0.0,0.5,10.0,1.0,0.75,0.6666666666666666,0.6666666666666666,0.0,1.0,0.9864864864864865,0.9179640421315508,1.0,0.9,0.9993103448275862,0.3591277090017684
rework,0.1,1006,350,150,150,0.0,0.05,0.95,8,2,0.005714285714285714,0.4689955935892812,0.4689955935892812,6.3,8,8,8,0,16,12,12,8,2,2,0,0,1,2,0.09090909090909091,4,1.5,144,128,64,96,80,6,58,7,8,8,0,0.23880597014925373,7.0,7,14,0.60625,1.0,8.0,18.0,12.0,150,0,0,150,1.0,1.0,1.0,1.0,0.0,0.0,10.0,1.0,1.0,1.0,1.0,0.0,150,0,0,150,1.0,1.0,1.0,1.0,0.0,0.0,10.0,1.0,1.0,1.0,1.0,0.0,150,0,0,150,1.0,1.0,1.0,1.0,0.0,0.0,10.0,1.0,1.0,1.0,1.0,0.0,1.0,0.9864864864864865,0.9179640421315508,1.0,1.0,1.0,0.33329345801030286
rework,0.1,1006,350,150,150,0.0,0.05,0.99,8,2,0.005714285714285714,0.4689955935892812,0.4689955935892812,6.3,8,8,8,0,16,12,12,8,2,2,0,0,1,2,0.09090909090909091,4,1.5,144,128,64,96,80,6,58,7,8,8,0,0.23880597014925373,7.0,7,14,0.60625,1.0,8.0,18.0,12.0,150,0,0,150,1.0,1.0,1.0,1.0,0.0,0.0,10.0,1.0,1.0,1.0,1.0,0.0,150,0,0,150,1.0,1.0,1.0,1.0,0.0,0.0,10.0,1.0,1.0,1.0,1.0,0.0,150,0,0,150,1.0,1.0,1.0,1.0,0.0,0.0,10.0,1.0,1.0,1.0,1.0,0.0,1.0,0.9864864864864865,0.9179640421315508,1.0,1.0,1.0,0.33039083299809135
rework,0.1,1006,350,150,150,0.0,0.07,0.9,8,2,0.005714285714285714,0.4689955935892812,0.4689955935892812,6.3,8,8,8,0,16,12,12,8,2,2,0,0,1,2,0.09090909090909091,4,1.5,145,129,65,97,80,7,58,7,8,8,0,0.24253731343283583,7.0,7,14,0.6123076923076922,0.9984615384615385,8.125,18.125,12.125,150,0,0,150,1.0,1.0,1.0,1.0,0.0,0.0,10.0,1.0,1.0,1.0,1.0,0.0,75,75,0,150,0.75,1.0,0.5,0.6666666666666666,0.0,0.5,10.0,1.0,0.75,0.6666666666666666,0.6666666666666666,0.0,75,75,0,150,0.75,1.0,0.5,0.6666666666666666,0.0,0.5,10.0,1.0,0.75,0.6666666666666666,0.6666666666666666,0.0,1.0,0.9864864864864865,0.9179640421315508,1.0,0.9,0.9993103448275862,0.378659708017949
rework,0.1,1006,350,150,150,0.0,0.07,0.95,8,2,0.005714285714285714,0.4689955935892812,0.4689955935892812,6.3,8,8,8,0,16,12,12,8,2,2,0,0,1,2,0.09090909090909091,4,1.5,144,128,64,96,80,6,58,7,8,8,0,0.23880597014925373,7.0,7,14,0.60625,1.0,8.0,18.0,12.0,150,0,0,150,1.0,1.0,1.0,1.0,0.0,0.0,10.0,1.0,1.0,1.0,1.0,0.0,150,0,0,150,1.0,1.0,1.0,1.0,0.0,0.0,10.0,1.0,1.0,1.0,1.0,0.0,150,0,0,150,1.0,1.0,1.0,1.0,0.0,0.0,10.0,1.0,1.0,1.0,1.0,0.0,1.0,0.9864864864864865,0.9179640421315508,1.0,1.0,1.0,0.3388941249868367
rework,0.1,1006,350,150,150,0.0,0.07,0.99,8,2,0.005714285714285714,0.4689955935892812,0.4689955935892812,6.3,8,8,8,0,16,12,12,8,2,2,0,0,1,2,0.09090909090909091,4,1.5,144,128,64,96,80,6,58,7,8,8,0,0.23880597014925373,7.0,7,14,0.60625,1.0,8.0,18.0,12.0,150,0,0,150,1.0,1.0,1.0,1.0,0.0,0.0,10.0,1.0,1.0,1.0,1.0,0.0,150,0,0,150,1.0,1.0,1.0,1.0,0.0,0.0,10.0,1.0,1.0,1.0,1.0,0.0,150,0,0,150,1.0,1.0,1.0,1.0,0.0,0.0,10.0,1.0,1.0,1.0,1.0,0.0,1.0,0.9864864864864865,0.9179640421315508,1.0,1.0,1.0,0.35597387500456534
rework,0.1,1007,350,150,150,0.0,0.03,0.9,8,2,0.005714285714285714,0.5293608652873644,0.5293608652873644,6.36,8,8,8,0,16,12,12,8,2,2,0,0,1,2,0.09090909090909091,4,1.5,144,128,64,96,80,6,58,7,8,8,0,0.23880597014925373,7.0,7,14,0.615,1.0,8.0,18.0,12.0,150,0,0,150,1.0,1.0,1.0,1.0,0.0,0.0,10.0,1.0,1.0,1.0,1.0,0.0,150,0,0,150,1.0,1.0,1.0,1.0,0.0,0.0,10.0,1.0,1.0,1.0,1.0,0.0,150,0,0,150,1.0,1.0,1.0,1.0,0.0,0.0,10.0,1.0,1.0,1.0,1.0,0.0,1.0,0.983957219251337,0.9217030538669726,1.0,1.0,1.0,0.384433250001166
rework,0.1,1007,350,150,150,0.0,0.03,0.95,8,2,0.005714285714285714,0.5293608652873644,0.5293608652873644,6.36,8,8,8,0,16,12,12,8,2,2,0,0,1,2,0.09090909090909091,4,1.5,144,128,64,96,80,6,58,7,8,8,0,0.23880597014925373,7.0,7,14,0.615,1.0,8.0,18.0,12.0,150,0,0,150,1.0,1.0,1.0,1.0,0.0,0.0,10.0,1.0,1.0,1.0,1.0,0.0,150,0,0,150,1.0,1.0,1.0,1.0,0.0,0.0,10.0,1.0,1.0,1.0,1.0,0.0,150,0,0,150,1.0,1.0,1.0,1.0,0.0,0.0,10.0,1.0,1.0,1.0,1.0,0.0,1.0,0.983957219251337,0.9217030538669726,1.0,1.0,1.0,0.33545899999444373
rework,0.1,1007,350,150,150,0.0,0.03,0.99,8,2,0.005714285714285714,0.5293608652873644,0.5293608652873644,6.36,8,8,8,0,16,12,12,8,2,2,0,0,1,2,0.09090909090909091,4,1.5,144,128,64,96,80,6,58,7,8,8,0,0.23880597014925373,7.0,7,14,0.615,1.0,8.0,18.0,12.0,150,0,0,150,1.0,1.0,1.0,1.0,0.0,0.0,10.0,1.0,1.0,1.0,1.0,0.0,150,0,0,150,1.0,1.0,1.0,1.0,0.0,0.0,10.0,1.0,1.0,1.0,1.0,0.0,150,0,0,150,1.0,1.0,1.0,1.0,0.0,0.0,10.0,1.0,1.0,1.0,1.0,0.0,1.0,0.983957219251337,0.9217030538669726,1.0,1.0,1.0,0.33016704200417735
rework,0.1,1007,350,150,150,0.0,0.05,0.9,8,2,0.005714285714285714,0.5293608652873644,0.5293608652873644,6.36,8,8,8,0,16,12,12,8,2,2,0,0,1,2,0.09090909090909091,4,1.5,144,128,64,96,80,6,58,7,8,8,0,0.23880597014925373,7.0,7,14,0.615,1.0,8.0,18.0,12.0,150,0,0,150,1.0,1.0,1.0,1.0,0.0,0.0,10.0,1.0,1.0,1.0,1.0,0.0,150,0,0,150,1.0,1.0,1.0,1.0,0.0,0.0,10.0,1.0,1.0,1.0,1.0,0.0,150,0,0,150,1.0,1.0,1.0,1.0,0.0,0.0,10.0,1.0,1.0,1.0,1.0,0.0,1.0,0.983957219251337,0.9217030538669726,1.0,1.0,1.0,0.35977745801210403
rework,0.1,1007,350,150,150,0.0,0.05,0.95,8,2,0.005714285714285714,0.5293608652873644,0.5293608652873644,6.36,8,8,8,0,16,12,12,8,2,2,0,0,1,2,0.09090909090909091,4,1.5,144,128,64,96,80,6,58,7,8,8,0,0.23880597014925373,7.0,7,14,0.615,1.0,8.0,18.0,12.0,150,0,0,150,1.0,1.0,1.0,1.0,0.0,0.0,10.0,1.0,1.0,1.0,1.0,0.0,150,0,0,150,1.0,1.0,1.0,1.0,0.0,0.0,10.0,1.0,1.0,1.0,1.0,0.0,150,0,0,150,1.0,1.0,1.0,1.0,0.0,0.0,10.0,1.0,1.0,1.0,1.0,0.0,1.0,0.983957219251337,0.9217030538669726,1.0,1.0,1.0,0.30477495898958296
rework,0.1,1007,350,150,150,0.0,0.05,0.99,8,2,0.005714285714285714,0.5293608652873644,0.5293608652873644,6.36,8,8,8,0,16,12,12,8,2,2,0,0,1,2,0.09090909090909091,4,1.5,144,128,64,96,80,6,58,7,8,8,0,0.23880597014925373,7.0,7,14,0.615,1.0,8.0,18.0,12.0,150,0,0,150,1.0,1.0,1.0,1.0,0.0,0.0,10.0,1.0,1.0,1.0,1.0,0.0,150,0,0,150,1.0,1.0,1.0,1.0,0.0,0.0,10.0,1.0,1.0,1.0,1.0,0.0,150,0,0,150,1.0,1.0,1.0,1.0,0.0,0.0,10.0,1.0,1.0,1.0,1.0,0.0,1.0,0.983957219251337,0.9217030538669726,1.0,1.0,1.0,0.290813875006279
rework,0.1,1007,350,150,150,0.0,0.07,0.9,8,2,0.005714285714285714,0.5293608652873644,0.5293608652873644,6.36,8,8,8,0,16,12,12,8,2,2,0,0,1,2,0.09090909090909091,4,1.5,144,128,64,96,80,6,58,7,8,8,0,0.23880597014925373,7.0,7,14,0.615,1.0,8.0,18.0,12.0,150,0,0,150,1.0,1.0,1.0,1.0,0.0,0.0,10.0,1.0,1.0,1.0,1.0,0.0,150,0,0,150,1.0,1.0,1.0,1.0,0.0,0.0,10.0,1.0,1.0,1.0,1.0,0.0,150,0,0,150,1.0,1.0,1.0,1.0,0.0,0.0,10.0,1.0,1.0,1.0,1.0,0.0,1.0,0.983957219251337,0.9217030538669726,1.0,1.0,1.0,0.33177779099787585
rework,0.1,1007,350,150,150,0.0,0.07,0.95,8,2,0.005714285714285714,0.5293608652873644,0.5293608652873644,6.36,8,8,8,0,16,12,12,8,2,2,0,0,1,2,0.09090909090909091,4,1.5,144,128,64,96,80,6,58,7,8,8,0,0.23880597014925373,7.0,7,14,0.615,1.0,8.0,18.0,12.0,150,0,0,150,1.0,1.0,1.0,1.0,0.0,0.0,10.0,1.0,1.0,1.0,1.0,0.0,150,0,0,150,1.0,1.0,1.0,1.0,0.0,0.0,10.0,1.0,1.0,1.0,1.0,0.0,150,0,0,150,1.0,1.0,1.0,1.0,0.0,0.0,10.0,1.0,1.0,1.0,1.0,0.0,1.0,0.983957219251337,0.9217030538669726,1.0,1.0,1.0,0.312192583020078
rework,0.1,1007,350,150,150,0.0,0.07,0.99,8,2,0.005714285714285714,0.5293608652873644,0.5293608652873644,6.36,8,8,8,0,16,12,12,8,2,2,0,0,1,2,0.09090909090909091,4,1.5,144,128,64,96,80,6,58,7,8,8,0,0.23880597014925373,7.0,7,14,0.615,1.0,8.0,18.0,12.0,150,0,0,150,1.0,1.0,1.0,1.0,0.0,0.0,10.0,1.0,1.0,1.0,1.0,0.0,150,0,0,150,1.0,1.0,1.0,1.0,0.0,0.0,10.0,1.0,1.0,1.0,1.0,0.0,150,0,0,150,1.0,1.0,1.0,1.0,0.0,0.0,10.0,1.0,1.0,1.0,1.0,0.0,1.0,0.983957219251337,0.9217030538669726,1.0,1.0,1.0,0.2970357919984963
rework,0.1,1008,350,150,150,0.0,0.03,0.9,8,2,0.005714285714285714,0.6134037890618231,0.6134037890618231,6.454285714285715,8,8,8,0,16,12,12,8,2,2,0,0,1,2,0.09090909090909091,4,1.5,144,128,64,96,80,6,58,7,8,8,0,0.23880597014925373,7.0,7,14,0.62875,1.0,8.0,18.0,12.0,150,0,0,150,1.0,1.0,1.0,1.0,0.0,0.0,10.0,1.0,1.0,1.0,1.0,0.0,150,0,0,150,1.0,1.0,1.0,1.0,0.0,0.0,10.0,1.0,1.0,1.0,1.0,0.0,150,0,0,150,1.0,1.0,1.0,1.0,0.0,0.0,10.0,1.0,1.0,1.0,1.0,0.0,1.0,0.9800901577761082,0.9260255102564408,1.0,1.0,1.0,0.4284461660136003
rework,0.1,1008,350,150,150,0.0,0.03,0.95,8,2,0.005714285714285714,0.6134037890618231,0.6134037890618231,6.454285714285715,8,8,8,0,16,12,12,8,2,2,0,0,1,2,0.09090909090909091,4,1.5,144,128,64,96,80,6,58,7,8,8,0,0.23880597014925373,7.0,7,14,0.62875,1.0,8.0,18.0,12.0,150,0,0,150,1.0,1.0,1.0,1.0,0.0,0.0,10.0,1.0,1.0,1.0,1.0,0.0,150,0,0,150,1.0,1.0,1.0,1.0,0.0,0.0,10.0,1.0,1.0,1.0,1.0,0.0,150,0,0,150,1.0,1.0,1.0,1.0,0.0,0.0,10.0,1.0,1.0,1.0,1.0,0.0,1.0,0.9800901577761082,0.9260255102564408,1.0,1.0,1.0,0.32927604200085625
rework,0.1,1008,350,150,150,0.0,0.03,0.99,8,2,0.005714285714285714,0.6134037890618231,0.6134037890618231,6.454285714285715,8,8,8,0,16,12,12,8,2,2,0,0,1,2,0.09090909090909091,4,1.5,144,128,64,96,80,6,58,7,8,8,0,0.23880597014925373,7.0,7,14,0.62875,1.0,8.0,18.0,12.0,150,0,0,150,1.0,1.0,1.0,1.0,0.0,0.0,10.0,1.0,1.0,1.0,1.0,0.0,150,0,0,150,1.0,1.0,1.0,1.0,0.0,0.0,10.0,1.0,1.0,1.0,1.0,0.0,150,0,0,150,1.0,1.0,1.0,1.0,0.0,0.0,10.0,1.0,1.0,1.0,1.0,0.0,1.0,0.9800901577761082,0.9260255102564408,1.0,1.0,1.0,0.3200012090092059
rework,0.1,1008,350,150,150,0.0,0.05,0.9,8,2,0.005714285714285714,0.6134037890618231,0.6134037890618231,6.454285714285715,8,8,8,0,16,12,12,8,2,2,0,0,1,2,0.09090909090909091,4,1.5,144,128,64,96,80,6,58,7,8,8,0,0.23880597014925373,7.0,7,14,0.62875,1.0,8.0,18.0,12.0,150,0,0,150,1.0,1.0,1.0,1.0,0.0,0.0,10.0,1.0,1.0,1.0,1.0,0.0,150,0,0,150,1.0,1.0,1.0,1.0,0.0,0.0,10.0,1.0,1.0,1.0,1.0,0.0,150,0,0,150,1.0,1.0,1.0,1.0,0.0,0.0,10.0,1.0,1.0,1.0,1.0,0.0,1.0,0.9800901577761082,0.9260255102564408,1.0,1.0,1.0,0.3335590829956345
rework,0.1,1008,350,150,150,0.0,0.05,0.95,8,2,0.005714285714285714,0.6134037890618231,0.6134037890618231,6.454285714285715,8,8,8,0,16,12,12,8,2,2,0,0,1,2,0.09090909090909091,4,1.5,144,128,64,96,80,6,58,7,8,8,0,0.23880597014925373,7.0,7,14,0.62875,1.0,8.0,18.0,12.0,150,0,0,150,1.0,1.0,1.0,1.0,0.0,0.0,10.0,1.0,1.0,1.0,1.0,0.0,150,0,0,150,1.0,1.0,1.0,1.0,0.0,0.0,10.0,1.0,1.0,1.0,1.0,0.0,150,0,0,150,1.0,1.0,1.0,1.0,0.0,0.0,10.0,1.0,1.0,1.0,1.0,0.0,1.0,0.9800901577761082,0.9260255102564408,1.0,1.0,1.0,0.35271091700997204
rework,0.1,1008,350,150,150,0.0,0.05,0.99,8,2,0.005714285714285714,0.6134037890618231,0.6134037890618231,6.454285714285715,8,8,8,0,16,12,12,8,2,2,0,0,1,2,0.09090909090909091,4,1.5,144,128,64,96,80,6,58,7,8,8,0,0.23880597014925373,7.0,7,14,0.62875,1.0,8.0,18.0,12.0,150,0,0,150,1.0,1.0,1.0,1.0,0.0,0.0,10.0,1.0,1.0,1.0,1.0,0.0,150,0,0,150,1.0,1.0,1.0,1.0,0.0,0.0,10.0,1.0,1.0,1.0,1.0,0.0,150,0,0,150,1.0,1.0,1.0,1.0,0.0,0.0,10.0,1.0,1.0,1.0,1.0,0.0,1.0,0.9800901577761082,0.9260255102564408,1.0,1.0,1.0,0.33621479201246984
rework,0.1,1008,350,150,150,0.0,0.07,0.9,8,2,0.005714285714285714,0.6134037890618231,0.6134037890618231,6.454285714285715,8,8,8,0,16,12,12,8,2,2,0,0,1,2,0.09090909090909091,4,1.5,144,128,64,96,80,6,58,7,8,8,0,0.23880597014925373,7.0,7,14,0.62875,1.0,8.0,18.0,12.0,150,0,0,150,1.0,1.0,1.0,1.0,0.0,0.0,10.0,1.0,1.0,1.0,1.0,0.0,150,0,0,150,1.0,1.0,1.0,1.0,0.0,0.0,10.0,1.0,1.0,1.0,1.0,0.0,150,0,0,150,1.0,1.0,1.0,1.0,0.0,0.0,10.0,1.0,1.0,1.0,1.0,0.0,1.0,0.9800901577761082,0.9260255102564408,1.0,1.0,1.0,0.36970270800520666
rework,0.1,1008,350,150,150,0.0,0.07,0.95,8,2,0.005714285714285714,0.6134037890618231,0.6134037890618231,6.454285714285715,8,8,8,0,16,12,12,8,2,2,0,0,1,2,0.09090909090909091,4,1.5,144,128,64,96,80,6,58,7,8,8,0,0.23880597014925373,7.0,7,14,0.62875,1.0,8.0,18.0,12.0,150,0,0,150,1.0,1.0,1.0,1.0,0.0,0.0,10.0,1.0,1.0,1.0,1.0,0.0,150,0,0,150,1.0,1.0,1.0,1.0,0.0,0.0,10.0,1.0,1.0,1.0,1.0,0.0,150,0,0,150,1.0,1.0,1.0,1.0,0.0,0.0,10.0,1.0,1.0,1.0,1.0,0.0,1.0,0.9800901577761082,0.9260255102564408,1.0,1.0,1.0,0.327861166006187
rework,0.1,1008,350,150,150,0.0,0.07,0.99,8,2,0.005714285714285714,0.6134037890618231,0.6134037890618231,6.454285714285715,8,8,8,0,16,12,12,8,2,2,0,0,1,2,0.09090909090909091,4,1.5,144,128,64,96,80,6,58,7,8,8,0,0.23880597014925373,7.0,7,14,0.62875,1.0,8.0,18.0,12.0,150,0,0,150,1.0,1.0,1.0,1.0,0.0,0.0,10.0,1.0,1.0,1.0,1.0,0.0,150,0,0,150,1.0,1.0,1.0,1.0,0.0,0.0,10.0,1.0,1.0,1.0,1.0,0.0,150,0,0,150,1.0,1.0,1.0,1.0,0.0,0.0,10.0,1.0,1.0,1.0,1.0,0.0,1.0,0.9800901577761082,0.9260255102564408,1.0,1.0,1.0,0.3134431669896003
rework,0.1,1009,350,150,150,0.0,0.03,0.9,8,2,0.005714285714285714,0.5613430716452643,0.5613430716452643,6.394285714285714,8,8,8,0,16,12,12,8,2,2,0,0,1,2,0.09090909090909091,4,1.5,144,128,64,96,80,6,58,7,8,8,0,0.23880597014925373,7.0,7,14,0.62,1.0,8.0,18.0,12.0,150,0,0,150,1.0,1.0,1.0,1.0,0.0,0.0,10.0,1.0,1.0,1.0,1.0,0.0,150,0,0,150,1.0,1.0,1.0,1.0,0.0,0.0,10.0,1.0,1.0,1.0,1.0,0.0,150,0,0,150,1.0,1.0,1.0,1.0,0.0,0.0,10.0,1.0,1.0,1.0,1.0,0.0,1.0,0.982536066818527,0.9234503693768525,1.0,1.0,1.0,0.34110858300118707
rework,0.1,1009,350,150,150,0.0,0.03,0.95,8,2,0.005714285714285714,0.5613430716452643,0.5613430716452643,6.394285714285714,8,8,8,0,16,12,12,8,2,2,0,0,1,2,0.09090909090909091,4,1.5,144,128,64,96,80,6,58,7,8,8,0,0.23880597014925373,7.0,7,14,0.62,1.0,8.0,18.0,12.0,150,0,0,150,1.0,1.0,1.0,1.0,0.0,0.0,10.0,1.0,1.0,1.0,1.0,0.0,150,0,0,150,1.0,1.0,1.0,1.0,0.0,0.0,10.0,1.0,1.0,1.0,1.0,0.0,150,0,0,150,1.0,1.0,1.0,1.0,0.0,0.0,10.0,1.0,1.0,1.0,1.0,0.0,1.0,0.982536066818527,0.9234503693768525,1.0,1.0,1.0,0.30910250000306405
rework,0.1,1009,350,150,150,0.0,0.03,0.99,8,2,0.005714285714285714,0.5613430716452643,0.5613430716452643,6.394285714285714,8,8,8,0,16,12,12,8,2,2,0,0,1,2,0.09090909090909091,4,1.5,144,128,64,96,80,6,58,7,8,8,0,0.23880597014925373,7.0,7,14,0.62,1.0,8.0,18.0,12.0,150,0,0,150,1.0,1.0,1.0,1.0,0.0,0.0,10.0,1.0,1.0,1.0,1.0,0.0,150,0,0,150,1.0,1.0,1.0,1.0,0.0,0.0,10.0,1.0,1.0,1.0,1.0,0.0,150,0,0,150,1.0,1.0,1.0,1.0,0.0,0.0,10.0,1.0,1.0,1.0,1.0,0.0,1.0,0.982536066818527,0.9234503693768525,1.0,1.0,1.0,0.30056874998263083
rework,0.1,1009,350,150,150,0.0,0.05,0.9,8,2,0.005714285714285714,0.5613430716452643,0.5613430716452643,6.394285714285714,8,8,8,0,16,12,12,8,2,2,0,0,1,2,0.09090909090909091,4,1.5,144,128,64,96,80,6,58,7,8,8,0,0.23880597014925373,7.0,7,14,0.62,1.0,8.0,18.0,12.0,150,0,0,150,1.0,1.0,1.0,1.0,0.0,0.0,10.0,1.0,1.0,1.0,1.0,0.0,150,0,0,150,1.0,1.0,1.0,1.0,0.0,0.0,10.0,1.0,1.0,1.0,1.0,0.0,150,0,0,150,1.0,1.0,1.0,1.0,0.0,0.0,10.0,1.0,1.0,1.0,1.0,0.0,1.0,0.982536066818527,0.9234503693768525,1.0,1.0,1.0,0.3424290409893729
rework,0.1,1009,350,150,150,0.0,0.05,0.95,8,2,0.005714285714285714,0.5613430716452643,0.5613430716452643,6.394285714285714,8,8,8,0,16,12,12,8,2,2,0,0,1,2,0.09090909090909091,4,1.5,144,128,64,96,80,6,58,7,8,8,0,0.23880597014925373,7.0,7,14,0.62,1.0,8.0,18.0,12.0,150,0,0,150,1.0,1.0,1.0,1.0,0.0,0.0,10.0,1.0,1.0,1.0,1.0,0.0,150,0,0,150,1.0,1.0,1.0,1.0,0.0,0.0,10.0,1.0,1.0,1.0,1.0,0.0,150,0,0,150,1.0,1.0,1.0,1.0,0.0,0.0,10.0,1.0,1.0,1.0,1.0,0.0,1.0,0.982536066818527,0.9234503693768525,1.0,1.0,1.0,0.32826037498307414
rework,0.1,1009,350,150,150,0.0,0.05,0.99,8,2,0.005714285714285714,0.5613430716452643,0.5613430716452643,6.394285714285714,8,8,8,0,16,12,12,8,2,2,0,0,1,2,0.09090909090909091,4,1.5,144,128,64,96,80,6,58,7,8,8,0,0.23880597014925373,7.0,7,14,0.62,1.0,8.0,18.0,12.0,150,0,0,150,1.0,1.0,1.0,1.0,0.0,0.0,10.0,1.0,1.0,1.0,1.0,0.0,150,0,0,150,1.0,1.0,1.0,1.0,0.0,0.0,10.0,1.0,1.0,1.0,1.0,0.0,150,0,0,150,1.0,1.0,1.0,1.0,0.0,0.0,10.0,1.0,1.0,1.0,1.0,0.0,1.0,0.982536066818527,0.9234503693768525,1.0,1.0,1.0,0.30250341701321304
rework,0.1,1009,350,150,150,0.0,0.07,0.9,8,2,0.005714285714285714,0.5613430716452643,0.5613430716452643,6.394285714285714,8,8,8,0,16,12,12,8,2,2,0,0,1,2,0.09090909090909091,4,1.5,144,128,64,96,80,6,58,7,8,8,0,0.23880597014925373,7.0,7,14,0.62,1.0,8.0,18.0,12.0,150,0,0,150,1.0,1.0,1.0,1.0,0.0,0.0,10.0,1.0,1.0,1.0,1.0,0.0,150,0,0,150,1.0,1.0,1.0,1.0,0.0,0.0,10.0,1.0,1.0,1.0,1.0,0.0,150,0,0,150,1.0,1.0,1.0,1.0,0.0,0.0,10.0,1.0,1.0,1.0,1.0,0.0,1.0,0.982536066818527,0.9234503693768525,1.0,1.0,1.0,0.34109429200179875
rework,0.1,1009,350,150,150,0.0,0.07,0.95,8,2,0.005714285714285714,0.5613430716452643,0.5613430716452643,6.394285714285714,8,8,8,0,16,12,12,8,2,2,0,0,1,2,0.09090909090909091,4,1.5,144,128,64,96,80,6,58,7,8,8,0,0.23880597014925373,7.0,7,14,0.62,1.0,8.0,18.0,12.0,150,0,0,150,1.0,1.0,1.0,1.0,0.0,0.0,10.0,1.0,1.0,1.0,1.0,0.0,150,0,0,150,1.0,1.0,1.0,1.0,0.0,0.0,10.0,1.0,1.0,1.0,1.0,0.0,150,0,0,150,1.0,1.0,1.0,1.0,0.0,0.0,10.0,1.0,1.0,1.0,1.0,0.0,1.0,0.982536066818527,0.9234503693768525,1.0,1.0,1.0,0.3213477090175729
rework,0.1,1009,350,150,150,0.0,0.07,0.99,8,2,0.005714285714285714,0.5613430716452643,0.5613430716452643,6.394285714285714,8,8,8,0,16,12,12,8,2,2,0,0,1,2,0.09090909090909091,4,1.5,144,128,64,96,80,6,58,7,8,8,0,0.23880597014925373,7.0,7,14,0.62,1.0,8.0,18.0,12.0,150,0,0,150,1.0,1.0,1.0,1.0,0.0,0.0,10.0,1.0,1.0,1.0,1.0,0.0,150,0,0,150,1.0,1.0,1.0,1.0,0.0,0.0,10.0,1.0,1.0,1.0,1.0,0.0,150,0,0,150,1.0,1.0,1.0,1.0,0.0,0.0,10.0,1.0,1.0,1.0,1.0,0.0,1.0,0.982536066818527,0.9234503693768525,1.0,1.0,1.0,0.41326291699078865
rework,0.1,1010,350,150,150,0.0,0.03,0.9,8,2,0.005714285714285714,0.49559186098696384,0.49559186098696384,6.325714285714286,8,8,8,0,16,12,12,8,2,2,0,0,1,2,0.09090909090909091,4,1.5,144,128,64,96,80,6,58,7,8,8,0,0.23880597014925373,7.0,7,14,0.61,1.0,8.0,18.0,12.0,150,0,0,150,1.0,1.0,1.0,1.0,0.0,0.0,10.0,1.0,1.0,1.0,1.0,0.0,150,0,0,150,1.0,1.0,1.0,1.0,0.0,0.0,10.0,1.0,1.0,1.0,1.0,0.0,150,0,0,150,1.0,1.0,1.0,1.0,0.0,0.0,10.0,1.0,1.0,1.0,1.0,0.0,1.0,0.9853958493466565,0.9196910759461712,1.0,1.0,1.0,0.4728873329877388
rework,0.1,1010,350,150,150,0.0,0.03,0.95,8,2,0.005714285714285714,0.49559186098696384,0.49559186098696384,6.325714285714286,8,8,8,0,16,12,12,8,2,2,0,0,1,2,0.09090909090909091,4,1.5,144,128,64,96,80,6,58,7,8,8,0,0.23880597014925373,7.0,7,14,0.61,1.0,8.0,18.0,12.0,150,0,0,150,1.0,1.0,1.0,1.0,0.0,0.0,10.0,1.0,1.0,1.0,1.0,0.0,150,0,0,150,1.0,1.0,1.0,1.0,0.0,0.0,10.0,1.0,1.0,1.0,1.0,0.0,150,0,0,150,1.0,1.0,1.0,1.0,0.0,0.0,10.0,1.0,1.0,1.0,1.0,0.0,1.0,0.9853958493466565,0.9196910759461712,1.0,1.0,1.0,0.40364170901011676
rework,0.1,1010,350,150,150,0.0,0.03,0.99,8,2,0.005714285714285714,0.49559186098696384,0.49559186098696384,6.325714285714286,8,8,8,0,16,12,12,8,2,2,0,0,1,2,0.09090909090909091,4,1.5,144,128,64,96,80,6,58,7,8,8,0,0.23880597014925373,7.0,7,14,0.61,1.0,8.0,18.0,12.0,150,0,0,150,1.0,1.0,1.0,1.0,0.0,0.0,10.0,1.0,1.0,1.0,1.0,0.0,150,0,0,150,1.0,1.0,1.0,1.0,0.0,0.0,10.0,1.0,1.0,1.0,1.0,0.0,150,0,0,150,1.0,1.0,1.0,1.0,0.0,0.0,10.0,1.0,1.0,1.0,1.0,0.0,1.0,0.9853958493466565,0.9196910759461712,1.0,1.0,1.0,0.38631629099836573
rework,0.1,1010,350,150,150,0.0,0.05,0.9,8,2,0.005714285714285714,0.49559186098696384,0.49559186098696384,6.325714285714286,8,8,8,0,16,12,12,8,2,2,0,0,1,2,0.09090909090909091,4,1.5,144,128,64,96,80,6,58,7,8,8,0,0.23880597014925373,7.0,7,14,0.61,1.0,8.0,18.0,12.0,150,0,0,150,1.0,1.0,1.0,1.0,0.0,0.0,10.0,1.0,1.0,1.0,1.0,0.0,150,0,0,150,1.0,1.0,1.0,1.0,0.0,0.0,10.0,1.0,1.0,1.0,1.0,0.0,150,0,0,150,1.0,1.0,1.0,1.0,0.0,0.0,10.0,1.0,1.0,1.0,1.0,0.0,1.0,0.9853958493466565,0.9196910759461712,1.0,1.0,1.0,0.44597512498148717
rework,0.1,1010,350,150,150,0.0,0.05,0.95,8,2,0.005714285714285714,0.49559186098696384,0.49559186098696384,6.325714285714286,8,8,8,0,16,12,12,8,2,2,0,0,1,2,0.09090909090909091,4,1.5,144,128,64,96,80,6,58,7,8,8,0,0.23880597014925373,7.0,7,14,0.61,1.0,8.0,18.0,12.0,150,0,0,150,1.0,1.0,1.0,1.0,0.0,0.0,10.0,1.0,1.0,1.0,1.0,0.0,150,0,0,150,1.0,1.0,1.0,1.0,0.0,0.0,10.0,1.0,1.0,1.0,1.0,0.0,150,0,0,150,1.0,1.0,1.0,1.0,0.0,0.0,10.0,1.0,1.0,1.0,1.0,0.0,1.0,0.9853958493466565,0.9196910759461712,1.0,1.0,1.0,0.3518455410085153
rework,0.1,1010,350,150,150,0.0,0.05,0.99,8,2,0.005714285714285714,0.49559186098696384,0.49559186098696384,6.325714285714286,8,8,8,0,16,12,12,8,2,2,0,0,1,2,0.09090909090909091,4,1.5,144,128,64,96,80,6,58,7,8,8,0,0.23880597014925373,7.0,7,14,0.61,1.0,8.0,18.0,12.0,150,0,0,150,1.0,1.0,1.0,1.0,0.0,0.0,10.0,1.0,1.0,1.0,1.0,0.0,150,0,0,150,1.0,1.0,1.0,1.0,0.0,0.0,10.0,1.0,1.0,1.0,1.0,0.0,150,0,0,150,1.0,1.0,1.0,1.0,0.0,0.0,10.0,1.0,1.0,1.0,1.0,0.0,1.0,0.9853958493466565,0.9196910759461712,1.0,1.0,1.0,0.32875058401259594
rework,0.1,1010,350,150,150,0.0,0.07,0.9,8,2,0.005714285714285714,0.49559186098696384,0.49559186098696384,6.325714285714286,8,8,8,0,16,12,12,8,2,2,0,0,1,2,0.09090909090909091,4,1.5,144,128,64,96,80,6,58,7,8,8,0,0.23880597014925373,7.0,7,14,0.61,1.0,8.0,18.0,12.0,150,0,0,150,1.0,1.0,1.0,1.0,0.0,0.0,10.0,1.0,1.0,1.0,1.0,0.0,150,0,0,150,1.0,1.0,1.0,1.0,0.0,0.0,10.0,1.0,1.0,1.0,1.0,0.0,150,0,0,150,1.0,1.0,1.0,1.0,0.0,0.0,10.0,1.0,1.0,1.0,1.0,0.0,1.0,0.9853958493466565,0.9196910759461712,1.0,1.0,1.0,0.35706737500731833
rework,0.1,1010,350,150,150,0.0,0.07,0.95,8,2,0.005714285714285714,0.49559186098696384,0.49559186098696384,6.325714285714286,8,8,8,0,16,12,12,8,2,2,0,0,1,2,0.09090909090909091,4,1.5,144,128,64,96,80,6,58,7,8,8,0,0.23880597014925373,7.0,7,14,0.61,1.0,8.0,18.0,12.0,150,0,0,150,1.0,1.0,1.0,1.0,0.0,0.0,10.0,1.0,1.0,1.0,1.0,0.0,150,0,0,150,1.0,1.0,1.0,1.0,0.0,0.0,10.0,1.0,1.0,1.0,1.0,0.0,150,0,0,150,1.0,1.0,1.0,1.0,0.0,0.0,10.0,1.0,1.0,1.0,1.0,0.0,1.0,0.9853958493466565,0.9196910759461712,1.0,1.0,1.0,0.3173110419884324
rework,0.1,1010,350,150,150,0.0,0.07,0.99,8,2,0.005714285714285714,0.49559186098696384,0.49559186098696384,6.325714285714286,8,8,8,0,16,12,12,8,2,2,0,0,1,2,0.09090909090909091,4,1.5,144,128,64,96,80,6,58,7,8,8,0,0.23880597014925373,7.0,7,14,0.61,1.0,8.0,18.0,12.0,150,0,0,150,1.0,1.0,1.0,1.0,0.0,0.0,10.0,1.0,1.0,1.0,1.0,0.0,150,0,0,150,1.0,1.0,1.0,1.0,0.0,0.0,10.0,1.0,1.0,1.0,1.0,0.0,150,0,0,150,1.0,1.0,1.0,1.0,0.0,0.0,10.0,1.0,1.0,1.0,1.0,0.0,1.0,0.9853958493466565,0.9196910759461712,1.0,1.0,1.0,0.31840233301045373
