scenario,variability,seed,train_traces,positive_test_traces,negative_test_traces,inductive_noise_threshold,declare_min_support_ratio,declare_min_confidence_ratio,train_activity_count,train_variant_count,train_variant_ratio,train_variant_entropy,train_variant_entropy_normalized,train_mean_trace_length,imperative_petri_places,imperative_petri_transitions,imperative_petri_visible_transitions,imperative_petri_hidden_transitions,imperative_petri_arcs,imperative_bpmn_nodes,imperative_bpmn_flows,imperative_bpmn_tasks,imperative_bpmn_gateways,imperative_bpmn_xor_gateways,imperative_bpmn_and_gateways,imperative_bpmn_or_gateways,imperative_bpmn_split_gateways,imperative_control_flow_complexity,imperative_bpmn_density,imperative_bpmn_structural_overhead,imperative_bpmn_nodes_per_observed_activity,declarative_declare_relation_records_raw,declarative_declare_symmetric_deduplicated_constraints,declarative_declare_constraints,declarative_declare_constraints_primitive_preferred,declarative_declare_redundant_records_removed,declarative_declare_unary_constraints,declarative_declare_binary_constraints,declarative_declare_template_count,declarative_declare_observed_activities,declarative_declare_constrained_activities,declarative_declare_unconstrained_activities,declarative_declare_constraint_density,declarative_declare_graph_mean_degree,declarative_declare_graph_max_degree,declarative_declare_relation_overlap,declarative_declare_mean_support_ratio,declarative_declare_mean_confidence_ratio,declarative_declare_constraints_per_observed_activity,declarative_declare_raw_records_per_observed_activity,declarative_declare_primitive_constraints_per_observed_activity,imperative_test_tp,imperative_test_fn,imperative_test_fp,imperative_test_tn,imperative_test_accuracy,imperative_test_precision,imperative_test_recall,imperative_test_f1,imperative_test_false_acceptance_rate,imperative_test_false_rejection_rate,imperative_test_mutation_family_count,imperative_test_mutation_macro_rejection_rate,imperative_test_mutation_macro_balanced_accuracy,imperative_test_f1_leave_one_family_out_min,imperative_test_f1_leave_one_family_out_max,imperative_test_f1_leave_one_family_out_range,declarative_test_tp,declarative_test_fn,declarative_test_fp,declarative_test_tn,declarative_test_accuracy,declarative_test_precision,declarative_test_recall,declarative_test_f1,declarative_test_false_acceptance_rate,declarative_test_false_rejection_rate,declarative_test_mutation_family_count,declarative_test_mutation_macro_rejection_rate,declarative_test_mutation_macro_balanced_accuracy,declarative_test_f1_leave_one_family_out_min,declarative_test_f1_leave_one_family_out_max,declarative_test_f1_leave_one_family_out_range,declarative_closed_world_test_tp,declarative_closed_world_test_fn,declarative_closed_world_test_fp,declarative_closed_world_test_tn,declarative_closed_world_test_accuracy,declarative_closed_world_test_precision,declarative_closed_world_test_recall,declarative_closed_world_test_f1,declarative_closed_world_test_false_acceptance_rate,declarative_closed_world_test_false_rejection_rate,declarative_closed_world_test_mutation_family_count,declarative_closed_world_test_mutation_macro_rejection_rate,declarative_closed_world_test_mutation_macro_balanced_accuracy,declarative_closed_world_test_f1_leave_one_family_out_min,declarative_closed_world_test_f1_leave_one_family_out_max,declarative_closed_world_test_f1_leave_one_family_out_range,imperative_native_fitness,imperative_native_precision,imperative_native_generalization,imperative_native_simplicity,declarative_full_trace_conformance,declarative_mean_constraint_satisfaction,runtime_seconds,imperative_bpmn_nodes_change_from_p0,imperative_bpmn_nodes_percent_change_from_p0,imperative_bpmn_flows_change_from_p0,imperative_bpmn_flows_percent_change_from_p0,imperative_control_flow_complexity_change_from_p0,imperative_control_flow_complexity_percent_change_from_p0,imperative_bpmn_structural_overhead_change_from_p0,imperative_bpmn_structural_overhead_percent_change_from_p0,imperative_bpmn_nodes_per_observed_activity_change_from_p0,imperative_bpmn_nodes_per_observed_activity_percent_change_from_p0,declarative_declare_constraints_change_from_p0,declarative_declare_constraints_percent_change_from_p0,declarative_declare_constraints_primitive_preferred_change_from_p0,declarative_declare_constraints_primitive_preferred_percent_change_from_p0,declarative_declare_relation_records_raw_change_from_p0,declarative_declare_relation_records_raw_percent_change_from_p0,declarative_declare_constraints_per_observed_activity_change_from_p0,declarative_declare_constraints_per_observed_activity_percent_change_from_p0,declarative_declare_raw_records_per_observed_activity_change_from_p0,declarative_declare_raw_records_per_observed_activity_percent_change_from_p0,declarative_declare_constraint_density_change_from_p0,declarative_declare_constraint_density_percent_change_from_p0,declarative_declare_template_count_change_from_p0,declarative_declare_template_count_percent_change_from_p0
rework,0.0,1001,350,150,150,0.0,0.03,0.9,6,1,0.0028571428571428,0.0,0.0,6.0,7,6,6,0,12,8,7,6,0,0,0,0,0,0,0.125,2,1.3333333333333333,112,97,37,67,75,7,30,4,6,6,0,0.2517006802721088,5.0,5,5,1.0,1.0,6.166666666666667,18.666666666666668,11.166666666666666,150,0,0,150,1.0,1.0,1.0,1.0,0.0,0.0,10.0,1.0,1.0,1.0,1.0,0.0,150,0,30,120,0.9,0.8333333333333334,1.0,0.9090909090909092,0.2,0.0,10.0,0.8,0.9,0.9090909090909092,0.9523809523809524,0.0432900432900432,150,0,0,150,1.0,1.0,1.0,1.0,0.0,0.0,10.0,1.0,1.0,1.0,1.0,0.0,1.0,1.0,0.9465477516175153,1.0,1.0,1.0,0.2273119580058846,0.0,0.0,0.0,0.0,0.0,,0.0,0.0,0.0,0.0,0.0,0.0,0.0,0.0,0.0,0.0,0.0,0.0,0.0,0.0,0.0,0.0,0.0,0.0
rework,0.0,1001,350,150,150,0.0,0.03,0.95,6,1,0.0028571428571428,0.0,0.0,6.0,7,6,6,0,12,8,7,6,0,0,0,0,0,0,0.125,2,1.3333333333333333,112,97,37,67,75,7,30,4,6,6,0,0.2517006802721088,5.0,5,5,1.0,1.0,6.166666666666667,18.666666666666668,11.166666666666666,150,0,0,150,1.0,1.0,1.0,1.0,0.0,0.0,10.0,1.0,1.0,1.0,1.0,0.0,150,0,30,120,0.9,0.8333333333333334,1.0,0.9090909090909092,0.2,0.0,10.0,0.8,0.9,0.9090909090909092,0.9523809523809524,0.0432900432900432,150,0,0,150,1.0,1.0,1.0,1.0,0.0,0.0,10.0,1.0,1.0,1.0,1.0,0.0,1.0,1.0,0.9465477516175153,1.0,1.0,1.0,0.2193697079783305,0.0,0.0,0.0,0.0,0.0,,0.0,0.0,0.0,0.0,0.0,0.0,0.0,0.0,0.0,0.0,0.0,0.0,0.0,0.0,0.0,0.0,0.0,0.0
rework,0.0,1001,350,150,150,0.0,0.03,0.99,6,1,0.0028571428571428,0.0,0.0,6.0,7,6,6,0,12,8,7,6,0,0,0,0,0,0,0.125,2,1.3333333333333333,112,97,37,67,75,7,30,4,6,6,0,0.2517006802721088,5.0,5,5,1.0,1.0,6.166666666666667,18.666666666666668,11.166666666666666,150,0,0,150,1.0,1.0,1.0,1.0,0.0,0.0,10.0,1.0,1.0,1.0,1.0,0.0,150,0,30,120,0.9,0.8333333333333334,1.0,0.9090909090909092,0.2,0.0,10.0,0.8,0.9,0.9090909090909092,0.9523809523809524,0.0432900432900432,150,0,0,150,1.0,1.0,1.0,1.0,0.0,0.0,10.0,1.0,1.0,1.0,1.0,0.0,1.0,1.0,0.9465477516175153,1.0,1.0,1.0,0.2397995420033112,0.0,0.0,0.0,0.0,0.0,,0.0,0.0,0.0,0.0,0.0,0.0,0.0,0.0,0.0,0.0,0.0,0.0,0.0,0.0,0.0,0.0,0.0,0.0
rework,0.0,1001,350,150,150,0.0,0.05,0.9,6,1,0.0028571428571428,0.0,0.0,6.0,7,6,6,0,12,8,7,6,0,0,0,0,0,0,0.125,2,1.3333333333333333,112,97,37,67,75,7,30,4,6,6,0,0.2517006802721088,5.0,5,5,1.0,1.0,6.166666666666667,18.666666666666668,11.166666666666666,150,0,0,150,1.0,1.0,1.0,1.0,0.0,0.0,10.0,1.0,1.0,1.0,1.0,0.0,150,0,30,120,0.9,0.8333333333333334,1.0,0.9090909090909092,0.2,0.0,10.0,0.8,0.9,0.9090909090909092,0.9523809523809524,0.0432900432900432,150,0,0,150,1.0,1.0,1.0,1.0,0.0,0.0,10.0,1.0,1.0,1.0,1.0,0.0,1.0,1.0,0.9465477516175153,1.0,1.0,1.0,0.2106100830133073,0.0,0.0,0.0,0.0,0.0,,0.0,0.0,0.0,0.0,0.0,0.0,0.0,0.0,0.0,0.0,0.0,0.0,0.0,0.0,0.0,0.0,0.0,0.0
rework,0.0,1001,350,150,150,0.0,0.05,0.95,6,1,0.0028571428571428,0.0,0.0,6.0,7,6,6,0,12,8,7,6,0,0,0,0,0,0,0.125,2,1.3333333333333333,112,97,37,67,75,7,30,4,6,6,0,0.2517006802721088,5.0,5,5,1.0,1.0,6.166666666666667,18.666666666666668,11.166666666666666,150,0,0,150,1.0,1.0,1.0,1.0,0.0,0.0,10.0,1.0,1.0,1.0,1.0,0.0,150,0,30,120,0.9,0.8333333333333334,1.0,0.9090909090909092,0.2,0.0,10.0,0.8,0.9,0.9090909090909092,0.9523809523809524,0.0432900432900432,150,0,0,150,1.0,1.0,1.0,1.0,0.0,0.0,10.0,1.0,1.0,1.0,1.0,0.0,1.0,1.0,0.9465477516175153,1.0,1.0,1.0,0.2289834999828599,0.0,0.0,0.0,0.0,0.0,,0.0,0.0,0.0,0.0,0.0,0.0,0.0,0.0,0.0,0.0,0.0,0.0,0.0,0.0,0.0,0.0,0.0,0.0
rework,0.0,1001,350,150,150,0.0,0.05,0.99,6,1,0.0028571428571428,0.0,0.0,6.0,7,6,6,0,12,8,7,6,0,0,0,0,0,0,0.125,2,1.3333333333333333,112,97,37,67,75,7,30,4,6,6,0,0.2517006802721088,5.0,5,5,1.0,1.0,6.166666666666667,18.666666666666668,11.166666666666666,150,0,0,150,1.0,1.0,1.0,1.0,0.0,0.0,10.0,1.0,1.0,1.0,1.0,0.0,150,0,30,120,0.9,0.8333333333333334,1.0,0.9090909090909092,0.2,0.0,10.0,0.8,0.9,0.9090909090909092,0.9523809523809524,0.0432900432900432,150,0,0,150,1.0,1.0,1.0,1.0,0.0,0.0,10.0,1.0,1.0,1.0,1.0,0.0,1.0,1.0,0.9465477516175153,1.0,1.0,1.0,0.2444836659997236,0.0,0.0,0.0,0.0,0.0,,0.0,0.0,0.0,0.0,0.0,0.0,0.0,0.0,0.0,0.0,0.0,0.0,0.0,0.0,0.0,0.0,0.0,0.0
rework,0.0,1001,350,150,150,0.0,0.07,0.9,6,1,0.0028571428571428,0.0,0.0,6.0,7,6,6,0,12,8,7,6,0,0,0,0,0,0,0.125,2,1.3333333333333333,112,97,37,67,75,7,30,4,6,6,0,0.2517006802721088,5.0,5,5,1.0,1.0,6.166666666666667,18.666666666666668,11.166666666666666,150,0,0,150,1.0,1.0,1.0,1.0,0.0,0.0,10.0,1.0,1.0,1.0,1.0,0.0,150,0,30,120,0.9,0.8333333333333334,1.0,0.9090909090909092,0.2,0.0,10.0,0.8,0.9,0.9090909090909092,0.9523809523809524,0.0432900432900432,150,0,0,150,1.0,1.0,1.0,1.0,0.0,0.0,10.0,1.0,1.0,1.0,1.0,0.0,1.0,1.0,0.9465477516175153,1.0,1.0,1.0,0.249043417017674,0.0,0.0,0.0,0.0,0.0,,0.0,0.0,0.0,0.0,0.0,0.0,0.0,0.0,0.0,0.0,0.0,0.0,0.0,0.0,0.0,0.0,0.0,0.0
rework,0.0,1001,350,150,150,0.0,0.07,0.95,6,1,0.0028571428571428,0.0,0.0,6.0,7,6,6,0,12,8,7,6,0,0,0,0,0,0,0.125,2,1.3333333333333333,112,97,37,67,75,7,30,4,6,6,0,0.2517006802721088,5.0,5,5,1.0,1.0,6.166666666666667,18.666666666666668,11.166666666666666,150,0,0,150,1.0,1.0,1.0,1.0,0.0,0.0,10.0,1.0,1.0,1.0,1.0,0.0,150,0,30,120,0.9,0.8333333333333334,1.0,0.9090909090909092,0.2,0.0,10.0,0.8,0.9,0.9090909090909092,0.9523809523809524,0.0432900432900432,150,0,0,150,1.0,1.0,1.0,1.0,0.0,0.0,10.0,1.0,1.0,1.0,1.0,0.0,1.0,1.0,0.9465477516175153,1.0,1.0,1.0,0.2637530420033727,0.0,0.0,0.0,0.0,0.0,,0.0,0.0,0.0,0.0,0.0,0.0,0.0,0.0,0.0,0.0,0.0,0.0,0.0,0.0,0.0,0.0,0.0,0.0
rework,0.0,1001,350,150,150,0.0,0.07,0.99,6,1,0.0028571428571428,0.0,0.0,6.0,7,6,6,0,12,8,7,6,0,0,0,0,0,0,0.125,2,1.3333333333333333,112,97,37,67,75,7,30,4,6,6,0,0.2517006802721088,5.0,5,5,1.0,1.0,6.166666666666667,18.666666666666668,11.166666666666666,150,0,0,150,1.0,1.0,1.0,1.0,0.0,0.0,10.0,1.0,1.0,1.0,1.0,0.0,150,0,30,120,0.9,0.8333333333333334,1.0,0.9090909090909092,0.2,0.0,10.0,0.8,0.9,0.9090909090909092,0.9523809523809524,0.0432900432900432,150,0,0,150,1.0,1.0,1.0,1.0,0.0,0.0,10.0,1.0,1.0,1.0,1.0,0.0,1.0,1.0,0.9465477516175153,1.0,1.0,1.0,0.2434133329952601,0.0,0.0,0.0,0.0,0.0,,0.0,0.0,0.0,0.0,0.0,0.0,0.0,0.0,0.0,0.0,0.0,0.0,0.0,0.0,0.0,0.0,0.0,0.0
rework,0.0,1002,350,150,150,0.0,0.03,0.9,6,1,0.0028571428571428,0.0,0.0,6.0,7,6,6,0,12,8,7,6,0,0,0,0,0,0,0.125,2,1.3333333333333333,112,97,37,67,75,7,30,4,6,6,0,0.2517006802721088,5.0,5,5,1.0,1.0,6.166666666666667,18.666666666666668,11.166666666666666,150,0,0,150,1.0,1.0,1.0,1.0,0.0,0.0,10.0,1.0,1.0,1.0,1.0,0.0,150,0,30,120,0.9,0.8333333333333334,1.0,0.9090909090909092,0.2,0.0,10.0,0.8,0.9,0.9090909090909092,0.9523809523809524,0.0432900432900432,150,0,0,150,1.0,1.0,1.0,1.0,0.0,0.0,10.0,1.0,1.0,1.0,1.0,0.0,1.0,1.0,0.9465477516175153,1.0,1.0,1.0,0.2752565410046372,0.0,0.0,0.0,0.0,0.0,,0.0,0.0,0.0,0.0,0.0,0.0,0.0,0.0,0.0,0.0,0.0,0.0,0.0,0.0,0.0,0.0,0.0,0.0
rework,0.0,1002,350,150,150,0.0,0.03,0.95,6,1,0.0028571428571428,0.0,0.0,6.0,7,6,6,0,12,8,7,6,0,0,0,0,0,0,0.125,2,1.3333333333333333,112,97,37,67,75,7,30,4,6,6,0,0.2517006802721088,5.0,5,5,1.0,1.0,6.166666666666667,18.666666666666668,11.166666666666666,150,0,0,150,1.0,1.0,1.0,1.0,0.0,0.0,10.0,1.0,1.0,1.0,1.0,0.0,150,0,30,120,0.9,0.8333333333333334,1.0,0.9090909090909092,0.2,0.0,10.0,0.8,0.9,0.9090909090909092,0.9523809523809524,0.0432900432900432,150,0,0,150,1.0,1.0,1.0,1.0,0.0,0.0,10.0,1.0,1.0,1.0,1.0,0.0,1.0,1.0,0.9465477516175153,1.0,1.0,1.0,0.2871749160112813,0.0,0.0,0.0,0.0,0.0,,0.0,0.0,0.0,0.0,0.0,0.0,0.0,0.0,0.0,0.0,0.0,0.0,0.0,0.0,0.0,0.0,0.0,0.0
rework,0.0,1002,350,150,150,0.0,0.03,0.99,6,1,0.0028571428571428,0.0,0.0,6.0,7,6,6,0,12,8,7,6,0,0,0,0,0,0,0.125,2,1.3333333333333333,112,97,37,67,75,7,30,4,6,6,0,0.2517006802721088,5.0,5,5,1.0,1.0,6.166666666666667,18.666666666666668,11.166666666666666,150,0,0,150,1.0,1.0,1.0,1.0,0.0,0.0,10.0,1.0,1.0,1.0,1.0,0.0,150,0,30,120,0.9,0.8333333333333334,1.0,0.9090909090909092,0.2,0.0,10.0,0.8,0.9,0.9090909090909092,0.9523809523809524,0.0432900432900432,150,0,0,150,1.0,1.0,1.0,1.0,0.0,0.0,10.0,1.0,1.0,1.0,1.0,0.0,1.0,1.0,0.9465477516175153,1.0,1.0,1.0,0.2969817919947672,0.0,0.0,0.0,0.0,0.0,,0.0,0.0,0.0,0.0,0.0,0.0,0.0,0.0,0.0,0.0,0.0,0.0,0.0,0.0,0.0,0.0,0.0,0.0
rework,0.0,1002,350,150,150,0.0,0.05,0.9,6,1,0.0028571428571428,0.0,0.0,6.0,7,6,6,0,12,8,7,6,0,0,0,0,0,0,0.125,2,1.3333333333333333,112,97,37,67,75,7,30,4,6,6,0,0.2517006802721088,5.0,5,5,1.0,1.0,6.166666666666667,18.666666666666668,11.166666666666666,150,0,0,150,1.0,1.0,1.0,1.0,0.0,0.0,10.0,1.0,1.0,1.0,1.0,0.0,150,0,30,120,0.9,0.8333333333333334,1.0,0.9090909090909092,0.2,0.0,10.0,0.8,0.9,0.9090909090909092,0.9523809523809524,0.0432900432900432,150,0,0,150,1.0,1.0,1.0,1.0,0.0,0.0,10.0,1.0,1.0,1.0,1.0,0.0,1.0,1.0,0.9465477516175153,1.0,1.0,1.0,0.3667731669847853,0.0,0.0,0.0,0.0,0.0,,0.0,0.0,0.0,0.0,0.0,0.0,0.0,0.0,0.0,0.0,0.0,0.0,0.0,0.0,0.0,0.0,0.0,0.0
rework,0.0,1002,350,150,150,0.0,0.05,0.95,6,1,0.0028571428571428,0.0,0.0,6.0,7,6,6,0,12,8,7,6,0,0,0,0,0,0,0.125,2,1.3333333333333333,112,97,37,67,75,7,30,4,6,6,0,0.2517006802721088,5.0,5,5,1.0,1.0,6.166666666666667,18.666666666666668,11.166666666666666,150,0,0,150,1.0,1.0,1.0,1.0,0.0,0.0,10.0,1.0,1.0,1.0,1.0,0.0,150,0,30,120,0.9,0.8333333333333334,1.0,0.9090909090909092,0.2,0.0,10.0,0.8,0.9,0.9090909090909092,0.9523809523809524,0.0432900432900432,150,0,0,150,1.0,1.0,1.0,1.0,0.0,0.0,10.0,1.0,1.0,1.0,1.0,0.0,1.0,1.0,0.9465477516175153,1.0,1.0,1.0,0.2555182499927468,0.0,0.0,0.0,0.0,0.0,,0.0,0.0,0.0,0.0,0.0,0.0,0.0,0.0,0.0,0.0,0.0,0.0,0.0,0.0,0.0,0.0,0.0,0.0
rework,0.0,1002,350,150,150,0.0,0.05,0.99,6,1,0.0028571428571428,0.0,0.0,6.0,7,6,6,0,12,8,7,6,0,0,0,0,0,0,0.125,2,1.3333333333333333,112,97,37,67,75,7,30,4,6,6,0,0.2517006802721088,5.0,5,5,1.0,1.0,6.166666666666667,18.666666666666668,11.166666666666666,150,0,0,150,1.0,1.0,1.0,1.0,0.0,0.0,10.0,1.0,1.0,1.0,1.0,0.0,150,0,30,120,0.9,0.8333333333333334,1.0,0.9090909090909092,0.2,0.0,10.0,0.8,0.9,0.9090909090909092,0.9523809523809524,0.0432900432900432,150,0,0,150,1.0,1.0,1.0,1.0,0.0,0.0,10.0,1.0,1.0,1.0,1.0,0.0,1.0,1.0,0.9465477516175153,1.0,1.0,1.0,0.2480941670073662,0.0,0.0,0.0,0.0,0.0,,0.0,0.0,0.0,0.0,0.0,0.0,0.0,0.0,0.0,0.0,0.0,0.0,0.0,0.0,0.0,0.0,0.0,0.0
rework,0.0,1002,350,150,150,0.0,0.07,0.9,6,1,0.0028571428571428,0.0,0.0,6.0,7,6,6,0,12,8,7,6,0,0,0,0,0,0,0.125,2,1.3333333333333333,112,97,37,67,75,7,30,4,6,6,0,0.2517006802721088,5.0,5,5,1.0,1.0,6.166666666666667,18.666666666666668,11.166666666666666,150,0,0,150,1.0,1.0,1.0,1.0,0.0,0.0,10.0,1.0,1.0,1.0,1.0,0.0,150,0,30,120,0.9,0.8333333333333334,1.0,0.9090909090909092,0.2,0.0,10.0,0.8,0.9,0.9090909090909092,0.9523809523809524,0.0432900432900432,150,0,0,150,1.0,1.0,1.0,1.0,0.0,0.0,10.0,1.0,1.0,1.0,1.0,0.0,1.0,1.0,0.9465477516175153,1.0,1.0,1.0,0.2365055829868652,0.0,0.0,0.0,0.0,0.0,,0.0,0.0,0.0,0.0,0.0,0.0,0.0,0.0,0.0,0.0,0.0,0.0,0.0,0.0,0.0,0.0,0.0,0.0
rework,0.0,1002,350,150,150,0.0,0.07,0.95,6,1,0.0028571428571428,0.0,0.0,6.0,7,6,6,0,12,8,7,6,0,0,0,0,0,0,0.125,2,1.3333333333333333,112,97,37,67,75,7,30,4,6,6,0,0.2517006802721088,5.0,5,5,1.0,1.0,6.166666666666667,18.666666666666668,11.166666666666666,150,0,0,150,1.0,1.0,1.0,1.0,0.0,0.0,10.0,1.0,1.0,1.0,1.0,0.0,150,0,30,120,0.9,0.8333333333333334,1.0,0.9090909090909092,0.2,0.0,10.0,0.8,0.9,0.9090909090909092,0.9523809523809524,0.0432900432900432,150,0,0,150,1.0,1.0,1.0,1.0,0.0,0.0,10.0,1.0,1.0,1.0,1.0,0.0,1.0,1.0,0.9465477516175153,1.0,1.0,1.0,0.2305117089999839,0.0,0.0,0.0,0.0,0.0,,0.0,0.0,0.0,0.0,0.0,0.0,0.0,0.0,0.0,0.0,0.0,0.0,0.0,0.0,0.0,0.0,0.0,0.0
rework,0.0,1002,350,150,150,0.0,0.07,0.99,6,1,0.0028571428571428,0.0,0.0,6.0,7,6,6,0,12,8,7,6,0,0,0,0,0,0,0.125,2,1.3333333333333333,112,97,37,67,75,7,30,4,6,6,0,0.2517006802721088,5.0,5,5,1.0,1.0,6.166666666666667,18.666666666666668,11.166666666666666,150,0,0,150,1.0,1.0,1.0,1.0,0.0,0.0,10.0,1.0,1.0,1.0,1.0,0.0,150,0,30,120,0.9,0.8333333333333334,1.0,0.9090909090909092,0.2,0.0,10.0,0.8,0.9,0.9090909090909092,0.9523809523809524,0.0432900432900432,150,0,0,150,1.0,1.0,1.0,1.0,0.0,0.0,10.0,1.0,1.0,1.0,1.0,0.0,1.0,1.0,0.9465477516175153,1.0,1.0,1.0,0.2439609169960022,0.0,0.0,0.0,0.0,0.0,,0.0,0.0,0.0,0.0,0.0,0.0,0.0,0.0,0.0,0.0,0.0,0.0,0.0,0.0,0.0,0.0,0.0,0.0
rework,0.0,1003,350,150,150,0.0,0.03,0.9,6,1,0.0028571428571428,0.0,0.0,6.0,7,6,6,0,12,8,7,6,0,0,0,0,0,0,0.125,2,1.3333333333333333,112,97,37,67,75,7,30,4,6,6,0,0.2517006802721088,5.0,5,5,1.0,1.0,6.166666666666667,18.666666666666668,11.166666666666666,150,0,0,150,1.0,1.0,1.0,1.0,0.0,0.0,10.0,1.0,1.0,1.0,1.0,0.0,150,0,30,120,0.9,0.8333333333333334,1.0,0.9090909090909092,0.2,0.0,10.0,0.8,0.9,0.9090909090909092,0.9523809523809524,0.0432900432900432,150,0,0,150,1.0,1.0,1.0,1.0,0.0,0.0,10.0,1.0,1.0,1.0,1.0,0.0,1.0,1.0,0.9465477516175153,1.0,1.0,1.0,0.219803290994605,0.0,0.0,0.0,0.0,0.0,,0.0,0.0,0.0,0.0,0.0,0.0,0.0,0.0,0.0,0.0,0.0,0.0,0.0,0.0,0.0,0.0,0.0,0.0
rework,0.0,1003,350,150,150,0.0,0.03,0.95,6,1,0.0028571428571428,0.0,0.0,6.0,7,6,6,0,12,8,7,6,0,0,0,0,0,0,0.125,2,1.3333333333333333,112,97,37,67,75,7,30,4,6,6,0,0.2517006802721088,5.0,5,5,1.0,1.0,6.166666666666667,18.666666666666668,11.166666666666666,150,0,0,150,1.0,1.0,1.0,1.0,0.0,0.0,10.0,1.0,1.0,1.0,1.0,0.0,150,0,30,120,0.9,0.8333333333333334,1.0,0.9090909090909092,0.2,0.0,10.0,0.8,0.9,0.9090909090909092,0.9523809523809524,0.0432900432900432,150,0,0,150,1.0,1.0,1.0,1.0,0.0,0.0,10.0,1.0,1.0,1.0,1.0,0.0,1.0,1.0,0.9465477516175153,1.0,1.0,1.0,0.2410188329813536,0.0,0.0,0.0,0.0,0.0,,0.0,0.0,0.0,0.0,0.0,0.0,0.0,0.0,0.0,0.0,0.0,0.0,0.0,0.0,0.0,0.0,0.0,0.0
rework,0.0,1003,350,150,150,0.0,0.03,0.99,6,1,0.0028571428571428,0.0,0.0,6.0,7,6,6,0,12,8,7,6,0,0,0,0,0,0,0.125,2,1.3333333333333333,112,97,37,67,75,7,30,4,6,6,0,0.2517006802721088,5.0,5,5,1.0,1.0,6.166666666666667,18.666666666666668,11.166666666666666,150,0,0,150,1.0,1.0,1.0,1.0,0.0,0.0,10.0,1.0,1.0,1.0,1.0,0.0,150,0,30,120,0.9,0.8333333333333334,1.0,0.9090909090909092,0.2,0.0,10.0,0.8,0.9,0.9090909090909092,0.9523809523809524,0.0432900432900432,150,0,0,150,1.0,1.0,1.0,1.0,0.0,0.0,10.0,1.0,1.0,1.0,1.0,0.0,1.0,1.0,0.9465477516175153,1.0,1.0,1.0,0.2151559589838143,0.0,0.0,0.0,0.0,0.0,,0.0,0.0,0.0,0.0,0.0,0.0,0.0,0.0,0.0,0.0,0.0,0.0,0.0,0.0,0.0,0.0,0.0,0.0
rework,0.0,1003,350,150,150,0.0,0.05,0.9,6,1,0.0028571428571428,0.0,0.0,6.0,7,6,6,0,12,8,7,6,0,0,0,0,0,0,0.125,2,1.3333333333333333,112,97,37,67,75,7,30,4,6,6,0,0.2517006802721088,5.0,5,5,1.0,1.0,6.166666666666667,18.666666666666668,11.166666666666666,150,0,0,150,1.0,1.0,1.0,1.0,0.0,0.0,10.0,1.0,1.0,1.0,1.0,0.0,150,0,30,120,0.9,0.8333333333333334,1.0,0.9090909090909092,0.2,0.0,10.0,0.8,0.9,0.9090909090909092,0.9523809523809524,0.0432900432900432,150,0,0,150,1.0,1.0,1.0,1.0,0.0,0.0,10.0,1.0,1.0,1.0,1.0,0.0,1.0,1.0,0.9465477516175153,1.0,1.0,1.0,0.2061816669884137,0.0,0.0,0.0,0.0,0.0,,0.0,0.0,0.0,0.0,0.0,0.0,0.0,0.0,0.0,0.0,0.0,0.0,0.0,0.0,0.0,0.0,0.0,0.0
rework,0.0,1003,350,150,150,0.0,0.05,0.95,6,1,0.0028571428571428,0.0,0.0,6.0,7,6,6,0,12,8,7,6,0,0,0,0,0,0,0.125,2,1.3333333333333333,112,97,37,67,75,7,30,4,6,6,0,0.2517006802721088,5.0,5,5,1.0,1.0,6.166666666666667,18.666666666666668,11.166666666666666,150,0,0,150,1.0,1.0,1.0,1.0,0.0,0.0,10.0,1.0,1.0,1.0,1.0,0.0,150,0,30,120,0.9,0.8333333333333334,1.0,0.9090909090909092,0.2,0.0,10.0,0.8,0.9,0.9090909090909092,0.9523809523809524,0.0432900432900432,150,0,0,150,1.0,1.0,1.0,1.0,0.0,0.0,10.0,1.0,1.0,1.0,1.0,0.0,1.0,1.0,0.9465477516175153,1.0,1.0,1.0,0.2322221670183353,0.0,0.0,0.0,0.0,0.0,,0.0,0.0,0.0,0.0,0.0,0.0,0.0,0.0,0.0,0.0,0.0,0.0,0.0,0.0,0.0,0.0,0.0,0.0
rework,0.0,1003,350,150,150,0.0,0.05,0.99,6,1,0.0028571428571428,0.0,0.0,6.0,7,6,6,0,12,8,7,6,0,0,0,0,0,0,0.125,2,1.3333333333333333,112,97,37,67,75,7,30,4,6,6,0,0.2517006802721088,5.0,5,5,1.0,1.0,6.166666666666667,18.666666666666668,11.166666666666666,150,0,0,150,1.0,1.0,1.0,1.0,0.0,0.0,10.0,1.0,1.0,1.0,1.0,0.0,150,0,30,120,0.9,0.8333333333333334,1.0,0.9090909090909092,0.2,0.0,10.0,0.8,0.9,0.9090909090909092,0.9523809523809524,0.0432900432900432,150,0,0,150,1.0,1.0,1.0,1.0,0.0,0.0,10.0,1.0,1.0,1.0,1.0,0.0,1.0,1.0,0.9465477516175153,1.0,1.0,1.0,0.216429624997545,0.0,0.0,0.0,0.0,0.0,,0.0,0.0,0.0,0.0,0.0,0.0,0.0,0.0,0.0,0.0,0.0,0.0,0.0,0.0,0.0,0.0,0.0,0.0
rework,0.0,1003,350,150,150,0.0,0.07,0.9,6,1,0.0028571428571428,0.0,0.0,6.0,7,6,6,0,12,8,7,6,0,0,0,0,0,0,0.125,2,1.3333333333333333,112,97,37,67,75,7,30,4,6,6,0,0.2517006802721088,5.0,5,5,1.0,1.0,6.166666666666667,18.666666666666668,11.166666666666666,150,0,0,150,1.0,1.0,1.0,1.0,0.0,0.0,10.0,1.0,1.0,1.0,1.0,0.0,150,0,30,120,0.9,0.8333333333333334,1.0,0.9090909090909092,0.2,0.0,10.0,0.8,0.9,0.9090909090909092,0.9523809523809524,0.0432900432900432,150,0,0,150,1.0,1.0,1.0,1.0,0.0,0.0,10.0,1.0,1.0,1.0,1.0,0.0,1.0,1.0,0.9465477516175153,1.0,1.0,1.0,0.2395495829987339,0.0,0.0,0.0,0.0,0.0,,0.0,0.0,0.0,0.0,0.0,0.0,0.0,0.0,0.0,0.0,0.0,0.0,0.0,0.0,0.0,0.0,0.0,0.0
rework,0.0,1003,350,150,150,0.0,0.07,0.95,6,1,0.0028571428571428,0.0,0.0,6.0,7,6,6,0,12,8,7,6,0,0,0,0,0,0,0.125,2,1.3333333333333333,112,97,37,67,75,7,30,4,6,6,0,0.2517006802721088,5.0,5,5,1.0,1.0,6.166666666666667,18.666666666666668,11.166666666666666,150,0,0,150,1.0,1.0,1.0,1.0,0.0,0.0,10.0,1.0,1.0,1.0,1.0,0.0,150,0,30,120,0.9,0.8333333333333334,1.0,0.9090909090909092,0.2,0.0,10.0,0.8,0.9,0.9090909090909092,0.9523809523809524,0.0432900432900432,150,0,0,150,1.0,1.0,1.0,1.0,0.0,0.0,10.0,1.0,1.0,1.0,1.0,0.0,1.0,1.0,0.9465477516175153,1.0,1.0,1.0,0.2181661660142708,0.0,0.0,0.0,0.0,0.0,,0.0,0.0,0.0,0.0,0.0,0.0,0.0,0.0,0.0,0.0,0.0,0.0,0.0,0.0,0.0,0.0,0.0,0.0
rework,0.0,1003,350,150,150,0.0,0.07,0.99,6,1,0.0028571428571428,0.0,0.0,6.0,7,6,6,0,12,8,7,6,0,0,0,0,0,0,0.125,2,1.3333333333333333,112,97,37,67,75,7,30,4,6,6,0,0.2517006802721088,5.0,5,5,1.0,1.0,6.166666666666667,18.666666666666668,11.166666666666666,150,0,0,150,1.0,1.0,1.0,1.0,0.0,0.0,10.0,1.0,1.0,1.0,1.0,0.0,150,0,30,120,0.9,0.8333333333333334,1.0,0.9090909090909092,0.2,0.0,10.0,0.8,0.9,0.9090909090909092,0.9523809523809524,0.0432900432900432,150,0,0,150,1.0,1.0,1.0,1.0,0.0,0.0,10.0,1.0,1.0,1.0,1.0,0.0,1.0,1.0,0.9465477516175153,1.0,1.0,1.0,0.313012291007908,0.0,0.0,0.0,0.0,0.0,,0.0,0.0,0.0,0.0,0.0,0.0,0.0,0.0,0.0,0.0,0.0,0.0,0.0,0.0,0.0,0.0,0.0,0.0
rework,0.0,1004,350,150,150,0.0,0.03,0.9,6,1,0.0028571428571428,0.0,0.0,6.0,7,6,6,0,12,8,7,6,0,0,0,0,0,0,0.125,2,1.3333333333333333,112,97,37,67,75,7,30,4,6,6,0,0.2517006802721088,5.0,5,5,1.0,1.0,6.166666666666667,18.666666666666668,11.166666666666666,150,0,0,150,1.0,1.0,1.0,1.0,0.0,0.0,10.0,1.0,1.0,1.0,1.0,0.0,150,0,30,120,0.9,0.8333333333333334,1.0,0.9090909090909092,0.2,0.0,10.0,0.8,0.9,0.9090909090909092,0.9523809523809524,0.0432900432900432,150,0,0,150,1.0,1.0,1.0,1.0,0.0,0.0,10.0,1.0,1.0,1.0,1.0,0.0,1.0,1.0,0.9465477516175153,1.0,1.0,1.0,0.2548195419949479,0.0,0.0,0.0,0.0,0.0,,0.0,0.0,0.0,0.0,0.0,0.0,0.0,0.0,0.0,0.0,0.0,0.0,0.0,0.0,0.0,0.0,0.0,0.0
rework,0.0,1004,350,150,150,0.0,0.03,0.95,6,1,0.0028571428571428,0.0,0.0,6.0,7,6,6,0,12,8,7,6,0,0,0,0,0,0,0.125,2,1.3333333333333333,112,97,37,67,75,7,30,4,6,6,0,0.2517006802721088,5.0,5,5,1.0,1.0,6.166666666666667,18.666666666666668,11.166666666666666,150,0,0,150,1.0,1.0,1.0,1.0,0.0,0.0,10.0,1.0,1.0,1.0,1.0,0.0,150,0,30,120,0.9,0.8333333333333334,1.0,0.9090909090909092,0.2,0.0,10.0,0.8,0.9,0.9090909090909092,0.9523809523809524,0.0432900432900432,150,0,0,150,1.0,1.0,1.0,1.0,0.0,0.0,10.0,1.0,1.0,1.0,1.0,0.0,1.0,1.0,0.9465477516175153,1.0,1.0,1.0,0.2220369999995455,0.0,0.0,0.0,0.0,0.0,,0.0,0.0,0.0,0.0,0.0,0.0,0.0,0.0,0.0,0.0,0.0,0.0,0.0,0.0,0.0,0.0,0.0,0.0
rework,0.0,1004,350,150,150,0.0,0.03,0.99,6,1,0.0028571428571428,0.0,0.0,6.0,7,6,6,0,12,8,7,6,0,0,0,0,0,0,0.125,2,1.3333333333333333,112,97,37,67,75,7,30,4,6,6,0,0.2517006802721088,5.0,5,5,1.0,1.0,6.166666666666667,18.666666666666668,11.166666666666666,150,0,0,150,1.0,1.0,1.0,1.0,0.0,0.0,10.0,1.0,1.0,1.0,1.0,0.0,150,0,30,120,0.9,0.8333333333333334,1.0,0.9090909090909092,0.2,0.0,10.0,0.8,0.9,0.9090909090909092,0.9523809523809524,0.0432900432900432,150,0,0,150,1.0,1.0,1.0,1.0,0.0,0.0,10.0,1.0,1.0,1.0,1.0,0.0,1.0,1.0,0.9465477516175153,1.0,1.0,1.0,0.2473358330025803,0.0,0.0,0.0,0.0,0.0,,0.0,0.0,0.0,0.0,0.0,0.0,0.0,0.0,0.0,0.0,0.0,0.0,0.0,0.0,0.0,0.0,0.0,0.0
rework,0.0,1004,350,150,150,0.0,0.05,0.9,6,1,0.0028571428571428,0.0,0.0,6.0,7,6,6,0,12,8,7,6,0,0,0,0,0,0,0.125,2,1.3333333333333333,112,97,37,67,75,7,30,4,6,6,0,0.2517006802721088,5.0,5,5,1.0,1.0,6.166666666666667,18.666666666666668,11.166666666666666,150,0,0,150,1.0,1.0,1.0,1.0,0.0,0.0,10.0,1.0,1.0,1.0,1.0,0.0,150,0,30,120,0.9,0.8333333333333334,1.0,0.9090909090909092,0.2,0.0,10.0,0.8,0.9,0.9090909090909092,0.9523809523809524,0.0432900432900432,150,0,0,150,1.0,1.0,1.0,1.0,0.0,0.0,10.0,1.0,1.0,1.0,1.0,0.0,1.0,1.0,0.9465477516175153,1.0,1.0,1.0,0.2307202499941922,0.0,0.0,0.0,0.0,0.0,,0.0,0.0,0.0,0.0,0.0,0.0,0.0,0.0,0.0,0.0,0.0,0.0,0.0,0.0,0.0,0.0,0.0,0.0
rework,0.0,1004,350,150,150,0.0,0.05,0.95,6,1,0.0028571428571428,0.0,0.0,6.0,7,6,6,0,12,8,7,6,0,0,0,0,0,0,0.125,2,1.3333333333333333,112,97,37,67,75,7,30,4,6,6,0,0.2517006802721088,5.0,5,5,1.0,1.0,6.166666666666667,18.666666666666668,11.166666666666666,150,0,0,150,1.0,1.0,1.0,1.0,0.0,0.0,10.0,1.0,1.0,1.0,1.0,0.0,150,0,30,120,0.9,0.8333333333333334,1.0,0.9090909090909092,0.2,0.0,10.0,0.8,0.9,0.9090909090909092,0.9523809523809524,0.0432900432900432,150,0,0,150,1.0,1.0,1.0,1.0,0.0,0.0,10.0,1.0,1.0,1.0,1.0,0.0,1.0,1.0,0.9465477516175153,1.0,1.0,1.0,0.2313863750023301,0.0,0.0,0.0,0.0,0.0,,0.0,0.0,0.0,0.0,0.0,0.0,0.0,0.0,0.0,0.0,0.0,0.0,0.0,0.0,0.0,0.0,0.0,0.0
rework,0.0,1004,350,150,150,0.0,0.05,0.99,6,1,0.0028571428571428,0.0,0.0,6.0,7,6,6,0,12,8,7,6,0,0,0,0,0,0,0.125,2,1.3333333333333333,112,97,37,67,75,7,30,4,6,6,0,0.2517006802721088,5.0,5,5,1.0,1.0,6.166666666666667,18.666666666666668,11.166666666666666,150,0,0,150,1.0,1.0,1.0,1.0,0.0,0.0,10.0,1.0,1.0,1.0,1.0,0.0,150,0,30,120,0.9,0.8333333333333334,1.0,0.9090909090909092,0.2,0.0,10.0,0.8,0.9,0.9090909090909092,0.9523809523809524,0.0432900432900432,150,0,0,150,1.0,1.0,1.0,1.0,0.0,0.0,10.0,1.0,1.0,1.0,1.0,0.0,1.0,1.0,0.9465477516175153,1.0,1.0,1.0,0.2618187090265564,0.0,0.0,0.0,0.0,0.0,,0.0,0.0,0.0,0.0,0.0,0.0,0.0,0.0,0.0,0.0,0.0,0.0,0.0,0.0,0.0,0.0,0.0,0.0
rework,0.0,1004,350,150,150,0.0,0.07,0.9,6,1,0.0028571428571428,0.0,0.0,6.0,7,6,6,0,12,8,7,6,0,0,0,0,0,0,0.125,2,1.3333333333333333,112,97,37,67,75,7,30,4,6,6,0,0.2517006802721088,5.0,5,5,1.0,1.0,6.166666666666667,18.666666666666668,11.166666666666666,150,0,0,150,1.0,1.0,1.0,1.0,0.0,0.0,10.0,1.0,1.0,1.0,1.0,0.0,150,0,30,120,0.9,0.8333333333333334,1.0,0.9090909090909092,0.2,0.0,10.0,0.8,0.9,0.9090909090909092,0.9523809523809524,0.0432900432900432,150,0,0,150,1.0,1.0,1.0,1.0,0.0,0.0,10.0,1.0,1.0,1.0,1.0,0.0,1.0,1.0,0.9465477516175153,1.0,1.0,1.0,0.2306758339982479,0.0,0.0,0.0,0.0,0.0,,0.0,0.0,0.0,0.0,0.0,0.0,0.0,0.0,0.0,0.0,0.0,0.0,0.0,0.0,0.0,0.0,0.0,0.0
rework,0.0,1004,350,150,150,0.0,0.07,0.95,6,1,0.0028571428571428,0.0,0.0,6.0,7,6,6,0,12,8,7,6,0,0,0,0,0,0,0.125,2,1.3333333333333333,112,97,37,67,75,7,30,4,6,6,0,0.2517006802721088,5.0,5,5,1.0,1.0,6.166666666666667,18.666666666666668,11.166666666666666,150,0,0,150,1.0,1.0,1.0,1.0,0.0,0.0,10.0,1.0,1.0,1.0,1.0,0.0,150,0,30,120,0.9,0.8333333333333334,1.0,0.9090909090909092,0.2,0.0,10.0,0.8,0.9,0.9090909090909092,0.9523809523809524,0.0432900432900432,150,0,0,150,1.0,1.0,1.0,1.0,0.0,0.0,10.0,1.0,1.0,1.0,1.0,0.0,1.0,1.0,0.9465477516175153,1.0,1.0,1.0,0.2401589159853756,0.0,0.0,0.0,0.0,0.0,,0.0,0.0,0.0,0.0,0.0,0.0,0.0,0.0,0.0,0.0,0.0,0.0,0.0,0.0,0.0,0.0,0.0,0.0
rework,0.0,1004,350,150,150,0.0,0.07,0.99,6,1,0.0028571428571428,0.0,0.0,6.0,7,6,6,0,12,8,7,6,0,0,0,0,0,0,0.125,2,1.3333333333333333,112,97,37,67,75,7,30,4,6,6,0,0.2517006802721088,5.0,5,5,1.0,1.0,6.166666666666667,18.666666666666668,11.166666666666666,150,0,0,150,1.0,1.0,1.0,1.0,0.0,0.0,10.0,1.0,1.0,1.0,1.0,0.0,150,0,30,120,0.9,0.8333333333333334,1.0,0.9090909090909092,0.2,0.0,10.0,0.8,0.9,0.9090909090909092,0.9523809523809524,0.0432900432900432,150,0,0,150,1.0,1.0,1.0,1.0,0.0,0.0,10.0,1.0,1.0,1.0,1.0,0.0,1.0,1.0,0.9465477516175153,1.0,1.0,1.0,0.2196068339981138,0.0,0.0,0.0,0.0,0.0,,0.0,0.0,0.0,0.0,0.0,0.0,0.0,0.0,0.0,0.0,0.0,0.0,0.0,0.0,0.0,0.0,0.0,0.0
rework,0.0,1005,350,150,150,0.0,0.03,0.9,6,1,0.0028571428571428,0.0,0.0,6.0,7,6,6,0,12,8,7,6,0,0,0,0,0,0,0.125,2,1.3333333333333333,112,97,37,67,75,7,30,4,6,6,0,0.2517006802721088,5.0,5,5,1.0,1.0,6.166666666666667,18.666666666666668,11.166666666666666,150,0,0,150,1.0,1.0,1.0,1.0,0.0,0.0,10.0,1.0,1.0,1.0,1.0,0.0,150,0,30,120,0.9,0.8333333333333334,1.0,0.9090909090909092,0.2,0.0,10.0,0.8,0.9,0.9090909090909092,0.9523809523809524,0.0432900432900432,150,0,0,150,1.0,1.0,1.0,1.0,0.0,0.0,10.0,1.0,1.0,1.0,1.0,0.0,1.0,1.0,0.9465477516175153,1.0,1.0,1.0,0.2366294160019606,0.0,0.0,0.0,0.0,0.0,,0.0,0.0,0.0,0.0,0.0,0.0,0.0,0.0,0.0,0.0,0.0,0.0,0.0,0.0,0.0,0.0,0.0,0.0
rework,0.0,1005,350,150,150,0.0,0.03,0.95,6,1,0.0028571428571428,0.0,0.0,6.0,7,6,6,0,12,8,7,6,0,0,0,0,0,0,0.125,2,1.3333333333333333,112,97,37,67,75,7,30,4,6,6,0,0.2517006802721088,5.0,5,5,1.0,1.0,6.166666666666667,18.666666666666668,11.166666666666666,150,0,0,150,1.0,1.0,1.0,1.0,0.0,0.0,10.0,1.0,1.0,1.0,1.0,0.0,150,0,30,120,0.9,0.8333333333333334,1.0,0.9090909090909092,0.2,0.0,10.0,0.8,0.9,0.9090909090909092,0.9523809523809524,0.0432900432900432,150,0,0,150,1.0,1.0,1.0,1.0,0.0,0.0,10.0,1.0,1.0,1.0,1.0,0.0,1.0,1.0,0.9465477516175153,1.0,1.0,1.0,0.241219416988315,0.0,0.0,0.0,0.0,0.0,,0.0,0.0,0.0,0.0,0.0,0.0,0.0,0.0,0.0,0.0,0.0,0.0,0.0,0.0,0.0,0.0,0.0,0.0
rework,0.0,1005,350,150,150,0.0,0.03,0.99,6,1,0.0028571428571428,0.0,0.0,6.0,7,6,6,0,12,8,7,6,0,0,0,0,0,0,0.125,2,1.3333333333333333,112,97,37,67,75,7,30,4,6,6,0,0.2517006802721088,5.0,5,5,1.0,1.0,6.166666666666667,18.666666666666668,11.166666666666666,150,0,0,150,1.0,1.0,1.0,1.0,0.0,0.0,10.0,1.0,1.0,1.0,1.0,0.0,150,0,30,120,0.9,0.8333333333333334,1.0,0.9090909090909092,0.2,0.0,10.0,0.8,0.9,0.9090909090909092,0.9523809523809524,0.0432900432900432,150,0,0,150,1.0,1.0,1.0,1.0,0.0,0.0,10.0,1.0,1.0,1.0,1.0,0.0,1.0,1.0,0.9465477516175153,1.0,1.0,1.0,0.2201239159912802,0.0,0.0,0.0,0.0,0.0,,0.0,0.0,0.0,0.0,0.0,0.0,0.0,0.0,0.0,0.0,0.0,0.0,0.0,0.0,0.0,0.0,0.0,0.0
rework,0.0,1005,350,150,150,0.0,0.05,0.9,6,1,0.0028571428571428,0.0,0.0,6.0,7,6,6,0,12,8,7,6,0,0,0,0,0,0,0.125,2,1.3333333333333333,112,97,37,67,75,7,30,4,6,6,0,0.2517006802721088,5.0,5,5,1.0,1.0,6.166666666666667,18.666666666666668,11.166666666666666,150,0,0,150,1.0,1.0,1.0,1.0,0.0,0.0,10.0,1.0,1.0,1.0,1.0,0.0,150,0,30,120,0.9,0.8333333333333334,1.0,0.9090909090909092,0.2,0.0,10.0,0.8,0.9,0.9090909090909092,0.9523809523809524,0.0432900432900432,150,0,0,150,1.0,1.0,1.0,1.0,0.0,0.0,10.0,1.0,1.0,1.0,1.0,0.0,1.0,1.0,0.9465477516175153,1.0,1.0,1.0,0.2410883750126231,0.0,0.0,0.0,0.0,0.0,,0.0,0.0,0.0,0.0,0.0,0.0,0.0,0.0,0.0,0.0,0.0,0.0,0.0,0.0,0.0,0.0,0.0,0.0
rework,0.0,1005,350,150,150,0.0,0.05,0.95,6,1,0.0028571428571428,0.0,0.0,6.0,7,6,6,0,12,8,7,6,0,0,0,0,0,0,0.125,2,1.3333333333333333,112,97,37,67,75,7,30,4,6,6,0,0.2517006802721088,5.0,5,5,1.0,1.0,6.166666666666667,18.666666666666668,11.166666666666666,150,0,0,150,1.0,1.0,1.0,1.0,0.0,0.0,10.0,1.0,1.0,1.0,1.0,0.0,150,0,30,120,0.9,0.8333333333333334,1.0,0.9090909090909092,0.2,0.0,10.0,0.8,0.9,0.9090909090909092,0.9523809523809524,0.0432900432900432,150,0,0,150,1.0,1.0,1.0,1.0,0.0,0.0,10.0,1.0,1.0,1.0,1.0,0.0,1.0,1.0,0.9465477516175153,1.0,1.0,1.0,0.2226700420142151,0.0,0.0,0.0,0.0,0.0,,0.0,0.0,0.0,0.0,0.0,0.0,0.0,0.0,0.0,0.0,0.0,0.0,0.0,0.0,0.0,0.0,0.0,0.0
rework,0.0,1005,350,150,150,0.0,0.05,0.99,6,1,0.0028571428571428,0.0,0.0,6.0,7,6,6,0,12,8,7,6,0,0,0,0,0,0,0.125,2,1.3333333333333333,112,97,37,67,75,7,30,4,6,6,0,0.2517006802721088,5.0,5,5,1.0,1.0,6.166666666666667,18.666666666666668,11.166666666666666,150,0,0,150,1.0,1.0,1.0,1.0,0.0,0.0,10.0,1.0,1.0,1.0,1.0,0.0,150,0,30,120,0.9,0.8333333333333334,1.0,0.9090909090909092,0.2,0.0,10.0,0.8,0.9,0.9090909090909092,0.9523809523809524,0.0432900432900432,150,0,0,150,1.0,1.0,1.0,1.0,0.0,0.0,10.0,1.0,1.0,1.0,1.0,0.0,1.0,1.0,0.9465477516175153,1.0,1.0,1.0,0.2235311250260565,0.0,0.0,0.0,0.0,0.0,,0.0,0.0,0.0,0.0,0.0,0.0,0.0,0.0,0.0,0.0,0.0,0.0,0.0,0.0,0.0,0.0,0.0,0.0
rework,0.0,1005,350,150,150,0.0,0.07,0.9,6,1,0.0028571428571428,0.0,0.0,6.0,7,6,6,0,12,8,7,6,0,0,0,0,0,0,0.125,2,1.3333333333333333,112,97,37,67,75,7,30,4,6,6,0,0.2517006802721088,5.0,5,5,1.0,1.0,6.166666666666667,18.666666666666668,11.166666666666666,150,0,0,150,1.0,1.0,1.0,1.0,0.0,0.0,10.0,1.0,1.0,1.0,1.0,0.0,150,0,30,120,0.9,0.8333333333333334,1.0,0.9090909090909092,0.2,0.0,10.0,0.8,0.9,0.9090909090909092,0.9523809523809524,0.0432900432900432,150,0,0,150,1.0,1.0,1.0,1.0,0.0,0.0,10.0,1.0,1.0,1.0,1.0,0.0,1.0,1.0,0.9465477516175153,1.0,1.0,1.0,0.2461783339967951,0.0,0.0,0.0,0.0,0.0,,0.0,0.0,0.0,0.0,0.0,0.0,0.0,0.0,0.0,0.0,0.0,0.0,0.0,0.0,0.0,0.0,0.0,0.0
rework,0.0,1005,350,150,150,0.0,0.07,0.95,6,1,0.0028571428571428,0.0,0.0,6.0,7,6,6,0,12,8,7,6,0,0,0,0,0,0,0.125,2,1.3333333333333333,112,97,37,67,75,7,30,4,6,6,0,0.2517006802721088,5.0,5,5,1.0,1.0,6.166666666666667,18.666666666666668,11.166666666666666,150,0,0,150,1.0,1.0,1.0,1.0,0.0,0.0,10.0,1.0,1.0,1.0,1.0,0.0,150,0,30,120,0.9,0.8333333333333334,1.0,0.9090909090909092,0.2,0.0,10.0,0.8,0.9,0.9090909090909092,0.9523809523809524,0.0432900432900432,150,0,0,150,1.0,1.0,1.0,1.0,0.0,0.0,10.0,1.0,1.0,1.0,1.0,0.0,1.0,1.0,0.9465477516175153,1.0,1.0,1.0,0.2277234589855652,0.0,0.0,0.0,0.0,0.0,,0.0,0.0,0.0,0.0,0.0,0.0,0.0,0.0,0.0,0.0,0.0,0.0,0.0,0.0,0.0,0.0,0.0,0.0
rework,0.0,1005,350,150,150,0.0,0.07,0.99,6,1,0.0028571428571428,0.0,0.0,6.0,7,6,6,0,12,8,7,6,0,0,0,0,0,0,0.125,2,1.3333333333333333,112,97,37,67,75,7,30,4,6,6,0,0.2517006802721088,5.0,5,5,1.0,1.0,6.166666666666667,18.666666666666668,11.166666666666666,150,0,0,150,1.0,1.0,1.0,1.0,0.0,0.0,10.0,1.0,1.0,1.0,1.0,0.0,150,0,30,120,0.9,0.8333333333333334,1.0,0.9090909090909092,0.2,0.0,10.0,0.8,0.9,0.9090909090909092,0.9523809523809524,0.0432900432900432,150,0,0,150,1.0,1.0,1.0,1.0,0.0,0.0,10.0,1.0,1.0,1.0,1.0,0.0,1.0,1.0,0.9465477516175153,1.0,1.0,1.0,0.246602208004333,0.0,0.0,0.0,0.0,0.0,,0.0,0.0,0.0,0.0,0.0,0.0,0.0,0.0,0.0,0.0,0.0,0.0,0.0,0.0,0.0,0.0,0.0,0.0
rework,0.0,1006,350,150,150,0.0,0.03,0.9,6,1,0.0028571428571428,0.0,0.0,6.0,7,6,6,0,12,8,7,6,0,0,0,0,0,0,0.125,2,1.3333333333333333,112,97,37,67,75,7,30,4,6,6,0,0.2517006802721088,5.0,5,5,1.0,1.0,6.166666666666667,18.666666666666668,11.166666666666666,150,0,0,150,1.0,1.0,1.0,1.0,0.0,0.0,10.0,1.0,1.0,1.0,1.0,0.0,150,0,30,120,0.9,0.8333333333333334,1.0,0.9090909090909092,0.2,0.0,10.0,0.8,0.9,0.9090909090909092,0.9523809523809524,0.0432900432900432,150,0,0,150,1.0,1.0,1.0,1.0,0.0,0.0,10.0,1.0,1.0,1.0,1.0,0.0,1.0,1.0,0.9465477516175153,1.0,1.0,1.0,0.2192057079810183,0.0,0.0,0.0,0.0,0.0,,0.0,0.0,0.0,0.0,0.0,0.0,0.0,0.0,0.0,0.0,0.0,0.0,0.0,0.0,0.0,0.0,0.0,0.0
rework,0.0,1006,350,150,150,0.0,0.03,0.95,6,1,0.0028571428571428,0.0,0.0,6.0,7,6,6,0,12,8,7,6,0,0,0,0,0,0,0.125,2,1.3333333333333333,112,97,37,67,75,7,30,4,6,6,0,0.2517006802721088,5.0,5,5,1.0,1.0,6.166666666666667,18.666666666666668,11.166666666666666,150,0,0,150,1.0,1.0,1.0,1.0,0.0,0.0,10.0,1.0,1.0,1.0,1.0,0.0,150,0,30,120,0.9,0.8333333333333334,1.0,0.9090909090909092,0.2,0.0,10.0,0.8,0.9,0.9090909090909092,0.9523809523809524,0.0432900432900432,150,0,0,150,1.0,1.0,1.0,1.0,0.0,0.0,10.0,1.0,1.0,1.0,1.0,0.0,1.0,1.0,0.9465477516175153,1.0,1.0,1.0,0.2209253330074716,0.0,0.0,0.0,0.0,0.0,,0.0,0.0,0.0,0.0,0.0,0.0,0.0,0.0,0.0,0.0,0.0,0.0,0.0,0.0,0.0,0.0,0.0,0.0
rework,0.0,1006,350,150,150,0.0,0.03,0.99,6,1,0.0028571428571428,0.0,0.0,6.0,7,6,6,0,12,8,7,6,0,0,0,0,0,0,0.125,2,1.3333333333333333,112,97,37,67,75,7,30,4,6,6,0,0.2517006802721088,5.0,5,5,1.0,1.0,6.166666666666667,18.666666666666668,11.166666666666666,150,0,0,150,1.0,1.0,1.0,1.0,0.0,0.0,10.0,1.0,1.0,1.0,1.0,0.0,150,0,30,120,0.9,0.8333333333333334,1.0,0.9090909090909092,0.2,0.0,10.0,0.8,0.9,0.9090909090909092,0.9523809523809524,0.0432900432900432,150,0,0,150,1.0,1.0,1.0,1.0,0.0,0.0,10.0,1.0,1.0,1.0,1.0,0.0,1.0,1.0,0.9465477516175153,1.0,1.0,1.0,0.2684000829758588,0.0,0.0,0.0,0.0,0.0,,0.0,0.0,0.0,0.0,0.0,0.0,0.0,0.0,0.0,0.0,0.0,0.0,0.0,0.0,0.0,0.0,0.0,0.0
rework,0.0,1006,350,150,150,0.0,0.05,0.9,6,1,0.0028571428571428,0.0,0.0,6.0,7,6,6,0,12,8,7,6,0,0,0,0,0,0,0.125,2,1.3333333333333333,112,97,37,67,75,7,30,4,6,6,0,0.2517006802721088,5.0,5,5,1.0,1.0,6.166666666666667,18.666666666666668,11.166666666666666,150,0,0,150,1.0,1.0,1.0,1.0,0.0,0.0,10.0,1.0,1.0,1.0,1.0,0.0,150,0,30,120,0.9,0.8333333333333334,1.0,0.9090909090909092,0.2,0.0,10.0,0.8,0.9,0.9090909090909092,0.9523809523809524,0.0432900432900432,150,0,0,150,1.0,1.0,1.0,1.0,0.0,0.0,10.0,1.0,1.0,1.0,1.0,0.0,1.0,1.0,0.9465477516175153,1.0,1.0,1.0,0.2219570830056909,0.0,0.0,0.0,0.0,0.0,,0.0,0.0,0.0,0.0,0.0,0.0,0.0,0.0,0.0,0.0,0.0,0.0,0.0,0.0,0.0,0.0,0.0,0.0
rework,0.0,1006,350,150,150,0.0,0.05,0.95,6,1,0.0028571428571428,0.0,0.0,6.0,7,6,6,0,12,8,7,6,0,0,0,0,0,0,0.125,2,1.3333333333333333,112,97,37,67,75,7,30,4,6,6,0,0.2517006802721088,5.0,5,5,1.0,1.0,6.166666666666667,18.666666666666668,11.166666666666666,150,0,0,150,1.0,1.0,1.0,1.0,0.0,0.0,10.0,1.0,1.0,1.0,1.0,0.0,150,0,30,120,0.9,0.8333333333333334,1.0,0.9090909090909092,0.2,0.0,10.0,0.8,0.9,0.9090909090909092,0.9523809523809524,0.0432900432900432,150,0,0,150,1.0,1.0,1.0,1.0,0.0,0.0,10.0,1.0,1.0,1.0,1.0,0.0,1.0,1.0,0.9465477516175153,1.0,1.0,1.0,0.2426865000161342,0.0,0.0,0.0,0.0,0.0,,0.0,0.0,0.0,0.0,0.0,0.0,0.0,0.0,0.0,0.0,0.0,0.0,0.0,0.0,0.0,0.0,0.0,0.0
rework,0.0,1006,350,150,150,0.0,0.05,0.99,6,1,0.0028571428571428,0.0,0.0,6.0,7,6,6,0,12,8,7,6,0,0,0,0,0,0,0.125,2,1.3333333333333333,112,97,37,67,75,7,30,4,6,6,0,0.2517006802721088,5.0,5,5,1.0,1.0,6.166666666666667,18.666666666666668,11.166666666666666,150,0,0,150,1.0,1.0,1.0,1.0,0.0,0.0,10.0,1.0,1.0,1.0,1.0,0.0,150,0,30,120,0.9,0.8333333333333334,1.0,0.9090909090909092,0.2,0.0,10.0,0.8,0.9,0.9090909090909092,0.9523809523809524,0.0432900432900432,150,0,0,150,1.0,1.0,1.0,1.0,0.0,0.0,10.0,1.0,1.0,1.0,1.0,0.0,1.0,1.0,0.9465477516175153,1.0,1.0,1.0,0.2199506250035483,0.0,0.0,0.0,0.0,0.0,,0.0,0.0,0.0,0.0,0.0,0.0,0.0,0.0,0.0,0.0,0.0,0.0,0.0,0.0,0.0,0.0,0.0,0.0
rework,0.0,1006,350,150,150,0.0,0.07,0.9,6,1,0.0028571428571428,0.0,0.0,6.0,7,6,6,0,12,8,7,6,0,0,0,0,0,0,0.125,2,1.3333333333333333,112,97,37,67,75,7,30,4,6,6,0,0.2517006802721088,5.0,5,5,1.0,1.0,6.166666666666667,18.666666666666668,11.166666666666666,150,0,0,150,1.0,1.0,1.0,1.0,0.0,0.0,10.0,1.0,1.0,1.0,1.0,0.0,150,0,30,120,0.9,0.8333333333333334,1.0,0.9090909090909092,0.2,0.0,10.0,0.8,0.9,0.9090909090909092,0.9523809523809524,0.0432900432900432,150,0,0,150,1.0,1.0,1.0,1.0,0.0,0.0,10.0,1.0,1.0,1.0,1.0,0.0,1.0,1.0,0.9465477516175153,1.0,1.0,1.0,0.2206088749808259,0.0,0.0,0.0,0.0,0.0,,0.0,0.0,0.0,0.0,0.0,0.0,0.0,0.0,0.0,0.0,0.0,0.0,0.0,0.0,0.0,0.0,0.0,0.0
rework,0.0,1006,350,150,150,0.0,0.07,0.95,6,1,0.0028571428571428,0.0,0.0,6.0,7,6,6,0,12,8,7,6,0,0,0,0,0,0,0.125,2,1.3333333333333333,112,97,37,67,75,7,30,4,6,6,0,0.2517006802721088,5.0,5,5,1.0,1.0,6.166666666666667,18.666666666666668,11.166666666666666,150,0,0,150,1.0,1.0,1.0,1.0,0.0,0.0,10.0,1.0,1.0,1.0,1.0,0.0,150,0,30,120,0.9,0.8333333333333334,1.0,0.9090909090909092,0.2,0.0,10.0,0.8,0.9,0.9090909090909092,0.9523809523809524,0.0432900432900432,150,0,0,150,1.0,1.0,1.0,1.0,0.0,0.0,10.0,1.0,1.0,1.0,1.0,0.0,1.0,1.0,0.9465477516175153,1.0,1.0,1.0,0.2433651659812312,0.0,0.0,0.0,0.0,0.0,,0.0,0.0,0.0,0.0,0.0,0.0,0.0,0.0,0.0,0.0,0.0,0.0,0.0,0.0,0.0,0.0,0.0,0.0
rework,0.0,1006,350,150,150,0.0,0.07,0.99,6,1,0.0028571428571428,0.0,0.0,6.0,7,6,6,0,12,8,7,6,0,0,0,0,0,0,0.125,2,1.3333333333333333,112,97,37,67,75,7,30,4,6,6,0,0.2517006802721088,5.0,5,5,1.0,1.0,6.166666666666667,18.666666666666668,11.166666666666666,150,0,0,150,1.0,1.0,1.0,1.0,0.0,0.0,10.0,1.0,1.0,1.0,1.0,0.0,150,0,30,120,0.9,0.8333333333333334,1.0,0.9090909090909092,0.2,0.0,10.0,0.8,0.9,0.9090909090909092,0.9523809523809524,0.0432900432900432,150,0,0,150,1.0,1.0,1.0,1.0,0.0,0.0,10.0,1.0,1.0,1.0,1.0,0.0,1.0,1.0,0.9465477516175153,1.0,1.0,1.0,0.2194066249940078,0.0,0.0,0.0,0.0,0.0,,0.0,0.0,0.0,0.0,0.0,0.0,0.0,0.0,0.0,0.0,0.0,0.0,0.0,0.0,0.0,0.0,0.0,0.0
rework,0.0,1007,350,150,150,0.0,0.03,0.9,6,1,0.0028571428571428,0.0,0.0,6.0,7,6,6,0,12,8,7,6,0,0,0,0,0,0,0.125,2,1.3333333333333333,112,97,37,67,75,7,30,4,6,6,0,0.2517006802721088,5.0,5,5,1.0,1.0,6.166666666666667,18.666666666666668,11.166666666666666,150,0,0,150,1.0,1.0,1.0,1.0,0.0,0.0,10.0,1.0,1.0,1.0,1.0,0.0,150,0,30,120,0.9,0.8333333333333334,1.0,0.9090909090909092,0.2,0.0,10.0,0.8,0.9,0.9090909090909092,0.9523809523809524,0.0432900432900432,150,0,0,150,1.0,1.0,1.0,1.0,0.0,0.0,10.0,1.0,1.0,1.0,1.0,0.0,1.0,1.0,0.9465477516175153,1.0,1.0,1.0,0.2761994169850368,0.0,0.0,0.0,0.0,0.0,,0.0,0.0,0.0,0.0,0.0,0.0,0.0,0.0,0.0,0.0,0.0,0.0,0.0,0.0,0.0,0.0,0.0,0.0
rework,0.0,1007,350,150,150,0.0,0.03,0.95,6,1,0.0028571428571428,0.0,0.0,6.0,7,6,6,0,12,8,7,6,0,0,0,0,0,0,0.125,2,1.3333333333333333,112,97,37,67,75,7,30,4,6,6,0,0.2517006802721088,5.0,5,5,1.0,1.0,6.166666666666667,18.666666666666668,11.166666666666666,150,0,0,150,1.0,1.0,1.0,1.0,0.0,0.0,10.0,1.0,1.0,1.0,1.0,0.0,150,0,30,120,0.9,0.8333333333333334,1.0,0.9090909090909092,0.2,0.0,10.0,0.8,0.9,0.9090909090909092,0.9523809523809524,0.0432900432900432,150,0,0,150,1.0,1.0,1.0,1.0,0.0,0.0,10.0,1.0,1.0,1.0,1.0,0.0,1.0,1.0,0.9465477516175153,1.0,1.0,1.0,0.2230027499899733,0.0,0.0,0.0,0.0,0.0,,0.0,0.0,0.0,0.0,0.0,0.0,0.0,0.0,0.0,0.0,0.0,0.0,0.0,0.0,0.0,0.0,0.0,0.0
rework,0.0,1007,350,150,150,0.0,0.03,0.99,6,1,0.0028571428571428,0.0,0.0,6.0,7,6,6,0,12,8,7,6,0,0,0,0,0,0,0.125,2,1.3333333333333333,112,97,37,67,75,7,30,4,6,6,0,0.2517006802721088,5.0,5,5,1.0,1.0,6.166666666666667,18.666666666666668,11.166666666666666,150,0,0,150,1.0,1.0,1.0,1.0,0.0,0.0,10.0,1.0,1.0,1.0,1.0,0.0,150,0,30,120,0.9,0.8333333333333334,1.0,0.9090909090909092,0.2,0.0,10.0,0.8,0.9,0.9090909090909092,0.9523809523809524,0.0432900432900432,150,0,0,150,1.0,1.0,1.0,1.0,0.0,0.0,10.0,1.0,1.0,1.0,1.0,0.0,1.0,1.0,0.9465477516175153,1.0,1.0,1.0,0.218643542000791,0.0,0.0,0.0,0.0,0.0,,0.0,0.0,0.0,0.0,0.0,0.0,0.0,0.0,0.0,0.0,0.0,0.0,0.0,0.0,0.0,0.0,0.0,0.0
rework,0.0,1007,350,150,150,0.0,0.05,0.9,6,1,0.0028571428571428,0.0,0.0,6.0,7,6,6,0,12,8,7,6,0,0,0,0,0,0,0.125,2,1.3333333333333333,112,97,37,67,75,7,30,4,6,6,0,0.2517006802721088,5.0,5,5,1.0,1.0,6.166666666666667,18.666666666666668,11.166666666666666,150,0,0,150,1.0,1.0,1.0,1.0,0.0,0.0,10.0,1.0,1.0,1.0,1.0,0.0,150,0,30,120,0.9,0.8333333333333334,1.0,0.9090909090909092,0.2,0.0,10.0,0.8,0.9,0.9090909090909092,0.9523809523809524,0.0432900432900432,150,0,0,150,1.0,1.0,1.0,1.0,0.0,0.0,10.0,1.0,1.0,1.0,1.0,0.0,1.0,1.0,0.9465477516175153,1.0,1.0,1.0,0.2738579580036457,0.0,0.0,0.0,0.0,0.0,,0.0,0.0,0.0,0.0,0.0,0.0,0.0,0.0,0.0,0.0,0.0,0.0,0.0,0.0,0.0,0.0,0.0,0.0
rework,0.0,1007,350,150,150,0.0,0.05,0.95,6,1,0.0028571428571428,0.0,0.0,6.0,7,6,6,0,12,8,7,6,0,0,0,0,0,0,0.125,2,1.3333333333333333,112,97,37,67,75,7,30,4,6,6,0,0.2517006802721088,5.0,5,5,1.0,1.0,6.166666666666667,18.666666666666668,11.166666666666666,150,0,0,150,1.0,1.0,1.0,1.0,0.0,0.0,10.0,1.0,1.0,1.0,1.0,0.0,150,0,30,120,0.9,0.8333333333333334,1.0,0.9090909090909092,0.2,0.0,10.0,0.8,0.9,0.9090909090909092,0.9523809523809524,0.0432900432900432,150,0,0,150,1.0,1.0,1.0,1.0,0.0,0.0,10.0,1.0,1.0,1.0,1.0,0.0,1.0,1.0,0.9465477516175153,1.0,1.0,1.0,0.2371323329862207,0.0,0.0,0.0,0.0,0.0,,0.0,0.0,0.0,0.0,0.0,0.0,0.0,0.0,0.0,0.0,0.0,0.0,0.0,0.0,0.0,0.0,0.0,0.0
rework,0.0,1007,350,150,150,0.0,0.05,0.99,6,1,0.0028571428571428,0.0,0.0,6.0,7,6,6,0,12,8,7,6,0,0,0,0,0,0,0.125,2,1.3333333333333333,112,97,37,67,75,7,30,4,6,6,0,0.2517006802721088,5.0,5,5,1.0,1.0,6.166666666666667,18.666666666666668,11.166666666666666,150,0,0,150,1.0,1.0,1.0,1.0,0.0,0.0,10.0,1.0,1.0,1.0,1.0,0.0,150,0,30,120,0.9,0.8333333333333334,1.0,0.9090909090909092,0.2,0.0,10.0,0.8,0.9,0.9090909090909092,0.9523809523809524,0.0432900432900432,150,0,0,150,1.0,1.0,1.0,1.0,0.0,0.0,10.0,1.0,1.0,1.0,1.0,0.0,1.0,1.0,0.9465477516175153,1.0,1.0,1.0,0.2603989169874694,0.0,0.0,0.0,0.0,0.0,,0.0,0.0,0.0,0.0,0.0,0.0,0.0,0.0,0.0,0.0,0.0,0.0,0.0,0.0,0.0,0.0,0.0,0.0
rework,0.0,1007,350,150,150,0.0,0.07,0.9,6,1,0.0028571428571428,0.0,0.0,6.0,7,6,6,0,12,8,7,6,0,0,0,0,0,0,0.125,2,1.3333333333333333,112,97,37,67,75,7,30,4,6,6,0,0.2517006802721088,5.0,5,5,1.0,1.0,6.166666666666667,18.666666666666668,11.166666666666666,150,0,0,150,1.0,1.0,1.0,1.0,0.0,0.0,10.0,1.0,1.0,1.0,1.0,0.0,150,0,30,120,0.9,0.8333333333333334,1.0,0.9090909090909092,0.2,0.0,10.0,0.8,0.9,0.9090909090909092,0.9523809523809524,0.0432900432900432,150,0,0,150,1.0,1.0,1.0,1.0,0.0,0.0,10.0,1.0,1.0,1.0,1.0,0.0,1.0,1.0,0.9465477516175153,1.0,1.0,1.0,0.2908948750118725,0.0,0.0,0.0,0.0,0.0,,0.0,0.0,0.0,0.0,0.0,0.0,0.0,0.0,0.0,0.0,0.0,0.0,0.0,0.0,0.0,0.0,0.0,0.0
rework,0.0,1007,350,150,150,0.0,0.07,0.95,6,1,0.0028571428571428,0.0,0.0,6.0,7,6,6,0,12,8,7,6,0,0,0,0,0,0,0.125,2,1.3333333333333333,112,97,37,67,75,7,30,4,6,6,0,0.2517006802721088,5.0,5,5,1.0,1.0,6.166666666666667,18.666666666666668,11.166666666666666,150,0,0,150,1.0,1.0,1.0,1.0,0.0,0.0,10.0,1.0,1.0,1.0,1.0,0.0,150,0,30,120,0.9,0.8333333333333334,1.0,0.9090909090909092,0.2,0.0,10.0,0.8,0.9,0.9090909090909092,0.9523809523809524,0.0432900432900432,150,0,0,150,1.0,1.0,1.0,1.0,0.0,0.0,10.0,1.0,1.0,1.0,1.0,0.0,1.0,1.0,0.9465477516175153,1.0,1.0,1.0,0.4139711250027176,0.0,0.0,0.0,0.0,0.0,,0.0,0.0,0.0,0.0,0.0,0.0,0.0,0.0,0.0,0.0,0.0,0.0,0.0,0.0,0.0,0.0,0.0,0.0
rework,0.0,1007,350,150,150,0.0,0.07,0.99,6,1,0.0028571428571428,0.0,0.0,6.0,7,6,6,0,12,8,7,6,0,0,0,0,0,0,0.125,2,1.3333333333333333,112,97,37,67,75,7,30,4,6,6,0,0.2517006802721088,5.0,5,5,1.0,1.0,6.166666666666667,18.666666666666668,11.166666666666666,150,0,0,150,1.0,1.0,1.0,1.0,0.0,0.0,10.0,1.0,1.0,1.0,1.0,0.0,150,0,30,120,0.9,0.8333333333333334,1.0,0.9090909090909092,0.2,0.0,10.0,0.8,0.9,0.9090909090909092,0.9523809523809524,0.0432900432900432,150,0,0,150,1.0,1.0,1.0,1.0,0.0,0.0,10.0,1.0,1.0,1.0,1.0,0.0,1.0,1.0,0.9465477516175153,1.0,1.0,1.0,0.2888534170051571,0.0,0.0,0.0,0.0,0.0,,0.0,0.0,0.0,0.0,0.0,0.0,0.0,0.0,0.0,0.0,0.0,0.0,0.0,0.0,0.0,0.0,0.0,0.0
rework,0.0,1008,350,150,150,0.0,0.03,0.9,6,1,0.0028571428571428,0.0,0.0,6.0,7,6,6,0,12,8,7,6,0,0,0,0,0,0,0.125,2,1.3333333333333333,112,97,37,67,75,7,30,4,6,6,0,0.2517006802721088,5.0,5,5,1.0,1.0,6.166666666666667,18.666666666666668,11.166666666666666,150,0,0,150,1.0,1.0,1.0,1.0,0.0,0.0,10.0,1.0,1.0,1.0,1.0,0.0,150,0,30,120,0.9,0.8333333333333334,1.0,0.9090909090909092,0.2,0.0,10.0,0.8,0.9,0.9090909090909092,0.9523809523809524,0.0432900432900432,150,0,0,150,1.0,1.0,1.0,1.0,0.0,0.0,10.0,1.0,1.0,1.0,1.0,0.0,1.0,1.0,0.9465477516175153,1.0,1.0,1.0,0.2552931669924874,0.0,0.0,0.0,0.0,0.0,,0.0,0.0,0.0,0.0,0.0,0.0,0.0,0.0,0.0,0.0,0.0,0.0,0.0,0.0,0.0,0.0,0.0,0.0
rework,0.0,1008,350,150,150,0.0,0.03,0.95,6,1,0.0028571428571428,0.0,0.0,6.0,7,6,6,0,12,8,7,6,0,0,0,0,0,0,0.125,2,1.3333333333333333,112,97,37,67,75,7,30,4,6,6,0,0.2517006802721088,5.0,5,5,1.0,1.0,6.166666666666667,18.666666666666668,11.166666666666666,150,0,0,150,1.0,1.0,1.0,1.0,0.0,0.0,10.0,1.0,1.0,1.0,1.0,0.0,150,0,30,120,0.9,0.8333333333333334,1.0,0.9090909090909092,0.2,0.0,10.0,0.8,0.9,0.9090909090909092,0.9523809523809524,0.0432900432900432,150,0,0,150,1.0,1.0,1.0,1.0,0.0,0.0,10.0,1.0,1.0,1.0,1.0,0.0,1.0,1.0,0.9465477516175153,1.0,1.0,1.0,0.2766234580194577,0.0,0.0,0.0,0.0,0.0,,0.0,0.0,0.0,0.0,0.0,0.0,0.0,0.0,0.0,0.0,0.0,0.0,0.0,0.0,0.0,0.0,0.0,0.0
rework,0.0,1008,350,150,150,0.0,0.03,0.99,6,1,0.0028571428571428,0.0,0.0,6.0,7,6,6,0,12,8,7,6,0,0,0,0,0,0,0.125,2,1.3333333333333333,112,97,37,67,75,7,30,4,6,6,0,0.2517006802721088,5.0,5,5,1.0,1.0,6.166666666666667,18.666666666666668,11.166666666666666,150,0,0,150,1.0,1.0,1.0,1.0,0.0,0.0,10.0,1.0,1.0,1.0,1.0,0.0,150,0,30,120,0.9,0.8333333333333334,1.0,0.9090909090909092,0.2,0.0,10.0,0.8,0.9,0.9090909090909092,0.9523809523809524,0.0432900432900432,150,0,0,150,1.0,1.0,1.0,1.0,0.0,0.0,10.0,1.0,1.0,1.0,1.0,0.0,1.0,1.0,0.9465477516175153,1.0,1.0,1.0,0.2569033750041853,0.0,0.0,0.0,0.0,0.0,,0.0,0.0,0.0,0.0,0.0,0.0,0.0,0.0,0.0,0.0,0.0,0.0,0.0,0.0,0.0,0.0,0.0,0.0
rework,0.0,1008,350,150,150,0.0,0.05,0.9,6,1,0.0028571428571428,0.0,0.0,6.0,7,6,6,0,12,8,7,6,0,0,0,0,0,0,0.125,2,1.3333333333333333,112,97,37,67,75,7,30,4,6,6,0,0.2517006802721088,5.0,5,5,1.0,1.0,6.166666666666667,18.666666666666668,11.166666666666666,150,0,0,150,1.0,1.0,1.0,1.0,0.0,0.0,10.0,1.0,1.0,1.0,1.0,0.0,150,0,30,120,0.9,0.8333333333333334,1.0,0.9090909090909092,0.2,0.0,10.0,0.8,0.9,0.9090909090909092,0.9523809523809524,0.0432900432900432,150,0,0,150,1.0,1.0,1.0,1.0,0.0,0.0,10.0,1.0,1.0,1.0,1.0,0.0,1.0,1.0,0.9465477516175153,1.0,1.0,1.0,0.319855625013588,0.0,0.0,0.0,0.0,0.0,,0.0,0.0,0.0,0.0,0.0,0.0,0.0,0.0,0.0,0.0,0.0,0.0,0.0,0.0,0.0,0.0,0.0,0.0
rework,0.0,1008,350,150,150,0.0,0.05,0.95,6,1,0.0028571428571428,0.0,0.0,6.0,7,6,6,0,12,8,7,6,0,0,0,0,0,0,0.125,2,1.3333333333333333,112,97,37,67,75,7,30,4,6,6,0,0.2517006802721088,5.0,5,5,1.0,1.0,6.166666666666667,18.666666666666668,11.166666666666666,150,0,0,150,1.0,1.0,1.0,1.0,0.0,0.0,10.0,1.0,1.0,1.0,1.0,0.0,150,0,30,120,0.9,0.8333333333333334,1.0,0.9090909090909092,0.2,0.0,10.0,0.8,0.9,0.9090909090909092,0.9523809523809524,0.0432900432900432,150,0,0,150,1.0,1.0,1.0,1.0,0.0,0.0,10.0,1.0,1.0,1.0,1.0,0.0,1.0,1.0,0.9465477516175153,1.0,1.0,1.0,0.3261112910113297,0.0,0.0,0.0,0.0,0.0,,0.0,0.0,0.0,0.0,0.0,0.0,0.0,0.0,0.0,0.0,0.0,0.0,0.0,0.0,0.0,0.0,0.0,0.0
rework,0.0,1008,350,150,150,0.0,0.05,0.99,6,1,0.0028571428571428,0.0,0.0,6.0,7,6,6,0,12,8,7,6,0,0,0,0,0,0,0.125,2,1.3333333333333333,112,97,37,67,75,7,30,4,6,6,0,0.2517006802721088,5.0,5,5,1.0,1.0,6.166666666666667,18.666666666666668,11.166666666666666,150,0,0,150,1.0,1.0,1.0,1.0,0.0,0.0,10.0,1.0,1.0,1.0,1.0,0.0,150,0,30,120,0.9,0.8333333333333334,1.0,0.9090909090909092,0.2,0.0,10.0,0.8,0.9,0.9090909090909092,0.9523809523809524,0.0432900432900432,150,0,0,150,1.0,1.0,1.0,1.0,0.0,0.0,10.0,1.0,1.0,1.0,1.0,0.0,1.0,1.0,0.9465477516175153,1.0,1.0,1.0,0.2462094159855041,0.0,0.0,0.0,0.0,0.0,,0.0,0.0,0.0,0.0,0.0,0.0,0.0,0.0,0.0,0.0,0.0,0.0,0.0,0.0,0.0,0.0,0.0,0.0
rework,0.0,1008,350,150,150,0.0,0.07,0.9,6,1,0.0028571428571428,0.0,0.0,6.0,7,6,6,0,12,8,7,6,0,0,0,0,0,0,0.125,2,1.3333333333333333,112,97,37,67,75,7,30,4,6,6,0,0.2517006802721088,5.0,5,5,1.0,1.0,6.166666666666667,18.666666666666668,11.166666666666666,150,0,0,150,1.0,1.0,1.0,1.0,0.0,0.0,10.0,1.0,1.0,1.0,1.0,0.0,150,0,30,120,0.9,0.8333333333333334,1.0,0.9090909090909092,0.2,0.0,10.0,0.8,0.9,0.9090909090909092,0.9523809523809524,0.0432900432900432,150,0,0,150,1.0,1.0,1.0,1.0,0.0,0.0,10.0,1.0,1.0,1.0,1.0,0.0,1.0,1.0,0.9465477516175153,1.0,1.0,1.0,0.2608285830065142,0.0,0.0,0.0,0.0,0.0,,0.0,0.0,0.0,0.0,0.0,0.0,0.0,0.0,0.0,0.0,0.0,0.0,0.0,0.0,0.0,0.0,0.0,0.0
rework,0.0,1008,350,150,150,0.0,0.07,0.95,6,1,0.0028571428571428,0.0,0.0,6.0,7,6,6,0,12,8,7,6,0,0,0,0,0,0,0.125,2,1.3333333333333333,112,97,37,67,75,7,30,4,6,6,0,0.2517006802721088,5.0,5,5,1.0,1.0,6.166666666666667,18.666666666666668,11.166666666666666,150,0,0,150,1.0,1.0,1.0,1.0,0.0,0.0,10.0,1.0,1.0,1.0,1.0,0.0,150,0,30,120,0.9,0.8333333333333334,1.0,0.9090909090909092,0.2,0.0,10.0,0.8,0.9,0.9090909090909092,0.9523809523809524,0.0432900432900432,150,0,0,150,1.0,1.0,1.0,1.0,0.0,0.0,10.0,1.0,1.0,1.0,1.0,0.0,1.0,1.0,0.9465477516175153,1.0,1.0,1.0,0.2249125840025954,0.0,0.0,0.0,0.0,0.0,,0.0,0.0,0.0,0.0,0.0,0.0,0.0,0.0,0.0,0.0,0.0,0.0,0.0,0.0,0.0,0.0,0.0,0.0
rework,0.0,1008,350,150,150,0.0,0.07,0.99,6,1,0.0028571428571428,0.0,0.0,6.0,7,6,6,0,12,8,7,6,0,0,0,0,0,0,0.125,2,1.3333333333333333,112,97,37,67,75,7,30,4,6,6,0,0.2517006802721088,5.0,5,5,1.0,1.0,6.166666666666667,18.666666666666668,11.166666666666666,150,0,0,150,1.0,1.0,1.0,1.0,0.0,0.0,10.0,1.0,1.0,1.0,1.0,0.0,150,0,30,120,0.9,0.8333333333333334,1.0,0.9090909090909092,0.2,0.0,10.0,0.8,0.9,0.9090909090909092,0.9523809523809524,0.0432900432900432,150,0,0,150,1.0,1.0,1.0,1.0,0.0,0.0,10.0,1.0,1.0,1.0,1.0,0.0,1.0,1.0,0.9465477516175153,1.0,1.0,1.0,0.2321413749887142,0.0,0.0,0.0,0.0,0.0,,0.0,0.0,0.0,0.0,0.0,0.0,0.0,0.0,0.0,0.0,0.0,0.0,0.0,0.0,0.0,0.0,0.0,0.0
rework,0.0,1009,350,150,150,0.0,0.03,0.9,6,1,0.0028571428571428,0.0,0.0,6.0,7,6,6,0,12,8,7,6,0,0,0,0,0,0,0.125,2,1.3333333333333333,112,97,37,67,75,7,30,4,6,6,0,0.2517006802721088,5.0,5,5,1.0,1.0,6.166666666666667,18.666666666666668,11.166666666666666,150,0,0,150,1.0,1.0,1.0,1.0,0.0,0.0,10.0,1.0,1.0,1.0,1.0,0.0,150,0,30,120,0.9,0.8333333333333334,1.0,0.9090909090909092,0.2,0.0,10.0,0.8,0.9,0.9090909090909092,0.9523809523809524,0.0432900432900432,150,0,0,150,1.0,1.0,1.0,1.0,0.0,0.0,10.0,1.0,1.0,1.0,1.0,0.0,1.0,1.0,0.9465477516175153,1.0,1.0,1.0,0.2625497919798363,0.0,0.0,0.0,0.0,0.0,,0.0,0.0,0.0,0.0,0.0,0.0,0.0,0.0,0.0,0.0,0.0,0.0,0.0,0.0,0.0,0.0,0.0,0.0
rework,0.0,1009,350,150,150,0.0,0.03,0.95,6,1,0.0028571428571428,0.0,0.0,6.0,7,6,6,0,12,8,7,6,0,0,0,0,0,0,0.125,2,1.3333333333333333,112,97,37,67,75,7,30,4,6,6,0,0.2517006802721088,5.0,5,5,1.0,1.0,6.166666666666667,18.666666666666668,11.166666666666666,150,0,0,150,1.0,1.0,1.0,1.0,0.0,0.0,10.0,1.0,1.0,1.0,1.0,0.0,150,0,30,120,0.9,0.8333333333333334,1.0,0.9090909090909092,0.2,0.0,10.0,0.8,0.9,0.9090909090909092,0.9523809523809524,0.0432900432900432,150,0,0,150,1.0,1.0,1.0,1.0,0.0,0.0,10.0,1.0,1.0,1.0,1.0,0.0,1.0,1.0,0.9465477516175153,1.0,1.0,1.0,0.2242659580078907,0.0,0.0,0.0,0.0,0.0,,0.0,0.0,0.0,0.0,0.0,0.0,0.0,0.0,0.0,0.0,0.0,0.0,0.0,0.0,0.0,0.0,0.0,0.0
rework,0.0,1009,350,150,150,0.0,0.03,0.99,6,1,0.0028571428571428,0.0,0.0,6.0,7,6,6,0,12,8,7,6,0,0,0,0,0,0,0.125,2,1.3333333333333333,112,97,37,67,75,7,30,4,6,6,0,0.2517006802721088,5.0,5,5,1.0,1.0,6.166666666666667,18.666666666666668,11.166666666666666,150,0,0,150,1.0,1.0,1.0,1.0,0.0,0.0,10.0,1.0,1.0,1.0,1.0,0.0,150,0,30,120,0.9,0.8333333333333334,1.0,0.9090909090909092,0.2,0.0,10.0,0.8,0.9,0.9090909090909092,0.9523809523809524,0.0432900432900432,150,0,0,150,1.0,1.0,1.0,1.0,0.0,0.0,10.0,1.0,1.0,1.0,1.0,0.0,1.0,1.0,0.9465477516175153,1.0,1.0,1.0,0.2429702079971321,0.0,0.0,0.0,0.0,0.0,,0.0,0.0,0.0,0.0,0.0,0.0,0.0,0.0,0.0,0.0,0.0,0.0,0.0,0.0,0.0,0.0,0.0,0.0
rework,0.0,1009,350,150,150,0.0,0.05,0.9,6,1,0.0028571428571428,0.0,0.0,6.0,7,6,6,0,12,8,7,6,0,0,0,0,0,0,0.125,2,1.3333333333333333,112,97,37,67,75,7,30,4,6,6,0,0.2517006802721088,5.0,5,5,1.0,1.0,6.166666666666667,18.666666666666668,11.166666666666666,150,0,0,150,1.0,1.0,1.0,1.0,0.0,0.0,10.0,1.0,1.0,1.0,1.0,0.0,150,0,30,120,0.9,0.8333333333333334,1.0,0.9090909090909092,0.2,0.0,10.0,0.8,0.9,0.9090909090909092,0.9523809523809524,0.0432900432900432,150,0,0,150,1.0,1.0,1.0,1.0,0.0,0.0,10.0,1.0,1.0,1.0,1.0,0.0,1.0,1.0,0.9465477516175153,1.0,1.0,1.0,0.2642623749852646,0.0,0.0,0.0,0.0,0.0,,0.0,0.0,0.0,0.0,0.0,0.0,0.0,0.0,0.0,0.0,0.0,0.0,0.0,0.0,0.0,0.0,0.0,0.0
rework,0.0,1009,350,150,150,0.0,0.05,0.95,6,1,0.0028571428571428,0.0,0.0,6.0,7,6,6,0,12,8,7,6,0,0,0,0,0,0,0.125,2,1.3333333333333333,112,97,37,67,75,7,30,4,6,6,0,0.2517006802721088,5.0,5,5,1.0,1.0,6.166666666666667,18.666666666666668,11.166666666666666,150,0,0,150,1.0,1.0,1.0,1.0,0.0,0.0,10.0,1.0,1.0,1.0,1.0,0.0,150,0,30,120,0.9,0.8333333333333334,1.0,0.9090909090909092,0.2,0.0,10.0,0.8,0.9,0.9090909090909092,0.9523809523809524,0.0432900432900432,150,0,0,150,1.0,1.0,1.0,1.0,0.0,0.0,10.0,1.0,1.0,1.0,1.0,0.0,1.0,1.0,0.9465477516175153,1.0,1.0,1.0,0.3743290839775,0.0,0.0,0.0,0.0,0.0,,0.0,0.0,0.0,0.0,0.0,0.0,0.0,0.0,0.0,0.0,0.0,0.0,0.0,0.0,0.0,0.0,0.0,0.0
rework,0.0,1009,350,150,150,0.0,0.05,0.99,6,1,0.0028571428571428,0.0,0.0,6.0,7,6,6,0,12,8,7,6,0,0,0,0,0,0,0.125,2,1.3333333333333333,112,97,37,67,75,7,30,4,6,6,0,0.2517006802721088,5.0,5,5,1.0,1.0,6.166666666666667,18.666666666666668,11.166666666666666,150,0,0,150,1.0,1.0,1.0,1.0,0.0,0.0,10.0,1.0,1.0,1.0,1.0,0.0,150,0,30,120,0.9,0.8333333333333334,1.0,0.9090909090909092,0.2,0.0,10.0,0.8,0.9,0.9090909090909092,0.9523809523809524,0.0432900432900432,150,0,0,150,1.0,1.0,1.0,1.0,0.0,0.0,10.0,1.0,1.0,1.0,1.0,0.0,1.0,1.0,0.9465477516175153,1.0,1.0,1.0,0.313727624976309,0.0,0.0,0.0,0.0,0.0,,0.0,0.0,0.0,0.0,0.0,0.0,0.0,0.0,0.0,0.0,0.0,0.0,0.0,0.0,0.0,0.0,0.0,0.0
rework,0.0,1009,350,150,150,0.0,0.07,0.9,6,1,0.0028571428571428,0.0,0.0,6.0,7,6,6,0,12,8,7,6,0,0,0,0,0,0,0.125,2,1.3333333333333333,112,97,37,67,75,7,30,4,6,6,0,0.2517006802721088,5.0,5,5,1.0,1.0,6.166666666666667,18.666666666666668,11.166666666666666,150,0,0,150,1.0,1.0,1.0,1.0,0.0,0.0,10.0,1.0,1.0,1.0,1.0,0.0,150,0,30,120,0.9,0.8333333333333334,1.0,0.9090909090909092,0.2,0.0,10.0,0.8,0.9,0.9090909090909092,0.9523809523809524,0.0432900432900432,150,0,0,150,1.0,1.0,1.0,1.0,0.0,0.0,10.0,1.0,1.0,1.0,1.0,0.0,1.0,1.0,0.9465477516175153,1.0,1.0,1.0,0.274466000002576,0.0,0.0,0.0,0.0,0.0,,0.0,0.0,0.0,0.0,0.0,0.0,0.0,0.0,0.0,0.0,0.0,0.0,0.0,0.0,0.0,0.0,0.0,0.0
rework,0.0,1009,350,150,150,0.0,0.07,0.95,6,1,0.0028571428571428,0.0,0.0,6.0,7,6,6,0,12,8,7,6,0,0,0,0,0,0,0.125,2,1.3333333333333333,112,97,37,67,75,7,30,4,6,6,0,0.2517006802721088,5.0,5,5,1.0,1.0,6.166666666666667,18.666666666666668,11.166666666666666,150,0,0,150,1.0,1.0,1.0,1.0,0.0,0.0,10.0,1.0,1.0,1.0,1.0,0.0,150,0,30,120,0.9,0.8333333333333334,1.0,0.9090909090909092,0.2,0.0,10.0,0.8,0.9,0.9090909090909092,0.9523809523809524,0.0432900432900432,150,0,0,150,1.0,1.0,1.0,1.0,0.0,0.0,10.0,1.0,1.0,1.0,1.0,0.0,1.0,1.0,0.9465477516175153,1.0,1.0,1.0,0.30901683299453,0.0,0.0,0.0,0.0,0.0,,0.0,0.0,0.0,0.0,0.0,0.0,0.0,0.0,0.0,0.0,0.0,0.0,0.0,0.0,0.0,0.0,0.0,0.0
rework,0.0,1009,350,150,150,0.0,0.07,0.99,6,1,0.0028571428571428,0.0,0.0,6.0,7,6,6,0,12,8,7,6,0,0,0,0,0,0,0.125,2,1.3333333333333333,112,97,37,67,75,7,30,4,6,6,0,0.2517006802721088,5.0,5,5,1.0,1.0,6.166666666666667,18.666666666666668,11.166666666666666,150,0,0,150,1.0,1.0,1.0,1.0,0.0,0.0,10.0,1.0,1.0,1.0,1.0,0.0,150,0,30,120,0.9,0.8333333333333334,1.0,0.9090909090909092,0.2,0.0,10.0,0.8,0.9,0.9090909090909092,0.9523809523809524,0.0432900432900432,150,0,0,150,1.0,1.0,1.0,1.0,0.0,0.0,10.0,1.0,1.0,1.0,1.0,0.0,1.0,1.0,0.9465477516175153,1.0,1.0,1.0,0.2795078329800162,0.0,0.0,0.0,0.0,0.0,,0.0,0.0,0.0,0.0,0.0,0.0,0.0,0.0,0.0,0.0,0.0,0.0,0.0,0.0,0.0,0.0,0.0,0.0
rework,0.0,1010,350,150,150,0.0,0.03,0.9,6,1,0.0028571428571428,0.0,0.0,6.0,7,6,6,0,12,8,7,6,0,0,0,0,0,0,0.125,2,1.3333333333333333,112,97,37,67,75,7,30,4,6,6,0,0.2517006802721088,5.0,5,5,1.0,1.0,6.166666666666667,18.666666666666668,11.166666666666666,150,0,0,150,1.0,1.0,1.0,1.0,0.0,0.0,10.0,1.0,1.0,1.0,1.0,0.0,150,0,30,120,0.9,0.8333333333333334,1.0,0.9090909090909092,0.2,0.0,10.0,0.8,0.9,0.9090909090909092,0.9523809523809524,0.0432900432900432,150,0,0,150,1.0,1.0,1.0,1.0,0.0,0.0,10.0,1.0,1.0,1.0,1.0,0.0,1.0,1.0,0.9465477516175153,1.0,1.0,1.0,0.278218833002029,0.0,0.0,0.0,0.0,0.0,,0.0,0.0,0.0,0.0,0.0,0.0,0.0,0.0,0.0,0.0,0.0,0.0,0.0,0.0,0.0,0.0,0.0,0.0
rework,0.0,1010,350,150,150,0.0,0.03,0.95,6,1,0.0028571428571428,0.0,0.0,6.0,7,6,6,0,12,8,7,6,0,0,0,0,0,0,0.125,2,1.3333333333333333,112,97,37,67,75,7,30,4,6,6,0,0.2517006802721088,5.0,5,5,1.0,1.0,6.166666666666667,18.666666666666668,11.166666666666666,150,0,0,150,1.0,1.0,1.0,1.0,0.0,0.0,10.0,1.0,1.0,1.0,1.0,0.0,150,0,30,120,0.9,0.8333333333333334,1.0,0.9090909090909092,0.2,0.0,10.0,0.8,0.9,0.9090909090909092,0.9523809523809524,0.0432900432900432,150,0,0,150,1.0,1.0,1.0,1.0,0.0,0.0,10.0,1.0,1.0,1.0,1.0,0.0,1.0,1.0,0.9465477516175153,1.0,1.0,1.0,0.2923982499924022,0.0,0.0,0.0,0.0,0.0,,0.0,0.0,0.0,0.0,0.0,0.0,0.0,0.0,0.0,0.0,0.0,0.0,0.0,0.0,0.0,0.0,0.0,0.0
rework,0.0,1010,350,150,150,0.0,0.03,0.99,6,1,0.0028571428571428,0.0,0.0,6.0,7,6,6,0,12,8,7,6,0,0,0,0,0,0,0.125,2,1.3333333333333333,112,97,37,67,75,7,30,4,6,6,0,0.2517006802721088,5.0,5,5,1.0,1.0,6.166666666666667,18.666666666666668,11.166666666666666,150,0,0,150,1.0,1.0,1.0,1.0,0.0,0.0,10.0,1.0,1.0,1.0,1.0,0.0,150,0,30,120,0.9,0.8333333333333334,1.0,0.9090909090909092,0.2,0.0,10.0,0.8,0.9,0.9090909090909092,0.9523809523809524,0.0432900432900432,150,0,0,150,1.0,1.0,1.0,1.0,0.0,0.0,10.0,1.0,1.0,1.0,1.0,0.0,1.0,1.0,0.9465477516175153,1.0,1.0,1.0,0.252432833018247,0.0,0.0,0.0,0.0,0.0,,0.0,0.0,0.0,0.0,0.0,0.0,0.0,0.0,0.0,0.0,0.0,0.0,0.0,0.0,0.0,0.0,0.0,0.0
rework,0.0,1010,350,150,150,0.0,0.05,0.9,6,1,0.0028571428571428,0.0,0.0,6.0,7,6,6,0,12,8,7,6,0,0,0,0,0,0,0.125,2,1.3333333333333333,112,97,37,67,75,7,30,4,6,6,0,0.2517006802721088,5.0,5,5,1.0,1.0,6.166666666666667,18.666666666666668,11.166666666666666,150,0,0,150,1.0,1.0,1.0,1.0,0.0,0.0,10.0,1.0,1.0,1.0,1.0,0.0,150,0,30,120,0.9,0.8333333333333334,1.0,0.9090909090909092,0.2,0.0,10.0,0.8,0.9,0.9090909090909092,0.9523809523809524,0.0432900432900432,150,0,0,150,1.0,1.0,1.0,1.0,0.0,0.0,10.0,1.0,1.0,1.0,1.0,0.0,1.0,1.0,0.9465477516175153,1.0,1.0,1.0,0.2599819579918403,0.0,0.0,0.0,0.0,0.0,,0.0,0.0,0.0,0.0,0.0,0.0,0.0,0.0,0.0,0.0,0.0,0.0,0.0,0.0,0.0,0.0,0.0,0.0
rework,0.0,1010,350,150,150,0.0,0.05,0.95,6,1,0.0028571428571428,0.0,0.0,6.0,7,6,6,0,12,8,7,6,0,0,0,0,0,0,0.125,2,1.3333333333333333,112,97,37,67,75,7,30,4,6,6,0,0.2517006802721088,5.0,5,5,1.0,1.0,6.166666666666667,18.666666666666668,11.166666666666666,150,0,0,150,1.0,1.0,1.0,1.0,0.0,0.0,10.0,1.0,1.0,1.0,1.0,0.0,150,0,30,120,0.9,0.8333333333333334,1.0,0.9090909090909092,0.2,0.0,10.0,0.8,0.9,0.9090909090909092,0.9523809523809524,0.0432900432900432,150,0,0,150,1.0,1.0,1.0,1.0,0.0,0.0,10.0,1.0,1.0,1.0,1.0,0.0,1.0,1.0,0.9465477516175153,1.0,1.0,1.0,0.2253715840051882,0.0,0.0,0.0,0.0,0.0,,0.0,0.0,0.0,0.0,0.0,0.0,0.0,0.0,0.0,0.0,0.0,0.0,0.0,0.0,0.0,0.0,0.0,0.0
rework,0.0,1010,350,150,150,0.0,0.05,0.99,6,1,0.0028571428571428,0.0,0.0,6.0,7,6,6,0,12,8,7,6,0,0,0,0,0,0,0.125,2,1.3333333333333333,112,97,37,67,75,7,30,4,6,6,0,0.2517006802721088,5.0,5,5,1.0,1.0,6.166666666666667,18.666666666666668,11.166666666666666,150,0,0,150,1.0,1.0,1.0,1.0,0.0,0.0,10.0,1.0,1.0,1.0,1.0,0.0,150,0,30,120,0.9,0.8333333333333334,1.0,0.9090909090909092,0.2,0.0,10.0,0.8,0.9,0.9090909090909092,0.9523809523809524,0.0432900432900432,150,0,0,150,1.0,1.0,1.0,1.0,0.0,0.0,10.0,1.0,1.0,1.0,1.0,0.0,1.0,1.0,0.9465477516175153,1.0,1.0,1.0,0.219916333007859,0.0,0.0,0.0,0.0,0.0,,0.0,0.0,0.0,0.0,0.0,0.0,0.0,0.0,0.0,0.0,0.0,0.0,0.0,0.0,0.0,0.0,0.0,0.0
rework,0.0,1010,350,150,150,0.0,0.07,0.9,6,1,0.0028571428571428,0.0,0.0,6.0,7,6,6,0,12,8,7,6,0,0,0,0,0,0,0.125,2,1.3333333333333333,112,97,37,67,75,7,30,4,6,6,0,0.2517006802721088,5.0,5,5,1.0,1.0,6.166666666666667,18.666666666666668,11.166666666666666,150,0,0,150,1.0,1.0,1.0,1.0,0.0,0.0,10.0,1.0,1.0,1.0,1.0,0.0,150,0,30,120,0.9,0.8333333333333334,1.0,0.9090909090909092,0.2,0.0,10.0,0.8,0.9,0.9090909090909092,0.9523809523809524,0.0432900432900432,150,0,0,150,1.0,1.0,1.0,1.0,0.0,0.0,10.0,1.0,1.0,1.0,1.0,0.0,1.0,1.0,0.9465477516175153,1.0,1.0,1.0,0.2456548749760259,0.0,0.0,0.0,0.0,0.0,,0.0,0.0,0.0,0.0,0.0,0.0,0.0,0.0,0.0,0.0,0.0,0.0,0.0,0.0,0.0,0.0,0.0,0.0
rework,0.0,1010,350,150,150,0.0,0.07,0.95,6,1,0.0028571428571428,0.0,0.0,6.0,7,6,6,0,12,8,7,6,0,0,0,0,0,0,0.125,2,1.3333333333333333,112,97,37,67,75,7,30,4,6,6,0,0.2517006802721088,5.0,5,5,1.0,1.0,6.166666666666667,18.666666666666668,11.166666666666666,150,0,0,150,1.0,1.0,1.0,1.0,0.0,0.0,10.0,1.0,1.0,1.0,1.0,0.0,150,0,30,120,0.9,0.8333333333333334,1.0,0.9090909090909092,0.2,0.0,10.0,0.8,0.9,0.9090909090909092,0.9523809523809524,0.0432900432900432,150,0,0,150,1.0,1.0,1.0,1.0,0.0,0.0,10.0,1.0,1.0,1.0,1.0,0.0,1.0,1.0,0.9465477516175153,1.0,1.0,1.0,0.2230450420174747,0.0,0.0,0.0,0.0,0.0,,0.0,0.0,0.0,0.0,0.0,0.0,0.0,0.0,0.0,0.0,0.0,0.0,0.0,0.0,0.0,0.0,0.0,0.0
rework,0.0,1010,350,150,150,0.0,0.07,0.99,6,1,0.0028571428571428,0.0,0.0,6.0,7,6,6,0,12,8,7,6,0,0,0,0,0,0,0.125,2,1.3333333333333333,112,97,37,67,75,7,30,4,6,6,0,0.2517006802721088,5.0,5,5,1.0,1.0,6.166666666666667,18.666666666666668,11.166666666666666,150,0,0,150,1.0,1.0,1.0,1.0,0.0,0.0,10.0,1.0,1.0,1.0,1.0,0.0,150,0,30,120,0.9,0.8333333333333334,1.0,0.9090909090909092,0.2,0.0,10.0,0.8,0.9,0.9090909090909092,0.9523809523809524,0.0432900432900432,150,0,0,150,1.0,1.0,1.0,1.0,0.0,0.0,10.0,1.0,1.0,1.0,1.0,0.0,1.0,1.0,0.9465477516175153,1.0,1.0,1.0,0.2493745000101626,0.0,0.0,0.0,0.0,0.0,,0.0,0.0,0.0,0.0,0.0,0.0,0.0,0.0,0.0,0.0,0.0,0.0,0.0,0.0,0.0,0.0,0.0,0.0
rework,0.03,1001,350,150,150,0.0,0.03,0.9,8,2,0.0057142857142857,0.1871762568732081,0.1871762568732081,6.085714285714285,8,8,8,0,16,12,12,8,2,2,0,0,1,2,0.0909090909090909,4,1.5,112,97,37,67,75,7,30,4,8,6,2,0.1380597014925373,3.75,5,5,1.0,0.9992277992277993,4.625,14.0,8.375,150,0,0,150,1.0,1.0,1.0,1.0,0.0,0.0,10.0,1.0,1.0,1.0,1.0,0.0,75,75,30,120,0.65,0.7142857142857143,0.5,0.588235294117647,0.2,0.5,10.0,0.8,0.65,0.588235294117647,0.625,0.036764705882353,75,75,30,120,0.65,0.7142857142857143,0.5,0.588235294117647,0.2,0.5,10.0,0.8,0.65,0.588235294117647,0.625,0.036764705882353,1.0,0.9959839357429718,0.8809473247980534,1.0,0.9714285714285714,0.9997448979591836,0.2413820420042611,4.0,50.0,5.0,71.42857142857143,2.0,,2.0,100.0,0.16666666666666674,12.500000000000005,0.0,0.0,0.0,0.0,0.0,0.0,-1.541666666666667,-25.000000000000007,-4.666666666666668,-25.000000000000007,-0.1136409787795715,-45.14925373134328,0.0,0.0
rework,0.03,1001,350,150,150,0.0,0.03,0.95,8,2,0.0057142857142857,0.1871762568732081,0.1871762568732081,6.085714285714285,8,8,8,0,16,12,12,8,2,2,0,0,1,2,0.0909090909090909,4,1.5,112,97,37,67,75,7,30,4,8,6,2,0.1380597014925373,3.75,5,5,1.0,0.9992277992277993,4.625,14.0,8.375,150,0,0,150,1.0,1.0,1.0,1.0,0.0,0.0,10.0,1.0,1.0,1.0,1.0,0.0,75,75,30,120,0.65,0.7142857142857143,0.5,0.588235294117647,0.2,0.5,10.0,0.8,0.65,0.588235294117647,0.625,0.036764705882353,75,75,30,120,0.65,0.7142857142857143,0.5,0.588235294117647,0.2,0.5,10.0,0.8,0.65,0.588235294117647,0.625,0.036764705882353,1.0,0.9959839357429718,0.8809473247980534,1.0,0.9714285714285714,0.9997448979591836,0.2468168339983094,4.0,50.0,5.0,71.42857142857143,2.0,,2.0,100.0,0.16666666666666674,12.500000000000005,0.0,0.0,0.0,0.0,0.0,0.0,-1.541666666666667,-25.000000000000007,-4.666666666666668,-25.000000000000007,-0.1136409787795715,-45.14925373134328,0.0,0.0
rework,0.03,1001,350,150,150,0.0,0.03,0.99,8,2,0.0057142857142857,0.1871762568732081,0.1871762568732081,6.085714285714285,8,8,8,0,16,12,12,8,2,2,0,0,1,2,0.0909090909090909,4,1.5,111,96,36,66,75,6,30,4,8,6,2,0.1343283582089552,3.75,5,5,1.0,1.0,4.5,13.875,8.25,150,0,0,150,1.0,1.0,1.0,1.0,0.0,0.0,10.0,1.0,1.0,1.0,1.0,0.0,150,0,60,90,0.8,0.7142857142857143,1.0,0.8333333333333333,0.4,0.0,10.0,0.6,0.8,0.8333333333333333,0.8695652173913044,0.0362318840579711,150,0,60,90,0.8,0.7142857142857143,1.0,0.8333333333333333,0.4,0.0,10.0,0.6,0.8,0.8333333333333333,0.8695652173913044,0.0362318840579711,1.0,0.9959839357429718,0.8809473247980534,1.0,1.0,1.0,0.3174306250002701,4.0,50.0,5.0,71.42857142857143,2.0,,2.0,100.0,0.16666666666666674,12.500000000000005,-1.0,-2.7027027027027026,-1.0,-1.4925373134328357,-1.0,-0.8928571428571428,-1.666666666666667,-27.027027027027028,-4.791666666666668,-25.66964285714286,-0.1173723220631536,-46.63170633319887,0.0,0.0
rework,0.03,1001,350,150,150,0.0,0.05,0.9,8,2,0.0057142857142857,0.1871762568732081,0.1871762568732081,6.085714285714285,8,8,8,0,16,12,12,8,2,2,0,0,1,2,0.0909090909090909,4,1.5,112,97,37,67,75,7,30,4,8,6,2,0.1380597014925373,3.75,5,5,1.0,0.9992277992277993,4.625,14.0,8.375,150,0,0,150,1.0,1.0,1.0,1.0,0.0,0.0,10.0,1.0,1.0,1.0,1.0,0.0,75,75,30,120,0.65,0.7142857142857143,0.5,0.588235294117647,0.2,0.5,10.0,0.8,0.65,0.588235294117647,0.625,0.036764705882353,75,75,30,120,0.65,0.7142857142857143,0.5,0.588235294117647,0.2,0.5,10.0,0.8,0.65,0.588235294117647,0.625,0.036764705882353,1.0,0.9959839357429718,0.8809473247980534,1.0,0.9714285714285714,0.9997448979591836,0.2773527499812189,4.0,50.0,5.0,71.42857142857143,2.0,,2.0,100.0,0.16666666666666674,12.500000000000005,0.0,0.0,0.0,0.0,0.0,0.0,-1.541666666666667,-25.000000000000007,-4.666666666666668,-25.000000000000007,-0.1136409787795715,-45.14925373134328,0.0,0.0
rework,0.03,1001,350,150,150,0.0,0.05,0.95,8,2,0.0057142857142857,0.1871762568732081,0.1871762568732081,6.085714285714285,8,8,8,0,16,12,12,8,2,2,0,0,1,2,0.0909090909090909,4,1.5,112,97,37,67,75,7,30,4,8,6,2,0.1380597014925373,3.75,5,5,1.0,0.9992277992277993,4.625,14.0,8.375,150,0,0,150,1.0,1.0,1.0,1.0,0.0,0.0,10.0,1.0,1.0,1.0,1.0,0.0,75,75,30,120,0.65,0.7142857142857143,0.5,0.588235294117647,0.2,0.5,10.0,0.8,0.65,0.588235294117647,0.625,0.036764705882353,75,75,30,120,0.65,0.7142857142857143,0.5,0.588235294117647,0.2,0.5,10.0,0.8,0.65,0.588235294117647,0.625,0.036764705882353,1.0,0.9959839357429718,0.8809473247980534,1.0,0.9714285714285714,0.9997448979591836,0.2767646670108661,4.0,50.0,5.0,71.42857142857143,2.0,,2.0,100.0,0.16666666666666674,12.500000000000005,0.0,0.0,0.0,0.0,0.0,0.0,-1.541666666666667,-25.000000000000007,-4.666666666666668,-25.000000000000007,-0.1136409787795715,-45.14925373134328,0.0,0.0
rework,0.03,1001,350,150,150,0.0,0.05,0.99,8,2,0.0057142857142857,0.1871762568732081,0.1871762568732081,6.085714285714285,8,8,8,0,16,12,12,8,2,2,0,0,1,2,0.0909090909090909,4,1.5,111,96,36,66,75,6,30,4,8,6,2,0.1343283582089552,3.75,5,5,1.0,1.0,4.5,13.875,8.25,150,0,0,150,1.0,1.0,1.0,1.0,0.0,0.0,10.0,1.0,1.0,1.0,1.0,0.0,150,0,60,90,0.8,0.7142857142857143,1.0,0.8333333333333333,0.4,0.0,10.0,0.6,0.8,0.8333333333333333,0.8695652173913044,0.0362318840579711,150,0,60,90,0.8,0.7142857142857143,1.0,0.8333333333333333,0.4,0.0,10.0,0.6,0.8,0.8333333333333333,0.8695652173913044,0.0362318840579711,1.0,0.9959839357429718,0.8809473247980534,1.0,1.0,1.0,0.3100022910221014,4.0,50.0,5.0,71.42857142857143,2.0,,2.0,100.0,0.16666666666666674,12.500000000000005,-1.0,-2.7027027027027026,-1.0,-1.4925373134328357,-1.0,-0.8928571428571428,-1.666666666666667,-27.027027027027028,-4.791666666666668,-25.66964285714286,-0.1173723220631536,-46.63170633319887,0.0,0.0
rework,0.03,1001,350,150,150,0.0,0.07,0.9,8,2,0.0057142857142857,0.1871762568732081,0.1871762568732081,6.085714285714285,8,8,8,0,16,12,12,8,2,2,0,0,1,2,0.0909090909090909,4,1.5,112,97,37,67,75,7,30,4,8,6,2,0.1380597014925373,3.75,5,5,1.0,0.9992277992277993,4.625,14.0,8.375,150,0,0,150,1.0,1.0,1.0,1.0,0.0,0.0,10.0,1.0,1.0,1.0,1.0,0.0,75,75,30,120,0.65,0.7142857142857143,0.5,0.588235294117647,0.2,0.5,10.0,0.8,0.65,0.588235294117647,0.625,0.036764705882353,75,75,30,120,0.65,0.7142857142857143,0.5,0.588235294117647,0.2,0.5,10.0,0.8,0.65,0.588235294117647,0.625,0.036764705882353,1.0,0.9959839357429718,0.8809473247980534,1.0,0.9714285714285714,0.9997448979591836,0.2900937500235159,4.0,50.0,5.0,71.42857142857143,2.0,,2.0,100.0,0.16666666666666674,12.500000000000005,0.0,0.0,0.0,0.0,0.0,0.0,-1.541666666666667,-25.000000000000007,-4.666666666666668,-25.000000000000007,-0.1136409787795715,-45.14925373134328,0.0,0.0
rework,0.03,1001,350,150,150,0.0,0.07,0.95,8,2,0.0057142857142857,0.1871762568732081,0.1871762568732081,6.085714285714285,8,8,8,0,16,12,12,8,2,2,0,0,1,2,0.0909090909090909,4,1.5,112,97,37,67,75,7,30,4,8,6,2,0.1380597014925373,3.75,5,5,1.0,0.9992277992277993,4.625,14.0,8.375,150,0,0,150,1.0,1.0,1.0,1.0,0.0,0.0,10.0,1.0,1.0,1.0,1.0,0.0,75,75,30,120,0.65,0.7142857142857143,0.5,0.588235294117647,0.2,0.5,10.0,0.8,0.65,0.588235294117647,0.625,0.036764705882353,75,75,30,120,0.65,0.7142857142857143,0.5,0.588235294117647,0.2,0.5,10.0,0.8,0.65,0.588235294117647,0.625,0.036764705882353,1.0,0.9959839357429718,0.8809473247980534,1.0,0.9714285714285714,0.9997448979591836,0.2666803339961916,4.0,50.0,5.0,71.42857142857143,2.0,,2.0,100.0,0.16666666666666674,12.500000000000005,0.0,0.0,0.0,0.0,0.0,0.0,-1.541666666666667,-25.000000000000007,-4.666666666666668,-25.000000000000007,-0.1136409787795715,-45.14925373134328,0.0,0.0
rework,0.03,1001,350,150,150,0.0,0.07,0.99,8,2,0.0057142857142857,0.1871762568732081,0.1871762568732081,6.085714285714285,8,8,8,0,16,12,12,8,2,2,0,0,1,2,0.0909090909090909,4,1.5,111,96,36,66,75,6,30,4,8,6,2,0.1343283582089552,3.75,5,5,1.0,1.0,4.5,13.875,8.25,150,0,0,150,1.0,1.0,1.0,1.0,0.0,0.0,10.0,1.0,1.0,1.0,1.0,0.0,150,0,60,90,0.8,0.7142857142857143,1.0,0.8333333333333333,0.4,0.0,10.0,0.6,0.8,0.8333333333333333,0.8695652173913044,0.0362318840579711,150,0,60,90,0.8,0.7142857142857143,1.0,0.8333333333333333,0.4,0.0,10.0,0.6,0.8,0.8333333333333333,0.8695652173913044,0.0362318840579711,1.0,0.9959839357429718,0.8809473247980534,1.0,1.0,1.0,0.2833910830086097,4.0,50.0,5.0,71.42857142857143,2.0,,2.0,100.0,0.16666666666666674,12.500000000000005,-1.0,-2.7027027027027026,-1.0,-1.4925373134328357,-1.0,-0.8928571428571428,-1.666666666666667,-27.027027027027028,-4.791666666666668,-25.66964285714286,-0.1173723220631536,-46.63170633319887,0.0,0.0
rework,0.03,1002,350,150,150,0.0,0.03,0.9,8,2,0.0057142857142857,0.2290353187062702,0.2290353187062702,6.111428571428571,8,8,8,0,16,12,12,8,2,2,0,0,1,2,0.0909090909090909,4,1.5,145,129,65,97,80,7,58,7,8,8,0,0.2425373134328358,7.0,7,14,0.5852307692307692,0.9994285714285714,8.125,18.125,12.125,150,0,0,150,1.0,1.0,1.0,1.0,0.0,0.0,10.0,1.0,1.0,1.0,1.0,0.0,75,75,0,150,0.75,1.0,0.5,0.6666666666666666,0.0,0.5,10.0,1.0,0.75,0.6666666666666666,0.6666666666666666,0.0,75,75,0,150,0.75,1.0,0.5,0.6666666666666666,0.0,0.5,10.0,1.0,0.75,0.6666666666666666,0.6666666666666666,0.0,1.0,0.9948041566746604,0.8906940217192748,1.0,0.9628571428571427,0.999743842364532,0.2864639999752398,4.0,50.0,5.0,71.42857142857143,2.0,,2.0,100.0,0.16666666666666674,12.500000000000005,28.0,75.67567567567568,30.0,44.776119402985074,33.0,29.464285714285715,1.958333333333333,31.756756756756747,-0.5416666666666679,-2.90178571428572,-0.00916336683927299,-3.640580879386838,3.0,75.0
rework,0.03,1002,350,150,150,0.0,0.03,0.95,8,2,0.0057142857142857,0.2290353187062702,0.2290353187062702,6.111428571428571,8,8,8,0,16,12,12,8,2,2,0,0,1,2,0.0909090909090909,4,1.5,145,129,65,97,80,7,58,7,8,8,0,0.2425373134328358,7.0,7,14,0.5852307692307692,0.9994285714285714,8.125,18.125,12.125,150,0,0,150,1.0,1.0,1.0,1.0,0.0,0.0,10.0,1.0,1.0,1.0,1.0,0.0,75,75,0,150,0.75,1.0,0.5,0.6666666666666666,0.0,0.5,10.0,1.0,0.75,0.6666666666666666,0.6666666666666666,0.0,75,75,0,150,0.75,1.0,0.5,0.6666666666666666,0.0,0.5,10.0,1.0,0.75,0.6666666666666666,0.6666666666666666,0.0,1.0,0.9948041566746604,0.8906940217192748,1.0,0.9628571428571427,0.999743842364532,0.2744263340136967,4.0,50.0,5.0,71.42857142857143,2.0,,2.0,100.0,0.16666666666666674,12.500000000000005,28.0,75.67567567567568,30.0,44.776119402985074,33.0,29.464285714285715,1.958333333333333,31.756756756756747,-0.5416666666666679,-2.90178571428572,-0.00916336683927299,-3.640580879386838,3.0,75.0
rework,0.03,1002,350,150,150,0.0,0.03,0.99,8,2,0.0057142857142857,0.2290353187062702,0.2290353187062702,6.111428571428571,8,8,8,0,16,12,12,8,2,2,0,0,1,2,0.0909090909090909,4,1.5,144,128,64,96,80,6,58,7,8,8,0,0.2388059701492537,7.0,7,14,0.57875,1.0,8.0,18.0,12.0,150,0,0,150,1.0,1.0,1.0,1.0,0.0,0.0,10.0,1.0,1.0,1.0,1.0,0.0,150,0,0,150,1.0,1.0,1.0,1.0,0.0,0.0,10.0,1.0,1.0,1.0,1.0,0.0,150,0,0,150,1.0,1.0,1.0,1.0,0.0,0.0,10.0,1.0,1.0,1.0,1.0,0.0,1.0,0.9948041566746604,0.8906940217192748,1.0,1.0,1.0,0.4928705829952378,4.0,50.0,5.0,71.42857142857143,2.0,,2.0,100.0,0.16666666666666674,12.500000000000005,27.0,72.97297297297297,29.0,43.28358208955223,32.0,28.57142857142857,1.833333333333333,29.729729729729726,-0.6666666666666679,-3.5714285714285774,-0.012894710122855091,-5.123033481242429,3.0,75.0
rework,0.03,1002,350,150,150,0.0,0.05,0.9,8,2,0.0057142857142857,0.2290353187062702,0.2290353187062702,6.111428571428571,8,8,8,0,16,12,12,8,2,2,0,0,1,2,0.0909090909090909,4,1.5,112,97,37,67,75,7,30,4,8,6,2,0.1380597014925373,3.75,5,5,1.0,0.998996138996139,4.625,14.0,8.375,150,0,0,150,1.0,1.0,1.0,1.0,0.0,0.0,10.0,1.0,1.0,1.0,1.0,0.0,75,75,30,120,0.65,0.7142857142857143,0.5,0.588235294117647,0.2,0.5,10.0,0.8,0.65,0.588235294117647,0.625,0.036764705882353,75,75,30,120,0.65,0.7142857142857143,0.5,0.588235294117647,0.2,0.5,10.0,0.8,0.65,0.588235294117647,0.625,0.036764705882353,1.0,0.9948041566746604,0.8906940217192748,1.0,0.9628571428571427,0.9996683673469388,0.3560168749827426,4.0,50.0,5.0,71.42857142857143,2.0,,2.0,100.0,0.16666666666666674,12.500000000000005,0.0,0.0,0.0,0.0,0.0,0.0,-1.541666666666667,-25.000000000000007,-4.666666666666668,-25.000000000000007,-0.1136409787795715,-45.14925373134328,0.0,0.0
rework,0.03,1002,350,150,150,0.0,0.05,0.95,8,2,0.0057142857142857,0.2290353187062702,0.2290353187062702,6.111428571428571,8,8,8,0,16,12,12,8,2,2,0,0,1,2,0.0909090909090909,4,1.5,112,97,37,67,75,7,30,4,8,6,2,0.1380597014925373,3.75,5,5,1.0,0.998996138996139,4.625,14.0,8.375,150,0,0,150,1.0,1.0,1.0,1.0,0.0,0.0,10.0,1.0,1.0,1.0,1.0,0.0,75,75,30,120,0.65,0.7142857142857143,0.5,0.588235294117647,0.2,0.5,10.0,0.8,0.65,0.588235294117647,0.625,0.036764705882353,75,75,30,120,0.65,0.7142857142857143,0.5,0.588235294117647,0.2,0.5,10.0,0.8,0.65,0.588235294117647,0.625,0.036764705882353,1.0,0.9948041566746604,0.8906940217192748,1.0,0.9628571428571427,0.9996683673469388,0.2895965419884305,4.0,50.0,5.0,71.42857142857143,2.0,,2.0,100.0,0.16666666666666674,12.500000000000005,0.0,0.0,0.0,0.0,0.0,0.0,-1.541666666666667,-25.000000000000007,-4.666666666666668,-25.000000000000007,-0.1136409787795715,-45.14925373134328,0.0,0.0
rework,0.03,1002,350,150,150,0.0,0.05,0.99,8,2,0.0057142857142857,0.2290353187062702,0.2290353187062702,6.111428571428571,8,8,8,0,16,12,12,8,2,2,0,0,1,2,0.0909090909090909,4,1.5,111,96,36,66,75,6,30,4,8,6,2,0.1343283582089552,3.75,5,5,1.0,1.0,4.5,13.875,8.25,150,0,0,150,1.0,1.0,1.0,1.0,0.0,0.0,10.0,1.0,1.0,1.0,1.0,0.0,150,0,60,90,0.8,0.7142857142857143,1.0,0.8333333333333333,0.4,0.0,10.0,0.6,0.8,0.8333333333333333,0.8695652173913044,0.0362318840579711,150,0,60,90,0.8,0.7142857142857143,1.0,0.8333333333333333,0.4,0.0,10.0,0.6,0.8,0.8333333333333333,0.8695652173913044,0.0362318840579711,1.0,0.9948041566746604,0.8906940217192748,1.0,1.0,1.0,0.2876005420112051,4.0,50.0,5.0,71.42857142857143,2.0,,2.0,100.0,0.16666666666666674,12.500000000000005,-1.0,-2.7027027027027026,-1.0,-1.4925373134328357,-1.0,-0.8928571428571428,-1.666666666666667,-27.027027027027028,-4.791666666666668,-25.66964285714286,-0.1173723220631536,-46.63170633319887,0.0,0.0
rework,0.03,1002,350,150,150,0.0,0.07,0.9,8,2,0.0057142857142857,0.2290353187062702,0.2290353187062702,6.111428571428571,8,8,8,0,16,12,12,8,2,2,0,0,1,2,0.0909090909090909,4,1.5,112,97,37,67,75,7,30,4,8,6,2,0.1380597014925373,3.75,5,5,1.0,0.998996138996139,4.625,14.0,8.375,150,0,0,150,1.0,1.0,1.0,1.0,0.0,0.0,10.0,1.0,1.0,1.0,1.0,0.0,75,75,30,120,0.65,0.7142857142857143,0.5,0.588235294117647,0.2,0.5,10.0,0.8,0.65,0.588235294117647,0.625,0.036764705882353,75,75,30,120,0.65,0.7142857142857143,0.5,0.588235294117647,0.2,0.5,10.0,0.8,0.65,0.588235294117647,0.625,0.036764705882353,1.0,0.9948041566746604,0.8906940217192748,1.0,0.9628571428571427,0.9996683673469388,0.2784985420003067,4.0,50.0,5.0,71.42857142857143,2.0,,2.0,100.0,0.16666666666666674,12.500000000000005,0.0,0.0,0.0,0.0,0.0,0.0,-1.541666666666667,-25.000000000000007,-4.666666666666668,-25.000000000000007,-0.1136409787795715,-45.14925373134328,0.0,0.0
rework,0.03,1002,350,150,150,0.0,0.07,0.95,8,2,0.0057142857142857,0.2290353187062702,0.2290353187062702,6.111428571428571,8,8,8,0,16,12,12,8,2,2,0,0,1,2,0.0909090909090909,4,1.5,112,97,37,67,75,7,30,4,8,6,2,0.1380597014925373,3.75,5,5,1.0,0.998996138996139,4.625,14.0,8.375,150,0,0,150,1.0,1.0,1.0,1.0,0.0,0.0,10.0,1.0,1.0,1.0,1.0,0.0,75,75,30,120,0.65,0.7142857142857143,0.5,0.588235294117647,0.2,0.5,10.0,0.8,0.65,0.588235294117647,0.625,0.036764705882353,75,75,30,120,0.65,0.7142857142857143,0.5,0.588235294117647,0.2,0.5,10.0,0.8,0.65,0.588235294117647,0.625,0.036764705882353,1.0,0.9948041566746604,0.8906940217192748,1.0,0.9628571428571427,0.9996683673469388,0.2454568330140318,4.0,50.0,5.0,71.42857142857143,2.0,,2.0,100.0,0.16666666666666674,12.500000000000005,0.0,0.0,0.0,0.0,0.0,0.0,-1.541666666666667,-25.000000000000007,-4.666666666666668,-25.000000000000007,-0.1136409787795715,-45.14925373134328,0.0,0.0
rework,0.03,1002,350,150,150,0.0,0.07,0.99,8,2,0.0057142857142857,0.2290353187062702,0.2290353187062702,6.111428571428571,8,8,8,0,16,12,12,8,2,2,0,0,1,2,0.0909090909090909,4,1.5,111,96,36,66,75,6,30,4,8,6,2,0.1343283582089552,3.75,5,5,1.0,1.0,4.5,13.875,8.25,150,0,0,150,1.0,1.0,1.0,1.0,0.0,0.0,10.0,1.0,1.0,1.0,1.0,0.0,150,0,60,90,0.8,0.7142857142857143,1.0,0.8333333333333333,0.4,0.0,10.0,0.6,0.8,0.8333333333333333,0.8695652173913044,0.0362318840579711,150,0,60,90,0.8,0.7142857142857143,1.0,0.8333333333333333,0.4,0.0,10.0,0.6,0.8,0.8333333333333333,0.8695652173913044,0.0362318840579711,1.0,0.9948041566746604,0.8906940217192748,1.0,1.0,1.0,0.3206056669878308,4.0,50.0,5.0,71.42857142857143,2.0,,2.0,100.0,0.16666666666666674,12.500000000000005,-1.0,-2.7027027027027026,-1.0,-1.4925373134328357,-1.0,-0.8928571428571428,-1.666666666666667,-27.027027027027028,-4.791666666666668,-25.66964285714286,-0.1173723220631536,-46.63170633319887,0.0,0.0
rework,0.03,1003,350,150,150,0.0,0.03,0.9,8,2,0.0057142857142857,0.2015062438088121,0.2015062438088121,6.094285714285714,8,8,8,0,16,12,12,8,2,2,0,0,1,2,0.0909090909090909,4,1.5,145,129,65,97,80,7,58,7,8,8,0,0.2425373134328358,7.0,7,14,0.5827692307692308,0.9995164835164836,8.125,18.125,12.125,150,0,0,150,1.0,1.0,1.0,1.0,0.0,0.0,10.0,1.0,1.0,1.0,1.0,0.0,75,75,0,150,0.75,1.0,0.5,0.6666666666666666,0.0,0.5,10.0,1.0,0.75,0.6666666666666666,0.6666666666666666,0.0,75,75,0,150,0.75,1.0,0.5,0.6666666666666666,0.0,0.5,10.0,1.0,0.75,0.6666666666666666,0.6666666666666666,0.0,1.0,0.995589414595028,0.884635561248085,1.0,0.9685714285714284,0.999783251231527,0.3161085839965381,4.0,50.0,5.0,71.42857142857143,2.0,,2.0,100.0,0.16666666666666674,12.500000000000005,28.0,75.67567567567568,30.0,44.776119402985074,33.0,29.464285714285715,1.958333333333333,31.756756756756747,-0.5416666666666679,-2.90178571428572,-0.00916336683927299,-3.640580879386838,3.0,75.0
rework,0.03,1003,350,150,150,0.0,0.03,0.95,8,2,0.0057142857142857,0.2015062438088121,0.2015062438088121,6.094285714285714,8,8,8,0,16,12,12,8,2,2,0,0,1,2,0.0909090909090909,4,1.5,145,129,65,97,80,7,58,7,8,8,0,0.2425373134328358,7.0,7,14,0.5827692307692308,0.9995164835164836,8.125,18.125,12.125,150,0,0,150,1.0,1.0,1.0,1.0,0.0,0.0,10.0,1.0,1.0,1.0,1.0,0.0,75,75,0,150,0.75,1.0,0.5,0.6666666666666666,0.0,0.5,10.0,1.0,0.75,0.6666666666666666,0.6666666666666666,0.0,75,75,0,150,0.75,1.0,0.5,0.6666666666666666,0.0,0.5,10.0,1.0,0.75,0.6666666666666666,0.6666666666666666,0.0,1.0,0.995589414595028,0.884635561248085,1.0,0.9685714285714284,0.999783251231527,0.2644882499880623,4.0,50.0,5.0,71.42857142857143,2.0,,2.0,100.0,0.16666666666666674,12.500000000000005,28.0,75.67567567567568,30.0,44.776119402985074,33.0,29.464285714285715,1.958333333333333,31.756756756756747,-0.5416666666666679,-2.90178571428572,-0.00916336683927299,-3.640580879386838,3.0,75.0
rework,0.03,1003,350,150,150,0.0,0.03,0.99,8,2,0.0057142857142857,0.2015062438088121,0.2015062438088121,6.094285714285714,8,8,8,0,16,12,12,8,2,2,0,0,1,2,0.0909090909090909,4,1.5,144,128,64,96,80,6,58,7,8,8,0,0.2388059701492537,7.0,7,14,0.57625,1.0,8.0,18.0,12.0,150,0,0,150,1.0,1.0,1.0,1.0,0.0,0.0,10.0,1.0,1.0,1.0,1.0,0.0,150,0,0,150,1.0,1.0,1.0,1.0,0.0,0.0,10.0,1.0,1.0,1.0,1.0,0.0,150,0,0,150,1.0,1.0,1.0,1.0,0.0,0.0,10.0,1.0,1.0,1.0,1.0,0.0,1.0,0.995589414595028,0.884635561248085,1.0,1.0,1.0,0.3092014589929022,4.0,50.0,5.0,71.42857142857143,2.0,,2.0,100.0,0.16666666666666674,12.500000000000005,27.0,72.97297297297297,29.0,43.28358208955223,32.0,28.57142857142857,1.833333333333333,29.729729729729726,-0.6666666666666679,-3.5714285714285774,-0.012894710122855091,-5.123033481242429,3.0,75.0
rework,0.03,1003,350,150,150,0.0,0.05,0.9,8,2,0.0057142857142857,0.2015062438088121,0.2015062438088121,6.094285714285714,8,8,8,0,16,12,12,8,2,2,0,0,1,2,0.0909090909090909,4,1.5,112,97,37,67,75,7,30,4,8,6,2,0.1380597014925373,3.75,5,5,1.0,0.9991505791505793,4.625,14.0,8.375,150,0,0,150,1.0,1.0,1.0,1.0,0.0,0.0,10.0,1.0,1.0,1.0,1.0,0.0,75,75,30,120,0.65,0.7142857142857143,0.5,0.588235294117647,0.2,0.5,10.0,0.8,0.65,0.588235294117647,0.625,0.036764705882353,75,75,30,120,0.65,0.7142857142857143,0.5,0.588235294117647,0.2,0.5,10.0,0.8,0.65,0.588235294117647,0.625,0.036764705882353,1.0,0.995589414595028,0.884635561248085,1.0,0.9685714285714284,0.999719387755102,0.2863509590097237,4.0,50.0,5.0,71.42857142857143,2.0,,2.0,100.0,0.16666666666666674,12.500000000000005,0.0,0.0,0.0,0.0,0.0,0.0,-1.541666666666667,-25.000000000000007,-4.666666666666668,-25.000000000000007,-0.1136409787795715,-45.14925373134328,0.0,0.0
rework,0.03,1003,350,150,150,0.0,0.05,0.95,8,2,0.0057142857142857,0.2015062438088121,0.2015062438088121,6.094285714285714,8,8,8,0,16,12,12,8,2,2,0,0,1,2,0.0909090909090909,4,1.5,112,97,37,67,75,7,30,4,8,6,2,0.1380597014925373,3.75,5,5,1.0,0.9991505791505793,4.625,14.0,8.375,150,0,0,150,1.0,1.0,1.0,1.0,0.0,0.0,10.0,1.0,1.0,1.0,1.0,0.0,75,75,30,120,0.65,0.7142857142857143,0.5,0.588235294117647,0.2,0.5,10.0,0.8,0.65,0.588235294117647,0.625,0.036764705882353,75,75,30,120,0.65,0.7142857142857143,0.5,0.588235294117647,0.2,0.5,10.0,0.8,0.65,0.588235294117647,0.625,0.036764705882353,1.0,0.995589414595028,0.884635561248085,1.0,0.9685714285714284,0.999719387755102,0.2486562500125728,4.0,50.0,5.0,71.42857142857143,2.0,,2.0,100.0,0.16666666666666674,12.500000000000005,0.0,0.0,0.0,0.0,0.0,0.0,-1.541666666666667,-25.000000000000007,-4.666666666666668,-25.000000000000007,-0.1136409787795715,-45.14925373134328,0.0,0.0
rework,0.03,1003,350,150,150,0.0,0.05,0.99,8,2,0.0057142857142857,0.2015062438088121,0.2015062438088121,6.094285714285714,8,8,8,0,16,12,12,8,2,2,0,0,1,2,0.0909090909090909,4,1.5,111,96,36,66,75,6,30,4,8,6,2,0.1343283582089552,3.75,5,5,1.0,1.0,4.5,13.875,8.25,150,0,0,150,1.0,1.0,1.0,1.0,0.0,0.0,10.0,1.0,1.0,1.0,1.0,0.0,150,0,60,90,0.8,0.7142857142857143,1.0,0.8333333333333333,0.4,0.0,10.0,0.6,0.8,0.8333333333333333,0.8695652173913044,0.0362318840579711,150,0,60,90,0.8,0.7142857142857143,1.0,0.8333333333333333,0.4,0.0,10.0,0.6,0.8,0.8333333333333333,0.8695652173913044,0.0362318840579711,1.0,0.995589414595028,0.884635561248085,1.0,1.0,1.0,0.279465458006598,4.0,50.0,5.0,71.42857142857143,2.0,,2.0,100.0,0.16666666666666674,12.500000000000005,-1.0,-2.7027027027027026,-1.0,-1.4925373134328357,-1.0,-0.8928571428571428,-1.666666666666667,-27.027027027027028,-4.791666666666668,-25.66964285714286,-0.1173723220631536,-46.63170633319887,0.0,0.0
rework,0.03,1003,350,150,150,0.0,0.07,0.9,8,2,0.0057142857142857,0.2015062438088121,0.2015062438088121,6.094285714285714,8,8,8,0,16,12,12,8,2,2,0,0,1,2,0.0909090909090909,4,1.5,112,97,37,67,75,7,30,4,8,6,2,0.1380597014925373,3.75,5,5,1.0,0.9991505791505793,4.625,14.0,8.375,150,0,0,150,1.0,1.0,1.0,1.0,0.0,0.0,10.0,1.0,1.0,1.0,1.0,0.0,75,75,30,120,0.65,0.7142857142857143,0.5,0.588235294117647,0.2,0.5,10.0,0.8,0.65,0.588235294117647,0.625,0.036764705882353,75,75,30,120,0.65,0.7142857142857143,0.5,0.588235294117647,0.2,0.5,10.0,0.8,0.65,0.588235294117647,0.625,0.036764705882353,1.0,0.995589414595028,0.884635561248085,1.0,0.9685714285714284,0.999719387755102,0.3195085829938762,4.0,50.0,5.0,71.42857142857143,2.0,,2.0,100.0,0.16666666666666674,12.500000000000005,0.0,0.0,0.0,0.0,0.0,0.0,-1.541666666666667,-25.000000000000007,-4.666666666666668,-25.000000000000007,-0.1136409787795715,-45.14925373134328,0.0,0.0
rework,0.03,1003,350,150,150,0.0,0.07,0.95,8,2,0.0057142857142857,0.2015062438088121,0.2015062438088121,6.094285714285714,8,8,8,0,16,12,12,8,2,2,0,0,1,2,0.0909090909090909,4,1.5,112,97,37,67,75,7,30,4,8,6,2,0.1380597014925373,3.75,5,5,1.0,0.9991505791505793,4.625,14.0,8.375,150,0,0,150,1.0,1.0,1.0,1.0,0.0,0.0,10.0,1.0,1.0,1.0,1.0,0.0,75,75,30,120,0.65,0.7142857142857143,0.5,0.588235294117647,0.2,0.5,10.0,0.8,0.65,0.588235294117647,0.625,0.036764705882353,75,75,30,120,0.65,0.7142857142857143,0.5,0.588235294117647,0.2,0.5,10.0,0.8,0.65,0.588235294117647,0.625,0.036764705882353,1.0,0.995589414595028,0.884635561248085,1.0,0.9685714285714284,0.999719387755102,0.2464416250004433,4.0,50.0,5.0,71.42857142857143,2.0,,2.0,100.0,0.16666666666666674,12.500000000000005,0.0,0.0,0.0,0.0,0.0,0.0,-1.541666666666667,-25.000000000000007,-4.666666666666668,-25.000000000000007,-0.1136409787795715,-45.14925373134328,0.0,0.0
rework,0.03,1003,350,150,150,0.0,0.07,0.99,8,2,0.0057142857142857,0.2015062438088121,0.2015062438088121,6.094285714285714,8,8,8,0,16,12,12,8,2,2,0,0,1,2,0.0909090909090909,4,1.5,111,96,36,66,75,6,30,4,8,6,2,0.1343283582089552,3.75,5,5,1.0,1.0,4.5,13.875,8.25,150,0,0,150,1.0,1.0,1.0,1.0,0.0,0.0,10.0,1.0,1.0,1.0,1.0,0.0,150,0,60,90,0.8,0.7142857142857143,1.0,0.8333333333333333,0.4,0.0,10.0,0.6,0.8,0.8333333333333333,0.8695652173913044,0.0362318840579711,150,0,60,90,0.8,0.7142857142857143,1.0,0.8333333333333333,0.4,0.0,10.0,0.6,0.8,0.8333333333333333,0.8695652173913044,0.0362318840579711,1.0,0.995589414595028,0.884635561248085,1.0,1.0,1.0,0.2559183750126976,4.0,50.0,5.0,71.42857142857143,2.0,,2.0,100.0,0.16666666666666674,12.500000000000005,-1.0,-2.7027027027027026,-1.0,-1.4925373134328357,-1.0,-0.8928571428571428,-1.666666666666667,-27.027027027027028,-4.791666666666668,-25.66964285714286,-0.1173723220631536,-46.63170633319887,0.0,0.0
rework,0.03,1004,350,150,150,0.0,0.03,0.9,8,2,0.0057142857142857,0.2154488276265225,0.2154488276265225,6.102857142857143,8,8,8,0,16,12,12,8,2,2,0,0,1,2,0.0909090909090909,4,1.5,145,129,65,97,80,7,58,7,8,8,0,0.2425373134328358,7.0,7,14,0.584,0.9994725274725276,8.125,18.125,12.125,150,0,0,150,1.0,1.0,1.0,1.0,0.0,0.0,10.0,1.0,1.0,1.0,1.0,0.0,75,75,0,150,0.75,1.0,0.5,0.6666666666666666,0.0,0.5,10.0,1.0,0.75,0.6666666666666666,0.6666666666666666,0.0,75,75,0,150,0.75,1.0,0.5,0.6666666666666666,0.0,0.5,10.0,1.0,0.75,0.6666666666666666,0.6666666666666666,0.0,1.0,0.9951961569255404,0.8878537069718982,1.0,0.9657142857142856,0.9997635467980296,0.2967585420119576,4.0,50.0,5.0,71.42857142857143,2.0,,2.0,100.0,0.16666666666666674,12.500000000000005,28.0,75.67567567567568,30.0,44.776119402985074,33.0,29.464285714285715,1.958333333333333,31.756756756756747,-0.5416666666666679,-2.90178571428572,-0.00916336683927299,-3.640580879386838,3.0,75.0
rework,0.03,1004,350,150,150,0.0,0.03,0.95,8,2,0.0057142857142857,0.2154488276265225,0.2154488276265225,6.102857142857143,8,8,8,0,16,12,12,8,2,2,0,0,1,2,0.0909090909090909,4,1.5,145,129,65,97,80,7,58,7,8,8,0,0.2425373134328358,7.0,7,14,0.584,0.9994725274725276,8.125,18.125,12.125,150,0,0,150,1.0,1.0,1.0,1.0,0.0,0.0,10.0,1.0,1.0,1.0,1.0,0.0,75,75,0,150,0.75,1.0,0.5,0.6666666666666666,0.0,0.5,10.0,1.0,0.75,0.6666666666666666,0.6666666666666666,0.0,75,75,0,150,0.75,1.0,0.5,0.6666666666666666,0.0,0.5,10.0,1.0,0.75,0.6666666666666666,0.6666666666666666,0.0,1.0,0.9951961569255404,0.8878537069718982,1.0,0.9657142857142856,0.9997635467980296,0.267351000016788,4.0,50.0,5.0,71.42857142857143,2.0,,2.0,100.0,0.16666666666666674,12.500000000000005,28.0,75.67567567567568,30.0,44.776119402985074,33.0,29.464285714285715,1.958333333333333,31.756756756756747,-0.5416666666666679,-2.90178571428572,-0.00916336683927299,-3.640580879386838,3.0,75.0
rework,0.03,1004,350,150,150,0.0,0.03,0.99,8,2,0.0057142857142857,0.2154488276265225,0.2154488276265225,6.102857142857143,8,8,8,0,16,12,12,8,2,2,0,0,1,2,0.0909090909090909,4,1.5,144,128,64,96,80,6,58,7,8,8,0,0.2388059701492537,7.0,7,14,0.5775,1.0,8.0,18.0,12.0,150,0,0,150,1.0,1.0,1.0,1.0,0.0,0.0,10.0,1.0,1.0,1.0,1.0,0.0,150,0,0,150,1.0,1.0,1.0,1.0,0.0,0.0,10.0,1.0,1.0,1.0,1.0,0.0,150,0,0,150,1.0,1.0,1.0,1.0,0.0,0.0,10.0,1.0,1.0,1.0,1.0,0.0,1.0,0.9951961569255404,0.8878537069718982,1.0,1.0,1.0,0.2735395419877022,4.0,50.0,5.0,71.42857142857143,2.0,,2.0,100.0,0.16666666666666674,12.500000000000005,27.0,72.97297297297297,29.0,43.28358208955223,32.0,28.57142857142857,1.833333333333333,29.729729729729726,-0.6666666666666679,-3.5714285714285774,-0.012894710122855091,-5.123033481242429,3.0,75.0
rework,0.03,1004,350,150,150,0.0,0.05,0.9,8,2,0.0057142857142857,0.2154488276265225,0.2154488276265225,6.102857142857143,8,8,8,0,16,12,12,8,2,2,0,0,1,2,0.0909090909090909,4,1.5,112,97,37,67,75,7,30,4,8,6,2,0.1380597014925373,3.75,5,5,1.0,0.999073359073359,4.625,14.0,8.375,150,0,0,150,1.0,1.0,1.0,1.0,0.0,0.0,10.0,1.0,1.0,1.0,1.0,0.0,75,75,30,120,0.65,0.7142857142857143,0.5,0.588235294117647,0.2,0.5,10.0,0.8,0.65,0.588235294117647,0.625,0.036764705882353,75,75,30,120,0.65,0.7142857142857143,0.5,0.588235294117647,0.2,0.5,10.0,0.8,0.65,0.588235294117647,0.625,0.036764705882353,1.0,0.9951961569255404,0.8878537069718982,1.0,0.9657142857142856,0.9996938775510203,0.2814686250058003,4.0,50.0,5.0,71.42857142857143,2.0,,2.0,100.0,0.16666666666666674,12.500000000000005,0.0,0.0,0.0,0.0,0.0,0.0,-1.541666666666667,-25.000000000000007,-4.666666666666668,-25.000000000000007,-0.1136409787795715,-45.14925373134328,0.0,0.0
rework,0.03,1004,350,150,150,0.0,0.05,0.95,8,2,0.0057142857142857,0.2154488276265225,0.2154488276265225,6.102857142857143,8,8,8,0,16,12,12,8,2,2,0,0,1,2,0.0909090909090909,4,1.5,112,97,37,67,75,7,30,4,8,6,2,0.1380597014925373,3.75,5,5,1.0,0.999073359073359,4.625,14.0,8.375,150,0,0,150,1.0,1.0,1.0,1.0,0.0,0.0,10.0,1.0,1.0,1.0,1.0,0.0,75,75,30,120,0.65,0.7142857142857143,0.5,0.588235294117647,0.2,0.5,10.0,0.8,0.65,0.588235294117647,0.625,0.036764705882353,75,75,30,120,0.65,0.7142857142857143,0.5,0.588235294117647,0.2,0.5,10.0,0.8,0.65,0.588235294117647,0.625,0.036764705882353,1.0,0.9951961569255404,0.8878537069718982,1.0,0.9657142857142856,0.9996938775510203,0.2398647499794606,4.0,50.0,5.0,71.42857142857143,2.0,,2.0,100.0,0.16666666666666674,12.500000000000005,0.0,0.0,0.0,0.0,0.0,0.0,-1.541666666666667,-25.000000000000007,-4.666666666666668,-25.000000000000007,-0.1136409787795715,-45.14925373134328,0.0,0.0
rework,0.03,1004,350,150,150,0.0,0.05,0.99,8,2,0.0057142857142857,0.2154488276265225,0.2154488276265225,6.102857142857143,8,8,8,0,16,12,12,8,2,2,0,0,1,2,0.0909090909090909,4,1.5,111,96,36,66,75,6,30,4,8,6,2,0.1343283582089552,3.75,5,5,1.0,1.0,4.5,13.875,8.25,150,0,0,150,1.0,1.0,1.0,1.0,0.0,0.0,10.0,1.0,1.0,1.0,1.0,0.0,150,0,60,90,0.8,0.7142857142857143,1.0,0.8333333333333333,0.4,0.0,10.0,0.6,0.8,0.8333333333333333,0.8695652173913044,0.0362318840579711,150,0,60,90,0.8,0.7142857142857143,1.0,0.8333333333333333,0.4,0.0,10.0,0.6,0.8,0.8333333333333333,0.8695652173913044,0.0362318840579711,1.0,0.9951961569255404,0.8878537069718982,1.0,1.0,1.0,0.2554153329983819,4.0,50.0,5.0,71.42857142857143,2.0,,2.0,100.0,0.16666666666666674,12.500000000000005,-1.0,-2.7027027027027026,-1.0,-1.4925373134328357,-1.0,-0.8928571428571428,-1.666666666666667,-27.027027027027028,-4.791666666666668,-25.66964285714286,-0.1173723220631536,-46.63170633319887,0.0,0.0
rework,0.03,1004,350,150,150,0.0,0.07,0.9,8,2,0.0057142857142857,0.2154488276265225,0.2154488276265225,6.102857142857143,8,8,8,0,16,12,12,8,2,2,0,0,1,2,0.0909090909090909,4,1.5,112,97,37,67,75,7,30,4,8,6,2,0.1380597014925373,3.75,5,5,1.0,0.999073359073359,4.625,14.0,8.375,150,0,0,150,1.0,1.0,1.0,1.0,0.0,0.0,10.0,1.0,1.0,1.0,1.0,0.0,75,75,30,120,0.65,0.7142857142857143,0.5,0.588235294117647,0.2,0.5,10.0,0.8,0.65,0.588235294117647,0.625,0.036764705882353,75,75,30,120,0.65,0.7142857142857143,0.5,0.588235294117647,0.2,0.5,10.0,0.8,0.65,0.588235294117647,0.625,0.036764705882353,1.0,0.9951961569255404,0.8878537069718982,1.0,0.9657142857142856,0.9996938775510203,0.262080665997928,4.0,50.0,5.0,71.42857142857143,2.0,,2.0,100.0,0.16666666666666674,12.500000000000005,0.0,0.0,0.0,0.0,0.0,0.0,-1.541666666666667,-25.000000000000007,-4.666666666666668,-25.000000000000007,-0.1136409787795715,-45.14925373134328,0.0,0.0
rework,0.03,1004,350,150,150,0.0,0.07,0.95,8,2,0.0057142857142857,0.2154488276265225,0.2154488276265225,6.102857142857143,8,8,8,0,16,12,12,8,2,2,0,0,1,2,0.0909090909090909,4,1.5,112,97,37,67,75,7,30,4,8,6,2,0.1380597014925373,3.75,5,5,1.0,0.999073359073359,4.625,14.0,8.375,150,0,0,150,1.0,1.0,1.0,1.0,0.0,0.0,10.0,1.0,1.0,1.0,1.0,0.0,75,75,30,120,0.65,0.7142857142857143,0.5,0.588235294117647,0.2,0.5,10.0,0.8,0.65,0.588235294117647,0.625,0.036764705882353,75,75,30,120,0.65,0.7142857142857143,0.5,0.588235294117647,0.2,0.5,10.0,0.8,0.65,0.588235294117647,0.625,0.036764705882353,1.0,0.9951961569255404,0.8878537069718982,1.0,0.9657142857142856,0.9996938775510203,0.2575984590221196,4.0,50.0,5.0,71.42857142857143,2.0,,2.0,100.0,0.16666666666666674,12.500000000000005,0.0,0.0,0.0,0.0,0.0,0.0,-1.541666666666667,-25.000000000000007,-4.666666666666668,-25.000000000000007,-0.1136409787795715,-45.14925373134328,0.0,0.0
rework,0.03,1004,350,150,150,0.0,0.07,0.99,8,2,0.0057142857142857,0.2154488276265225,0.2154488276265225,6.102857142857143,8,8,8,0,16,12,12,8,2,2,0,0,1,2,0.0909090909090909,4,1.5,111,96,36,66,75,6,30,4,8,6,2,0.1343283582089552,3.75,5,5,1.0,1.0,4.5,13.875,8.25,150,0,0,150,1.0,1.0,1.0,1.0,0.0,0.0,10.0,1.0,1.0,1.0,1.0,0.0,150,0,60,90,0.8,0.7142857142857143,1.0,0.8333333333333333,0.4,0.0,10.0,0.6,0.8,0.8333333333333333,0.8695652173913044,0.0362318840579711,150,0,60,90,0.8,0.7142857142857143,1.0,0.8333333333333333,0.4,0.0,10.0,0.6,0.8,0.8333333333333333,0.8695652173913044,0.0362318840579711,1.0,0.9951961569255404,0.8878537069718982,1.0,1.0,1.0,0.265857499995036,4.0,50.0,5.0,71.42857142857143,2.0,,2.0,100.0,0.16666666666666674,12.500000000000005,-1.0,-2.7027027027027026,-1.0,-1.4925373134328357,-1.0,-0.8928571428571428,-1.666666666666667,-27.027027027027028,-4.791666666666668,-25.66964285714286,-0.1173723220631536,-46.63170633319887,0.0,0.0
rework,0.03,1005,350,150,150,0.0,0.03,0.9,8,2,0.0057142857142857,0.2679047298713761,0.2679047298713761,6.137142857142857,8,8,8,0,16,12,12,8,2,2,0,0,1,2,0.0909090909090909,4,1.5,145,129,65,97,80,7,58,7,8,8,0,0.2425373134328358,7.0,7,14,0.588923076923077,0.9992967032967034,8.125,18.125,12.125,150,0,0,150,1.0,1.0,1.0,1.0,0.0,0.0,10.0,1.0,1.0,1.0,1.0,0.0,75,75,0,150,0.75,1.0,0.5,0.6666666666666666,0.0,0.5,10.0,1.0,0.75,0.6666666666666666,0.6666666666666666,0.0,75,75,0,150,0.75,1.0,0.5,0.6666666666666666,0.0,0.5,10.0,1.0,0.75,0.6666666666666666,0.6666666666666666,0.0,1.0,0.9936356404136834,0.8975584900923305,1.0,0.9542857142857144,0.9996847290640394,0.3185608750209212,4.0,50.0,5.0,71.42857142857143,2.0,,2.0,100.0,0.16666666666666674,12.500000000000005,28.0,75.67567567567568,30.0,44.776119402985074,33.0,29.464285714285715,1.958333333333333,31.756756756756747,-0.5416666666666679,-2.90178571428572,-0.00916336683927299,-3.640580879386838,3.0,75.0
rework,0.03,1005,350,150,150,0.0,0.03,0.95,8,2,0.0057142857142857,0.2679047298713761,0.2679047298713761,6.137142857142857,8,8,8,0,16,12,12,8,2,2,0,0,1,2,0.0909090909090909,4,1.5,145,129,65,97,80,7,58,7,8,8,0,0.2425373134328358,7.0,7,14,0.588923076923077,0.9992967032967034,8.125,18.125,12.125,150,0,0,150,1.0,1.0,1.0,1.0,0.0,0.0,10.0,1.0,1.0,1.0,1.0,0.0,75,75,0,150,0.75,1.0,0.5,0.6666666666666666,0.0,0.5,10.0,1.0,0.75,0.6666666666666666,0.6666666666666666,0.0,75,75,0,150,0.75,1.0,0.5,0.6666666666666666,0.0,0.5,10.0,1.0,0.75,0.6666666666666666,0.6666666666666666,0.0,1.0,0.9936356404136834,0.8975584900923305,1.0,0.9542857142857144,0.9996847290640394,0.2889919999870471,4.0,50.0,5.0,71.42857142857143,2.0,,2.0,100.0,0.16666666666666674,12.500000000000005,28.0,75.67567567567568,30.0,44.776119402985074,33.0,29.464285714285715,1.958333333333333,31.756756756756747,-0.5416666666666679,-2.90178571428572,-0.00916336683927299,-3.640580879386838,3.0,75.0
rework,0.03,1005,350,150,150,0.0,0.03,0.99,8,2,0.0057142857142857,0.2679047298713761,0.2679047298713761,6.137142857142857,8,8,8,0,16,12,12,8,2,2,0,0,1,2,0.0909090909090909,4,1.5,144,128,64,96,80,6,58,7,8,8,0,0.2388059701492537,7.0,7,14,0.5825,1.0,8.0,18.0,12.0,150,0,0,150,1.0,1.0,1.0,1.0,0.0,0.0,10.0,1.0,1.0,1.0,1.0,0.0,150,0,0,150,1.0,1.0,1.0,1.0,0.0,0.0,10.0,1.0,1.0,1.0,1.0,0.0,150,0,0,150,1.0,1.0,1.0,1.0,0.0,0.0,10.0,1.0,1.0,1.0,1.0,0.0,1.0,0.9936356404136834,0.8975584900923305,1.0,1.0,1.0,0.3039970829850063,4.0,50.0,5.0,71.42857142857143,2.0,,2.0,100.0,0.16666666666666674,12.500000000000005,27.0,72.97297297297297,29.0,43.28358208955223,32.0,28.57142857142857,1.833333333333333,29.729729729729726,-0.6666666666666679,-3.5714285714285774,-0.012894710122855091,-5.123033481242429,3.0,75.0
rework,0.03,1005,350,150,150,0.0,0.05,0.9,8,2,0.0057142857142857,0.2679047298713761,0.2679047298713761,6.137142857142857,8,8,8,0,16,12,12,8,2,2,0,0,1,2,0.0909090909090909,4,1.5,112,97,37,67,75,7,30,4,8,6,2,0.1380597014925373,3.75,5,5,1.0,0.9987644787644788,4.625,14.0,8.375,150,0,0,150,1.0,1.0,1.0,1.0,0.0,0.0,10.0,1.0,1.0,1.0,1.0,0.0,75,75,30,120,0.65,0.7142857142857143,0.5,0.588235294117647,0.2,0.5,10.0,0.8,0.65,0.588235294117647,0.625,0.036764705882353,75,75,30,120,0.65,0.7142857142857143,0.5,0.588235294117647,0.2,0.5,10.0,0.8,0.65,0.588235294117647,0.625,0.036764705882353,1.0,0.9936356404136834,0.8975584900923305,1.0,0.9542857142857144,0.9995918367346938,0.3499883750046137,4.0,50.0,5.0,71.42857142857143,2.0,,2.0,100.0,0.16666666666666674,12.500000000000005,0.0,0.0,0.0,0.0,0.0,0.0,-1.541666666666667,-25.000000000000007,-4.666666666666668,-25.000000000000007,-0.1136409787795715,-45.14925373134328,0.0,0.0
rework,0.03,1005,350,150,150,0.0,0.05,0.95,8,2,0.0057142857142857,0.2679047298713761,0.2679047298713761,6.137142857142857,8,8,8,0,16,12,12,8,2,2,0,0,1,2,0.0909090909090909,4,1.5,112,97,37,67,75,7,30,4,8,6,2,0.1380597014925373,3.75,5,5,1.0,0.9987644787644788,4.625,14.0,8.375,150,0,0,150,1.0,1.0,1.0,1.0,0.0,0.0,10.0,1.0,1.0,1.0,1.0,0.0,75,75,30,120,0.65,0.7142857142857143,0.5,0.588235294117647,0.2,0.5,10.0,0.8,0.65,0.588235294117647,0.625,0.036764705882353,75,75,30,120,0.65,0.7142857142857143,0.5,0.588235294117647,0.2,0.5,10.0,0.8,0.65,0.588235294117647,0.625,0.036764705882353,1.0,0.9936356404136834,0.8975584900923305,1.0,0.9542857142857144,0.9995918367346938,0.3254693750059232,4.0,50.0,5.0,71.42857142857143,2.0,,2.0,100.0,0.16666666666666674,12.500000000000005,0.0,0.0,0.0,0.0,0.0,0.0,-1.541666666666667,-25.000000000000007,-4.666666666666668,-25.000000000000007,-0.1136409787795715,-45.14925373134328,0.0,0.0
rework,0.03,1005,350,150,150,0.0,0.05,0.99,8,2,0.0057142857142857,0.2679047298713761,0.2679047298713761,6.137142857142857,8,8,8,0,16,12,12,8,2,2,0,0,1,2,0.0909090909090909,4,1.5,111,96,36,66,75,6,30,4,8,6,2,0.1343283582089552,3.75,5,5,1.0,1.0,4.5,13.875,8.25,150,0,0,150,1.0,1.0,1.0,1.0,0.0,0.0,10.0,1.0,1.0,1.0,1.0,0.0,150,0,60,90,0.8,0.7142857142857143,1.0,0.8333333333333333,0.4,0.0,10.0,0.6,0.8,0.8333333333333333,0.8695652173913044,0.0362318840579711,150,0,60,90,0.8,0.7142857142857143,1.0,0.8333333333333333,0.4,0.0,10.0,0.6,0.8,0.8333333333333333,0.8695652173913044,0.0362318840579711,1.0,0.9936356404136834,0.8975584900923305,1.0,1.0,1.0,0.3025956669880543,4.0,50.0,5.0,71.42857142857143,2.0,,2.0,100.0,0.16666666666666674,12.500000000000005,-1.0,-2.7027027027027026,-1.0,-1.4925373134328357,-1.0,-0.8928571428571428,-1.666666666666667,-27.027027027027028,-4.791666666666668,-25.66964285714286,-0.1173723220631536,-46.63170633319887,0.0,0.0
rework,0.03,1005,350,150,150,0.0,0.07,0.9,8,2,0.0057142857142857,0.2679047298713761,0.2679047298713761,6.137142857142857,8,8,8,0,16,12,12,8,2,2,0,0,1,2,0.0909090909090909,4,1.5,112,97,37,67,75,7,30,4,8,6,2,0.1380597014925373,3.75,5,5,1.0,0.9987644787644788,4.625,14.0,8.375,150,0,0,150,1.0,1.0,1.0,1.0,0.0,0.0,10.0,1.0,1.0,1.0,1.0,0.0,75,75,30,120,0.65,0.7142857142857143,0.5,0.588235294117647,0.2,0.5,10.0,0.8,0.65,0.588235294117647,0.625,0.036764705882353,75,75,30,120,0.65,0.7142857142857143,0.5,0.588235294117647,0.2,0.5,10.0,0.8,0.65,0.588235294117647,0.625,0.036764705882353,1.0,0.9936356404136834,0.8975584900923305,1.0,0.9542857142857144,0.9995918367346938,0.3844369169964921,4.0,50.0,5.0,71.42857142857143,2.0,,2.0,100.0,0.16666666666666674,12.500000000000005,0.0,0.0,0.0,0.0,0.0,0.0,-1.541666666666667,-25.000000000000007,-4.666666666666668,-25.000000000000007,-0.1136409787795715,-45.14925373134328,0.0,0.0
rework,0.03,1005,350,150,150,0.0,0.07,0.95,8,2,0.0057142857142857,0.2679047298713761,0.2679047298713761,6.137142857142857,8,8,8,0,16,12,12,8,2,2,0,0,1,2,0.0909090909090909,4,1.5,112,97,37,67,75,7,30,4,8,6,2,0.1380597014925373,3.75,5,5,1.0,0.9987644787644788,4.625,14.0,8.375,150,0,0,150,1.0,1.0,1.0,1.0,0.0,0.0,10.0,1.0,1.0,1.0,1.0,0.0,75,75,30,120,0.65,0.7142857142857143,0.5,0.588235294117647,0.2,0.5,10.0,0.8,0.65,0.588235294117647,0.625,0.036764705882353,75,75,30,120,0.65,0.7142857142857143,0.5,0.588235294117647,0.2,0.5,10.0,0.8,0.65,0.588235294117647,0.625,0.036764705882353,1.0,0.9936356404136834,0.8975584900923305,1.0,0.9542857142857144,0.9995918367346938,0.284077916003298,4.0,50.0,5.0,71.42857142857143,2.0,,2.0,100.0,0.16666666666666674,12.500000000000005,0.0,0.0,0.0,0.0,0.0,0.0,-1.541666666666667,-25.000000000000007,-4.666666666666668,-25.000000000000007,-0.1136409787795715,-45.14925373134328,0.0,0.0
rework,0.03,1005,350,150,150,0.0,0.07,0.99,8,2,0.0057142857142857,0.2679047298713761,0.2679047298713761,6.137142857142857,8,8,8,0,16,12,12,8,2,2,0,0,1,2,0.0909090909090909,4,1.5,111,96,36,66,75,6,30,4,8,6,2,0.1343283582089552,3.75,5,5,1.0,1.0,4.5,13.875,8.25,150,0,0,150,1.0,1.0,1.0,1.0,0.0,0.0,10.0,1.0,1.0,1.0,1.0,0.0,150,0,60,90,0.8,0.7142857142857143,1.0,0.8333333333333333,0.4,0.0,10.0,0.6,0.8,0.8333333333333333,0.8695652173913044,0.0362318840579711,150,0,60,90,0.8,0.7142857142857143,1.0,0.8333333333333333,0.4,0.0,10.0,0.6,0.8,0.8333333333333333,0.8695652173913044,0.0362318840579711,1.0,0.9936356404136834,0.8975584900923305,1.0,1.0,1.0,0.3475794999976642,4.0,50.0,5.0,71.42857142857143,2.0,,2.0,100.0,0.16666666666666674,12.500000000000005,-1.0,-2.7027027027027026,-1.0,-1.4925373134328357,-1.0,-0.8928571428571428,-1.666666666666667,-27.027027027027028,-4.791666666666668,-25.66964285714286,-0.1173723220631536,-46.63170633319887,0.0,0.0
rework,0.03,1006,350,150,150,0.0,0.03,0.9,8,2,0.0057142857142857,0.1414405425418206,0.1414405425418206,6.06,8,8,8,0,16,12,12,8,2,2,0,0,1,2,0.0909090909090909,4,1.5,112,97,37,67,75,7,30,4,8,6,2,0.1380597014925373,3.75,5,5,1.0,0.9994594594594594,4.625,14.0,8.375,150,0,0,150,1.0,1.0,1.0,1.0,0.0,0.0,10.0,1.0,1.0,1.0,1.0,0.0,75,75,30,120,0.65,0.7142857142857143,0.5,0.588235294117647,0.2,0.5,10.0,0.8,0.65,0.588235294117647,0.625,0.036764705882353,75,75,30,120,0.65,0.7142857142857143,0.5,0.588235294117647,0.2,0.5,10.0,0.8,0.65,0.588235294117647,0.625,0.036764705882353,1.0,0.9971751412429378,0.8654855249583282,1.0,0.98,0.9998214285714284,0.568970749998698,4.0,50.0,5.0,71.42857142857143,2.0,,2.0,100.0,0.16666666666666674,12.500000000000005,0.0,0.0,0.0,0.0,0.0,0.0,-1.541666666666667,-25.000000000000007,-4.666666666666668,-25.000000000000007,-0.1136409787795715,-45.14925373134328,0.0,0.0
rework,0.03,1006,350,150,150,0.0,0.03,0.95,8,2,0.0057142857142857,0.1414405425418206,0.1414405425418206,6.06,8,8,8,0,16,12,12,8,2,2,0,0,1,2,0.0909090909090909,4,1.5,112,97,37,67,75,7,30,4,8,6,2,0.1380597014925373,3.75,5,5,1.0,0.9994594594594594,4.625,14.0,8.375,150,0,0,150,1.0,1.0,1.0,1.0,0.0,0.0,10.0,1.0,1.0,1.0,1.0,0.0,75,75,30,120,0.65,0.7142857142857143,0.5,0.588235294117647,0.2,0.5,10.0,0.8,0.65,0.588235294117647,0.625,0.036764705882353,75,75,30,120,0.65,0.7142857142857143,0.5,0.588235294117647,0.2,0.5,10.0,0.8,0.65,0.588235294117647,0.625,0.036764705882353,1.0,0.9971751412429378,0.8654855249583282,1.0,0.98,0.9998214285714284,0.5320852920121979,4.0,50.0,5.0,71.42857142857143,2.0,,2.0,100.0,0.16666666666666674,12.500000000000005,0.0,0.0,0.0,0.0,0.0,0.0,-1.541666666666667,-25.000000000000007,-4.666666666666668,-25.000000000000007,-0.1136409787795715,-45.14925373134328,0.0,0.0
rework,0.03,1006,350,150,150,0.0,0.03,0.99,8,2,0.0057142857142857,0.1414405425418206,0.1414405425418206,6.06,8,8,8,0,16,12,12,8,2,2,0,0,1,2,0.0909090909090909,4,1.5,111,96,36,66,75,6,30,4,8,6,2,0.1343283582089552,3.75,5,5,1.0,1.0,4.5,13.875,8.25,150,0,0,150,1.0,1.0,1.0,1.0,0.0,0.0,10.0,1.0,1.0,1.0,1.0,0.0,150,0,60,90,0.8,0.7142857142857143,1.0,0.8333333333333333,0.4,0.0,10.0,0.6,0.8,0.8333333333333333,0.8695652173913044,0.0362318840579711,150,0,60,90,0.8,0.7142857142857143,1.0,0.8333333333333333,0.4,0.0,10.0,0.6,0.8,0.8333333333333333,0.8695652173913044,0.0362318840579711,1.0,0.9971751412429378,0.8654855249583282,1.0,1.0,1.0,0.5053870829869993,4.0,50.0,5.0,71.42857142857143,2.0,,2.0,100.0,0.16666666666666674,12.500000000000005,-1.0,-2.7027027027027026,-1.0,-1.4925373134328357,-1.0,-0.8928571428571428,-1.666666666666667,-27.027027027027028,-4.791666666666668,-25.66964285714286,-0.1173723220631536,-46.63170633319887,0.0,0.0
rework,0.03,1006,350,150,150,0.0,0.05,0.9,8,2,0.0057142857142857,0.1414405425418206,0.1414405425418206,6.06,8,8,8,0,16,12,12,8,2,2,0,0,1,2,0.0909090909090909,4,1.5,112,97,37,67,75,7,30,4,8,6,2,0.1380597014925373,3.75,5,5,1.0,0.9994594594594594,4.625,14.0,8.375,150,0,0,150,1.0,1.0,1.0,1.0,0.0,0.0,10.0,1.0,1.0,1.0,1.0,0.0,75,75,30,120,0.65,0.7142857142857143,0.5,0.588235294117647,0.2,0.5,10.0,0.8,0.65,0.588235294117647,0.625,0.036764705882353,75,75,30,120,0.65,0.7142857142857143,0.5,0.588235294117647,0.2,0.5,10.0,0.8,0.65,0.588235294117647,0.625,0.036764705882353,1.0,0.9971751412429378,0.8654855249583282,1.0,0.98,0.9998214285714284,0.5444508750224486,4.0,50.0,5.0,71.42857142857143,2.0,,2.0,100.0,0.16666666666666674,12.500000000000005,0.0,0.0,0.0,0.0,0.0,0.0,-1.541666666666667,-25.000000000000007,-4.666666666666668,-25.000000000000007,-0.1136409787795715,-45.14925373134328,0.0,0.0
rework,0.03,1006,350,150,150,0.0,0.05,0.95,8,2,0.0057142857142857,0.1414405425418206,0.1414405425418206,6.06,8,8,8,0,16,12,12,8,2,2,0,0,1,2,0.0909090909090909,4,1.5,112,97,37,67,75,7,30,4,8,6,2,0.1380597014925373,3.75,5,5,1.0,0.9994594594594594,4.625,14.0,8.375,150,0,0,150,1.0,1.0,1.0,1.0,0.0,0.0,10.0,1.0,1.0,1.0,1.0,0.0,75,75,30,120,0.65,0.7142857142857143,0.5,0.588235294117647,0.2,0.5,10.0,0.8,0.65,0.588235294117647,0.625,0.036764705882353,75,75,30,120,0.65,0.7142857142857143,0.5,0.588235294117647,0.2,0.5,10.0,0.8,0.65,0.588235294117647,0.625,0.036764705882353,1.0,0.9971751412429378,0.8654855249583282,1.0,0.98,0.9998214285714284,0.4606924160034396,4.0,50.0,5.0,71.42857142857143,2.0,,2.0,100.0,0.16666666666666674,12.500000000000005,0.0,0.0,0.0,0.0,0.0,0.0,-1.541666666666667,-25.000000000000007,-4.666666666666668,-25.000000000000007,-0.1136409787795715,-45.14925373134328,0.0,0.0
rework,0.03,1006,350,150,150,0.0,0.05,0.99,8,2,0.0057142857142857,0.1414405425418206,0.1414405425418206,6.06,8,8,8,0,16,12,12,8,2,2,0,0,1,2,0.0909090909090909,4,1.5,111,96,36,66,75,6,30,4,8,6,2,0.1343283582089552,3.75,5,5,1.0,1.0,4.5,13.875,8.25,150,0,0,150,1.0,1.0,1.0,1.0,0.0,0.0,10.0,1.0,1.0,1.0,1.0,0.0,150,0,60,90,0.8,0.7142857142857143,1.0,0.8333333333333333,0.4,0.0,10.0,0.6,0.8,0.8333333333333333,0.8695652173913044,0.0362318840579711,150,0,60,90,0.8,0.7142857142857143,1.0,0.8333333333333333,0.4,0.0,10.0,0.6,0.8,0.8333333333333333,0.8695652173913044,0.0362318840579711,1.0,0.9971751412429378,0.8654855249583282,1.0,1.0,1.0,0.4784575830271933,4.0,50.0,5.0,71.42857142857143,2.0,,2.0,100.0,0.16666666666666674,12.500000000000005,-1.0,-2.7027027027027026,-1.0,-1.4925373134328357,-1.0,-0.8928571428571428,-1.666666666666667,-27.027027027027028,-4.791666666666668,-25.66964285714286,-0.1173723220631536,-46.63170633319887,0.0,0.0
rework,0.03,1006,350,150,150,0.0,0.07,0.9,8,2,0.0057142857142857,0.1414405425418206,0.1414405425418206,6.06,8,8,8,0,16,12,12,8,2,2,0,0,1,2,0.0909090909090909,4,1.5,112,97,37,67,75,7,30,4,8,6,2,0.1380597014925373,3.75,5,5,1.0,0.9994594594594594,4.625,14.0,8.375,150,0,0,150,1.0,1.0,1.0,1.0,0.0,0.0,10.0,1.0,1.0,1.0,1.0,0.0,75,75,30,120,0.65,0.7142857142857143,0.5,0.588235294117647,0.2,0.5,10.0,0.8,0.65,0.588235294117647,0.625,0.036764705882353,75,75,30,120,0.65,0.7142857142857143,0.5,0.588235294117647,0.2,0.5,10.0,0.8,0.65,0.588235294117647,0.625,0.036764705882353,1.0,0.9971751412429378,0.8654855249583282,1.0,0.98,0.9998214285714284,0.4049198339926079,4.0,50.0,5.0,71.42857142857143,2.0,,2.0,100.0,0.16666666666666674,12.500000000000005,0.0,0.0,0.0,0.0,0.0,0.0,-1.541666666666667,-25.000000000000007,-4.666666666666668,-25.000000000000007,-0.1136409787795715,-45.14925373134328,0.0,0.0
rework,0.03,1006,350,150,150,0.0,0.07,0.95,8,2,0.0057142857142857,0.1414405425418206,0.1414405425418206,6.06,8,8,8,0,16,12,12,8,2,2,0,0,1,2,0.0909090909090909,4,1.5,112,97,37,67,75,7,30,4,8,6,2,0.1380597014925373,3.75,5,5,1.0,0.9994594594594594,4.625,14.0,8.375,150,0,0,150,1.0,1.0,1.0,1.0,0.0,0.0,10.0,1.0,1.0,1.0,1.0,0.0,75,75,30,120,0.65,0.7142857142857143,0.5,0.588235294117647,0.2,0.5,10.0,0.8,0.65,0.588235294117647,0.625,0.036764705882353,75,75,30,120,0.65,0.7142857142857143,0.5,0.588235294117647,0.2,0.5,10.0,0.8,0.65,0.588235294117647,0.625,0.036764705882353,1.0,0.9971751412429378,0.8654855249583282,1.0,0.98,0.9998214285714284,0.3551209160068538,4.0,50.0,5.0,71.42857142857143,2.0,,2.0,100.0,0.16666666666666674,12.500000000000005,0.0,0.0,0.0,0.0,0.0,0.0,-1.541666666666667,-25.000000000000007,-4.666666666666668,-25.000000000000007,-0.1136409787795715,-45.14925373134328,0.0,0.0
rework,0.03,1006,350,150,150,0.0,0.07,0.99,8,2,0.0057142857142857,0.1414405425418206,0.1414405425418206,6.06,8,8,8,0,16,12,12,8,2,2,0,0,1,2,0.0909090909090909,4,1.5,111,96,36,66,75,6,30,4,8,6,2,0.1343283582089552,3.75,5,5,1.0,1.0,4.5,13.875,8.25,150,0,0,150,1.0,1.0,1.0,1.0,0.0,0.0,10.0,1.0,1.0,1.0,1.0,0.0,150,0,60,90,0.8,0.7142857142857143,1.0,0.8333333333333333,0.4,0.0,10.0,0.6,0.8,0.8333333333333333,0.8695652173913044,0.0362318840579711,150,0,60,90,0.8,0.7142857142857143,1.0,0.8333333333333333,0.4,0.0,10.0,0.6,0.8,0.8333333333333333,0.8695652173913044,0.0362318840579711,1.0,0.9971751412429378,0.8654855249583282,1.0,1.0,1.0,0.3248459589958656,4.0,50.0,5.0,71.42857142857143,2.0,,2.0,100.0,0.16666666666666674,12.500000000000005,-1.0,-2.7027027027027026,-1.0,-1.4925373134328357,-1.0,-0.8928571428571428,-1.666666666666667,-27.027027027027028,-4.791666666666668,-25.66964285714286,-0.1173723220631536,-46.63170633319887,0.0,0.0
rework,0.03,1007,350,150,150,0.0,0.03,0.9,8,2,0.0057142857142857,0.2154488276265225,0.2154488276265225,6.102857142857143,8,8,8,0,16,12,12,8,2,2,0,0,1,2,0.0909090909090909,4,1.5,145,129,65,97,80,7,58,7,8,8,0,0.2425373134328358,7.0,7,14,0.584,0.9994725274725276,8.125,18.125,12.125,150,0,0,150,1.0,1.0,1.0,1.0,0.0,0.0,10.0,1.0,1.0,1.0,1.0,0.0,75,75,0,150,0.75,1.0,0.5,0.6666666666666666,0.0,0.5,10.0,1.0,0.75,0.6666666666666666,0.6666666666666666,0.0,75,75,0,150,0.75,1.0,0.5,0.6666666666666666,0.0,0.5,10.0,1.0,0.75,0.6666666666666666,0.6666666666666666,0.0,1.0,0.9951961569255404,0.8878537069718982,1.0,0.9657142857142856,0.9997635467980296,0.3393507500004489,4.0,50.0,5.0,71.42857142857143,2.0,,2.0,100.0,0.16666666666666674,12.500000000000005,28.0,75.67567567567568,30.0,44.776119402985074,33.0,29.464285714285715,1.958333333333333,31.756756756756747,-0.5416666666666679,-2.90178571428572,-0.00916336683927299,-3.640580879386838,3.0,75.0
rework,0.03,1007,350,150,150,0.0,0.03,0.95,8,2,0.0057142857142857,0.2154488276265225,0.2154488276265225,6.102857142857143,8,8,8,0,16,12,12,8,2,2,0,0,1,2,0.0909090909090909,4,1.5,145,129,65,97,80,7,58,7,8,8,0,0.2425373134328358,7.0,7,14,0.584,0.9994725274725276,8.125,18.125,12.125,150,0,0,150,1.0,1.0,1.0,1.0,0.0,0.0,10.0,1.0,1.0,1.0,1.0,0.0,75,75,0,150,0.75,1.0,0.5,0.6666666666666666,0.0,0.5,10.0,1.0,0.75,0.6666666666666666,0.6666666666666666,0.0,75,75,0,150,0.75,1.0,0.5,0.6666666666666666,0.0,0.5,10.0,1.0,0.75,0.6666666666666666,0.6666666666666666,0.0,1.0,0.9951961569255404,0.8878537069718982,1.0,0.9657142857142856,0.9997635467980296,0.3128815829986706,4.0,50.0,5.0,71.42857142857143,2.0,,2.0,100.0,0.16666666666666674,12.500000000000005,28.0,75.67567567567568,30.0,44.776119402985074,33.0,29.464285714285715,1.958333333333333,31.756756756756747,-0.5416666666666679,-2.90178571428572,-0.00916336683927299,-3.640580879386838,3.0,75.0
rework,0.03,1007,350,150,150,0.0,0.03,0.99,8,2,0.0057142857142857,0.2154488276265225,0.2154488276265225,6.102857142857143,8,8,8,0,16,12,12,8,2,2,0,0,1,2,0.0909090909090909,4,1.5,144,128,64,96,80,6,58,7,8,8,0,0.2388059701492537,7.0,7,14,0.5775,1.0,8.0,18.0,12.0,150,0,0,150,1.0,1.0,1.0,1.0,0.0,0.0,10.0,1.0,1.0,1.0,1.0,0.0,150,0,0,150,1.0,1.0,1.0,1.0,0.0,0.0,10.0,1.0,1.0,1.0,1.0,0.0,150,0,0,150,1.0,1.0,1.0,1.0,0.0,0.0,10.0,1.0,1.0,1.0,1.0,0.0,1.0,0.9951961569255404,0.8878537069718982,1.0,1.0,1.0,0.3587162910262123,4.0,50.0,5.0,71.42857142857143,2.0,,2.0,100.0,0.16666666666666674,12.500000000000005,27.0,72.97297297297297,29.0,43.28358208955223,32.0,28.57142857142857,1.833333333333333,29.729729729729726,-0.6666666666666679,-3.5714285714285774,-0.012894710122855091,-5.123033481242429,3.0,75.0
rework,0.03,1007,350,150,150,0.0,0.05,0.9,8,2,0.0057142857142857,0.2154488276265225,0.2154488276265225,6.102857142857143,8,8,8,0,16,12,12,8,2,2,0,0,1,2,0.0909090909090909,4,1.5,112,97,37,67,75,7,30,4,8,6,2,0.1380597014925373,3.75,5,5,1.0,0.999073359073359,4.625,14.0,8.375,150,0,0,150,1.0,1.0,1.0,1.0,0.0,0.0,10.0,1.0,1.0,1.0,1.0,0.0,75,75,30,120,0.65,0.7142857142857143,0.5,0.588235294117647,0.2,0.5,10.0,0.8,0.65,0.588235294117647,0.625,0.036764705882353,75,75,30,120,0.65,0.7142857142857143,0.5,0.588235294117647,0.2,0.5,10.0,0.8,0.65,0.588235294117647,0.625,0.036764705882353,1.0,0.9951961569255404,0.8878537069718982,1.0,0.9657142857142856,0.9996938775510203,0.3249560409749392,4.0,50.0,5.0,71.42857142857143,2.0,,2.0,100.0,0.16666666666666674,12.500000000000005,0.0,0.0,0.0,0.0,0.0,0.0,-1.541666666666667,-25.000000000000007,-4.666666666666668,-25.000000000000007,-0.1136409787795715,-45.14925373134328,0.0,0.0
rework,0.03,1007,350,150,150,0.0,0.05,0.95,8,2,0.0057142857142857,0.2154488276265225,0.2154488276265225,6.102857142857143,8,8,8,0,16,12,12,8,2,2,0,0,1,2,0.0909090909090909,4,1.5,112,97,37,67,75,7,30,4,8,6,2,0.1380597014925373,3.75,5,5,1.0,0.999073359073359,4.625,14.0,8.375,150,0,0,150,1.0,1.0,1.0,1.0,0.0,0.0,10.0,1.0,1.0,1.0,1.0,0.0,75,75,30,120,0.65,0.7142857142857143,0.5,0.588235294117647,0.2,0.5,10.0,0.8,0.65,0.588235294117647,0.625,0.036764705882353,75,75,30,120,0.65,0.7142857142857143,0.5,0.588235294117647,0.2,0.5,10.0,0.8,0.65,0.588235294117647,0.625,0.036764705882353,1.0,0.9951961569255404,0.8878537069718982,1.0,0.9657142857142856,0.9996938775510203,0.3124472079798579,4.0,50.0,5.0,71.42857142857143,2.0,,2.0,100.0,0.16666666666666674,12.500000000000005,0.0,0.0,0.0,0.0,0.0,0.0,-1.541666666666667,-25.000000000000007,-4.666666666666668,-25.000000000000007,-0.1136409787795715,-45.14925373134328,0.0,0.0
rework,0.03,1007,350,150,150,0.0,0.05,0.99,8,2,0.0057142857142857,0.2154488276265225,0.2154488276265225,6.102857142857143,8,8,8,0,16,12,12,8,2,2,0,0,1,2,0.0909090909090909,4,1.5,111,96,36,66,75,6,30,4,8,6,2,0.1343283582089552,3.75,5,5,1.0,1.0,4.5,13.875,8.25,150,0,0,150,1.0,1.0,1.0,1.0,0.0,0.0,10.0,1.0,1.0,1.0,1.0,0.0,150,0,60,90,0.8,0.7142857142857143,1.0,0.8333333333333333,0.4,0.0,10.0,0.6,0.8,0.8333333333333333,0.8695652173913044,0.0362318840579711,150,0,60,90,0.8,0.7142857142857143,1.0,0.8333333333333333,0.4,0.0,10.0,0.6,0.8,0.8333333333333333,0.8695652173913044,0.0362318840579711,1.0,0.9951961569255404,0.8878537069718982,1.0,1.0,1.0,0.3162838749994989,4.0,50.0,5.0,71.42857142857143,2.0,,2.0,100.0,0.16666666666666674,12.500000000000005,-1.0,-2.7027027027027026,-1.0,-1.4925373134328357,-1.0,-0.8928571428571428,-1.666666666666667,-27.027027027027028,-4.791666666666668,-25.66964285714286,-0.1173723220631536,-46.63170633319887,0.0,0.0
rework,0.03,1007,350,150,150,0.0,0.07,0.9,8,2,0.0057142857142857,0.2154488276265225,0.2154488276265225,6.102857142857143,8,8,8,0,16,12,12,8,2,2,0,0,1,2,0.0909090909090909,4,1.5,112,97,37,67,75,7,30,4,8,6,2,0.1380597014925373,3.75,5,5,1.0,0.999073359073359,4.625,14.0,8.375,150,0,0,150,1.0,1.0,1.0,1.0,0.0,0.0,10.0,1.0,1.0,1.0,1.0,0.0,75,75,30,120,0.65,0.7142857142857143,0.5,0.588235294117647,0.2,0.5,10.0,0.8,0.65,0.588235294117647,0.625,0.036764705882353,75,75,30,120,0.65,0.7142857142857143,0.5,0.588235294117647,0.2,0.5,10.0,0.8,0.65,0.588235294117647,0.625,0.036764705882353,1.0,0.9951961569255404,0.8878537069718982,1.0,0.9657142857142856,0.9996938775510203,0.3104543749941513,4.0,50.0,5.0,71.42857142857143,2.0,,2.0,100.0,0.16666666666666674,12.500000000000005,0.0,0.0,0.0,0.0,0.0,0.0,-1.541666666666667,-25.000000000000007,-4.666666666666668,-25.000000000000007,-0.1136409787795715,-45.14925373134328,0.0,0.0
rework,0.03,1007,350,150,150,0.0,0.07,0.95,8,2,0.0057142857142857,0.2154488276265225,0.2154488276265225,6.102857142857143,8,8,8,0,16,12,12,8,2,2,0,0,1,2,0.0909090909090909,4,1.5,112,97,37,67,75,7,30,4,8,6,2,0.1380597014925373,3.75,5,5,1.0,0.999073359073359,4.625,14.0,8.375,150,0,0,150,1.0,1.0,1.0,1.0,0.0,0.0,10.0,1.0,1.0,1.0,1.0,0.0,75,75,30,120,0.65,0.7142857142857143,0.5,0.588235294117647,0.2,0.5,10.0,0.8,0.65,0.588235294117647,0.625,0.036764705882353,75,75,30,120,0.65,0.7142857142857143,0.5,0.588235294117647,0.2,0.5,10.0,0.8,0.65,0.588235294117647,0.625,0.036764705882353,1.0,0.9951961569255404,0.8878537069718982,1.0,0.9657142857142856,0.9996938775510203,0.2798932919977233,4.0,50.0,5.0,71.42857142857143,2.0,,2.0,100.0,0.16666666666666674,12.500000000000005,0.0,0.0,0.0,0.0,0.0,0.0,-1.541666666666667,-25.000000000000007,-4.666666666666668,-25.000000000000007,-0.1136409787795715,-45.14925373134328,0.0,0.0
rework,0.03,1007,350,150,150,0.0,0.07,0.99,8,2,0.0057142857142857,0.2154488276265225,0.2154488276265225,6.102857142857143,8,8,8,0,16,12,12,8,2,2,0,0,1,2,0.0909090909090909,4,1.5,111,96,36,66,75,6,30,4,8,6,2,0.1343283582089552,3.75,5,5,1.0,1.0,4.5,13.875,8.25,150,0,0,150,1.0,1.0,1.0,1.0,0.0,0.0,10.0,1.0,1.0,1.0,1.0,0.0,150,0,60,90,0.8,0.7142857142857143,1.0,0.8333333333333333,0.4,0.0,10.0,0.6,0.8,0.8333333333333333,0.8695652173913044,0.0362318840579711,150,0,60,90,0.8,0.7142857142857143,1.0,0.8333333333333333,0.4,0.0,10.0,0.6,0.8,0.8333333333333333,0.8695652173913044,0.0362318840579711,1.0,0.9951961569255404,0.8878537069718982,1.0,1.0,1.0,0.3047324169892818,4.0,50.0,5.0,71.42857142857143,2.0,,2.0,100.0,0.16666666666666674,12.500000000000005,-1.0,-2.7027027027027026,-1.0,-1.4925373134328357,-1.0,-0.8928571428571428,-1.666666666666667,-27.027027027027028,-4.791666666666668,-25.66964285714286,-0.1173723220631536,-46.63170633319887,0.0,0.0
rework,0.03,1008,350,150,150,0.0,0.03,0.9,8,2,0.0057142857142857,0.1250829671984755,0.1250829671984755,6.051428571428572,8,8,8,0,16,12,12,8,2,2,0,0,1,2,0.0909090909090909,4,1.5,112,97,37,67,75,7,30,4,8,6,2,0.1380597014925373,3.75,5,5,1.0,0.9995366795366796,4.625,14.0,8.375,150,0,0,150,1.0,1.0,1.0,1.0,0.0,0.0,10.0,1.0,1.0,1.0,1.0,0.0,75,75,30,120,0.65,0.7142857142857143,0.5,0.588235294117647,0.2,0.5,10.0,0.8,0.65,0.588235294117647,0.625,0.036764705882353,75,75,30,120,0.65,0.7142857142857143,0.5,0.588235294117647,0.2,0.5,10.0,0.8,0.65,0.588235294117647,0.625,0.036764705882353,1.0,0.9975747776879548,0.8579052853949414,1.0,0.9828571428571428,0.99984693877551,0.2866780000040307,4.0,50.0,5.0,71.42857142857143,2.0,,2.0,100.0,0.16666666666666674,12.500000000000005,0.0,0.0,0.0,0.0,0.0,0.0,-1.541666666666667,-25.000000000000007,-4.666666666666668,-25.000000000000007,-0.1136409787795715,-45.14925373134328,0.0,0.0
rework,0.03,1008,350,150,150,0.0,0.03,0.95,8,2,0.0057142857142857,0.1250829671984755,0.1250829671984755,6.051428571428572,8,8,8,0,16,12,12,8,2,2,0,0,1,2,0.0909090909090909,4,1.5,112,97,37,67,75,7,30,4,8,6,2,0.1380597014925373,3.75,5,5,1.0,0.9995366795366796,4.625,14.0,8.375,150,0,0,150,1.0,1.0,1.0,1.0,0.0,0.0,10.0,1.0,1.0,1.0,1.0,0.0,75,75,30,120,0.65,0.7142857142857143,0.5,0.588235294117647,0.2,0.5,10.0,0.8,0.65,0.588235294117647,0.625,0.036764705882353,75,75,30,120,0.65,0.7142857142857143,0.5,0.588235294117647,0.2,0.5,10.0,0.8,0.65,0.588235294117647,0.625,0.036764705882353,1.0,0.9975747776879548,0.8579052853949414,1.0,0.9828571428571428,0.99984693877551,0.2620010829996317,4.0,50.0,5.0,71.42857142857143,2.0,,2.0,100.0,0.16666666666666674,12.500000000000005,0.0,0.0,0.0,0.0,0.0,0.0,-1.541666666666667,-25.000000000000007,-4.666666666666668,-25.000000000000007,-0.1136409787795715,-45.14925373134328,0.0,0.0
rework,0.03,1008,350,150,150,0.0,0.03,0.99,8,2,0.0057142857142857,0.1250829671984755,0.1250829671984755,6.051428571428572,8,8,8,0,16,12,12,8,2,2,0,0,1,2,0.0909090909090909,4,1.5,111,96,36,66,75,6,30,4,8,6,2,0.1343283582089552,3.75,5,5,1.0,1.0,4.5,13.875,8.25,150,0,0,150,1.0,1.0,1.0,1.0,0.0,0.0,10.0,1.0,1.0,1.0,1.0,0.0,150,0,60,90,0.8,0.7142857142857143,1.0,0.8333333333333333,0.4,0.0,10.0,0.6,0.8,0.8333333333333333,0.8695652173913044,0.0362318840579711,150,0,60,90,0.8,0.7142857142857143,1.0,0.8333333333333333,0.4,0.0,10.0,0.6,0.8,0.8333333333333333,0.8695652173913044,0.0362318840579711,1.0,0.9975747776879548,0.8579052853949414,1.0,1.0,1.0,0.3195170830003917,4.0,50.0,5.0,71.42857142857143,2.0,,2.0,100.0,0.16666666666666674,12.500000000000005,-1.0,-2.7027027027027026,-1.0,-1.4925373134328357,-1.0,-0.8928571428571428,-1.666666666666667,-27.027027027027028,-4.791666666666668,-25.66964285714286,-0.1173723220631536,-46.63170633319887,0.0,0.0
rework,0.03,1008,350,150,150,0.0,0.05,0.9,8,2,0.0057142857142857,0.1250829671984755,0.1250829671984755,6.051428571428572,8,8,8,0,16,12,12,8,2,2,0,0,1,2,0.0909090909090909,4,1.5,112,97,37,67,75,7,30,4,8,6,2,0.1380597014925373,3.75,5,5,1.0,0.9995366795366796,4.625,14.0,8.375,150,0,0,150,1.0,1.0,1.0,1.0,0.0,0.0,10.0,1.0,1.0,1.0,1.0,0.0,75,75,30,120,0.65,0.7142857142857143,0.5,0.588235294117647,0.2,0.5,10.0,0.8,0.65,0.588235294117647,0.625,0.036764705882353,75,75,30,120,0.65,0.7142857142857143,0.5,0.588235294117647,0.2,0.5,10.0,0.8,0.65,0.588235294117647,0.625,0.036764705882353,1.0,0.9975747776879548,0.8579052853949414,1.0,0.9828571428571428,0.99984693877551,0.3251779160054866,4.0,50.0,5.0,71.42857142857143,2.0,,2.0,100.0,0.16666666666666674,12.500000000000005,0.0,0.0,0.0,0.0,0.0,0.0,-1.541666666666667,-25.000000000000007,-4.666666666666668,-25.000000000000007,-0.1136409787795715,-45.14925373134328,0.0,0.0
rework,0.03,1008,350,150,150,0.0,0.05,0.95,8,2,0.0057142857142857,0.1250829671984755,0.1250829671984755,6.051428571428572,8,8,8,0,16,12,12,8,2,2,0,0,1,2,0.0909090909090909,4,1.5,112,97,37,67,75,7,30,4,8,6,2,0.1380597014925373,3.75,5,5,1.0,0.9995366795366796,4.625,14.0,8.375,150,0,0,150,1.0,1.0,1.0,1.0,0.0,0.0,10.0,1.0,1.0,1.0,1.0,0.0,75,75,30,120,0.65,0.7142857142857143,0.5,0.588235294117647,0.2,0.5,10.0,0.8,0.65,0.588235294117647,0.625,0.036764705882353,75,75,30,120,0.65,0.7142857142857143,0.5,0.588235294117647,0.2,0.5,10.0,0.8,0.65,0.588235294117647,0.625,0.036764705882353,1.0,0.9975747776879548,0.8579052853949414,1.0,0.9828571428571428,0.99984693877551,0.2895520410093013,4.0,50.0,5.0,71.42857142857143,2.0,,2.0,100.0,0.16666666666666674,12.500000000000005,0.0,0.0,0.0,0.0,0.0,0.0,-1.541666666666667,-25.000000000000007,-4.666666666666668,-25.000000000000007,-0.1136409787795715,-45.14925373134328,0.0,0.0
rework,0.03,1008,350,150,150,0.0,0.05,0.99,8,2,0.0057142857142857,0.1250829671984755,0.1250829671984755,6.051428571428572,8,8,8,0,16,12,12,8,2,2,0,0,1,2,0.0909090909090909,4,1.5,111,96,36,66,75,6,30,4,8,6,2,0.1343283582089552,3.75,5,5,1.0,1.0,4.5,13.875,8.25,150,0,0,150,1.0,1.0,1.0,1.0,0.0,0.0,10.0,1.0,1.0,1.0,1.0,0.0,150,0,60,90,0.8,0.7142857142857143,1.0,0.8333333333333333,0.4,0.0,10.0,0.6,0.8,0.8333333333333333,0.8695652173913044,0.0362318840579711,150,0,60,90,0.8,0.7142857142857143,1.0,0.8333333333333333,0.4,0.0,10.0,0.6,0.8,0.8333333333333333,0.8695652173913044,0.0362318840579711,1.0,0.9975747776879548,0.8579052853949414,1.0,1.0,1.0,0.2721249159949366,4.0,50.0,5.0,71.42857142857143,2.0,,2.0,100.0,0.16666666666666674,12.500000000000005,-1.0,-2.7027027027027026,-1.0,-1.4925373134328357,-1.0,-0.8928571428571428,-1.666666666666667,-27.027027027027028,-4.791666666666668,-25.66964285714286,-0.1173723220631536,-46.63170633319887,0.0,0.0
rework,0.03,1008,350,150,150,0.0,0.07,0.9,8,2,0.0057142857142857,0.1250829671984755,0.1250829671984755,6.051428571428572,8,8,8,0,16,12,12,8,2,2,0,0,1,2,0.0909090909090909,4,1.5,112,97,37,67,75,7,30,4,8,6,2,0.1380597014925373,3.75,5,5,1.0,0.9995366795366796,4.625,14.0,8.375,150,0,0,150,1.0,1.0,1.0,1.0,0.0,0.0,10.0,1.0,1.0,1.0,1.0,0.0,75,75,30,120,0.65,0.7142857142857143,0.5,0.588235294117647,0.2,0.5,10.0,0.8,0.65,0.588235294117647,0.625,0.036764705882353,75,75,30,120,0.65,0.7142857142857143,0.5,0.588235294117647,0.2,0.5,10.0,0.8,0.65,0.588235294117647,0.625,0.036764705882353,1.0,0.9975747776879548,0.8579052853949414,1.0,0.9828571428571428,0.99984693877551,0.2805830420111306,4.0,50.0,5.0,71.42857142857143,2.0,,2.0,100.0,0.16666666666666674,12.500000000000005,0.0,0.0,0.0,0.0,0.0,0.0,-1.541666666666667,-25.000000000000007,-4.666666666666668,-25.000000000000007,-0.1136409787795715,-45.14925373134328,0.0,0.0
rework,0.03,1008,350,150,150,0.0,0.07,0.95,8,2,0.0057142857142857,0.1250829671984755,0.1250829671984755,6.051428571428572,8,8,8,0,16,12,12,8,2,2,0,0,1,2,0.0909090909090909,4,1.5,112,97,37,67,75,7,30,4,8,6,2,0.1380597014925373,3.75,5,5,1.0,0.9995366795366796,4.625,14.0,8.375,150,0,0,150,1.0,1.0,1.0,1.0,0.0,0.0,10.0,1.0,1.0,1.0,1.0,0.0,75,75,30,120,0.65,0.7142857142857143,0.5,0.588235294117647,0.2,0.5,10.0,0.8,0.65,0.588235294117647,0.625,0.036764705882353,75,75,30,120,0.65,0.7142857142857143,0.5,0.588235294117647,0.2,0.5,10.0,0.8,0.65,0.588235294117647,0.625,0.036764705882353,1.0,0.9975747776879548,0.8579052853949414,1.0,0.9828571428571428,0.99984693877551,0.2409211249905638,4.0,50.0,5.0,71.42857142857143,2.0,,2.0,100.0,0.16666666666666674,12.500000000000005,0.0,0.0,0.0,0.0,0.0,0.0,-1.541666666666667,-25.000000000000007,-4.666666666666668,-25.000000000000007,-0.1136409787795715,-45.14925373134328,0.0,0.0
rework,0.03,1008,350,150,150,0.0,0.07,0.99,8,2,0.0057142857142857,0.1250829671984755,0.1250829671984755,6.051428571428572,8,8,8,0,16,12,12,8,2,2,0,0,1,2,0.0909090909090909,4,1.5,111,96,36,66,75,6,30,4,8,6,2,0.1343283582089552,3.75,5,5,1.0,1.0,4.5,13.875,8.25,150,0,0,150,1.0,1.0,1.0,1.0,0.0,0.0,10.0,1.0,1.0,1.0,1.0,0.0,150,0,60,90,0.8,0.7142857142857143,1.0,0.8333333333333333,0.4,0.0,10.0,0.6,0.8,0.8333333333333333,0.8695652173913044,0.0362318840579711,150,0,60,90,0.8,0.7142857142857143,1.0,0.8333333333333333,0.4,0.0,10.0,0.6,0.8,0.8333333333333333,0.8695652173913044,0.0362318840579711,1.0,0.9975747776879548,0.8579052853949414,1.0,1.0,1.0,0.2668444169976283,4.0,50.0,5.0,71.42857142857143,2.0,,2.0,100.0,0.16666666666666674,12.500000000000005,-1.0,-2.7027027027027026,-1.0,-1.4925373134328357,-1.0,-0.8928571428571428,-1.666666666666667,-27.027027027027028,-4.791666666666668,-25.66964285714286,-0.1173723220631536,-46.63170633319887,0.0,0.0
rework,0.03,1009,350,150,150,0.0,0.03,0.9,8,2,0.0057142857142857,0.1871762568732081,0.1871762568732081,6.085714285714285,8,8,8,0,16,12,12,8,2,2,0,0,1,2,0.0909090909090909,4,1.5,112,97,37,67,75,7,30,4,8,6,2,0.1380597014925373,3.75,5,5,1.0,0.9992277992277993,4.625,14.0,8.375,150,0,0,150,1.0,1.0,1.0,1.0,0.0,0.0,10.0,1.0,1.0,1.0,1.0,0.0,75,75,30,120,0.65,0.7142857142857143,0.5,0.588235294117647,0.2,0.5,10.0,0.8,0.65,0.588235294117647,0.625,0.036764705882353,75,75,30,120,0.65,0.7142857142857143,0.5,0.588235294117647,0.2,0.5,10.0,0.8,0.65,0.588235294117647,0.625,0.036764705882353,1.0,0.9959839357429718,0.8809473247980534,1.0,0.9714285714285714,0.9997448979591836,0.2738755419850349,4.0,50.0,5.0,71.42857142857143,2.0,,2.0,100.0,0.16666666666666674,12.500000000000005,0.0,0.0,0.0,0.0,0.0,0.0,-1.541666666666667,-25.000000000000007,-4.666666666666668,-25.000000000000007,-0.1136409787795715,-45.14925373134328,0.0,0.0
rework,0.03,1009,350,150,150,0.0,0.03,0.95,8,2,0.0057142857142857,0.1871762568732081,0.1871762568732081,6.085714285714285,8,8,8,0,16,12,12,8,2,2,0,0,1,2,0.0909090909090909,4,1.5,112,97,37,67,75,7,30,4,8,6,2,0.1380597014925373,3.75,5,5,1.0,0.9992277992277993,4.625,14.0,8.375,150,0,0,150,1.0,1.0,1.0,1.0,0.0,0.0,10.0,1.0,1.0,1.0,1.0,0.0,75,75,30,120,0.65,0.7142857142857143,0.5,0.588235294117647,0.2,0.5,10.0,0.8,0.65,0.588235294117647,0.625,0.036764705882353,75,75,30,120,0.65,0.7142857142857143,0.5,0.588235294117647,0.2,0.5,10.0,0.8,0.65,0.588235294117647,0.625,0.036764705882353,1.0,0.9959839357429718,0.8809473247980534,1.0,0.9714285714285714,0.9997448979591836,0.2477516250219196,4.0,50.0,5.0,71.42857142857143,2.0,,2.0,100.0,0.16666666666666674,12.500000000000005,0.0,0.0,0.0,0.0,0.0,0.0,-1.541666666666667,-25.000000000000007,-4.666666666666668,-25.000000000000007,-0.1136409787795715,-45.14925373134328,0.0,0.0
rework,0.03,1009,350,150,150,0.0,0.03,0.99,8,2,0.0057142857142857,0.1871762568732081,0.1871762568732081,6.085714285714285,8,8,8,0,16,12,12,8,2,2,0,0,1,2,0.0909090909090909,4,1.5,111,96,36,66,75,6,30,4,8,6,2,0.1343283582089552,3.75,5,5,1.0,1.0,4.5,13.875,8.25,150,0,0,150,1.0,1.0,1.0,1.0,0.0,0.0,10.0,1.0,1.0,1.0,1.0,0.0,150,0,60,90,0.8,0.7142857142857143,1.0,0.8333333333333333,0.4,0.0,10.0,0.6,0.8,0.8333333333333333,0.8695652173913044,0.0362318840579711,150,0,60,90,0.8,0.7142857142857143,1.0,0.8333333333333333,0.4,0.0,10.0,0.6,0.8,0.8333333333333333,0.8695652173913044,0.0362318840579711,1.0,0.9959839357429718,0.8809473247980534,1.0,1.0,1.0,0.257237209007144,4.0,50.0,5.0,71.42857142857143,2.0,,2.0,100.0,0.16666666666666674,12.500000000000005,-1.0,-2.7027027027027026,-1.0,-1.4925373134328357,-1.0,-0.8928571428571428,-1.666666666666667,-27.027027027027028,-4.791666666666668,-25.66964285714286,-0.1173723220631536,-46.63170633319887,0.0,0.0
rework,0.03,1009,350,150,150,0.0,0.05,0.9,8,2,0.0057142857142857,0.1871762568732081,0.1871762568732081,6.085714285714285,8,8,8,0,16,12,12,8,2,2,0,0,1,2,0.0909090909090909,4,1.5,112,97,37,67,75,7,30,4,8,6,2,0.1380597014925373,3.75,5,5,1.0,0.9992277992277993,4.625,14.0,8.375,150,0,0,150,1.0,1.0,1.0,1.0,0.0,0.0,10.0,1.0,1.0,1.0,1.0,0.0,75,75,30,120,0.65,0.7142857142857143,0.5,0.588235294117647,0.2,0.5,10.0,0.8,0.65,0.588235294117647,0.625,0.036764705882353,75,75,30,120,0.65,0.7142857142857143,0.5,0.588235294117647,0.2,0.5,10.0,0.8,0.65,0.588235294117647,0.625,0.036764705882353,1.0,0.9959839357429718,0.8809473247980534,1.0,0.9714285714285714,0.9997448979591836,0.3429352090170141,4.0,50.0,5.0,71.42857142857143,2.0,,2.0,100.0,0.16666666666666674,12.500000000000005,0.0,0.0,0.0,0.0,0.0,0.0,-1.541666666666667,-25.000000000000007,-4.666666666666668,-25.000000000000007,-0.1136409787795715,-45.14925373134328,0.0,0.0
rework,0.03,1009,350,150,150,0.0,0.05,0.95,8,2,0.0057142857142857,0.1871762568732081,0.1871762568732081,6.085714285714285,8,8,8,0,16,12,12,8,2,2,0,0,1,2,0.0909090909090909,4,1.5,112,97,37,67,75,7,30,4,8,6,2,0.1380597014925373,3.75,5,5,1.0,0.9992277992277993,4.625,14.0,8.375,150,0,0,150,1.0,1.0,1.0,1.0,0.0,0.0,10.0,1.0,1.0,1.0,1.0,0.0,75,75,30,120,0.65,0.7142857142857143,0.5,0.588235294117647,0.2,0.5,10.0,0.8,0.65,0.588235294117647,0.625,0.036764705882353,75,75,30,120,0.65,0.7142857142857143,0.5,0.588235294117647,0.2,0.5,10.0,0.8,0.65,0.588235294117647,0.625,0.036764705882353,1.0,0.9959839357429718,0.8809473247980534,1.0,0.9714285714285714,0.9997448979591836,0.2534870419767685,4.0,50.0,5.0,71.42857142857143,2.0,,2.0,100.0,0.16666666666666674,12.500000000000005,0.0,0.0,0.0,0.0,0.0,0.0,-1.541666666666667,-25.000000000000007,-4.666666666666668,-25.000000000000007,-0.1136409787795715,-45.14925373134328,0.0,0.0
rework,0.03,1009,350,150,150,0.0,0.05,0.99,8,2,0.0057142857142857,0.1871762568732081,0.1871762568732081,6.085714285714285,8,8,8,0,16,12,12,8,2,2,0,0,1,2,0.0909090909090909,4,1.5,111,96,36,66,75,6,30,4,8,6,2,0.1343283582089552,3.75,5,5,1.0,1.0,4.5,13.875,8.25,150,0,0,150,1.0,1.0,1.0,1.0,0.0,0.0,10.0,1.0,1.0,1.0,1.0,0.0,150,0,60,90,0.8,0.7142857142857143,1.0,0.8333333333333333,0.4,0.0,10.0,0.6,0.8,0.8333333333333333,0.8695652173913044,0.0362318840579711,150,0,60,90,0.8,0.7142857142857143,1.0,0.8333333333333333,0.4,0.0,10.0,0.6,0.8,0.8333333333333333,0.8695652173913044,0.0362318840579711,1.0,0.9959839357429718,0.8809473247980534,1.0,1.0,1.0,0.321884000004502,4.0,50.0,5.0,71.42857142857143,2.0,,2.0,100.0,0.16666666666666674,12.500000000000005,-1.0,-2.7027027027027026,-1.0,-1.4925373134328357,-1.0,-0.8928571428571428,-1.666666666666667,-27.027027027027028,-4.791666666666668,-25.66964285714286,-0.1173723220631536,-46.63170633319887,0.0,0.0
rework,0.03,1009,350,150,150,0.0,0.07,0.9,8,2,0.0057142857142857,0.1871762568732081,0.1871762568732081,6.085714285714285,8,8,8,0,16,12,12,8,2,2,0,0,1,2,0.0909090909090909,4,1.5,112,97,37,67,75,7,30,4,8,6,2,0.1380597014925373,3.75,5,5,1.0,0.9992277992277993,4.625,14.0,8.375,150,0,0,150,1.0,1.0,1.0,1.0,0.0,0.0,10.0,1.0,1.0,1.0,1.0,0.0,75,75,30,120,0.65,0.7142857142857143,0.5,0.588235294117647,0.2,0.5,10.0,0.8,0.65,0.588235294117647,0.625,0.036764705882353,75,75,30,120,0.65,0.7142857142857143,0.5,0.588235294117647,0.2,0.5,10.0,0.8,0.65,0.588235294117647,0.625,0.036764705882353,1.0,0.9959839357429718,0.8809473247980534,1.0,0.9714285714285714,0.9997448979591836,0.3639768749999348,4.0,50.0,5.0,71.42857142857143,2.0,,2.0,100.0,0.16666666666666674,12.500000000000005,0.0,0.0,0.0,0.0,0.0,0.0,-1.541666666666667,-25.000000000000007,-4.666666666666668,-25.000000000000007,-0.1136409787795715,-45.14925373134328,0.0,0.0
rework,0.03,1009,350,150,150,0.0,0.07,0.95,8,2,0.0057142857142857,0.1871762568732081,0.1871762568732081,6.085714285714285,8,8,8,0,16,12,12,8,2,2,0,0,1,2,0.0909090909090909,4,1.5,112,97,37,67,75,7,30,4,8,6,2,0.1380597014925373,3.75,5,5,1.0,0.9992277992277993,4.625,14.0,8.375,150,0,0,150,1.0,1.0,1.0,1.0,0.0,0.0,10.0,1.0,1.0,1.0,1.0,0.0,75,75,30,120,0.65,0.7142857142857143,0.5,0.588235294117647,0.2,0.5,10.0,0.8,0.65,0.588235294117647,0.625,0.036764705882353,75,75,30,120,0.65,0.7142857142857143,0.5,0.588235294117647,0.2,0.5,10.0,0.8,0.65,0.588235294117647,0.625,0.036764705882353,1.0,0.9959839357429718,0.8809473247980534,1.0,0.9714285714285714,0.9997448979591836,0.2986632919928524,4.0,50.0,5.0,71.42857142857143,2.0,,2.0,100.0,0.16666666666666674,12.500000000000005,0.0,0.0,0.0,0.0,0.0,0.0,-1.541666666666667,-25.000000000000007,-4.666666666666668,-25.000000000000007,-0.1136409787795715,-45.14925373134328,0.0,0.0
rework,0.03,1009,350,150,150,0.0,0.07,0.99,8,2,0.0057142857142857,0.1871762568732081,0.1871762568732081,6.085714285714285,8,8,8,0,16,12,12,8,2,2,0,0,1,2,0.0909090909090909,4,1.5,111,96,36,66,75,6,30,4,8,6,2,0.1343283582089552,3.75,5,5,1.0,1.0,4.5,13.875,8.25,150,0,0,150,1.0,1.0,1.0,1.0,0.0,0.0,10.0,1.0,1.0,1.0,1.0,0.0,150,0,60,90,0.8,0.7142857142857143,1.0,0.8333333333333333,0.4,0.0,10.0,0.6,0.8,0.8333333333333333,0.8695652173913044,0.0362318840579711,150,0,60,90,0.8,0.7142857142857143,1.0,0.8333333333333333,0.4,0.0,10.0,0.6,0.8,0.8333333333333333,0.8695652173913044,0.0362318840579711,1.0,0.9959839357429718,0.8809473247980534,1.0,1.0,1.0,0.3007953749911394,4.0,50.0,5.0,71.42857142857143,2.0,,2.0,100.0,0.16666666666666674,12.500000000000005,-1.0,-2.7027027027027026,-1.0,-1.4925373134328357,-1.0,-0.8928571428571428,-1.666666666666667,-27.027027027027028,-4.791666666666668,-25.66964285714286,-0.1173723220631536,-46.63170633319887,0.0,0.0
rework,0.03,1010,350,150,150,0.0,0.03,0.9,8,2,0.0057142857142857,0.1571952258581087,0.1571952258581087,6.0685714285714285,8,8,8,0,16,12,12,8,2,2,0,0,1,2,0.0909090909090909,4,1.5,112,97,37,67,75,7,30,4,8,6,2,0.1380597014925373,3.75,5,5,1.0,0.9993822393822396,4.625,14.0,8.375,150,0,0,150,1.0,1.0,1.0,1.0,0.0,0.0,10.0,1.0,1.0,1.0,1.0,0.0,75,75,30,120,0.65,0.7142857142857143,0.5,0.588235294117647,0.2,0.5,10.0,0.8,0.65,0.588235294117647,0.625,0.036764705882353,75,75,30,120,0.65,0.7142857142857143,0.5,0.588235294117647,0.2,0.5,10.0,0.8,0.65,0.588235294117647,0.625,0.036764705882353,1.0,0.9967767929089444,0.8715975418303574,1.0,0.9771428571428572,0.9997959183673468,0.298415750003187,4.0,50.0,5.0,71.42857142857143,2.0,,2.0,100.0,0.16666666666666674,12.500000000000005,0.0,0.0,0.0,0.0,0.0,0.0,-1.541666666666667,-25.000000000000007,-4.666666666666668,-25.000000000000007,-0.1136409787795715,-45.14925373134328,0.0,0.0
rework,0.03,1010,350,150,150,0.0,0.03,0.95,8,2,0.0057142857142857,0.1571952258581087,0.1571952258581087,6.0685714285714285,8,8,8,0,16,12,12,8,2,2,0,0,1,2,0.0909090909090909,4,1.5,112,97,37,67,75,7,30,4,8,6,2,0.1380597014925373,3.75,5,5,1.0,0.9993822393822396,4.625,14.0,8.375,150,0,0,150,1.0,1.0,1.0,1.0,0.0,0.0,10.0,1.0,1.0,1.0,1.0,0.0,75,75,30,120,0.65,0.7142857142857143,0.5,0.588235294117647,0.2,0.5,10.0,0.8,0.65,0.588235294117647,0.625,0.036764705882353,75,75,30,120,0.65,0.7142857142857143,0.5,0.588235294117647,0.2,0.5,10.0,0.8,0.65,0.588235294117647,0.625,0.036764705882353,1.0,0.9967767929089444,0.8715975418303574,1.0,0.9771428571428572,0.9997959183673468,0.2422015409974847,4.0,50.0,5.0,71.42857142857143,2.0,,2.0,100.0,0.16666666666666674,12.500000000000005,0.0,0.0,0.0,0.0,0.0,0.0,-1.541666666666667,-25.000000000000007,-4.666666666666668,-25.000000000000007,-0.1136409787795715,-45.14925373134328,0.0,0.0
rework,0.03,1010,350,150,150,0.0,0.03,0.99,8,2,0.0057142857142857,0.1571952258581087,0.1571952258581087,6.0685714285714285,8,8,8,0,16,12,12,8,2,2,0,0,1,2,0.0909090909090909,4,1.5,111,96,36,66,75,6,30,4,8,6,2,0.1343283582089552,3.75,5,5,1.0,1.0,4.5,13.875,8.25,150,0,0,150,1.0,1.0,1.0,1.0,0.0,0.0,10.0,1.0,1.0,1.0,1.0,0.0,150,0,60,90,0.8,0.7142857142857143,1.0,0.8333333333333333,0.4,0.0,10.0,0.6,0.8,0.8333333333333333,0.8695652173913044,0.0362318840579711,150,0,60,90,0.8,0.7142857142857143,1.0,0.8333333333333333,0.4,0.0,10.0,0.6,0.8,0.8333333333333333,0.8695652173913044,0.0362318840579711,1.0,0.9967767929089444,0.8715975418303574,1.0,1.0,1.0,0.2652546669996809,4.0,50.0,5.0,71.42857142857143,2.0,,2.0,100.0,0.16666666666666674,12.500000000000005,-1.0,-2.7027027027027026,-1.0,-1.4925373134328357,-1.0,-0.8928571428571428,-1.666666666666667,-27.027027027027028,-4.791666666666668,-25.66964285714286,-0.1173723220631536,-46.63170633319887,0.0,0.0
rework,0.03,1010,350,150,150,0.0,0.05,0.9,8,2,0.0057142857142857,0.1571952258581087,0.1571952258581087,6.0685714285714285,8,8,8,0,16,12,12,8,2,2,0,0,1,2,0.0909090909090909,4,1.5,112,97,37,67,75,7,30,4,8,6,2,0.1380597014925373,3.75,5,5,1.0,0.9993822393822396,4.625,14.0,8.375,150,0,0,150,1.0,1.0,1.0,1.0,0.0,0.0,10.0,1.0,1.0,1.0,1.0,0.0,75,75,30,120,0.65,0.7142857142857143,0.5,0.588235294117647,0.2,0.5,10.0,0.8,0.65,0.588235294117647,0.625,0.036764705882353,75,75,30,120,0.65,0.7142857142857143,0.5,0.588235294117647,0.2,0.5,10.0,0.8,0.65,0.588235294117647,0.625,0.036764705882353,1.0,0.9967767929089444,0.8715975418303574,1.0,0.9771428571428572,0.9997959183673468,0.282926582993241,4.0,50.0,5.0,71.42857142857143,2.0,,2.0,100.0,0.16666666666666674,12.500000000000005,0.0,0.0,0.0,0.0,0.0,0.0,-1.541666666666667,-25.000000000000007,-4.666666666666668,-25.000000000000007,-0.1136409787795715,-45.14925373134328,0.0,0.0
rework,0.03,1010,350,150,150,0.0,0.05,0.95,8,2,0.0057142857142857,0.1571952258581087,0.1571952258581087,6.0685714285714285,8,8,8,0,16,12,12,8,2,2,0,0,1,2,0.0909090909090909,4,1.5,112,97,37,67,75,7,30,4,8,6,2,0.1380597014925373,3.75,5,5,1.0,0.9993822393822396,4.625,14.0,8.375,150,0,0,150,1.0,1.0,1.0,1.0,0.0,0.0,10.0,1.0,1.0,1.0,1.0,0.0,75,75,30,120,0.65,0.7142857142857143,0.5,0.588235294117647,0.2,0.5,10.0,0.8,0.65,0.588235294117647,0.625,0.036764705882353,75,75,30,120,0.65,0.7142857142857143,0.5,0.588235294117647,0.2,0.5,10.0,0.8,0.65,0.588235294117647,0.625,0.036764705882353,1.0,0.9967767929089444,0.8715975418303574,1.0,0.9771428571428572,0.9997959183673468,0.248152582993498,4.0,50.0,5.0,71.42857142857143,2.0,,2.0,100.0,0.16666666666666674,12.500000000000005,0.0,0.0,0.0,0.0,0.0,0.0,-1.541666666666667,-25.000000000000007,-4.666666666666668,-25.000000000000007,-0.1136409787795715,-45.14925373134328,0.0,0.0
rework,0.03,1010,350,150,150,0.0,0.05,0.99,8,2,0.0057142857142857,0.1571952258581087,0.1571952258581087,6.0685714285714285,8,8,8,0,16,12,12,8,2,2,0,0,1,2,0.0909090909090909,4,1.5,111,96,36,66,75,6,30,4,8,6,2,0.1343283582089552,3.75,5,5,1.0,1.0,4.5,13.875,8.25,150,0,0,150,1.0,1.0,1.0,1.0,0.0,0.0,10.0,1.0,1.0,1.0,1.0,0.0,150,0,60,90,0.8,0.7142857142857143,1.0,0.8333333333333333,0.4,0.0,10.0,0.6,0.8,0.8333333333333333,0.8695652173913044,0.0362318840579711,150,0,60,90,0.8,0.7142857142857143,1.0,0.8333333333333333,0.4,0.0,10.0,0.6,0.8,0.8333333333333333,0.8695652173913044,0.0362318840579711,1.0,0.9967767929089444,0.8715975418303574,1.0,1.0,1.0,0.291827041975921,4.0,50.0,5.0,71.42857142857143,2.0,,2.0,100.0,0.16666666666666674,12.500000000000005,-1.0,-2.7027027027027026,-1.0,-1.4925373134328357,-1.0,-0.8928571428571428,-1.666666666666667,-27.027027027027028,-4.791666666666668,-25.66964285714286,-0.1173723220631536,-46.63170633319887,0.0,0.0
rework,0.03,1010,350,150,150,0.0,0.07,0.9,8,2,0.0057142857142857,0.1571952258581087,0.1571952258581087,6.0685714285714285,8,8,8,0,16,12,12,8,2,2,0,0,1,2,0.0909090909090909,4,1.5,112,97,37,67,75,7,30,4,8,6,2,0.1380597014925373,3.75,5,5,1.0,0.9993822393822396,4.625,14.0,8.375,150,0,0,150,1.0,1.0,1.0,1.0,0.0,0.0,10.0,1.0,1.0,1.0,1.0,0.0,75,75,30,120,0.65,0.7142857142857143,0.5,0.588235294117647,0.2,0.5,10.0,0.8,0.65,0.588235294117647,0.625,0.036764705882353,75,75,30,120,0.65,0.7142857142857143,0.5,0.588235294117647,0.2,0.5,10.0,0.8,0.65,0.588235294117647,0.625,0.036764705882353,1.0,0.9967767929089444,0.8715975418303574,1.0,0.9771428571428572,0.9997959183673468,0.309795542008942,4.0,50.0,5.0,71.42857142857143,2.0,,2.0,100.0,0.16666666666666674,12.500000000000005,0.0,0.0,0.0,0.0,0.0,0.0,-1.541666666666667,-25.000000000000007,-4.666666666666668,-25.000000000000007,-0.1136409787795715,-45.14925373134328,0.0,0.0
rework,0.03,1010,350,150,150,0.0,0.07,0.95,8,2,0.0057142857142857,0.1571952258581087,0.1571952258581087,6.0685714285714285,8,8,8,0,16,12,12,8,2,2,0,0,1,2,0.0909090909090909,4,1.5,112,97,37,67,75,7,30,4,8,6,2,0.1380597014925373,3.75,5,5,1.0,0.9993822393822396,4.625,14.0,8.375,150,0,0,150,1.0,1.0,1.0,1.0,0.0,0.0,10.0,1.0,1.0,1.0,1.0,0.0,75,75,30,120,0.65,0.7142857142857143,0.5,0.588235294117647,0.2,0.5,10.0,0.8,0.65,0.588235294117647,0.625,0.036764705882353,75,75,30,120,0.65,0.7142857142857143,0.5,0.588235294117647,0.2,0.5,10.0,0.8,0.65,0.588235294117647,0.625,0.036764705882353,1.0,0.9967767929089444,0.8715975418303574,1.0,0.9771428571428572,0.9997959183673468,0.262436290999176,4.0,50.0,5.0,71.42857142857143,2.0,,2.0,100.0,0.16666666666666674,12.500000000000005,0.0,0.0,0.0,0.0,0.0,0.0,-1.541666666666667,-25.000000000000007,-4.666666666666668,-25.000000000000007,-0.1136409787795715,-45.14925373134328,0.0,0.0
rework,0.03,1010,350,150,150,0.0,0.07,0.99,8,2,0.0057142857142857,0.1571952258581087,0.1571952258581087,6.0685714285714285,8,8,8,0,16,12,12,8,2,2,0,0,1,2,0.0909090909090909,4,1.5,111,96,36,66,75,6,30,4,8,6,2,0.1343283582089552,3.75,5,5,1.0,1.0,4.5,13.875,8.25,150,0,0,150,1.0,1.0,1.0,1.0,0.0,0.0,10.0,1.0,1.0,1.0,1.0,0.0,150,0,60,90,0.8,0.7142857142857143,1.0,0.8333333333333333,0.4,0.0,10.0,0.6,0.8,0.8333333333333333,0.8695652173913044,0.0362318840579711,150,0,60,90,0.8,0.7142857142857143,1.0,0.8333333333333333,0.4,0.0,10.0,0.6,0.8,0.8333333333333333,0.8695652173913044,0.0362318840579711,1.0,0.9967767929089444,0.8715975418303574,1.0,1.0,1.0,0.2682564159913454,4.0,50.0,5.0,71.42857142857143,2.0,,2.0,100.0,0.16666666666666674,12.500000000000005,-1.0,-2.7027027027027026,-1.0,-1.4925373134328357,-1.0,-0.8928571428571428,-1.666666666666667,-27.027027027027028,-4.791666666666668,-25.66964285714286,-0.1173723220631536,-46.63170633319887,0.0,0.0
rework,0.05,1001,350,150,150,0.0,0.03,0.9,8,2,0.0057142857142857,0.2802972131580829,0.2802972131580829,6.145714285714286,8,8,8,0,16,12,12,8,2,2,0,0,1,2,0.0909090909090909,4,1.5,145,129,65,97,80,7,58,7,8,8,0,0.2425373134328358,7.0,7,14,0.5901538461538461,0.9992527472527472,8.125,18.125,12.125,150,0,0,150,1.0,1.0,1.0,1.0,0.0,0.0,10.0,1.0,1.0,1.0,1.0,0.0,75,75,0,150,0.75,1.0,0.5,0.6666666666666666,0.0,0.5,10.0,1.0,0.75,0.6666666666666666,0.6666666666666666,0.0,75,75,0,150,0.75,1.0,0.5,0.6666666666666666,0.0,0.5,10.0,1.0,0.75,0.6666666666666666,0.6666666666666666,0.0,1.0,0.9932486100079428,0.8994334916147152,1.0,0.9514285714285714,0.9996650246305416,0.3173793749883771,4.0,50.0,5.0,71.42857142857143,2.0,,2.0,100.0,0.16666666666666674,12.500000000000005,28.0,75.67567567567568,30.0,44.776119402985074,33.0,29.464285714285715,1.958333333333333,31.756756756756747,-0.5416666666666679,-2.90178571428572,-0.00916336683927299,-3.640580879386838,3.0,75.0
rework,0.05,1001,350,150,150,0.0,0.03,0.95,8,2,0.0057142857142857,0.2802972131580829,0.2802972131580829,6.145714285714286,8,8,8,0,16,12,12,8,2,2,0,0,1,2,0.0909090909090909,4,1.5,145,129,65,97,80,7,58,7,8,8,0,0.2425373134328358,7.0,7,14,0.5901538461538461,0.9992527472527472,8.125,18.125,12.125,150,0,0,150,1.0,1.0,1.0,1.0,0.0,0.0,10.0,1.0,1.0,1.0,1.0,0.0,75,75,0,150,0.75,1.0,0.5,0.6666666666666666,0.0,0.5,10.0,1.0,0.75,0.6666666666666666,0.6666666666666666,0.0,75,75,0,150,0.75,1.0,0.5,0.6666666666666666,0.0,0.5,10.0,1.0,0.75,0.6666666666666666,0.6666666666666666,0.0,1.0,0.9932486100079428,0.8994334916147152,1.0,0.9514285714285714,0.9996650246305416,0.3069232919951901,4.0,50.0,5.0,71.42857142857143,2.0,,2.0,100.0,0.16666666666666674,12.500000000000005,28.0,75.67567567567568,30.0,44.776119402985074,33.0,29.464285714285715,1.958333333333333,31.756756756756747,-0.5416666666666679,-2.90178571428572,-0.00916336683927299,-3.640580879386838,3.0,75.0
rework,0.05,1001,350,150,150,0.0,0.03,0.99,8,2,0.0057142857142857,0.2802972131580829,0.2802972131580829,6.145714285714286,8,8,8,0,16,12,12,8,2,2,0,0,1,2,0.0909090909090909,4,1.5,144,128,64,96,80,6,58,7,8,8,0,0.2388059701492537,7.0,7,14,0.58375,1.0,8.0,18.0,12.0,150,0,0,150,1.0,1.0,1.0,1.0,0.0,0.0,10.0,1.0,1.0,1.0,1.0,0.0,150,0,0,150,1.0,1.0,1.0,1.0,0.0,0.0,10.0,1.0,1.0,1.0,1.0,0.0,150,0,0,150,1.0,1.0,1.0,1.0,0.0,0.0,10.0,1.0,1.0,1.0,1.0,0.0,1.0,0.9932486100079428,0.8994334916147152,1.0,1.0,1.0,0.3145444589899853,4.0,50.0,5.0,71.42857142857143,2.0,,2.0,100.0,0.16666666666666674,12.500000000000005,27.0,72.97297297297297,29.0,43.28358208955223,32.0,28.57142857142857,1.833333333333333,29.729729729729726,-0.6666666666666679,-3.5714285714285774,-0.012894710122855091,-5.123033481242429,3.0,75.0
rework,0.05,1001,350,150,150,0.0,0.05,0.9,8,2,0.0057142857142857,0.2802972131580829,0.2802972131580829,6.145714285714286,8,8,8,0,16,12,12,8,2,2,0,0,1,2,0.0909090909090909,4,1.5,112,97,37,67,75,7,30,4,8,6,2,0.1380597014925373,3.75,5,5,1.0,0.9986872586872588,4.625,14.0,8.375,150,0,0,150,1.0,1.0,1.0,1.0,0.0,0.0,10.0,1.0,1.0,1.0,1.0,0.0,75,75,30,120,0.65,0.7142857142857143,0.5,0.588235294117647,0.2,0.5,10.0,0.8,0.65,0.588235294117647,0.625,0.036764705882353,75,75,30,120,0.65,0.7142857142857143,0.5,0.588235294117647,0.2,0.5,10.0,0.8,0.65,0.588235294117647,0.625,0.036764705882353,1.0,0.9932486100079428,0.8994334916147152,1.0,0.9514285714285714,0.9995663265306122,0.383178666990716,4.0,50.0,5.0,71.42857142857143,2.0,,2.0,100.0,0.16666666666666674,12.500000000000005,0.0,0.0,0.0,0.0,0.0,0.0,-1.541666666666667,-25.000000000000007,-4.666666666666668,-25.000000000000007,-0.1136409787795715,-45.14925373134328,0.0,0.0
rework,0.05,1001,350,150,150,0.0,0.05,0.95,8,2,0.0057142857142857,0.2802972131580829,0.2802972131580829,6.145714285714286,8,8,8,0,16,12,12,8,2,2,0,0,1,2,0.0909090909090909,4,1.5,112,97,37,67,75,7,30,4,8,6,2,0.1380597014925373,3.75,5,5,1.0,0.9986872586872588,4.625,14.0,8.375,150,0,0,150,1.0,1.0,1.0,1.0,0.0,0.0,10.0,1.0,1.0,1.0,1.0,0.0,75,75,30,120,0.65,0.7142857142857143,0.5,0.588235294117647,0.2,0.5,10.0,0.8,0.65,0.588235294117647,0.625,0.036764705882353,75,75,30,120,0.65,0.7142857142857143,0.5,0.588235294117647,0.2,0.5,10.0,0.8,0.65,0.588235294117647,0.625,0.036764705882353,1.0,0.9932486100079428,0.8994334916147152,1.0,0.9514285714285714,0.9995663265306122,0.3079840840073302,4.0,50.0,5.0,71.42857142857143,2.0,,2.0,100.0,0.16666666666666674,12.500000000000005,0.0,0.0,0.0,0.0,0.0,0.0,-1.541666666666667,-25.000000000000007,-4.666666666666668,-25.000000000000007,-0.1136409787795715,-45.14925373134328,0.0,0.0
rework,0.05,1001,350,150,150,0.0,0.05,0.99,8,2,0.0057142857142857,0.2802972131580829,0.2802972131580829,6.145714285714286,8,8,8,0,16,12,12,8,2,2,0,0,1,2,0.0909090909090909,4,1.5,111,96,36,66,75,6,30,4,8,6,2,0.1343283582089552,3.75,5,5,1.0,1.0,4.5,13.875,8.25,150,0,0,150,1.0,1.0,1.0,1.0,0.0,0.0,10.0,1.0,1.0,1.0,1.0,0.0,150,0,60,90,0.8,0.7142857142857143,1.0,0.8333333333333333,0.4,0.0,10.0,0.6,0.8,0.8333333333333333,0.8695652173913044,0.0362318840579711,150,0,60,90,0.8,0.7142857142857143,1.0,0.8333333333333333,0.4,0.0,10.0,0.6,0.8,0.8333333333333333,0.8695652173913044,0.0362318840579711,1.0,0.9932486100079428,0.8994334916147152,1.0,1.0,1.0,0.2989557919790968,4.0,50.0,5.0,71.42857142857143,2.0,,2.0,100.0,0.16666666666666674,12.500000000000005,-1.0,-2.7027027027027026,-1.0,-1.4925373134328357,-1.0,-0.8928571428571428,-1.666666666666667,-27.027027027027028,-4.791666666666668,-25.66964285714286,-0.1173723220631536,-46.63170633319887,0.0,0.0
rework,0.05,1001,350,150,150,0.0,0.07,0.9,8,2,0.0057142857142857,0.2802972131580829,0.2802972131580829,6.145714285714286,8,8,8,0,16,12,12,8,2,2,0,0,1,2,0.0909090909090909,4,1.5,112,97,37,67,75,7,30,4,8,6,2,0.1380597014925373,3.75,5,5,1.0,0.9986872586872588,4.625,14.0,8.375,150,0,0,150,1.0,1.0,1.0,1.0,0.0,0.0,10.0,1.0,1.0,1.0,1.0,0.0,75,75,30,120,0.65,0.7142857142857143,0.5,0.588235294117647,0.2,0.5,10.0,0.8,0.65,0.588235294117647,0.625,0.036764705882353,75,75,30,120,0.65,0.7142857142857143,0.5,0.588235294117647,0.2,0.5,10.0,0.8,0.65,0.588235294117647,0.625,0.036764705882353,1.0,0.9932486100079428,0.8994334916147152,1.0,0.9514285714285714,0.9995663265306122,0.3170915000082459,4.0,50.0,5.0,71.42857142857143,2.0,,2.0,100.0,0.16666666666666674,12.500000000000005,0.0,0.0,0.0,0.0,0.0,0.0,-1.541666666666667,-25.000000000000007,-4.666666666666668,-25.000000000000007,-0.1136409787795715,-45.14925373134328,0.0,0.0
rework,0.05,1001,350,150,150,0.0,0.07,0.95,8,2,0.0057142857142857,0.2802972131580829,0.2802972131580829,6.145714285714286,8,8,8,0,16,12,12,8,2,2,0,0,1,2,0.0909090909090909,4,1.5,112,97,37,67,75,7,30,4,8,6,2,0.1380597014925373,3.75,5,5,1.0,0.9986872586872588,4.625,14.0,8.375,150,0,0,150,1.0,1.0,1.0,1.0,0.0,0.0,10.0,1.0,1.0,1.0,1.0,0.0,75,75,30,120,0.65,0.7142857142857143,0.5,0.588235294117647,0.2,0.5,10.0,0.8,0.65,0.588235294117647,0.625,0.036764705882353,75,75,30,120,0.65,0.7142857142857143,0.5,0.588235294117647,0.2,0.5,10.0,0.8,0.65,0.588235294117647,0.625,0.036764705882353,1.0,0.9932486100079428,0.8994334916147152,1.0,0.9514285714285714,0.9995663265306122,0.2862991669971961,4.0,50.0,5.0,71.42857142857143,2.0,,2.0,100.0,0.16666666666666674,12.500000000000005,0.0,0.0,0.0,0.0,0.0,0.0,-1.541666666666667,-25.000000000000007,-4.666666666666668,-25.000000000000007,-0.1136409787795715,-45.14925373134328,0.0,0.0
rework,0.05,1001,350,150,150,0.0,0.07,0.99,8,2,0.0057142857142857,0.2802972131580829,0.2802972131580829,6.145714285714286,8,8,8,0,16,12,12,8,2,2,0,0,1,2,0.0909090909090909,4,1.5,111,96,36,66,75,6,30,4,8,6,2,0.1343283582089552,3.75,5,5,1.0,1.0,4.5,13.875,8.25,150,0,0,150,1.0,1.0,1.0,1.0,0.0,0.0,10.0,1.0,1.0,1.0,1.0,0.0,150,0,60,90,0.8,0.7142857142857143,1.0,0.8333333333333333,0.4,0.0,10.0,0.6,0.8,0.8333333333333333,0.8695652173913044,0.0362318840579711,150,0,60,90,0.8,0.7142857142857143,1.0,0.8333333333333333,0.4,0.0,10.0,0.6,0.8,0.8333333333333333,0.8695652173913044,0.0362318840579711,1.0,0.9932486100079428,0.8994334916147152,1.0,1.0,1.0,0.2969252910115756,4.0,50.0,5.0,71.42857142857143,2.0,,2.0,100.0,0.16666666666666674,12.500000000000005,-1.0,-2.7027027027027026,-1.0,-1.4925373134328357,-1.0,-0.8928571428571428,-1.666666666666667,-27.027027027027028,-4.791666666666668,-25.66964285714286,-0.1173723220631536,-46.63170633319887,0.0,0.0
rework,0.05,1002,350,150,150,0.0,0.03,0.9,8,2,0.0057142857142857,0.2679047298713761,0.2679047298713761,6.137142857142857,8,8,8,0,16,12,12,8,2,2,0,0,1,2,0.0909090909090909,4,1.5,145,129,65,97,80,7,58,7,8,8,0,0.2425373134328358,7.0,7,14,0.588923076923077,0.9992967032967034,8.125,18.125,12.125,150,0,0,150,1.0,1.0,1.0,1.0,0.0,0.0,10.0,1.0,1.0,1.0,1.0,0.0,75,75,0,150,0.75,1.0,0.5,0.6666666666666666,0.0,0.5,10.0,1.0,0.75,0.6666666666666666,0.6666666666666666,0.0,75,75,0,150,0.75,1.0,0.5,0.6666666666666666,0.0,0.5,10.0,1.0,0.75,0.6666666666666666,0.6666666666666666,0.0,1.0,0.9936356404136834,0.8975584900923305,1.0,0.9542857142857144,0.9996847290640394,0.3210682499920949,4.0,50.0,5.0,71.42857142857143,2.0,,2.0,100.0,0.16666666666666674,12.500000000000005,28.0,75.67567567567568,30.0,44.776119402985074,33.0,29.464285714285715,1.958333333333333,31.756756756756747,-0.5416666666666679,-2.90178571428572,-0.00916336683927299,-3.640580879386838,3.0,75.0
rework,0.05,1002,350,150,150,0.0,0.03,0.95,8,2,0.0057142857142857,0.2679047298713761,0.2679047298713761,6.137142857142857,8,8,8,0,16,12,12,8,2,2,0,0,1,2,0.0909090909090909,4,1.5,145,129,65,97,80,7,58,7,8,8,0,0.2425373134328358,7.0,7,14,0.588923076923077,0.9992967032967034,8.125,18.125,12.125,150,0,0,150,1.0,1.0,1.0,1.0,0.0,0.0,10.0,1.0,1.0,1.0,1.0,0.0,75,75,0,150,0.75,1.0,0.5,0.6666666666666666,0.0,0.5,10.0,1.0,0.75,0.6666666666666666,0.6666666666666666,0.0,75,75,0,150,0.75,1.0,0.5,0.6666666666666666,0.0,0.5,10.0,1.0,0.75,0.6666666666666666,0.6666666666666666,0.0,1.0,0.9936356404136834,0.8975584900923305,1.0,0.9542857142857144,0.9996847290640394,0.2648827499942854,4.0,50.0,5.0,71.42857142857143,2.0,,2.0,100.0,0.16666666666666674,12.500000000000005,28.0,75.67567567567568,30.0,44.776119402985074,33.0,29.464285714285715,1.958333333333333,31.756756756756747,-0.5416666666666679,-2.90178571428572,-0.00916336683927299,-3.640580879386838,3.0,75.0
rework,0.05,1002,350,150,150,0.0,0.03,0.99,8,2,0.0057142857142857,0.2679047298713761,0.2679047298713761,6.137142857142857,8,8,8,0,16,12,12,8,2,2,0,0,1,2,0.0909090909090909,4,1.5,144,128,64,96,80,6,58,7,8,8,0,0.2388059701492537,7.0,7,14,0.5825,1.0,8.0,18.0,12.0,150,0,0,150,1.0,1.0,1.0,1.0,0.0,0.0,10.0,1.0,1.0,1.0,1.0,0.0,150,0,0,150,1.0,1.0,1.0,1.0,0.0,0.0,10.0,1.0,1.0,1.0,1.0,0.0,150,0,0,150,1.0,1.0,1.0,1.0,0.0,0.0,10.0,1.0,1.0,1.0,1.0,0.0,1.0,0.9936356404136834,0.8975584900923305,1.0,1.0,1.0,0.2813161249796394,4.0,50.0,5.0,71.42857142857143,2.0,,2.0,100.0,0.16666666666666674,12.500000000000005,27.0,72.97297297297297,29.0,43.28358208955223,32.0,28.57142857142857,1.833333333333333,29.729729729729726,-0.6666666666666679,-3.5714285714285774,-0.012894710122855091,-5.123033481242429,3.0,75.0
rework,0.05,1002,350,150,150,0.0,0.05,0.9,8,2,0.0057142857142857,0.2679047298713761,0.2679047298713761,6.137142857142857,8,8,8,0,16,12,12,8,2,2,0,0,1,2,0.0909090909090909,4,1.5,112,97,37,67,75,7,30,4,8,6,2,0.1380597014925373,3.75,5,5,1.0,0.9987644787644788,4.625,14.0,8.375,150,0,0,150,1.0,1.0,1.0,1.0,0.0,0.0,10.0,1.0,1.0,1.0,1.0,0.0,75,75,30,120,0.65,0.7142857142857143,0.5,0.588235294117647,0.2,0.5,10.0,0.8,0.65,0.588235294117647,0.625,0.036764705882353,75,75,30,120,0.65,0.7142857142857143,0.5,0.588235294117647,0.2,0.5,10.0,0.8,0.65,0.588235294117647,0.625,0.036764705882353,1.0,0.9936356404136834,0.8975584900923305,1.0,0.9542857142857144,0.9995918367346938,0.313289249985246,4.0,50.0,5.0,71.42857142857143,2.0,,2.0,100.0,0.16666666666666674,12.500000000000005,0.0,0.0,0.0,0.0,0.0,0.0,-1.541666666666667,-25.000000000000007,-4.666666666666668,-25.000000000000007,-0.1136409787795715,-45.14925373134328,0.0,0.0
rework,0.05,1002,350,150,150,0.0,0.05,0.95,8,2,0.0057142857142857,0.2679047298713761,0.2679047298713761,6.137142857142857,8,8,8,0,16,12,12,8,2,2,0,0,1,2,0.0909090909090909,4,1.5,112,97,37,67,75,7,30,4,8,6,2,0.1380597014925373,3.75,5,5,1.0,0.9987644787644788,4.625,14.0,8.375,150,0,0,150,1.0,1.0,1.0,1.0,0.0,0.0,10.0,1.0,1.0,1.0,1.0,0.0,75,75,30,120,0.65,0.7142857142857143,0.5,0.588235294117647,0.2,0.5,10.0,0.8,0.65,0.588235294117647,0.625,0.036764705882353,75,75,30,120,0.65,0.7142857142857143,0.5,0.588235294117647,0.2,0.5,10.0,0.8,0.65,0.588235294117647,0.625,0.036764705882353,1.0,0.9936356404136834,0.8975584900923305,1.0,0.9542857142857144,0.9995918367346938,0.2673840839997865,4.0,50.0,5.0,71.42857142857143,2.0,,2.0,100.0,0.16666666666666674,12.500000000000005,0.0,0.0,0.0,0.0,0.0,0.0,-1.541666666666667,-25.000000000000007,-4.666666666666668,-25.000000000000007,-0.1136409787795715,-45.14925373134328,0.0,0.0
rework,0.05,1002,350,150,150,0.0,0.05,0.99,8,2,0.0057142857142857,0.2679047298713761,0.2679047298713761,6.137142857142857,8,8,8,0,16,12,12,8,2,2,0,0,1,2,0.0909090909090909,4,1.5,111,96,36,66,75,6,30,4,8,6,2,0.1343283582089552,3.75,5,5,1.0,1.0,4.5,13.875,8.25,150,0,0,150,1.0,1.0,1.0,1.0,0.0,0.0,10.0,1.0,1.0,1.0,1.0,0.0,150,0,60,90,0.8,0.7142857142857143,1.0,0.8333333333333333,0.4,0.0,10.0,0.6,0.8,0.8333333333333333,0.8695652173913044,0.0362318840579711,150,0,60,90,0.8,0.7142857142857143,1.0,0.8333333333333333,0.4,0.0,10.0,0.6,0.8,0.8333333333333333,0.8695652173913044,0.0362318840579711,1.0,0.9936356404136834,0.8975584900923305,1.0,1.0,1.0,0.2903659160074312,4.0,50.0,5.0,71.42857142857143,2.0,,2.0,100.0,0.16666666666666674,12.500000000000005,-1.0,-2.7027027027027026,-1.0,-1.4925373134328357,-1.0,-0.8928571428571428,-1.666666666666667,-27.027027027027028,-4.791666666666668,-25.66964285714286,-0.1173723220631536,-46.63170633319887,0.0,0.0
rework,0.05,1002,350,150,150,0.0,0.07,0.9,8,2,0.0057142857142857,0.2679047298713761,0.2679047298713761,6.137142857142857,8,8,8,0,16,12,12,8,2,2,0,0,1,2,0.0909090909090909,4,1.5,112,97,37,67,75,7,30,4,8,6,2,0.1380597014925373,3.75,5,5,1.0,0.9987644787644788,4.625,14.0,8.375,150,0,0,150,1.0,1.0,1.0,1.0,0.0,0.0,10.0,1.0,1.0,1.0,1.0,0.0,75,75,30,120,0.65,0.7142857142857143,0.5,0.588235294117647,0.2,0.5,10.0,0.8,0.65,0.588235294117647,0.625,0.036764705882353,75,75,30,120,0.65,0.7142857142857143,0.5,0.588235294117647,0.2,0.5,10.0,0.8,0.65,0.588235294117647,0.625,0.036764705882353,1.0,0.9936356404136834,0.8975584900923305,1.0,0.9542857142857144,0.9995918367346938,0.2914606669801287,4.0,50.0,5.0,71.42857142857143,2.0,,2.0,100.0,0.16666666666666674,12.500000000000005,0.0,0.0,0.0,0.0,0.0,0.0,-1.541666666666667,-25.000000000000007,-4.666666666666668,-25.000000000000007,-0.1136409787795715,-45.14925373134328,0.0,0.0
rework,0.05,1002,350,150,150,0.0,0.07,0.95,8,2,0.0057142857142857,0.2679047298713761,0.2679047298713761,6.137142857142857,8,8,8,0,16,12,12,8,2,2,0,0,1,2,0.0909090909090909,4,1.5,112,97,37,67,75,7,30,4,8,6,2,0.1380597014925373,3.75,5,5,1.0,0.9987644787644788,4.625,14.0,8.375,150,0,0,150,1.0,1.0,1.0,1.0,0.0,0.0,10.0,1.0,1.0,1.0,1.0,0.0,75,75,30,120,0.65,0.7142857142857143,0.5,0.588235294117647,0.2,0.5,10.0,0.8,0.65,0.588235294117647,0.625,0.036764705882353,75,75,30,120,0.65,0.7142857142857143,0.5,0.588235294117647,0.2,0.5,10.0,0.8,0.65,0.588235294117647,0.625,0.036764705882353,1.0,0.9936356404136834,0.8975584900923305,1.0,0.9542857142857144,0.9995918367346938,0.2688180830155033,4.0,50.0,5.0,71.42857142857143,2.0,,2.0,100.0,0.16666666666666674,12.500000000000005,0.0,0.0,0.0,0.0,0.0,0.0,-1.541666666666667,-25.000000000000007,-4.666666666666668,-25.000000000000007,-0.1136409787795715,-45.14925373134328,0.0,0.0
rework,0.05,1002,350,150,150,0.0,0.07,0.99,8,2,0.0057142857142857,0.2679047298713761,0.2679047298713761,6.137142857142857,8,8,8,0,16,12,12,8,2,2,0,0,1,2,0.0909090909090909,4,1.5,111,96,36,66,75,6,30,4,8,6,2,0.1343283582089552,3.75,5,5,1.0,1.0,4.5,13.875,8.25,150,0,0,150,1.0,1.0,1.0,1.0,0.0,0.0,10.0,1.0,1.0,1.0,1.0,0.0,150,0,60,90,0.8,0.7142857142857143,1.0,0.8333333333333333,0.4,0.0,10.0,0.6,0.8,0.8333333333333333,0.8695652173913044,0.0362318840579711,150,0,60,90,0.8,0.7142857142857143,1.0,0.8333333333333333,0.4,0.0,10.0,0.6,0.8,0.8333333333333333,0.8695652173913044,0.0362318840579711,1.0,0.9936356404136834,0.8975584900923305,1.0,1.0,1.0,0.2883152920112479,4.0,50.0,5.0,71.42857142857143,2.0,,2.0,100.0,0.16666666666666674,12.500000000000005,-1.0,-2.7027027027027026,-1.0,-1.4925373134328357,-1.0,-0.8928571428571428,-1.666666666666667,-27.027027027027028,-4.791666666666668,-25.66964285714286,-0.1173723220631536,-46.63170633319887,0.0,0.0
rework,0.05,1003,350,150,150,0.0,0.03,0.9,8,2,0.0057142857142857,0.2154488276265225,0.2154488276265225,6.102857142857143,8,8,8,0,16,12,12,8,2,2,0,0,1,2,0.0909090909090909,4,1.5,145,129,65,97,80,7,58,7,8,8,0,0.2425373134328358,7.0,7,14,0.584,0.9994725274725276,8.125,18.125,12.125,150,0,0,150,1.0,1.0,1.0,1.0,0.0,0.0,10.0,1.0,1.0,1.0,1.0,0.0,75,75,0,150,0.75,1.0,0.5,0.6666666666666666,0.0,0.5,10.0,1.0,0.75,0.6666666666666666,0.6666666666666666,0.0,75,75,0,150,0.75,1.0,0.5,0.6666666666666666,0.0,0.5,10.0,1.0,0.75,0.6666666666666666,0.6666666666666666,0.0,1.0,0.9951961569255404,0.8878537069718982,1.0,0.9657142857142856,0.9997635467980296,0.3243466249841731,4.0,50.0,5.0,71.42857142857143,2.0,,2.0,100.0,0.16666666666666674,12.500000000000005,28.0,75.67567567567568,30.0,44.776119402985074,33.0,29.464285714285715,1.958333333333333,31.756756756756747,-0.5416666666666679,-2.90178571428572,-0.00916336683927299,-3.640580879386838,3.0,75.0
rework,0.05,1003,350,150,150,0.0,0.03,0.95,8,2,0.0057142857142857,0.2154488276265225,0.2154488276265225,6.102857142857143,8,8,8,0,16,12,12,8,2,2,0,0,1,2,0.0909090909090909,4,1.5,145,129,65,97,80,7,58,7,8,8,0,0.2425373134328358,7.0,7,14,0.584,0.9994725274725276,8.125,18.125,12.125,150,0,0,150,1.0,1.0,1.0,1.0,0.0,0.0,10.0,1.0,1.0,1.0,1.0,0.0,75,75,0,150,0.75,1.0,0.5,0.6666666666666666,0.0,0.5,10.0,1.0,0.75,0.6666666666666666,0.6666666666666666,0.0,75,75,0,150,0.75,1.0,0.5,0.6666666666666666,0.0,0.5,10.0,1.0,0.75,0.6666666666666666,0.6666666666666666,0.0,1.0,0.9951961569255404,0.8878537069718982,1.0,0.9657142857142856,0.9997635467980296,0.3032035830256063,4.0,50.0,5.0,71.42857142857143,2.0,,2.0,100.0,0.16666666666666674,12.500000000000005,28.0,75.67567567567568,30.0,44.776119402985074,33.0,29.464285714285715,1.958333333333333,31.756756756756747,-0.5416666666666679,-2.90178571428572,-0.00916336683927299,-3.640580879386838,3.0,75.0
rework,0.05,1003,350,150,150,0.0,0.03,0.99,8,2,0.0057142857142857,0.2154488276265225,0.2154488276265225,6.102857142857143,8,8,8,0,16,12,12,8,2,2,0,0,1,2,0.0909090909090909,4,1.5,144,128,64,96,80,6,58,7,8,8,0,0.2388059701492537,7.0,7,14,0.5775,1.0,8.0,18.0,12.0,150,0,0,150,1.0,1.0,1.0,1.0,0.0,0.0,10.0,1.0,1.0,1.0,1.0,0.0,150,0,0,150,1.0,1.0,1.0,1.0,0.0,0.0,10.0,1.0,1.0,1.0,1.0,0.0,150,0,0,150,1.0,1.0,1.0,1.0,0.0,0.0,10.0,1.0,1.0,1.0,1.0,0.0,1.0,0.9951961569255404,0.8878537069718982,1.0,1.0,1.0,0.2948352500097826,4.0,50.0,5.0,71.42857142857143,2.0,,2.0,100.0,0.16666666666666674,12.500000000000005,27.0,72.97297297297297,29.0,43.28358208955223,32.0,28.57142857142857,1.833333333333333,29.729729729729726,-0.6666666666666679,-3.5714285714285774,-0.012894710122855091,-5.123033481242429,3.0,75.0
rework,0.05,1003,350,150,150,0.0,0.05,0.9,8,2,0.0057142857142857,0.2154488276265225,0.2154488276265225,6.102857142857143,8,8,8,0,16,12,12,8,2,2,0,0,1,2,0.0909090909090909,4,1.5,112,97,37,67,75,7,30,4,8,6,2,0.1380597014925373,3.75,5,5,1.0,0.999073359073359,4.625,14.0,8.375,150,0,0,150,1.0,1.0,1.0,1.0,0.0,0.0,10.0,1.0,1.0,1.0,1.0,0.0,75,75,30,120,0.65,0.7142857142857143,0.5,0.588235294117647,0.2,0.5,10.0,0.8,0.65,0.588235294117647,0.625,0.036764705882353,75,75,30,120,0.65,0.7142857142857143,0.5,0.588235294117647,0.2,0.5,10.0,0.8,0.65,0.588235294117647,0.625,0.036764705882353,1.0,0.9951961569255404,0.8878537069718982,1.0,0.9657142857142856,0.9996938775510203,0.3012089580006432,4.0,50.0,5.0,71.42857142857143,2.0,,2.0,100.0,0.16666666666666674,12.500000000000005,0.0,0.0,0.0,0.0,0.0,0.0,-1.541666666666667,-25.000000000000007,-4.666666666666668,-25.000000000000007,-0.1136409787795715,-45.14925373134328,0.0,0.0
rework,0.05,1003,350,150,150,0.0,0.05,0.95,8,2,0.0057142857142857,0.2154488276265225,0.2154488276265225,6.102857142857143,8,8,8,0,16,12,12,8,2,2,0,0,1,2,0.0909090909090909,4,1.5,112,97,37,67,75,7,30,4,8,6,2,0.1380597014925373,3.75,5,5,1.0,0.999073359073359,4.625,14.0,8.375,150,0,0,150,1.0,1.0,1.0,1.0,0.0,0.0,10.0,1.0,1.0,1.0,1.0,0.0,75,75,30,120,0.65,0.7142857142857143,0.5,0.588235294117647,0.2,0.5,10.0,0.8,0.65,0.588235294117647,0.625,0.036764705882353,75,75,30,120,0.65,0.7142857142857143,0.5,0.588235294117647,0.2,0.5,10.0,0.8,0.65,0.588235294117647,0.625,0.036764705882353,1.0,0.9951961569255404,0.8878537069718982,1.0,0.9657142857142856,0.9996938775510203,0.2724937089951709,4.0,50.0,5.0,71.42857142857143,2.0,,2.0,100.0,0.16666666666666674,12.500000000000005,0.0,0.0,0.0,0.0,0.0,0.0,-1.541666666666667,-25.000000000000007,-4.666666666666668,-25.000000000000007,-0.1136409787795715,-45.14925373134328,0.0,0.0
rework,0.05,1003,350,150,150,0.0,0.05,0.99,8,2,0.0057142857142857,0.2154488276265225,0.2154488276265225,6.102857142857143,8,8,8,0,16,12,12,8,2,2,0,0,1,2,0.0909090909090909,4,1.5,111,96,36,66,75,6,30,4,8,6,2,0.1343283582089552,3.75,5,5,1.0,1.0,4.5,13.875,8.25,150,0,0,150,1.0,1.0,1.0,1.0,0.0,0.0,10.0,1.0,1.0,1.0,1.0,0.0,150,0,60,90,0.8,0.7142857142857143,1.0,0.8333333333333333,0.4,0.0,10.0,0.6,0.8,0.8333333333333333,0.8695652173913044,0.0362318840579711,150,0,60,90,0.8,0.7142857142857143,1.0,0.8333333333333333,0.4,0.0,10.0,0.6,0.8,0.8333333333333333,0.8695652173913044,0.0362318840579711,1.0,0.9951961569255404,0.8878537069718982,1.0,1.0,1.0,0.297210000018822,4.0,50.0,5.0,71.42857142857143,2.0,,2.0,100.0,0.16666666666666674,12.500000000000005,-1.0,-2.7027027027027026,-1.0,-1.4925373134328357,-1.0,-0.8928571428571428,-1.666666666666667,-27.027027027027028,-4.791666666666668,-25.66964285714286,-0.1173723220631536,-46.63170633319887,0.0,0.0
rework,0.05,1003,350,150,150,0.0,0.07,0.9,8,2,0.0057142857142857,0.2154488276265225,0.2154488276265225,6.102857142857143,8,8,8,0,16,12,12,8,2,2,0,0,1,2,0.0909090909090909,4,1.5,112,97,37,67,75,7,30,4,8,6,2,0.1380597014925373,3.75,5,5,1.0,0.999073359073359,4.625,14.0,8.375,150,0,0,150,1.0,1.0,1.0,1.0,0.0,0.0,10.0,1.0,1.0,1.0,1.0,0.0,75,75,30,120,0.65,0.7142857142857143,0.5,0.588235294117647,0.2,0.5,10.0,0.8,0.65,0.588235294117647,0.625,0.036764705882353,75,75,30,120,0.65,0.7142857142857143,0.5,0.588235294117647,0.2,0.5,10.0,0.8,0.65,0.588235294117647,0.625,0.036764705882353,1.0,0.9951961569255404,0.8878537069718982,1.0,0.9657142857142856,0.9996938775510203,0.3571336670138407,4.0,50.0,5.0,71.42857142857143,2.0,,2.0,100.0,0.16666666666666674,12.500000000000005,0.0,0.0,0.0,0.0,0.0,0.0,-1.541666666666667,-25.000000000000007,-4.666666666666668,-25.000000000000007,-0.1136409787795715,-45.14925373134328,0.0,0.0
rework,0.05,1003,350,150,150,0.0,0.07,0.95,8,2,0.0057142857142857,0.2154488276265225,0.2154488276265225,6.102857142857143,8,8,8,0,16,12,12,8,2,2,0,0,1,2,0.0909090909090909,4,1.5,112,97,37,67,75,7,30,4,8,6,2,0.1380597014925373,3.75,5,5,1.0,0.999073359073359,4.625,14.0,8.375,150,0,0,150,1.0,1.0,1.0,1.0,0.0,0.0,10.0,1.0,1.0,1.0,1.0,0.0,75,75,30,120,0.65,0.7142857142857143,0.5,0.588235294117647,0.2,0.5,10.0,0.8,0.65,0.588235294117647,0.625,0.036764705882353,75,75,30,120,0.65,0.7142857142857143,0.5,0.588235294117647,0.2,0.5,10.0,0.8,0.65,0.588235294117647,0.625,0.036764705882353,1.0,0.9951961569255404,0.8878537069718982,1.0,0.9657142857142856,0.9996938775510203,0.3741164579987526,4.0,50.0,5.0,71.42857142857143,2.0,,2.0,100.0,0.16666666666666674,12.500000000000005,0.0,0.0,0.0,0.0,0.0,0.0,-1.541666666666667,-25.000000000000007,-4.666666666666668,-25.000000000000007,-0.1136409787795715,-45.14925373134328,0.0,0.0
rework,0.05,1003,350,150,150,0.0,0.07,0.99,8,2,0.0057142857142857,0.2154488276265225,0.2154488276265225,6.102857142857143,8,8,8,0,16,12,12,8,2,2,0,0,1,2,0.0909090909090909,4,1.5,111,96,36,66,75,6,30,4,8,6,2,0.1343283582089552,3.75,5,5,1.0,1.0,4.5,13.875,8.25,150,0,0,150,1.0,1.0,1.0,1.0,0.0,0.0,10.0,1.0,1.0,1.0,1.0,0.0,150,0,60,90,0.8,0.7142857142857143,1.0,0.8333333333333333,0.4,0.0,10.0,0.6,0.8,0.8333333333333333,0.8695652173913044,0.0362318840579711,150,0,60,90,0.8,0.7142857142857143,1.0,0.8333333333333333,0.4,0.0,10.0,0.6,0.8,0.8333333333333333,0.8695652173913044,0.0362318840579711,1.0,0.9951961569255404,0.8878537069718982,1.0,1.0,1.0,0.3743217080191243,4.0,50.0,5.0,71.42857142857143,2.0,,2.0,100.0,0.16666666666666674,12.500000000000005,-1.0,-2.7027027027027026,-1.0,-1.4925373134328357,-1.0,-0.8928571428571428,-1.666666666666667,-27.027027027027028,-4.791666666666668,-25.66964285714286,-0.1173723220631536,-46.63170633319887,0.0,0.0
rework,0.05,1004,350,150,150,0.0,0.03,0.9,8,2,0.0057142857142857,0.3386838171901802,0.3386838171901802,6.188571428571429,8,8,8,0,16,12,12,8,2,2,0,0,1,2,0.0909090909090909,4,1.5,145,129,65,97,80,7,58,7,8,8,0,0.2425373134328358,7.0,7,14,0.5963076923076923,0.9990329670329672,8.125,18.125,12.125,150,0,0,150,1.0,1.0,1.0,1.0,0.0,0.0,10.0,1.0,1.0,1.0,1.0,0.0,75,75,0,150,0.75,1.0,0.5,0.6666666666666666,0.0,0.5,10.0,1.0,0.75,0.6666666666666666,0.6666666666666666,0.0,75,75,0,150,0.75,1.0,0.5,0.6666666666666666,0.0,0.5,10.0,1.0,0.75,0.6666666666666666,0.6666666666666666,0.0,1.0,0.991331757289204,0.9068112175799792,1.0,0.9371428571428572,0.9995665024630542,0.3774908339837566,4.0,50.0,5.0,71.42857142857143,2.0,,2.0,100.0,0.16666666666666674,12.500000000000005,28.0,75.67567567567568,30.0,44.776119402985074,33.0,29.464285714285715,1.958333333333333,31.756756756756747,-0.5416666666666679,-2.90178571428572,-0.00916336683927299,-3.640580879386838,3.0,75.0
rework,0.05,1004,350,150,150,0.0,0.03,0.95,8,2,0.0057142857142857,0.3386838171901802,0.3386838171901802,6.188571428571429,8,8,8,0,16,12,12,8,2,2,0,0,1,2,0.0909090909090909,4,1.5,144,128,64,96,80,6,58,7,8,8,0,0.2388059701492537,7.0,7,14,0.59,1.0,8.0,18.0,12.0,150,0,0,150,1.0,1.0,1.0,1.0,0.0,0.0,10.0,1.0,1.0,1.0,1.0,0.0,150,0,0,150,1.0,1.0,1.0,1.0,0.0,0.0,10.0,1.0,1.0,1.0,1.0,0.0,150,0,0,150,1.0,1.0,1.0,1.0,0.0,0.0,10.0,1.0,1.0,1.0,1.0,0.0,1.0,0.991331757289204,0.9068112175799792,1.0,1.0,1.0,0.3154254170076456,4.0,50.0,5.0,71.42857142857143,2.0,,2.0,100.0,0.16666666666666674,12.500000000000005,27.0,72.97297297297297,29.0,43.28358208955223,32.0,28.57142857142857,1.833333333333333,29.729729729729726,-0.6666666666666679,-3.5714285714285774,-0.012894710122855091,-5.123033481242429,3.0,75.0
rework,0.05,1004,350,150,150,0.0,0.03,0.99,8,2,0.0057142857142857,0.3386838171901802,0.3386838171901802,6.188571428571429,8,8,8,0,16,12,12,8,2,2,0,0,1,2,0.0909090909090909,4,1.5,144,128,64,96,80,6,58,7,8,8,0,0.2388059701492537,7.0,7,14,0.59,1.0,8.0,18.0,12.0,150,0,0,150,1.0,1.0,1.0,1.0,0.0,0.0,10.0,1.0,1.0,1.0,1.0,0.0,150,0,0,150,1.0,1.0,1.0,1.0,0.0,0.0,10.0,1.0,1.0,1.0,1.0,0.0,150,0,0,150,1.0,1.0,1.0,1.0,0.0,0.0,10.0,1.0,1.0,1.0,1.0,0.0,1.0,0.991331757289204,0.9068112175799792,1.0,1.0,1.0,0.3035565000027418,4.0,50.0,5.0,71.42857142857143,2.0,,2.0,100.0,0.16666666666666674,12.500000000000005,27.0,72.97297297297297,29.0,43.28358208955223,32.0,28.57142857142857,1.833333333333333,29.729729729729726,-0.6666666666666679,-3.5714285714285774,-0.012894710122855091,-5.123033481242429,3.0,75.0
rework,0.05,1004,350,150,150,0.0,0.05,0.9,8,2,0.0057142857142857,0.3386838171901802,0.3386838171901802,6.188571428571429,8,8,8,0,16,12,12,8,2,2,0,0,1,2,0.0909090909090909,4,1.5,145,129,65,97,80,7,58,7,8,8,0,0.2425373134328358,7.0,7,14,0.5963076923076923,0.9990329670329672,8.125,18.125,12.125,150,0,0,150,1.0,1.0,1.0,1.0,0.0,0.0,10.0,1.0,1.0,1.0,1.0,0.0,75,75,0,150,0.75,1.0,0.5,0.6666666666666666,0.0,0.5,10.0,1.0,0.75,0.6666666666666666,0.6666666666666666,0.0,75,75,0,150,0.75,1.0,0.5,0.6666666666666666,0.0,0.5,10.0,1.0,0.75,0.6666666666666666,0.6666666666666666,0.0,1.0,0.991331757289204,0.9068112175799792,1.0,0.9371428571428572,0.9995665024630542,0.3218899999919813,4.0,50.0,5.0,71.42857142857143,2.0,,2.0,100.0,0.16666666666666674,12.500000000000005,28.0,75.67567567567568,30.0,44.776119402985074,33.0,29.464285714285715,1.958333333333333,31.756756756756747,-0.5416666666666679,-2.90178571428572,-0.00916336683927299,-3.640580879386838,3.0,75.0
rework,0.05,1004,350,150,150,0.0,0.05,0.95,8,2,0.0057142857142857,0.3386838171901802,0.3386838171901802,6.188571428571429,8,8,8,0,16,12,12,8,2,2,0,0,1,2,0.0909090909090909,4,1.5,144,128,64,96,80,6,58,7,8,8,0,0.2388059701492537,7.0,7,14,0.59,1.0,8.0,18.0,12.0,150,0,0,150,1.0,1.0,1.0,1.0,0.0,0.0,10.0,1.0,1.0,1.0,1.0,0.0,150,0,0,150,1.0,1.0,1.0,1.0,0.0,0.0,10.0,1.0,1.0,1.0,1.0,0.0,150,0,0,150,1.0,1.0,1.0,1.0,0.0,0.0,10.0,1.0,1.0,1.0,1.0,0.0,1.0,0.991331757289204,0.9068112175799792,1.0,1.0,1.0,0.2942863749922253,4.0,50.0,5.0,71.42857142857143,2.0,,2.0,100.0,0.16666666666666674,12.500000000000005,27.0,72.97297297297297,29.0,43.28358208955223,32.0,28.57142857142857,1.833333333333333,29.729729729729726,-0.6666666666666679,-3.5714285714285774,-0.012894710122855091,-5.123033481242429,3.0,75.0
rework,0.05,1004,350,150,150,0.0,0.05,0.99,8,2,0.0057142857142857,0.3386838171901802,0.3386838171901802,6.188571428571429,8,8,8,0,16,12,12,8,2,2,0,0,1,2,0.0909090909090909,4,1.5,144,128,64,96,80,6,58,7,8,8,0,0.2388059701492537,7.0,7,14,0.59,1.0,8.0,18.0,12.0,150,0,0,150,1.0,1.0,1.0,1.0,0.0,0.0,10.0,1.0,1.0,1.0,1.0,0.0,150,0,0,150,1.0,1.0,1.0,1.0,0.0,0.0,10.0,1.0,1.0,1.0,1.0,0.0,150,0,0,150,1.0,1.0,1.0,1.0,0.0,0.0,10.0,1.0,1.0,1.0,1.0,0.0,1.0,0.991331757289204,0.9068112175799792,1.0,1.0,1.0,0.2856866670190356,4.0,50.0,5.0,71.42857142857143,2.0,,2.0,100.0,0.16666666666666674,12.500000000000005,27.0,72.97297297297297,29.0,43.28358208955223,32.0,28.57142857142857,1.833333333333333,29.729729729729726,-0.6666666666666679,-3.5714285714285774,-0.012894710122855091,-5.123033481242429,3.0,75.0
rework,0.05,1004,350,150,150,0.0,0.07,0.9,8,2,0.0057142857142857,0.3386838171901802,0.3386838171901802,6.188571428571429,8,8,8,0,16,12,12,8,2,2,0,0,1,2,0.0909090909090909,4,1.5,112,97,37,67,75,7,30,4,8,6,2,0.1380597014925373,3.75,5,5,1.0,0.9983011583011584,4.625,14.0,8.375,150,0,0,150,1.0,1.0,1.0,1.0,0.0,0.0,10.0,1.0,1.0,1.0,1.0,0.0,75,75,30,120,0.65,0.7142857142857143,0.5,0.588235294117647,0.2,0.5,10.0,0.8,0.65,0.588235294117647,0.625,0.036764705882353,75,75,30,120,0.65,0.7142857142857143,0.5,0.588235294117647,0.2,0.5,10.0,0.8,0.65,0.588235294117647,0.625,0.036764705882353,1.0,0.991331757289204,0.9068112175799792,1.0,0.9371428571428572,0.999438775510204,0.2888210419914685,4.0,50.0,5.0,71.42857142857143,2.0,,2.0,100.0,0.16666666666666674,12.500000000000005,0.0,0.0,0.0,0.0,0.0,0.0,-1.541666666666667,-25.000000000000007,-4.666666666666668,-25.000000000000007,-0.1136409787795715,-45.14925373134328,0.0,0.0
rework,0.05,1004,350,150,150,0.0,0.07,0.95,8,2,0.0057142857142857,0.3386838171901802,0.3386838171901802,6.188571428571429,8,8,8,0,16,12,12,8,2,2,0,0,1,2,0.0909090909090909,4,1.5,111,96,36,66,75,6,30,4,8,6,2,0.1343283582089552,3.75,5,5,1.0,1.0,4.5,13.875,8.25,150,0,0,150,1.0,1.0,1.0,1.0,0.0,0.0,10.0,1.0,1.0,1.0,1.0,0.0,150,0,60,90,0.8,0.7142857142857143,1.0,0.8333333333333333,0.4,0.0,10.0,0.6,0.8,0.8333333333333333,0.8695652173913044,0.0362318840579711,150,0,60,90,0.8,0.7142857142857143,1.0,0.8333333333333333,0.4,0.0,10.0,0.6,0.8,0.8333333333333333,0.8695652173913044,0.0362318840579711,1.0,0.991331757289204,0.9068112175799792,1.0,1.0,1.0,0.2862948330002837,4.0,50.0,5.0,71.42857142857143,2.0,,2.0,100.0,0.16666666666666674,12.500000000000005,-1.0,-2.7027027027027026,-1.0,-1.4925373134328357,-1.0,-0.8928571428571428,-1.666666666666667,-27.027027027027028,-4.791666666666668,-25.66964285714286,-0.1173723220631536,-46.63170633319887,0.0,0.0
rework,0.05,1004,350,150,150,0.0,0.07,0.99,8,2,0.0057142857142857,0.3386838171901802,0.3386838171901802,6.188571428571429,8,8,8,0,16,12,12,8,2,2,0,0,1,2,0.0909090909090909,4,1.5,111,96,36,66,75,6,30,4,8,6,2,0.1343283582089552,3.75,5,5,1.0,1.0,4.5,13.875,8.25,150,0,0,150,1.0,1.0,1.0,1.0,0.0,0.0,10.0,1.0,1.0,1.0,1.0,0.0,150,0,60,90,0.8,0.7142857142857143,1.0,0.8333333333333333,0.4,0.0,10.0,0.6,0.8,0.8333333333333333,0.8695652173913044,0.0362318840579711,150,0,60,90,0.8,0.7142857142857143,1.0,0.8333333333333333,0.4,0.0,10.0,0.6,0.8,0.8333333333333333,0.8695652173913044,0.0362318840579711,1.0,0.991331757289204,0.9068112175799792,1.0,1.0,1.0,0.3396049159928225,4.0,50.0,5.0,71.42857142857143,2.0,,2.0,100.0,0.16666666666666674,12.500000000000005,-1.0,-2.7027027027027026,-1.0,-1.4925373134328357,-1.0,-0.8928571428571428,-1.666666666666667,-27.027027027027028,-4.791666666666668,-25.66964285714286,-0.1173723220631536,-46.63170633319887,0.0,0.0
rework,0.05,1005,350,150,150,0.0,0.03,0.9,8,2,0.0057142857142857,0.2924347083090697,0.2924347083090697,6.154285714285714,8,8,8,0,16,12,12,8,2,2,0,0,1,2,0.0909090909090909,4,1.5,145,129,65,97,80,7,58,7,8,8,0,0.2425373134328358,7.0,7,14,0.5913846153846154,0.9992087912087912,8.125,18.125,12.125,150,0,0,150,1.0,1.0,1.0,1.0,0.0,0.0,10.0,1.0,1.0,1.0,1.0,0.0,75,75,0,150,0.75,1.0,0.5,0.6666666666666666,0.0,0.5,10.0,1.0,0.75,0.6666666666666666,0.6666666666666666,0.0,75,75,0,150,0.75,1.0,0.5,0.6666666666666666,0.0,0.5,10.0,1.0,0.75,0.6666666666666666,0.6666666666666666,0.0,1.0,0.992862807295797,0.9011507042227844,1.0,0.9485714285714286,0.9996453201970442,0.3283282500051427,4.0,50.0,5.0,71.42857142857143,2.0,,2.0,100.0,0.16666666666666674,12.500000000000005,28.0,75.67567567567568,30.0,44.776119402985074,33.0,29.464285714285715,1.958333333333333,31.756756756756747,-0.5416666666666679,-2.90178571428572,-0.00916336683927299,-3.640580879386838,3.0,75.0
rework,0.05,1005,350,150,150,0.0,0.03,0.95,8,2,0.0057142857142857,0.2924347083090697,0.2924347083090697,6.154285714285714,8,8,8,0,16,12,12,8,2,2,0,0,1,2,0.0909090909090909,4,1.5,144,128,64,96,80,6,58,7,8,8,0,0.2388059701492537,7.0,7,14,0.585,1.0,8.0,18.0,12.0,150,0,0,150,1.0,1.0,1.0,1.0,0.0,0.0,10.0,1.0,1.0,1.0,1.0,0.0,150,0,0,150,1.0,1.0,1.0,1.0,0.0,0.0,10.0,1.0,1.0,1.0,1.0,0.0,150,0,0,150,1.0,1.0,1.0,1.0,0.0,0.0,10.0,1.0,1.0,1.0,1.0,0.0,1.0,0.992862807295797,0.9011507042227844,1.0,1.0,1.0,0.3095850830140989,4.0,50.0,5.0,71.42857142857143,2.0,,2.0,100.0,0.16666666666666674,12.500000000000005,27.0,72.97297297297297,29.0,43.28358208955223,32.0,28.57142857142857,1.833333333333333,29.729729729729726,-0.6666666666666679,-3.5714285714285774,-0.012894710122855091,-5.123033481242429,3.0,75.0
rework,0.05,1005,350,150,150,0.0,0.03,0.99,8,2,0.0057142857142857,0.2924347083090697,0.2924347083090697,6.154285714285714,8,8,8,0,16,12,12,8,2,2,0,0,1,2,0.0909090909090909,4,1.5,144,128,64,96,80,6,58,7,8,8,0,0.2388059701492537,7.0,7,14,0.585,1.0,8.0,18.0,12.0,150,0,0,150,1.0,1.0,1.0,1.0,0.0,0.0,10.0,1.0,1.0,1.0,1.0,0.0,150,0,0,150,1.0,1.0,1.0,1.0,0.0,0.0,10.0,1.0,1.0,1.0,1.0,0.0,150,0,0,150,1.0,1.0,1.0,1.0,0.0,0.0,10.0,1.0,1.0,1.0,1.0,0.0,1.0,0.992862807295797,0.9011507042227844,1.0,1.0,1.0,0.327104625001084,4.0,50.0,5.0,71.42857142857143,2.0,,2.0,100.0,0.16666666666666674,12.500000000000005,27.0,72.97297297297297,29.0,43.28358208955223,32.0,28.57142857142857,1.833333333333333,29.729729729729726,-0.6666666666666679,-3.5714285714285774,-0.012894710122855091,-5.123033481242429,3.0,75.0
rework,0.05,1005,350,150,150,0.0,0.05,0.9,8,2,0.0057142857142857,0.2924347083090697,0.2924347083090697,6.154285714285714,8,8,8,0,16,12,12,8,2,2,0,0,1,2,0.0909090909090909,4,1.5,145,129,65,97,80,7,58,7,8,8,0,0.2425373134328358,7.0,7,14,0.5913846153846154,0.9992087912087912,8.125,18.125,12.125,150,0,0,150,1.0,1.0,1.0,1.0,0.0,0.0,10.0,1.0,1.0,1.0,1.0,0.0,75,75,0,150,0.75,1.0,0.5,0.6666666666666666,0.0,0.5,10.0,1.0,0.75,0.6666666666666666,0.6666666666666666,0.0,75,75,0,150,0.75,1.0,0.5,0.6666666666666666,0.0,0.5,10.0,1.0,0.75,0.6666666666666666,0.6666666666666666,0.0,1.0,0.992862807295797,0.9011507042227844,1.0,0.9485714285714286,0.9996453201970442,0.3192158750025555,4.0,50.0,5.0,71.42857142857143,2.0,,2.0,100.0,0.16666666666666674,12.500000000000005,28.0,75.67567567567568,30.0,44.776119402985074,33.0,29.464285714285715,1.958333333333333,31.756756756756747,-0.5416666666666679,-2.90178571428572,-0.00916336683927299,-3.640580879386838,3.0,75.0
rework,0.05,1005,350,150,150,0.0,0.05,0.95,8,2,0.0057142857142857,0.2924347083090697,0.2924347083090697,6.154285714285714,8,8,8,0,16,12,12,8,2,2,0,0,1,2,0.0909090909090909,4,1.5,144,128,64,96,80,6,58,7,8,8,0,0.2388059701492537,7.0,7,14,0.585,1.0,8.0,18.0,12.0,150,0,0,150,1.0,1.0,1.0,1.0,0.0,0.0,10.0,1.0,1.0,1.0,1.0,0.0,150,0,0,150,1.0,1.0,1.0,1.0,0.0,0.0,10.0,1.0,1.0,1.0,1.0,0.0,150,0,0,150,1.0,1.0,1.0,1.0,0.0,0.0,10.0,1.0,1.0,1.0,1.0,0.0,1.0,0.992862807295797,0.9011507042227844,1.0,1.0,1.0,0.3029818750219419,4.0,50.0,5.0,71.42857142857143,2.0,,2.0,100.0,0.16666666666666674,12.500000000000005,27.0,72.97297297297297,29.0,43.28358208955223,32.0,28.57142857142857,1.833333333333333,29.729729729729726,-0.6666666666666679,-3.5714285714285774,-0.012894710122855091,-5.123033481242429,3.0,75.0
rework,0.05,1005,350,150,150,0.0,0.05,0.99,8,2,0.0057142857142857,0.2924347083090697,0.2924347083090697,6.154285714285714,8,8,8,0,16,12,12,8,2,2,0,0,1,2,0.0909090909090909,4,1.5,144,128,64,96,80,6,58,7,8,8,0,0.2388059701492537,7.0,7,14,0.585,1.0,8.0,18.0,12.0,150,0,0,150,1.0,1.0,1.0,1.0,0.0,0.0,10.0,1.0,1.0,1.0,1.0,0.0,150,0,0,150,1.0,1.0,1.0,1.0,0.0,0.0,10.0,1.0,1.0,1.0,1.0,0.0,150,0,0,150,1.0,1.0,1.0,1.0,0.0,0.0,10.0,1.0,1.0,1.0,1.0,0.0,1.0,0.992862807295797,0.9011507042227844,1.0,1.0,1.0,0.2957136250042822,4.0,50.0,5.0,71.42857142857143,2.0,,2.0,100.0,0.16666666666666674,12.500000000000005,27.0,72.97297297297297,29.0,43.28358208955223,32.0,28.57142857142857,1.833333333333333,29.729729729729726,-0.6666666666666679,-3.5714285714285774,-0.012894710122855091,-5.123033481242429,3.0,75.0
rework,0.05,1005,350,150,150,0.0,0.07,0.9,8,2,0.0057142857142857,0.2924347083090697,0.2924347083090697,6.154285714285714,8,8,8,0,16,12,12,8,2,2,0,0,1,2,0.0909090909090909,4,1.5,112,97,37,67,75,7,30,4,8,6,2,0.1380597014925373,3.75,5,5,1.0,0.9986100386100386,4.625,14.0,8.375,150,0,0,150,1.0,1.0,1.0,1.0,0.0,0.0,10.0,1.0,1.0,1.0,1.0,0.0,75,75,30,120,0.65,0.7142857142857143,0.5,0.588235294117647,0.2,0.5,10.0,0.8,0.65,0.588235294117647,0.625,0.036764705882353,75,75,30,120,0.65,0.7142857142857143,0.5,0.588235294117647,0.2,0.5,10.0,0.8,0.65,0.588235294117647,0.625,0.036764705882353,1.0,0.992862807295797,0.9011507042227844,1.0,0.9485714285714286,0.9995408163265308,0.2758849159872625,4.0,50.0,5.0,71.42857142857143,2.0,,2.0,100.0,0.16666666666666674,12.500000000000005,0.0,0.0,0.0,0.0,0.0,0.0,-1.541666666666667,-25.000000000000007,-4.666666666666668,-25.000000000000007,-0.1136409787795715,-45.14925373134328,0.0,0.0
rework,0.05,1005,350,150,150,0.0,0.07,0.95,8,2,0.0057142857142857,0.2924347083090697,0.2924347083090697,6.154285714285714,8,8,8,0,16,12,12,8,2,2,0,0,1,2,0.0909090909090909,4,1.5,111,96,36,66,75,6,30,4,8,6,2,0.1343283582089552,3.75,5,5,1.0,1.0,4.5,13.875,8.25,150,0,0,150,1.0,1.0,1.0,1.0,0.0,0.0,10.0,1.0,1.0,1.0,1.0,0.0,150,0,60,90,0.8,0.7142857142857143,1.0,0.8333333333333333,0.4,0.0,10.0,0.6,0.8,0.8333333333333333,0.8695652173913044,0.0362318840579711,150,0,60,90,0.8,0.7142857142857143,1.0,0.8333333333333333,0.4,0.0,10.0,0.6,0.8,0.8333333333333333,0.8695652173913044,0.0362318840579711,1.0,0.992862807295797,0.9011507042227844,1.0,1.0,1.0,0.2876410419994499,4.0,50.0,5.0,71.42857142857143,2.0,,2.0,100.0,0.16666666666666674,12.500000000000005,-1.0,-2.7027027027027026,-1.0,-1.4925373134328357,-1.0,-0.8928571428571428,-1.666666666666667,-27.027027027027028,-4.791666666666668,-25.66964285714286,-0.1173723220631536,-46.63170633319887,0.0,0.0
rework,0.05,1005,350,150,150,0.0,0.07,0.99,8,2,0.0057142857142857,0.2924347083090697,0.2924347083090697,6.154285714285714,8,8,8,0,16,12,12,8,2,2,0,0,1,2,0.0909090909090909,4,1.5,111,96,36,66,75,6,30,4,8,6,2,0.1343283582089552,3.75,5,5,1.0,1.0,4.5,13.875,8.25,150,0,0,150,1.0,1.0,1.0,1.0,0.0,0.0,10.0,1.0,1.0,1.0,1.0,0.0,150,0,60,90,0.8,0.7142857142857143,1.0,0.8333333333333333,0.4,0.0,10.0,0.6,0.8,0.8333333333333333,0.8695652173913044,0.0362318840579711,150,0,60,90,0.8,0.7142857142857143,1.0,0.8333333333333333,0.4,0.0,10.0,0.6,0.8,0.8333333333333333,0.8695652173913044,0.0362318840579711,1.0,0.992862807295797,0.9011507042227844,1.0,1.0,1.0,0.2901647500111721,4.0,50.0,5.0,71.42857142857143,2.0,,2.0,100.0,0.16666666666666674,12.500000000000005,-1.0,-2.7027027027027026,-1.0,-1.4925373134328357,-1.0,-0.8928571428571428,-1.666666666666667,-27.027027027027028,-4.791666666666668,-25.66964285714286,-0.1173723220631536,-46.63170633319887,0.0,0.0
rework,0.05,1006,350,150,150,0.0,0.03,0.9,8,2,0.0057142857142857,0.2679047298713761,0.2679047298713761,6.137142857142857,8,8,8,0,16,12,12,8,2,2,0,0,1,2,0.0909090909090909,4,1.5,145,129,65,97,80,7,58,7,8,8,0,0.2425373134328358,7.0,7,14,0.588923076923077,0.9992967032967034,8.125,18.125,12.125,150,0,0,150,1.0,1.0,1.0,1.0,0.0,0.0,10.0,1.0,1.0,1.0,1.0,0.0,75,75,0,150,0.75,1.0,0.5,0.6666666666666666,0.0,0.5,10.0,1.0,0.75,0.6666666666666666,0.6666666666666666,0.0,75,75,0,150,0.75,1.0,0.5,0.6666666666666666,0.0,0.5,10.0,1.0,0.75,0.6666666666666666,0.6666666666666666,0.0,1.0,0.9936356404136834,0.8975584900923305,1.0,0.9542857142857144,0.9996847290640394,0.3049279999977443,4.0,50.0,5.0,71.42857142857143,2.0,,2.0,100.0,0.16666666666666674,12.500000000000005,28.0,75.67567567567568,30.0,44.776119402985074,33.0,29.464285714285715,1.958333333333333,31.756756756756747,-0.5416666666666679,-2.90178571428572,-0.00916336683927299,-3.640580879386838,3.0,75.0
rework,0.05,1006,350,150,150,0.0,0.03,0.95,8,2,0.0057142857142857,0.2679047298713761,0.2679047298713761,6.137142857142857,8,8,8,0,16,12,12,8,2,2,0,0,1,2,0.0909090909090909,4,1.5,145,129,65,97,80,7,58,7,8,8,0,0.2425373134328358,7.0,7,14,0.588923076923077,0.9992967032967034,8.125,18.125,12.125,150,0,0,150,1.0,1.0,1.0,1.0,0.0,0.0,10.0,1.0,1.0,1.0,1.0,0.0,75,75,0,150,0.75,1.0,0.5,0.6666666666666666,0.0,0.5,10.0,1.0,0.75,0.6666666666666666,0.6666666666666666,0.0,75,75,0,150,0.75,1.0,0.5,0.6666666666666666,0.0,0.5,10.0,1.0,0.75,0.6666666666666666,0.6666666666666666,0.0,1.0,0.9936356404136834,0.8975584900923305,1.0,0.9542857142857144,0.9996847290640394,0.3084219590236898,4.0,50.0,5.0,71.42857142857143,2.0,,2.0,100.0,0.16666666666666674,12.500000000000005,28.0,75.67567567567568,30.0,44.776119402985074,33.0,29.464285714285715,1.958333333333333,31.756756756756747,-0.5416666666666679,-2.90178571428572,-0.00916336683927299,-3.640580879386838,3.0,75.0
rework,0.05,1006,350,150,150,0.0,0.03,0.99,8,2,0.0057142857142857,0.2679047298713761,0.2679047298713761,6.137142857142857,8,8,8,0,16,12,12,8,2,2,0,0,1,2,0.0909090909090909,4,1.5,144,128,64,96,80,6,58,7,8,8,0,0.2388059701492537,7.0,7,14,0.5825,1.0,8.0,18.0,12.0,150,0,0,150,1.0,1.0,1.0,1.0,0.0,0.0,10.0,1.0,1.0,1.0,1.0,0.0,150,0,0,150,1.0,1.0,1.0,1.0,0.0,0.0,10.0,1.0,1.0,1.0,1.0,0.0,150,0,0,150,1.0,1.0,1.0,1.0,0.0,0.0,10.0,1.0,1.0,1.0,1.0,0.0,1.0,0.9936356404136834,0.8975584900923305,1.0,1.0,1.0,0.3100794999918435,4.0,50.0,5.0,71.42857142857143,2.0,,2.0,100.0,0.16666666666666674,12.500000000000005,27.0,72.97297297297297,29.0,43.28358208955223,32.0,28.57142857142857,1.833333333333333,29.729729729729726,-0.6666666666666679,-3.5714285714285774,-0.012894710122855091,-5.123033481242429,3.0,75.0
rework,0.05,1006,350,150,150,0.0,0.05,0.9,8,2,0.0057142857142857,0.2679047298713761,0.2679047298713761,6.137142857142857,8,8,8,0,16,12,12,8,2,2,0,0,1,2,0.0909090909090909,4,1.5,112,97,37,67,75,7,30,4,8,6,2,0.1380597014925373,3.75,5,5,1.0,0.9987644787644788,4.625,14.0,8.375,150,0,0,150,1.0,1.0,1.0,1.0,0.0,0.0,10.0,1.0,1.0,1.0,1.0,0.0,75,75,30,120,0.65,0.7142857142857143,0.5,0.588235294117647,0.2,0.5,10.0,0.8,0.65,0.588235294117647,0.625,0.036764705882353,75,75,30,120,0.65,0.7142857142857143,0.5,0.588235294117647,0.2,0.5,10.0,0.8,0.65,0.588235294117647,0.625,0.036764705882353,1.0,0.9936356404136834,0.8975584900923305,1.0,0.9542857142857144,0.9995918367346938,0.3202587499981746,4.0,50.0,5.0,71.42857142857143,2.0,,2.0,100.0,0.16666666666666674,12.500000000000005,0.0,0.0,0.0,0.0,0.0,0.0,-1.541666666666667,-25.000000000000007,-4.666666666666668,-25.000000000000007,-0.1136409787795715,-45.14925373134328,0.0,0.0
rework,0.05,1006,350,150,150,0.0,0.05,0.95,8,2,0.0057142857142857,0.2679047298713761,0.2679047298713761,6.137142857142857,8,8,8,0,16,12,12,8,2,2,0,0,1,2,0.0909090909090909,4,1.5,112,97,37,67,75,7,30,4,8,6,2,0.1380597014925373,3.75,5,5,1.0,0.9987644787644788,4.625,14.0,8.375,150,0,0,150,1.0,1.0,1.0,1.0,0.0,0.0,10.0,1.0,1.0,1.0,1.0,0.0,75,75,30,120,0.65,0.7142857142857143,0.5,0.588235294117647,0.2,0.5,10.0,0.8,0.65,0.588235294117647,0.625,0.036764705882353,75,75,30,120,0.65,0.7142857142857143,0.5,0.588235294117647,0.2,0.5,10.0,0.8,0.65,0.588235294117647,0.625,0.036764705882353,1.0,0.9936356404136834,0.8975584900923305,1.0,0.9542857142857144,0.9995918367346938,0.3132526669942308,4.0,50.0,5.0,71.42857142857143,2.0,,2.0,100.0,0.16666666666666674,12.500000000000005,0.0,0.0,0.0,0.0,0.0,0.0,-1.541666666666667,-25.000000000000007,-4.666666666666668,-25.000000000000007,-0.1136409787795715,-45.14925373134328,0.0,0.0
rework,0.05,1006,350,150,150,0.0,0.05,0.99,8,2,0.0057142857142857,0.2679047298713761,0.2679047298713761,6.137142857142857,8,8,8,0,16,12,12,8,2,2,0,0,1,2,0.0909090909090909,4,1.5,111,96,36,66,75,6,30,4,8,6,2,0.1343283582089552,3.75,5,5,1.0,1.0,4.5,13.875,8.25,150,0,0,150,1.0,1.0,1.0,1.0,0.0,0.0,10.0,1.0,1.0,1.0,1.0,0.0,150,0,60,90,0.8,0.7142857142857143,1.0,0.8333333333333333,0.4,0.0,10.0,0.6,0.8,0.8333333333333333,0.8695652173913044,0.0362318840579711,150,0,60,90,0.8,0.7142857142857143,1.0,0.8333333333333333,0.4,0.0,10.0,0.6,0.8,0.8333333333333333,0.8695652173913044,0.0362318840579711,1.0,0.9936356404136834,0.8975584900923305,1.0,1.0,1.0,0.3081986249890178,4.0,50.0,5.0,71.42857142857143,2.0,,2.0,100.0,0.16666666666666674,12.500000000000005,-1.0,-2.7027027027027026,-1.0,-1.4925373134328357,-1.0,-0.8928571428571428,-1.666666666666667,-27.027027027027028,-4.791666666666668,-25.66964285714286,-0.1173723220631536,-46.63170633319887,0.0,0.0
rework,0.05,1006,350,150,150,0.0,0.07,0.9,8,2,0.0057142857142857,0.2679047298713761,0.2679047298713761,6.137142857142857,8,8,8,0,16,12,12,8,2,2,0,0,1,2,0.0909090909090909,4,1.5,112,97,37,67,75,7,30,4,8,6,2,0.1380597014925373,3.75,5,5,1.0,0.9987644787644788,4.625,14.0,8.375,150,0,0,150,1.0,1.0,1.0,1.0,0.0,0.0,10.0,1.0,1.0,1.0,1.0,0.0,75,75,30,120,0.65,0.7142857142857143,0.5,0.588235294117647,0.2,0.5,10.0,0.8,0.65,0.588235294117647,0.625,0.036764705882353,75,75,30,120,0.65,0.7142857142857143,0.5,0.588235294117647,0.2,0.5,10.0,0.8,0.65,0.588235294117647,0.625,0.036764705882353,1.0,0.9936356404136834,0.8975584900923305,1.0,0.9542857142857144,0.9995918367346938,0.3079919579904526,4.0,50.0,5.0,71.42857142857143,2.0,,2.0,100.0,0.16666666666666674,12.500000000000005,0.0,0.0,0.0,0.0,0.0,0.0,-1.541666666666667,-25.000000000000007,-4.666666666666668,-25.000000000000007,-0.1136409787795715,-45.14925373134328,0.0,0.0
rework,0.05,1006,350,150,150,0.0,0.07,0.95,8,2,0.0057142857142857,0.2679047298713761,0.2679047298713761,6.137142857142857,8,8,8,0,16,12,12,8,2,2,0,0,1,2,0.0909090909090909,4,1.5,112,97,37,67,75,7,30,4,8,6,2,0.1380597014925373,3.75,5,5,1.0,0.9987644787644788,4.625,14.0,8.375,150,0,0,150,1.0,1.0,1.0,1.0,0.0,0.0,10.0,1.0,1.0,1.0,1.0,0.0,75,75,30,120,0.65,0.7142857142857143,0.5,0.588235294117647,0.2,0.5,10.0,0.8,0.65,0.588235294117647,0.625,0.036764705882353,75,75,30,120,0.65,0.7142857142857143,0.5,0.588235294117647,0.2,0.5,10.0,0.8,0.65,0.588235294117647,0.625,0.036764705882353,1.0,0.9936356404136834,0.8975584900923305,1.0,0.9542857142857144,0.9995918367346938,0.2576704999955836,4.0,50.0,5.0,71.42857142857143,2.0,,2.0,100.0,0.16666666666666674,12.500000000000005,0.0,0.0,0.0,0.0,0.0,0.0,-1.541666666666667,-25.000000000000007,-4.666666666666668,-25.000000000000007,-0.1136409787795715,-45.14925373134328,0.0,0.0
rework,0.05,1006,350,150,150,0.0,0.07,0.99,8,2,0.0057142857142857,0.2679047298713761,0.2679047298713761,6.137142857142857,8,8,8,0,16,12,12,8,2,2,0,0,1,2,0.0909090909090909,4,1.5,111,96,36,66,75,6,30,4,8,6,2,0.1343283582089552,3.75,5,5,1.0,1.0,4.5,13.875,8.25,150,0,0,150,1.0,1.0,1.0,1.0,0.0,0.0,10.0,1.0,1.0,1.0,1.0,0.0,150,0,60,90,0.8,0.7142857142857143,1.0,0.8333333333333333,0.4,0.0,10.0,0.6,0.8,0.8333333333333333,0.8695652173913044,0.0362318840579711,150,0,60,90,0.8,0.7142857142857143,1.0,0.8333333333333333,0.4,0.0,10.0,0.6,0.8,0.8333333333333333,0.8695652173913044,0.0362318840579711,1.0,0.9936356404136834,0.8975584900923305,1.0,1.0,1.0,0.2862460000033024,4.0,50.0,5.0,71.42857142857143,2.0,,2.0,100.0,0.16666666666666674,12.500000000000005,-1.0,-2.7027027027027026,-1.0,-1.4925373134328357,-1.0,-0.8928571428571428,-1.666666666666667,-27.027027027027028,-4.791666666666668,-25.66964285714286,-0.1173723220631536,-46.63170633319887,0.0,0.0
rework,0.05,1007,350,150,150,0.0,0.03,0.9,8,2,0.0057142857142857,0.3712323266408756,0.3712323266408756,6.214285714285714,8,8,8,0,16,12,12,8,2,2,0,0,1,2,0.0909090909090909,4,1.5,145,129,65,97,80,7,58,7,8,8,0,0.2425373134328358,7.0,7,14,0.6,0.9989010989010988,8.125,18.125,12.125,150,0,0,150,1.0,1.0,1.0,1.0,0.0,0.0,10.0,1.0,1.0,1.0,1.0,0.0,75,75,0,150,0.75,1.0,0.5,0.6666666666666666,0.0,0.5,10.0,1.0,0.75,0.6666666666666666,0.6666666666666666,0.0,75,75,0,150,0.75,1.0,0.5,0.6666666666666666,0.0,0.5,10.0,1.0,0.75,0.6666666666666666,0.6666666666666666,0.0,1.0,0.9901960784313726,0.910137372517268,1.0,0.9285714285714286,0.9995073891625617,0.2882637080037966,4.0,50.0,5.0,71.42857142857143,2.0,,2.0,100.0,0.16666666666666674,12.500000000000005,28.0,75.67567567567568,30.0,44.776119402985074,33.0,29.464285714285715,1.958333333333333,31.756756756756747,-0.5416666666666679,-2.90178571428572,-0.00916336683927299,-3.640580879386838,3.0,75.0
rework,0.05,1007,350,150,150,0.0,0.03,0.95,8,2,0.0057142857142857,0.3712323266408756,0.3712323266408756,6.214285714285714,8,8,8,0,16,12,12,8,2,2,0,0,1,2,0.0909090909090909,4,1.5,144,128,64,96,80,6,58,7,8,8,0,0.2388059701492537,7.0,7,14,0.59375,1.0,8.0,18.0,12.0,150,0,0,150,1.0,1.0,1.0,1.0,0.0,0.0,10.0,1.0,1.0,1.0,1.0,0.0,150,0,0,150,1.0,1.0,1.0,1.0,0.0,0.0,10.0,1.0,1.0,1.0,1.0,0.0,150,0,0,150,1.0,1.0,1.0,1.0,0.0,0.0,10.0,1.0,1.0,1.0,1.0,0.0,1.0,0.9901960784313726,0.910137372517268,1.0,1.0,1.0,0.3396097920194734,4.0,50.0,5.0,71.42857142857143,2.0,,2.0,100.0,0.16666666666666674,12.500000000000005,27.0,72.97297297297297,29.0,43.28358208955223,32.0,28.57142857142857,1.833333333333333,29.729729729729726,-0.6666666666666679,-3.5714285714285774,-0.012894710122855091,-5.123033481242429,3.0,75.0
rework,0.05,1007,350,150,150,0.0,0.03,0.99,8,2,0.0057142857142857,0.3712323266408756,0.3712323266408756,6.214285714285714,8,8,8,0,16,12,12,8,2,2,0,0,1,2,0.0909090909090909,4,1.5,144,128,64,96,80,6,58,7,8,8,0,0.2388059701492537,7.0,7,14,0.59375,1.0,8.0,18.0,12.0,150,0,0,150,1.0,1.0,1.0,1.0,0.0,0.0,10.0,1.0,1.0,1.0,1.0,0.0,150,0,0,150,1.0,1.0,1.0,1.0,0.0,0.0,10.0,1.0,1.0,1.0,1.0,0.0,150,0,0,150,1.0,1.0,1.0,1.0,0.0,0.0,10.0,1.0,1.0,1.0,1.0,0.0,1.0,0.9901960784313726,0.910137372517268,1.0,1.0,1.0,0.3185165419999975,4.0,50.0,5.0,71.42857142857143,2.0,,2.0,100.0,0.16666666666666674,12.500000000000005,27.0,72.97297297297297,29.0,43.28358208955223,32.0,28.57142857142857,1.833333333333333,29.729729729729726,-0.6666666666666679,-3.5714285714285774,-0.012894710122855091,-5.123033481242429,3.0,75.0
rework,0.05,1007,350,150,150,0.0,0.05,0.9,8,2,0.0057142857142857,0.3712323266408756,0.3712323266408756,6.214285714285714,8,8,8,0,16,12,12,8,2,2,0,0,1,2,0.0909090909090909,4,1.5,145,129,65,97,80,7,58,7,8,8,0,0.2425373134328358,7.0,7,14,0.6,0.9989010989010988,8.125,18.125,12.125,150,0,0,150,1.0,1.0,1.0,1.0,0.0,0.0,10.0,1.0,1.0,1.0,1.0,0.0,75,75,0,150,0.75,1.0,0.5,0.6666666666666666,0.0,0.5,10.0,1.0,0.75,0.6666666666666666,0.6666666666666666,0.0,75,75,0,150,0.75,1.0,0.5,0.6666666666666666,0.0,0.5,10.0,1.0,0.75,0.6666666666666666,0.6666666666666666,0.0,1.0,0.9901960784313726,0.910137372517268,1.0,0.9285714285714286,0.9995073891625617,0.3235970420064404,4.0,50.0,5.0,71.42857142857143,2.0,,2.0,100.0,0.16666666666666674,12.500000000000005,28.0,75.67567567567568,30.0,44.776119402985074,33.0,29.464285714285715,1.958333333333333,31.756756756756747,-0.5416666666666679,-2.90178571428572,-0.00916336683927299,-3.640580879386838,3.0,75.0
rework,0.05,1007,350,150,150,0.0,0.05,0.95,8,2,0.0057142857142857,0.3712323266408756,0.3712323266408756,6.214285714285714,8,8,8,0,16,12,12,8,2,2,0,0,1,2,0.0909090909090909,4,1.5,144,128,64,96,80,6,58,7,8,8,0,0.2388059701492537,7.0,7,14,0.59375,1.0,8.0,18.0,12.0,150,0,0,150,1.0,1.0,1.0,1.0,0.0,0.0,10.0,1.0,1.0,1.0,1.0,0.0,150,0,0,150,1.0,1.0,1.0,1.0,0.0,0.0,10.0,1.0,1.0,1.0,1.0,0.0,150,0,0,150,1.0,1.0,1.0,1.0,0.0,0.0,10.0,1.0,1.0,1.0,1.0,0.0,1.0,0.9901960784313726,0.910137372517268,1.0,1.0,1.0,0.2884800839819945,4.0,50.0,5.0,71.42857142857143,2.0,,2.0,100.0,0.16666666666666674,12.500000000000005,27.0,72.97297297297297,29.0,43.28358208955223,32.0,28.57142857142857,1.833333333333333,29.729729729729726,-0.6666666666666679,-3.5714285714285774,-0.012894710122855091,-5.123033481242429,3.0,75.0
rework,0.05,1007,350,150,150,0.0,0.05,0.99,8,2,0.0057142857142857,0.3712323266408756,0.3712323266408756,6.214285714285714,8,8,8,0,16,12,12,8,2,2,0,0,1,2,0.0909090909090909,4,1.5,144,128,64,96,80,6,58,7,8,8,0,0.2388059701492537,7.0,7,14,0.59375,1.0,8.0,18.0,12.0,150,0,0,150,1.0,1.0,1.0,1.0,0.0,0.0,10.0,1.0,1.0,1.0,1.0,0.0,150,0,0,150,1.0,1.0,1.0,1.0,0.0,0.0,10.0,1.0,1.0,1.0,1.0,0.0,150,0,0,150,1.0,1.0,1.0,1.0,0.0,0.0,10.0,1.0,1.0,1.0,1.0,0.0,1.0,0.9901960784313726,0.910137372517268,1.0,1.0,1.0,0.2998962080164347,4.0,50.0,5.0,71.42857142857143,2.0,,2.0,100.0,0.16666666666666674,12.500000000000005,27.0,72.97297297297297,29.0,43.28358208955223,32.0,28.57142857142857,1.833333333333333,29.729729729729726,-0.6666666666666679,-3.5714285714285774,-0.012894710122855091,-5.123033481242429,3.0,75.0
rework,0.05,1007,350,150,150,0.0,0.07,0.9,8,2,0.0057142857142857,0.3712323266408756,0.3712323266408756,6.214285714285714,8,8,8,0,16,12,12,8,2,2,0,0,1,2,0.0909090909090909,4,1.5,145,129,65,97,80,7,58,7,8,8,0,0.2425373134328358,7.0,7,14,0.6,0.9989010989010988,8.125,18.125,12.125,150,0,0,150,1.0,1.0,1.0,1.0,0.0,0.0,10.0,1.0,1.0,1.0,1.0,0.0,75,75,0,150,0.75,1.0,0.5,0.6666666666666666,0.0,0.5,10.0,1.0,0.75,0.6666666666666666,0.6666666666666666,0.0,75,75,0,150,0.75,1.0,0.5,0.6666666666666666,0.0,0.5,10.0,1.0,0.75,0.6666666666666666,0.6666666666666666,0.0,1.0,0.9901960784313726,0.910137372517268,1.0,0.9285714285714286,0.9995073891625617,0.3138884580112062,4.0,50.0,5.0,71.42857142857143,2.0,,2.0,100.0,0.16666666666666674,12.500000000000005,28.0,75.67567567567568,30.0,44.776119402985074,33.0,29.464285714285715,1.958333333333333,31.756756756756747,-0.5416666666666679,-2.90178571428572,-0.00916336683927299,-3.640580879386838,3.0,75.0
rework,0.05,1007,350,150,150,0.0,0.07,0.95,8,2,0.0057142857142857,0.3712323266408756,0.3712323266408756,6.214285714285714,8,8,8,0,16,12,12,8,2,2,0,0,1,2,0.0909090909090909,4,1.5,144,128,64,96,80,6,58,7,8,8,0,0.2388059701492537,7.0,7,14,0.59375,1.0,8.0,18.0,12.0,150,0,0,150,1.0,1.0,1.0,1.0,0.0,0.0,10.0,1.0,1.0,1.0,1.0,0.0,150,0,0,150,1.0,1.0,1.0,1.0,0.0,0.0,10.0,1.0,1.0,1.0,1.0,0.0,150,0,0,150,1.0,1.0,1.0,1.0,0.0,0.0,10.0,1.0,1.0,1.0,1.0,0.0,1.0,0.9901960784313726,0.910137372517268,1.0,1.0,1.0,0.2969611250155139,4.0,50.0,5.0,71.42857142857143,2.0,,2.0,100.0,0.16666666666666674,12.500000000000005,27.0,72.97297297297297,29.0,43.28358208955223,32.0,28.57142857142857,1.833333333333333,29.729729729729726,-0.6666666666666679,-3.5714285714285774,-0.012894710122855091,-5.123033481242429,3.0,75.0
rework,0.05,1007,350,150,150,0.0,0.07,0.99,8,2,0.0057142857142857,0.3712323266408756,0.3712323266408756,6.214285714285714,8,8,8,0,16,12,12,8,2,2,0,0,1,2,0.0909090909090909,4,1.5,144,128,64,96,80,6,58,7,8,8,0,0.2388059701492537,7.0,7,14,0.59375,1.0,8.0,18.0,12.0,150,0,0,150,1.0,1.0,1.0,1.0,0.0,0.0,10.0,1.0,1.0,1.0,1.0,0.0,150,0,0,150,1.0,1.0,1.0,1.0,0.0,0.0,10.0,1.0,1.0,1.0,1.0,0.0,150,0,0,150,1.0,1.0,1.0,1.0,0.0,0.0,10.0,1.0,1.0,1.0,1.0,0.0,1.0,0.9901960784313726,0.910137372517268,1.0,1.0,1.0,0.3103151250106748,4.0,50.0,5.0,71.42857142857143,2.0,,2.0,100.0,0.16666666666666674,12.500000000000005,27.0,72.97297297297297,29.0,43.28358208955223,32.0,28.57142857142857,1.833333333333333,29.729729729729726,-0.6666666666666679,-3.5714285714285774,-0.012894710122855091,-5.123033481242429,3.0,75.0
rework,0.05,1008,350,150,150,0.0,0.03,0.9,8,2,0.0057142857142857,0.2154488276265225,0.2154488276265225,6.102857142857143,8,8,8,0,16,12,12,8,2,2,0,0,1,2,0.0909090909090909,4,1.5,145,129,65,97,80,7,58,7,8,8,0,0.2425373134328358,7.0,7,14,0.584,0.9994725274725276,8.125,18.125,12.125,150,0,0,150,1.0,1.0,1.0,1.0,0.0,0.0,10.0,1.0,1.0,1.0,1.0,0.0,75,75,0,150,0.75,1.0,0.5,0.6666666666666666,0.0,0.5,10.0,1.0,0.75,0.6666666666666666,0.6666666666666666,0.0,75,75,0,150,0.75,1.0,0.5,0.6666666666666666,0.0,0.5,10.0,1.0,0.75,0.6666666666666666,0.6666666666666666,0.0,1.0,0.9951961569255404,0.8878537069718982,1.0,0.9657142857142856,0.9997635467980296,0.3139482499973383,4.0,50.0,5.0,71.42857142857143,2.0,,2.0,100.0,0.16666666666666674,12.500000000000005,28.0,75.67567567567568,30.0,44.776119402985074,33.0,29.464285714285715,1.958333333333333,31.756756756756747,-0.5416666666666679,-2.90178571428572,-0.00916336683927299,-3.640580879386838,3.0,75.0
rework,0.05,1008,350,150,150,0.0,0.03,0.95,8,2,0.0057142857142857,0.2154488276265225,0.2154488276265225,6.102857142857143,8,8,8,0,16,12,12,8,2,2,0,0,1,2,0.0909090909090909,4,1.5,145,129,65,97,80,7,58,7,8,8,0,0.2425373134328358,7.0,7,14,0.584,0.9994725274725276,8.125,18.125,12.125,150,0,0,150,1.0,1.0,1.0,1.0,0.0,0.0,10.0,1.0,1.0,1.0,1.0,0.0,75,75,0,150,0.75,1.0,0.5,0.6666666666666666,0.0,0.5,10.0,1.0,0.75,0.6666666666666666,0.6666666666666666,0.0,75,75,0,150,0.75,1.0,0.5,0.6666666666666666,0.0,0.5,10.0,1.0,0.75,0.6666666666666666,0.6666666666666666,0.0,1.0,0.9951961569255404,0.8878537069718982,1.0,0.9657142857142856,0.9997635467980296,0.32569679201697,4.0,50.0,5.0,71.42857142857143,2.0,,2.0,100.0,0.16666666666666674,12.500000000000005,28.0,75.67567567567568,30.0,44.776119402985074,33.0,29.464285714285715,1.958333333333333,31.756756756756747,-0.5416666666666679,-2.90178571428572,-0.00916336683927299,-3.640580879386838,3.0,75.0
rework,0.05,1008,350,150,150,0.0,0.03,0.99,8,2,0.0057142857142857,0.2154488276265225,0.2154488276265225,6.102857142857143,8,8,8,0,16,12,12,8,2,2,0,0,1,2,0.0909090909090909,4,1.5,144,128,64,96,80,6,58,7,8,8,0,0.2388059701492537,7.0,7,14,0.5775,1.0,8.0,18.0,12.0,150,0,0,150,1.0,1.0,1.0,1.0,0.0,0.0,10.0,1.0,1.0,1.0,1.0,0.0,150,0,0,150,1.0,1.0,1.0,1.0,0.0,0.0,10.0,1.0,1.0,1.0,1.0,0.0,150,0,0,150,1.0,1.0,1.0,1.0,0.0,0.0,10.0,1.0,1.0,1.0,1.0,0.0,1.0,0.9951961569255404,0.8878537069718982,1.0,1.0,1.0,0.6805393750255462,4.0,50.0,5.0,71.42857142857143,2.0,,2.0,100.0,0.16666666666666674,12.500000000000005,27.0,72.97297297297297,29.0,43.28358208955223,32.0,28.57142857142857,1.833333333333333,29.729729729729726,-0.6666666666666679,-3.5714285714285774,-0.012894710122855091,-5.123033481242429,3.0,75.0
rework,0.05,1008,350,150,150,0.0,0.05,0.9,8,2,0.0057142857142857,0.2154488276265225,0.2154488276265225,6.102857142857143,8,8,8,0,16,12,12,8,2,2,0,0,1,2,0.0909090909090909,4,1.5,112,97,37,67,75,7,30,4,8,6,2,0.1380597014925373,3.75,5,5,1.0,0.999073359073359,4.625,14.0,8.375,150,0,0,150,1.0,1.0,1.0,1.0,0.0,0.0,10.0,1.0,1.0,1.0,1.0,0.0,75,75,30,120,0.65,0.7142857142857143,0.5,0.588235294117647,0.2,0.5,10.0,0.8,0.65,0.588235294117647,0.625,0.036764705882353,75,75,30,120,0.65,0.7142857142857143,0.5,0.588235294117647,0.2,0.5,10.0,0.8,0.65,0.588235294117647,0.625,0.036764705882353,1.0,0.9951961569255404,0.8878537069718982,1.0,0.9657142857142856,0.9996938775510203,0.3209340419853106,4.0,50.0,5.0,71.42857142857143,2.0,,2.0,100.0,0.16666666666666674,12.500000000000005,0.0,0.0,0.0,0.0,0.0,0.0,-1.541666666666667,-25.000000000000007,-4.666666666666668,-25.000000000000007,-0.1136409787795715,-45.14925373134328,0.0,0.0
rework,0.05,1008,350,150,150,0.0,0.05,0.95,8,2,0.0057142857142857,0.2154488276265225,0.2154488276265225,6.102857142857143,8,8,8,0,16,12,12,8,2,2,0,0,1,2,0.0909090909090909,4,1.5,112,97,37,67,75,7,30,4,8,6,2,0.1380597014925373,3.75,5,5,1.0,0.999073359073359,4.625,14.0,8.375,150,0,0,150,1.0,1.0,1.0,1.0,0.0,0.0,10.0,1.0,1.0,1.0,1.0,0.0,75,75,30,120,0.65,0.7142857142857143,0.5,0.588235294117647,0.2,0.5,10.0,0.8,0.65,0.588235294117647,0.625,0.036764705882353,75,75,30,120,0.65,0.7142857142857143,0.5,0.588235294117647,0.2,0.5,10.0,0.8,0.65,0.588235294117647,0.625,0.036764705882353,1.0,0.9951961569255404,0.8878537069718982,1.0,0.9657142857142856,0.9996938775510203,0.3051208330143709,4.0,50.0,5.0,71.42857142857143,2.0,,2.0,100.0,0.16666666666666674,12.500000000000005,0.0,0.0,0.0,0.0,0.0,0.0,-1.541666666666667,-25.000000000000007,-4.666666666666668,-25.000000000000007,-0.1136409787795715,-45.14925373134328,0.0,0.0
rework,0.05,1008,350,150,150,0.0,0.05,0.99,8,2,0.0057142857142857,0.2154488276265225,0.2154488276265225,6.102857142857143,8,8,8,0,16,12,12,8,2,2,0,0,1,2,0.0909090909090909,4,1.5,111,96,36,66,75,6,30,4,8,6,2,0.1343283582089552,3.75,5,5,1.0,1.0,4.5,13.875,8.25,150,0,0,150,1.0,1.0,1.0,1.0,0.0,0.0,10.0,1.0,1.0,1.0,1.0,0.0,150,0,60,90,0.8,0.7142857142857143,1.0,0.8333333333333333,0.4,0.0,10.0,0.6,0.8,0.8333333333333333,0.8695652173913044,0.0362318840579711,150,0,60,90,0.8,0.7142857142857143,1.0,0.8333333333333333,0.4,0.0,10.0,0.6,0.8,0.8333333333333333,0.8695652173913044,0.0362318840579711,1.0,0.9951961569255404,0.8878537069718982,1.0,1.0,1.0,0.2710816659964621,4.0,50.0,5.0,71.42857142857143,2.0,,2.0,100.0,0.16666666666666674,12.500000000000005,-1.0,-2.7027027027027026,-1.0,-1.4925373134328357,-1.0,-0.8928571428571428,-1.666666666666667,-27.027027027027028,-4.791666666666668,-25.66964285714286,-0.1173723220631536,-46.63170633319887,0.0,0.0
rework,0.05,1008,350,150,150,0.0,0.07,0.9,8,2,0.0057142857142857,0.2154488276265225,0.2154488276265225,6.102857142857143,8,8,8,0,16,12,12,8,2,2,0,0,1,2,0.0909090909090909,4,1.5,112,97,37,67,75,7,30,4,8,6,2,0.1380597014925373,3.75,5,5,1.0,0.999073359073359,4.625,14.0,8.375,150,0,0,150,1.0,1.0,1.0,1.0,0.0,0.0,10.0,1.0,1.0,1.0,1.0,0.0,75,75,30,120,0.65,0.7142857142857143,0.5,0.588235294117647,0.2,0.5,10.0,0.8,0.65,0.588235294117647,0.625,0.036764705882353,75,75,30,120,0.65,0.7142857142857143,0.5,0.588235294117647,0.2,0.5,10.0,0.8,0.65,0.588235294117647,0.625,0.036764705882353,1.0,0.9951961569255404,0.8878537069718982,1.0,0.9657142857142856,0.9996938775510203,0.2999395000224467,4.0,50.0,5.0,71.42857142857143,2.0,,2.0,100.0,0.16666666666666674,12.500000000000005,0.0,0.0,0.0,0.0,0.0,0.0,-1.541666666666667,-25.000000000000007,-4.666666666666668,-25.000000000000007,-0.1136409787795715,-45.14925373134328,0.0,0.0
rework,0.05,1008,350,150,150,0.0,0.07,0.95,8,2,0.0057142857142857,0.2154488276265225,0.2154488276265225,6.102857142857143,8,8,8,0,16,12,12,8,2,2,0,0,1,2,0.0909090909090909,4,1.5,112,97,37,67,75,7,30,4,8,6,2,0.1380597014925373,3.75,5,5,1.0,0.999073359073359,4.625,14.0,8.375,150,0,0,150,1.0,1.0,1.0,1.0,0.0,0.0,10.0,1.0,1.0,1.0,1.0,0.0,75,75,30,120,0.65,0.7142857142857143,0.5,0.588235294117647,0.2,0.5,10.0,0.8,0.65,0.588235294117647,0.625,0.036764705882353,75,75,30,120,0.65,0.7142857142857143,0.5,0.588235294117647,0.2,0.5,10.0,0.8,0.65,0.588235294117647,0.625,0.036764705882353,1.0,0.9951961569255404,0.8878537069718982,1.0,0.9657142857142856,0.9996938775510203,0.2836459999962244,4.0,50.0,5.0,71.42857142857143,2.0,,2.0,100.0,0.16666666666666674,12.500000000000005,0.0,0.0,0.0,0.0,0.0,0.0,-1.541666666666667,-25.000000000000007,-4.666666666666668,-25.000000000000007,-0.1136409787795715,-45.14925373134328,0.0,0.0
rework,0.05,1008,350,150,150,0.0,0.07,0.99,8,2,0.0057142857142857,0.2154488276265225,0.2154488276265225,6.102857142857143,8,8,8,0,16,12,12,8,2,2,0,0,1,2,0.0909090909090909,4,1.5,111,96,36,66,75,6,30,4,8,6,2,0.1343283582089552,3.75,5,5,1.0,1.0,4.5,13.875,8.25,150,0,0,150,1.0,1.0,1.0,1.0,0.0,0.0,10.0,1.0,1.0,1.0,1.0,0.0,150,0,60,90,0.8,0.7142857142857143,1.0,0.8333333333333333,0.4,0.0,10.0,0.6,0.8,0.8333333333333333,0.8695652173913044,0.0362318840579711,150,0,60,90,0.8,0.7142857142857143,1.0,0.8333333333333333,0.4,0.0,10.0,0.6,0.8,0.8333333333333333,0.8695652173913044,0.0362318840579711,1.0,0.9951961569255404,0.8878537069718982,1.0,1.0,1.0,0.278225541987922,4.0,50.0,5.0,71.42857142857143,2.0,,2.0,100.0,0.16666666666666674,12.500000000000005,-1.0,-2.7027027027027026,-1.0,-1.4925373134328357,-1.0,-0.8928571428571428,-1.666666666666667,-27.027027027027028,-4.791666666666668,-25.66964285714286,-0.1173723220631536,-46.63170633319887,0.0,0.0
rework,0.05,1009,350,150,150,0.0,0.03,0.9,8,2,0.0057142857142857,0.2290353187062702,0.2290353187062702,6.111428571428571,8,8,8,0,16,12,12,8,2,2,0,0,1,2,0.0909090909090909,4,1.5,145,129,65,97,80,7,58,7,8,8,0,0.2425373134328358,7.0,7,14,0.5852307692307692,0.9994285714285714,8.125,18.125,12.125,150,0,0,150,1.0,1.0,1.0,1.0,0.0,0.0,10.0,1.0,1.0,1.0,1.0,0.0,75,75,0,150,0.75,1.0,0.5,0.6666666666666666,0.0,0.5,10.0,1.0,0.75,0.6666666666666666,0.6666666666666666,0.0,75,75,0,150,0.75,1.0,0.5,0.6666666666666666,0.0,0.5,10.0,1.0,0.75,0.6666666666666666,0.6666666666666666,0.0,1.0,0.9948041566746604,0.8906940217192748,1.0,0.9628571428571427,0.999743842364532,0.2927517079806421,4.0,50.0,5.0,71.42857142857143,2.0,,2.0,100.0,0.16666666666666674,12.500000000000005,28.0,75.67567567567568,30.0,44.776119402985074,33.0,29.464285714285715,1.958333333333333,31.756756756756747,-0.5416666666666679,-2.90178571428572,-0.00916336683927299,-3.640580879386838,3.0,75.0
rework,0.05,1009,350,150,150,0.0,0.03,0.95,8,2,0.0057142857142857,0.2290353187062702,0.2290353187062702,6.111428571428571,8,8,8,0,16,12,12,8,2,2,0,0,1,2,0.0909090909090909,4,1.5,145,129,65,97,80,7,58,7,8,8,0,0.2425373134328358,7.0,7,14,0.5852307692307692,0.9994285714285714,8.125,18.125,12.125,150,0,0,150,1.0,1.0,1.0,1.0,0.0,0.0,10.0,1.0,1.0,1.0,1.0,0.0,75,75,0,150,0.75,1.0,0.5,0.6666666666666666,0.0,0.5,10.0,1.0,0.75,0.6666666666666666,0.6666666666666666,0.0,75,75,0,150,0.75,1.0,0.5,0.6666666666666666,0.0,0.5,10.0,1.0,0.75,0.6666666666666666,0.6666666666666666,0.0,1.0,0.9948041566746604,0.8906940217192748,1.0,0.9628571428571427,0.999743842364532,0.2992999580164905,4.0,50.0,5.0,71.42857142857143,2.0,,2.0,100.0,0.16666666666666674,12.500000000000005,28.0,75.67567567567568,30.0,44.776119402985074,33.0,29.464285714285715,1.958333333333333,31.756756756756747,-0.5416666666666679,-2.90178571428572,-0.00916336683927299,-3.640580879386838,3.0,75.0
rework,0.05,1009,350,150,150,0.0,0.03,0.99,8,2,0.0057142857142857,0.2290353187062702,0.2290353187062702,6.111428571428571,8,8,8,0,16,12,12,8,2,2,0,0,1,2,0.0909090909090909,4,1.5,144,128,64,96,80,6,58,7,8,8,0,0.2388059701492537,7.0,7,14,0.57875,1.0,8.0,18.0,12.0,150,0,0,150,1.0,1.0,1.0,1.0,0.0,0.0,10.0,1.0,1.0,1.0,1.0,0.0,150,0,0,150,1.0,1.0,1.0,1.0,0.0,0.0,10.0,1.0,1.0,1.0,1.0,0.0,150,0,0,150,1.0,1.0,1.0,1.0,0.0,0.0,10.0,1.0,1.0,1.0,1.0,0.0,1.0,0.9948041566746604,0.8906940217192748,1.0,1.0,1.0,0.3098438750021159,4.0,50.0,5.0,71.42857142857143,2.0,,2.0,100.0,0.16666666666666674,12.500000000000005,27.0,72.97297297297297,29.0,43.28358208955223,32.0,28.57142857142857,1.833333333333333,29.729729729729726,-0.6666666666666679,-3.5714285714285774,-0.012894710122855091,-5.123033481242429,3.0,75.0
rework,0.05,1009,350,150,150,0.0,0.05,0.9,8,2,0.0057142857142857,0.2290353187062702,0.2290353187062702,6.111428571428571,8,8,8,0,16,12,12,8,2,2,0,0,1,2,0.0909090909090909,4,1.5,112,97,37,67,75,7,30,4,8,6,2,0.1380597014925373,3.75,5,5,1.0,0.998996138996139,4.625,14.0,8.375,150,0,0,150,1.0,1.0,1.0,1.0,0.0,0.0,10.0,1.0,1.0,1.0,1.0,0.0,75,75,30,120,0.65,0.7142857142857143,0.5,0.588235294117647,0.2,0.5,10.0,0.8,0.65,0.588235294117647,0.625,0.036764705882353,75,75,30,120,0.65,0.7142857142857143,0.5,0.588235294117647,0.2,0.5,10.0,0.8,0.65,0.588235294117647,0.625,0.036764705882353,1.0,0.9948041566746604,0.8906940217192748,1.0,0.9628571428571427,0.9996683673469388,0.2860407909902278,4.0,50.0,5.0,71.42857142857143,2.0,,2.0,100.0,0.16666666666666674,12.500000000000005,0.0,0.0,0.0,0.0,0.0,0.0,-1.541666666666667,-25.000000000000007,-4.666666666666668,-25.000000000000007,-0.1136409787795715,-45.14925373134328,0.0,0.0
rework,0.05,1009,350,150,150,0.0,0.05,0.95,8,2,0.0057142857142857,0.2290353187062702,0.2290353187062702,6.111428571428571,8,8,8,0,16,12,12,8,2,2,0,0,1,2,0.0909090909090909,4,1.5,112,97,37,67,75,7,30,4,8,6,2,0.1380597014925373,3.75,5,5,1.0,0.998996138996139,4.625,14.0,8.375,150,0,0,150,1.0,1.0,1.0,1.0,0.0,0.0,10.0,1.0,1.0,1.0,1.0,0.0,75,75,30,120,0.65,0.7142857142857143,0.5,0.588235294117647,0.2,0.5,10.0,0.8,0.65,0.588235294117647,0.625,0.036764705882353,75,75,30,120,0.65,0.7142857142857143,0.5,0.588235294117647,0.2,0.5,10.0,0.8,0.65,0.588235294117647,0.625,0.036764705882353,1.0,0.9948041566746604,0.8906940217192748,1.0,0.9628571428571427,0.9996683673469388,0.2782973750145174,4.0,50.0,5.0,71.42857142857143,2.0,,2.0,100.0,0.16666666666666674,12.500000000000005,0.0,0.0,0.0,0.0,0.0,0.0,-1.541666666666667,-25.000000000000007,-4.666666666666668,-25.000000000000007,-0.1136409787795715,-45.14925373134328,0.0,0.0
rework,0.05,1009,350,150,150,0.0,0.05,0.99,8,2,0.0057142857142857,0.2290353187062702,0.2290353187062702,6.111428571428571,8,8,8,0,16,12,12,8,2,2,0,0,1,2,0.0909090909090909,4,1.5,111,96,36,66,75,6,30,4,8,6,2,0.1343283582089552,3.75,5,5,1.0,1.0,4.5,13.875,8.25,150,0,0,150,1.0,1.0,1.0,1.0,0.0,0.0,10.0,1.0,1.0,1.0,1.0,0.0,150,0,60,90,0.8,0.7142857142857143,1.0,0.8333333333333333,0.4,0.0,10.0,0.6,0.8,0.8333333333333333,0.8695652173913044,0.0362318840579711,150,0,60,90,0.8,0.7142857142857143,1.0,0.8333333333333333,0.4,0.0,10.0,0.6,0.8,0.8333333333333333,0.8695652173913044,0.0362318840579711,1.0,0.9948041566746604,0.8906940217192748,1.0,1.0,1.0,0.2820078750082757,4.0,50.0,5.0,71.42857142857143,2.0,,2.0,100.0,0.16666666666666674,12.500000000000005,-1.0,-2.7027027027027026,-1.0,-1.4925373134328357,-1.0,-0.8928571428571428,-1.666666666666667,-27.027027027027028,-4.791666666666668,-25.66964285714286,-0.1173723220631536,-46.63170633319887,0.0,0.0
rework,0.05,1009,350,150,150,0.0,0.07,0.9,8,2,0.0057142857142857,0.2290353187062702,0.2290353187062702,6.111428571428571,8,8,8,0,16,12,12,8,2,2,0,0,1,2,0.0909090909090909,4,1.5,112,97,37,67,75,7,30,4,8,6,2,0.1380597014925373,3.75,5,5,1.0,0.998996138996139,4.625,14.0,8.375,150,0,0,150,1.0,1.0,1.0,1.0,0.0,0.0,10.0,1.0,1.0,1.0,1.0,0.0,75,75,30,120,0.65,0.7142857142857143,0.5,0.588235294117647,0.2,0.5,10.0,0.8,0.65,0.588235294117647,0.625,0.036764705882353,75,75,30,120,0.65,0.7142857142857143,0.5,0.588235294117647,0.2,0.5,10.0,0.8,0.65,0.588235294117647,0.625,0.036764705882353,1.0,0.9948041566746604,0.8906940217192748,1.0,0.9628571428571427,0.9996683673469388,0.2476233330089599,4.0,50.0,5.0,71.42857142857143,2.0,,2.0,100.0,0.16666666666666674,12.500000000000005,0.0,0.0,0.0,0.0,0.0,0.0,-1.541666666666667,-25.000000000000007,-4.666666666666668,-25.000000000000007,-0.1136409787795715,-45.14925373134328,0.0,0.0
rework,0.05,1009,350,150,150,0.0,0.07,0.95,8,2,0.0057142857142857,0.2290353187062702,0.2290353187062702,6.111428571428571,8,8,8,0,16,12,12,8,2,2,0,0,1,2,0.0909090909090909,4,1.5,112,97,37,67,75,7,30,4,8,6,2,0.1380597014925373,3.75,5,5,1.0,0.998996138996139,4.625,14.0,8.375,150,0,0,150,1.0,1.0,1.0,1.0,0.0,0.0,10.0,1.0,1.0,1.0,1.0,0.0,75,75,30,120,0.65,0.7142857142857143,0.5,0.588235294117647,0.2,0.5,10.0,0.8,0.65,0.588235294117647,0.625,0.036764705882353,75,75,30,120,0.65,0.7142857142857143,0.5,0.588235294117647,0.2,0.5,10.0,0.8,0.65,0.588235294117647,0.625,0.036764705882353,1.0,0.9948041566746604,0.8906940217192748,1.0,0.9628571428571427,0.9996683673469388,0.2758224999997765,4.0,50.0,5.0,71.42857142857143,2.0,,2.0,100.0,0.16666666666666674,12.500000000000005,0.0,0.0,0.0,0.0,0.0,0.0,-1.541666666666667,-25.000000000000007,-4.666666666666668,-25.000000000000007,-0.1136409787795715,-45.14925373134328,0.0,0.0
rework,0.05,1009,350,150,150,0.0,0.07,0.99,8,2,0.0057142857142857,0.2290353187062702,0.2290353187062702,6.111428571428571,8,8,8,0,16,12,12,8,2,2,0,0,1,2,0.0909090909090909,4,1.5,111,96,36,66,75,6,30,4,8,6,2,0.1343283582089552,3.75,5,5,1.0,1.0,4.5,13.875,8.25,150,0,0,150,1.0,1.0,1.0,1.0,0.0,0.0,10.0,1.0,1.0,1.0,1.0,0.0,150,0,60,90,0.8,0.7142857142857143,1.0,0.8333333333333333,0.4,0.0,10.0,0.6,0.8,0.8333333333333333,0.8695652173913044,0.0362318840579711,150,0,60,90,0.8,0.7142857142857143,1.0,0.8333333333333333,0.4,0.0,10.0,0.6,0.8,0.8333333333333333,0.8695652173913044,0.0362318840579711,1.0,0.9948041566746604,0.8906940217192748,1.0,1.0,1.0,0.2683273750008084,4.0,50.0,5.0,71.42857142857143,2.0,,2.0,100.0,0.16666666666666674,12.500000000000005,-1.0,-2.7027027027027026,-1.0,-1.4925373134328357,-1.0,-0.8928571428571428,-1.666666666666667,-27.027027027027028,-4.791666666666668,-25.66964285714286,-0.1173723220631536,-46.63170633319887,0.0,0.0
rework,0.05,1010,350,150,150,0.0,0.03,0.9,8,2,0.0057142857142857,0.2290353187062702,0.2290353187062702,6.111428571428571,8,8,8,0,16,12,12,8,2,2,0,0,1,2,0.0909090909090909,4,1.5,145,129,65,97,80,7,58,7,8,8,0,0.2425373134328358,7.0,7,14,0.5852307692307692,0.9994285714285714,8.125,18.125,12.125,150,0,0,150,1.0,1.0,1.0,1.0,0.0,0.0,10.0,1.0,1.0,1.0,1.0,0.0,75,75,0,150,0.75,1.0,0.5,0.6666666666666666,0.0,0.5,10.0,1.0,0.75,0.6666666666666666,0.6666666666666666,0.0,75,75,0,150,0.75,1.0,0.5,0.6666666666666666,0.0,0.5,10.0,1.0,0.75,0.6666666666666666,0.6666666666666666,0.0,1.0,0.9948041566746604,0.8906940217192748,1.0,0.9628571428571427,0.999743842364532,0.2636530000017956,4.0,50.0,5.0,71.42857142857143,2.0,,2.0,100.0,0.16666666666666674,12.500000000000005,28.0,75.67567567567568,30.0,44.776119402985074,33.0,29.464285714285715,1.958333333333333,31.756756756756747,-0.5416666666666679,-2.90178571428572,-0.00916336683927299,-3.640580879386838,3.0,75.0
rework,0.05,1010,350,150,150,0.0,0.03,0.95,8,2,0.0057142857142857,0.2290353187062702,0.2290353187062702,6.111428571428571,8,8,8,0,16,12,12,8,2,2,0,0,1,2,0.0909090909090909,4,1.5,145,129,65,97,80,7,58,7,8,8,0,0.2425373134328358,7.0,7,14,0.5852307692307692,0.9994285714285714,8.125,18.125,12.125,150,0,0,150,1.0,1.0,1.0,1.0,0.0,0.0,10.0,1.0,1.0,1.0,1.0,0.0,75,75,0,150,0.75,1.0,0.5,0.6666666666666666,0.0,0.5,10.0,1.0,0.75,0.6666666666666666,0.6666666666666666,0.0,75,75,0,150,0.75,1.0,0.5,0.6666666666666666,0.0,0.5,10.0,1.0,0.75,0.6666666666666666,0.6666666666666666,0.0,1.0,0.9948041566746604,0.8906940217192748,1.0,0.9628571428571427,0.999743842364532,0.2884402500058058,4.0,50.0,5.0,71.42857142857143,2.0,,2.0,100.0,0.16666666666666674,12.500000000000005,28.0,75.67567567567568,30.0,44.776119402985074,33.0,29.464285714285715,1.958333333333333,31.756756756756747,-0.5416666666666679,-2.90178571428572,-0.00916336683927299,-3.640580879386838,3.0,75.0
rework,0.05,1010,350,150,150,0.0,0.03,0.99,8,2,0.0057142857142857,0.2290353187062702,0.2290353187062702,6.111428571428571,8,8,8,0,16,12,12,8,2,2,0,0,1,2,0.0909090909090909,4,1.5,144,128,64,96,80,6,58,7,8,8,0,0.2388059701492537,7.0,7,14,0.57875,1.0,8.0,18.0,12.0,150,0,0,150,1.0,1.0,1.0,1.0,0.0,0.0,10.0,1.0,1.0,1.0,1.0,0.0,150,0,0,150,1.0,1.0,1.0,1.0,0.0,0.0,10.0,1.0,1.0,1.0,1.0,0.0,150,0,0,150,1.0,1.0,1.0,1.0,0.0,0.0,10.0,1.0,1.0,1.0,1.0,0.0,1.0,0.9948041566746604,0.8906940217192748,1.0,1.0,1.0,0.2708425410091877,4.0,50.0,5.0,71.42857142857143,2.0,,2.0,100.0,0.16666666666666674,12.500000000000005,27.0,72.97297297297297,29.0,43.28358208955223,32.0,28.57142857142857,1.833333333333333,29.729729729729726,-0.6666666666666679,-3.5714285714285774,-0.012894710122855091,-5.123033481242429,3.0,75.0
rework,0.05,1010,350,150,150,0.0,0.05,0.9,8,2,0.0057142857142857,0.2290353187062702,0.2290353187062702,6.111428571428571,8,8,8,0,16,12,12,8,2,2,0,0,1,2,0.0909090909090909,4,1.5,112,97,37,67,75,7,30,4,8,6,2,0.1380597014925373,3.75,5,5,1.0,0.998996138996139,4.625,14.0,8.375,150,0,0,150,1.0,1.0,1.0,1.0,0.0,0.0,10.0,1.0,1.0,1.0,1.0,0.0,75,75,30,120,0.65,0.7142857142857143,0.5,0.588235294117647,0.2,0.5,10.0,0.8,0.65,0.588235294117647,0.625,0.036764705882353,75,75,30,120,0.65,0.7142857142857143,0.5,0.588235294117647,0.2,0.5,10.0,0.8,0.65,0.588235294117647,0.625,0.036764705882353,1.0,0.9948041566746604,0.8906940217192748,1.0,0.9628571428571427,0.9996683673469388,0.2500457919959444,4.0,50.0,5.0,71.42857142857143,2.0,,2.0,100.0,0.16666666666666674,12.500000000000005,0.0,0.0,0.0,0.0,0.0,0.0,-1.541666666666667,-25.000000000000007,-4.666666666666668,-25.000000000000007,-0.1136409787795715,-45.14925373134328,0.0,0.0
rework,0.05,1010,350,150,150,0.0,0.05,0.95,8,2,0.0057142857142857,0.2290353187062702,0.2290353187062702,6.111428571428571,8,8,8,0,16,12,12,8,2,2,0,0,1,2,0.0909090909090909,4,1.5,112,97,37,67,75,7,30,4,8,6,2,0.1380597014925373,3.75,5,5,1.0,0.998996138996139,4.625,14.0,8.375,150,0,0,150,1.0,1.0,1.0,1.0,0.0,0.0,10.0,1.0,1.0,1.0,1.0,0.0,75,75,30,120,0.65,0.7142857142857143,0.5,0.588235294117647,0.2,0.5,10.0,0.8,0.65,0.588235294117647,0.625,0.036764705882353,75,75,30,120,0.65,0.7142857142857143,0.5,0.588235294117647,0.2,0.5,10.0,0.8,0.65,0.588235294117647,0.625,0.036764705882353,1.0,0.9948041566746604,0.8906940217192748,1.0,0.9628571428571427,0.9996683673469388,0.2735890420153737,4.0,50.0,5.0,71.42857142857143,2.0,,2.0,100.0,0.16666666666666674,12.500000000000005,0.0,0.0,0.0,0.0,0.0,0.0,-1.541666666666667,-25.000000000000007,-4.666666666666668,-25.000000000000007,-0.1136409787795715,-45.14925373134328,0.0,0.0
rework,0.05,1010,350,150,150,0.0,0.05,0.99,8,2,0.0057142857142857,0.2290353187062702,0.2290353187062702,6.111428571428571,8,8,8,0,16,12,12,8,2,2,0,0,1,2,0.0909090909090909,4,1.5,111,96,36,66,75,6,30,4,8,6,2,0.1343283582089552,3.75,5,5,1.0,1.0,4.5,13.875,8.25,150,0,0,150,1.0,1.0,1.0,1.0,0.0,0.0,10.0,1.0,1.0,1.0,1.0,0.0,150,0,60,90,0.8,0.7142857142857143,1.0,0.8333333333333333,0.4,0.0,10.0,0.6,0.8,0.8333333333333333,0.8695652173913044,0.0362318840579711,150,0,60,90,0.8,0.7142857142857143,1.0,0.8333333333333333,0.4,0.0,10.0,0.6,0.8,0.8333333333333333,0.8695652173913044,0.0362318840579711,1.0,0.9948041566746604,0.8906940217192748,1.0,1.0,1.0,0.2677986670169048,4.0,50.0,5.0,71.42857142857143,2.0,,2.0,100.0,0.16666666666666674,12.500000000000005,-1.0,-2.7027027027027026,-1.0,-1.4925373134328357,-1.0,-0.8928571428571428,-1.666666666666667,-27.027027027027028,-4.791666666666668,-25.66964285714286,-0.1173723220631536,-46.63170633319887,0.0,0.0
rework,0.05,1010,350,150,150,0.0,0.07,0.9,8,2,0.0057142857142857,0.2290353187062702,0.2290353187062702,6.111428571428571,8,8,8,0,16,12,12,8,2,2,0,0,1,2,0.0909090909090909,4,1.5,112,97,37,67,75,7,30,4,8,6,2,0.1380597014925373,3.75,5,5,1.0,0.998996138996139,4.625,14.0,8.375,150,0,0,150,1.0,1.0,1.0,1.0,0.0,0.0,10.0,1.0,1.0,1.0,1.0,0.0,75,75,30,120,0.65,0.7142857142857143,0.5,0.588235294117647,0.2,0.5,10.0,0.8,0.65,0.588235294117647,0.625,0.036764705882353,75,75,30,120,0.65,0.7142857142857143,0.5,0.588235294117647,0.2,0.5,10.0,0.8,0.65,0.588235294117647,0.625,0.036764705882353,1.0,0.9948041566746604,0.8906940217192748,1.0,0.9628571428571427,0.9996683673469388,0.2490275839809328,4.0,50.0,5.0,71.42857142857143,2.0,,2.0,100.0,0.16666666666666674,12.500000000000005,0.0,0.0,0.0,0.0,0.0,0.0,-1.541666666666667,-25.000000000000007,-4.666666666666668,-25.000000000000007,-0.1136409787795715,-45.14925373134328,0.0,0.0
rework,0.05,1010,350,150,150,0.0,0.07,0.95,8,2,0.0057142857142857,0.2290353187062702,0.2290353187062702,6.111428571428571,8,8,8,0,16,12,12,8,2,2,0,0,1,2,0.0909090909090909,4,1.5,112,97,37,67,75,7,30,4,8,6,2,0.1380597014925373,3.75,5,5,1.0,0.998996138996139,4.625,14.0,8.375,150,0,0,150,1.0,1.0,1.0,1.0,0.0,0.0,10.0,1.0,1.0,1.0,1.0,0.0,75,75,30,120,0.65,0.7142857142857143,0.5,0.588235294117647,0.2,0.5,10.0,0.8,0.65,0.588235294117647,0.625,0.036764705882353,75,75,30,120,0.65,0.7142857142857143,0.5,0.588235294117647,0.2,0.5,10.0,0.8,0.65,0.588235294117647,0.625,0.036764705882353,1.0,0.9948041566746604,0.8906940217192748,1.0,0.9628571428571427,0.9996683673469388,0.2680300830106716,4.0,50.0,5.0,71.42857142857143,2.0,,2.0,100.0,0.16666666666666674,12.500000000000005,0.0,0.0,0.0,0.0,0.0,0.0,-1.541666666666667,-25.000000000000007,-4.666666666666668,-25.000000000000007,-0.1136409787795715,-45.14925373134328,0.0,0.0
rework,0.05,1010,350,150,150,0.0,0.07,0.99,8,2,0.0057142857142857,0.2290353187062702,0.2290353187062702,6.111428571428571,8,8,8,0,16,12,12,8,2,2,0,0,1,2,0.0909090909090909,4,1.5,111,96,36,66,75,6,30,4,8,6,2,0.1343283582089552,3.75,5,5,1.0,1.0,4.5,13.875,8.25,150,0,0,150,1.0,1.0,1.0,1.0,0.0,0.0,10.0,1.0,1.0,1.0,1.0,0.0,150,0,60,90,0.8,0.7142857142857143,1.0,0.8333333333333333,0.4,0.0,10.0,0.6,0.8,0.8333333333333333,0.8695652173913044,0.0362318840579711,150,0,60,90,0.8,0.7142857142857143,1.0,0.8333333333333333,0.4,0.0,10.0,0.6,0.8,0.8333333333333333,0.8695652173913044,0.0362318840579711,1.0,0.9948041566746604,0.8906940217192748,1.0,1.0,1.0,0.2782797079999,4.0,50.0,5.0,71.42857142857143,2.0,,2.0,100.0,0.16666666666666674,12.500000000000005,-1.0,-2.7027027027027026,-1.0,-1.4925373134328357,-1.0,-0.8928571428571428,-1.666666666666667,-27.027027027027028,-4.791666666666668,-25.66964285714286,-0.1173723220631536,-46.63170633319887,0.0,0.0
rework,0.07,1001,350,150,150,0.0,0.03,0.9,8,2,0.0057142857142857,0.4598726746138258,0.4598726746138258,6.291428571428572,8,8,8,0,16,12,12,8,2,2,0,0,1,2,0.0909090909090909,4,1.5,145,129,65,97,80,7,58,7,8,8,0,0.2425373134328358,7.0,7,14,0.6110769230769231,0.9985054945054944,8.125,18.125,12.125,150,0,0,150,1.0,1.0,1.0,1.0,0.0,0.0,10.0,1.0,1.0,1.0,1.0,0.0,75,75,0,150,0.75,1.0,0.5,0.6666666666666666,0.0,0.5,10.0,1.0,0.75,0.6666666666666666,0.6666666666666666,0.0,75,75,0,150,0.75,1.0,0.5,0.6666666666666666,0.0,0.5,10.0,1.0,0.75,0.6666666666666666,0.6666666666666666,0.0,1.0,0.9868522815158546,0.917338818936822,1.0,0.9028571428571428,0.9993300492610836,0.2677992079989053,4.0,50.0,5.0,71.42857142857143,2.0,,2.0,100.0,0.16666666666666674,12.500000000000005,28.0,75.67567567567568,30.0,44.776119402985074,33.0,29.464285714285715,1.958333333333333,31.756756756756747,-0.5416666666666679,-2.90178571428572,-0.00916336683927299,-3.640580879386838,3.0,75.0
rework,0.07,1001,350,150,150,0.0,0.03,0.95,8,2,0.0057142857142857,0.4598726746138258,0.4598726746138258,6.291428571428572,8,8,8,0,16,12,12,8,2,2,0,0,1,2,0.0909090909090909,4,1.5,144,128,64,96,80,6,58,7,8,8,0,0.2388059701492537,7.0,7,14,0.605,1.0,8.0,18.0,12.0,150,0,0,150,1.0,1.0,1.0,1.0,0.0,0.0,10.0,1.0,1.0,1.0,1.0,0.0,150,0,0,150,1.0,1.0,1.0,1.0,0.0,0.0,10.0,1.0,1.0,1.0,1.0,0.0,150,0,0,150,1.0,1.0,1.0,1.0,0.0,0.0,10.0,1.0,1.0,1.0,1.0,0.0,1.0,0.9868522815158546,0.917338818936822,1.0,1.0,1.0,0.3206347090017516,4.0,50.0,5.0,71.42857142857143,2.0,,2.0,100.0,0.16666666666666674,12.500000000000005,27.0,72.97297297297297,29.0,43.28358208955223,32.0,28.57142857142857,1.833333333333333,29.729729729729726,-0.6666666666666679,-3.5714285714285774,-0.012894710122855091,-5.123033481242429,3.0,75.0
rework,0.07,1001,350,150,150,0.0,0.03,0.99,8,2,0.0057142857142857,0.4598726746138258,0.4598726746138258,6.291428571428572,8,8,8,0,16,12,12,8,2,2,0,0,1,2,0.0909090909090909,4,1.5,144,128,64,96,80,6,58,7,8,8,0,0.2388059701492537,7.0,7,14,0.605,1.0,8.0,18.0,12.0,150,0,0,150,1.0,1.0,1.0,1.0,0.0,0.0,10.0,1.0,1.0,1.0,1.0,0.0,150,0,0,150,1.0,1.0,1.0,1.0,0.0,0.0,10.0,1.0,1.0,1.0,1.0,0.0,150,0,0,150,1.0,1.0,1.0,1.0,0.0,0.0,10.0,1.0,1.0,1.0,1.0,0.0,1.0,0.9868522815158546,0.917338818936822,1.0,1.0,1.0,0.3540402500075288,4.0,50.0,5.0,71.42857142857143,2.0,,2.0,100.0,0.16666666666666674,12.500000000000005,27.0,72.97297297297297,29.0,43.28358208955223,32.0,28.57142857142857,1.833333333333333,29.729729729729726,-0.6666666666666679,-3.5714285714285774,-0.012894710122855091,-5.123033481242429,3.0,75.0
rework,0.07,1001,350,150,150,0.0,0.05,0.9,8,2,0.0057142857142857,0.4598726746138258,0.4598726746138258,6.291428571428572,8,8,8,0,16,12,12,8,2,2,0,0,1,2,0.0909090909090909,4,1.5,145,129,65,97,80,7,58,7,8,8,0,0.2425373134328358,7.0,7,14,0.6110769230769231,0.9985054945054944,8.125,18.125,12.125,150,0,0,150,1.0,1.0,1.0,1.0,0.0,0.0,10.0,1.0,1.0,1.0,1.0,0.0,75,75,0,150,0.75,1.0,0.5,0.6666666666666666,0.0,0.5,10.0,1.0,0.75,0.6666666666666666,0.6666666666666666,0.0,75,75,0,150,0.75,1.0,0.5,0.6666666666666666,0.0,0.5,10.0,1.0,0.75,0.6666666666666666,0.6666666666666666,0.0,1.0,0.9868522815158546,0.917338818936822,1.0,0.9028571428571428,0.9993300492610836,0.2919656660233158,4.0,50.0,5.0,71.42857142857143,2.0,,2.0,100.0,0.16666666666666674,12.500000000000005,28.0,75.67567567567568,30.0,44.776119402985074,33.0,29.464285714285715,1.958333333333333,31.756756756756747,-0.5416666666666679,-2.90178571428572,-0.00916336683927299,-3.640580879386838,3.0,75.0
rework,0.07,1001,350,150,150,0.0,0.05,0.95,8,2,0.0057142857142857,0.4598726746138258,0.4598726746138258,6.291428571428572,8,8,8,0,16,12,12,8,2,2,0,0,1,2,0.0909090909090909,4,1.5,144,128,64,96,80,6,58,7,8,8,0,0.2388059701492537,7.0,7,14,0.605,1.0,8.0,18.0,12.0,150,0,0,150,1.0,1.0,1.0,1.0,0.0,0.0,10.0,1.0,1.0,1.0,1.0,0.0,150,0,0,150,1.0,1.0,1.0,1.0,0.0,0.0,10.0,1.0,1.0,1.0,1.0,0.0,150,0,0,150,1.0,1.0,1.0,1.0,0.0,0.0,10.0,1.0,1.0,1.0,1.0,0.0,1.0,0.9868522815158546,0.917338818936822,1.0,1.0,1.0,0.3678667499916628,4.0,50.0,5.0,71.42857142857143,2.0,,2.0,100.0,0.16666666666666674,12.500000000000005,27.0,72.97297297297297,29.0,43.28358208955223,32.0,28.57142857142857,1.833333333333333,29.729729729729726,-0.6666666666666679,-3.5714285714285774,-0.012894710122855091,-5.123033481242429,3.0,75.0
rework,0.07,1001,350,150,150,0.0,0.05,0.99,8,2,0.0057142857142857,0.4598726746138258,0.4598726746138258,6.291428571428572,8,8,8,0,16,12,12,8,2,2,0,0,1,2,0.0909090909090909,4,1.5,144,128,64,96,80,6,58,7,8,8,0,0.2388059701492537,7.0,7,14,0.605,1.0,8.0,18.0,12.0,150,0,0,150,1.0,1.0,1.0,1.0,0.0,0.0,10.0,1.0,1.0,1.0,1.0,0.0,150,0,0,150,1.0,1.0,1.0,1.0,0.0,0.0,10.0,1.0,1.0,1.0,1.0,0.0,150,0,0,150,1.0,1.0,1.0,1.0,0.0,0.0,10.0,1.0,1.0,1.0,1.0,0.0,1.0,0.9868522815158546,0.917338818936822,1.0,1.0,1.0,0.2991338749998249,4.0,50.0,5.0,71.42857142857143,2.0,,2.0,100.0,0.16666666666666674,12.500000000000005,27.0,72.97297297297297,29.0,43.28358208955223,32.0,28.57142857142857,1.833333333333333,29.729729729729726,-0.6666666666666679,-3.5714285714285774,-0.012894710122855091,-5.123033481242429,3.0,75.0
rework,0.07,1001,350,150,150,0.0,0.07,0.9,8,2,0.0057142857142857,0.4598726746138258,0.4598726746138258,6.291428571428572,8,8,8,0,16,12,12,8,2,2,0,0,1,2,0.0909090909090909,4,1.5,145,129,65,97,80,7,58,7,8,8,0,0.2425373134328358,7.0,7,14,0.6110769230769231,0.9985054945054944,8.125,18.125,12.125,150,0,0,150,1.0,1.0,1.0,1.0,0.0,0.0,10.0,1.0,1.0,1.0,1.0,0.0,75,75,0,150,0.75,1.0,0.5,0.6666666666666666,0.0,0.5,10.0,1.0,0.75,0.6666666666666666,0.6666666666666666,0.0,75,75,0,150,0.75,1.0,0.5,0.6666666666666666,0.0,0.5,10.0,1.0,0.75,0.6666666666666666,0.6666666666666666,0.0,1.0,0.9868522815158546,0.917338818936822,1.0,0.9028571428571428,0.9993300492610836,0.337008375005098,4.0,50.0,5.0,71.42857142857143,2.0,,2.0,100.0,0.16666666666666674,12.500000000000005,28.0,75.67567567567568,30.0,44.776119402985074,33.0,29.464285714285715,1.958333333333333,31.756756756756747,-0.5416666666666679,-2.90178571428572,-0.00916336683927299,-3.640580879386838,3.0,75.0
rework,0.07,1001,350,150,150,0.0,0.07,0.95,8,2,0.0057142857142857,0.4598726746138258,0.4598726746138258,6.291428571428572,8,8,8,0,16,12,12,8,2,2,0,0,1,2,0.0909090909090909,4,1.5,144,128,64,96,80,6,58,7,8,8,0,0.2388059701492537,7.0,7,14,0.605,1.0,8.0,18.0,12.0,150,0,0,150,1.0,1.0,1.0,1.0,0.0,0.0,10.0,1.0,1.0,1.0,1.0,0.0,150,0,0,150,1.0,1.0,1.0,1.0,0.0,0.0,10.0,1.0,1.0,1.0,1.0,0.0,150,0,0,150,1.0,1.0,1.0,1.0,0.0,0.0,10.0,1.0,1.0,1.0,1.0,0.0,1.0,0.9868522815158546,0.917338818936822,1.0,1.0,1.0,0.3592141249973792,4.0,50.0,5.0,71.42857142857143,2.0,,2.0,100.0,0.16666666666666674,12.500000000000005,27.0,72.97297297297297,29.0,43.28358208955223,32.0,28.57142857142857,1.833333333333333,29.729729729729726,-0.6666666666666679,-3.5714285714285774,-0.012894710122855091,-5.123033481242429,3.0,75.0
rework,0.07,1001,350,150,150,0.0,0.07,0.99,8,2,0.0057142857142857,0.4598726746138258,0.4598726746138258,6.291428571428572,8,8,8,0,16,12,12,8,2,2,0,0,1,2,0.0909090909090909,4,1.5,144,128,64,96,80,6,58,7,8,8,0,0.2388059701492537,7.0,7,14,0.605,1.0,8.0,18.0,12.0,150,0,0,150,1.0,1.0,1.0,1.0,0.0,0.0,10.0,1.0,1.0,1.0,1.0,0.0,150,0,0,150,1.0,1.0,1.0,1.0,0.0,0.0,10.0,1.0,1.0,1.0,1.0,0.0,150,0,0,150,1.0,1.0,1.0,1.0,0.0,0.0,10.0,1.0,1.0,1.0,1.0,0.0,1.0,0.9868522815158546,0.917338818936822,1.0,1.0,1.0,0.3571106670133304,4.0,50.0,5.0,71.42857142857143,2.0,,2.0,100.0,0.16666666666666674,12.500000000000005,27.0,72.97297297297297,29.0,43.28358208955223,32.0,28.57142857142857,1.833333333333333,29.729729729729726,-0.6666666666666679,-3.5714285714285774,-0.012894710122855091,-5.123033481242429,3.0,75.0
rework,0.07,1002,350,150,150,0.0,0.03,0.9,8,2,0.0057142857142857,0.4021791902022728,0.4021791902022728,6.24,8,8,8,0,16,12,12,8,2,2,0,0,1,2,0.0909090909090909,4,1.5,145,129,65,97,80,7,58,7,8,8,0,0.2425373134328358,7.0,7,14,0.6036923076923078,0.9987692307692309,8.125,18.125,12.125,150,0,0,150,1.0,1.0,1.0,1.0,0.0,0.0,10.0,1.0,1.0,1.0,1.0,0.0,75,75,0,150,0.75,1.0,0.5,0.6666666666666666,0.0,0.5,10.0,1.0,0.75,0.6666666666666666,0.6666666666666666,0.0,75,75,0,150,0.75,1.0,0.5,0.6666666666666666,0.0,0.5,10.0,1.0,0.75,0.6666666666666666,0.6666666666666666,0.0,1.0,0.989071038251366,0.912917479386373,1.0,0.92,0.999448275862069,0.3429197919904254,4.0,50.0,5.0,71.42857142857143,2.0,,2.0,100.0,0.16666666666666674,12.500000000000005,28.0,75.67567567567568,30.0,44.776119402985074,33.0,29.464285714285715,1.958333333333333,31.756756756756747,-0.5416666666666679,-2.90178571428572,-0.00916336683927299,-3.640580879386838,3.0,75.0
rework,0.07,1002,350,150,150,0.0,0.03,0.95,8,2,0.0057142857142857,0.4021791902022728,0.4021791902022728,6.24,8,8,8,0,16,12,12,8,2,2,0,0,1,2,0.0909090909090909,4,1.5,144,128,64,96,80,6,58,7,8,8,0,0.2388059701492537,7.0,7,14,0.5975,1.0,8.0,18.0,12.0,150,0,0,150,1.0,1.0,1.0,1.0,0.0,0.0,10.0,1.0,1.0,1.0,1.0,0.0,150,0,0,150,1.0,1.0,1.0,1.0,0.0,0.0,10.0,1.0,1.0,1.0,1.0,0.0,150,0,0,150,1.0,1.0,1.0,1.0,0.0,0.0,10.0,1.0,1.0,1.0,1.0,0.0,1.0,0.989071038251366,0.912917479386373,1.0,1.0,1.0,0.3683584999816958,4.0,50.0,5.0,71.42857142857143,2.0,,2.0,100.0,0.16666666666666674,12.500000000000005,27.0,72.97297297297297,29.0,43.28358208955223,32.0,28.57142857142857,1.833333333333333,29.729729729729726,-0.6666666666666679,-3.5714285714285774,-0.012894710122855091,-5.123033481242429,3.0,75.0
rework,0.07,1002,350,150,150,0.0,0.03,0.99,8,2,0.0057142857142857,0.4021791902022728,0.4021791902022728,6.24,8,8,8,0,16,12,12,8,2,2,0,0,1,2,0.0909090909090909,4,1.5,144,128,64,96,80,6,58,7,8,8,0,0.2388059701492537,7.0,7,14,0.5975,1.0,8.0,18.0,12.0,150,0,0,150,1.0,1.0,1.0,1.0,0.0,0.0,10.0,1.0,1.0,1.0,1.0,0.0,150,0,0,150,1.0,1.0,1.0,1.0,0.0,0.0,10.0,1.0,1.0,1.0,1.0,0.0,150,0,0,150,1.0,1.0,1.0,1.0,0.0,0.0,10.0,1.0,1.0,1.0,1.0,0.0,1.0,0.989071038251366,0.912917479386373,1.0,1.0,1.0,0.3580654579855036,4.0,50.0,5.0,71.42857142857143,2.0,,2.0,100.0,0.16666666666666674,12.500000000000005,27.0,72.97297297297297,29.0,43.28358208955223,32.0,28.57142857142857,1.833333333333333,29.729729729729726,-0.6666666666666679,-3.5714285714285774,-0.012894710122855091,-5.123033481242429,3.0,75.0
rework,0.07,1002,350,150,150,0.0,0.05,0.9,8,2,0.0057142857142857,0.4021791902022728,0.4021791902022728,6.24,8,8,8,0,16,12,12,8,2,2,0,0,1,2,0.0909090909090909,4,1.5,145,129,65,97,80,7,58,7,8,8,0,0.2425373134328358,7.0,7,14,0.6036923076923078,0.9987692307692309,8.125,18.125,12.125,150,0,0,150,1.0,1.0,1.0,1.0,0.0,0.0,10.0,1.0,1.0,1.0,1.0,0.0,75,75,0,150,0.75,1.0,0.5,0.6666666666666666,0.0,0.5,10.0,1.0,0.75,0.6666666666666666,0.6666666666666666,0.0,75,75,0,150,0.75,1.0,0.5,0.6666666666666666,0.0,0.5,10.0,1.0,0.75,0.6666666666666666,0.6666666666666666,0.0,1.0,0.989071038251366,0.912917479386373,1.0,0.92,0.999448275862069,0.3268123750167433,4.0,50.0,5.0,71.42857142857143,2.0,,2.0,100.0,0.16666666666666674,12.500000000000005,28.0,75.67567567567568,30.0,44.776119402985074,33.0,29.464285714285715,1.958333333333333,31.756756756756747,-0.5416666666666679,-2.90178571428572,-0.00916336683927299,-3.640580879386838,3.0,75.0
rework,0.07,1002,350,150,150,0.0,0.05,0.95,8,2,0.0057142857142857,0.4021791902022728,0.4021791902022728,6.24,8,8,8,0,16,12,12,8,2,2,0,0,1,2,0.0909090909090909,4,1.5,144,128,64,96,80,6,58,7,8,8,0,0.2388059701492537,7.0,7,14,0.5975,1.0,8.0,18.0,12.0,150,0,0,150,1.0,1.0,1.0,1.0,0.0,0.0,10.0,1.0,1.0,1.0,1.0,0.0,150,0,0,150,1.0,1.0,1.0,1.0,0.0,0.0,10.0,1.0,1.0,1.0,1.0,0.0,150,0,0,150,1.0,1.0,1.0,1.0,0.0,0.0,10.0,1.0,1.0,1.0,1.0,0.0,1.0,0.989071038251366,0.912917479386373,1.0,1.0,1.0,0.4738977919914759,4.0,50.0,5.0,71.42857142857143,2.0,,2.0,100.0,0.16666666666666674,12.500000000000005,27.0,72.97297297297297,29.0,43.28358208955223,32.0,28.57142857142857,1.833333333333333,29.729729729729726,-0.6666666666666679,-3.5714285714285774,-0.012894710122855091,-5.123033481242429,3.0,75.0
rework,0.07,1002,350,150,150,0.0,0.05,0.99,8,2,0.0057142857142857,0.4021791902022728,0.4021791902022728,6.24,8,8,8,0,16,12,12,8,2,2,0,0,1,2,0.0909090909090909,4,1.5,144,128,64,96,80,6,58,7,8,8,0,0.2388059701492537,7.0,7,14,0.5975,1.0,8.0,18.0,12.0,150,0,0,150,1.0,1.0,1.0,1.0,0.0,0.0,10.0,1.0,1.0,1.0,1.0,0.0,150,0,0,150,1.0,1.0,1.0,1.0,0.0,0.0,10.0,1.0,1.0,1.0,1.0,0.0,150,0,0,150,1.0,1.0,1.0,1.0,0.0,0.0,10.0,1.0,1.0,1.0,1.0,0.0,1.0,0.989071038251366,0.912917479386373,1.0,1.0,1.0,0.3532847499882336,4.0,50.0,5.0,71.42857142857143,2.0,,2.0,100.0,0.16666666666666674,12.500000000000005,27.0,72.97297297297297,29.0,43.28358208955223,32.0,28.57142857142857,1.833333333333333,29.729729729729726,-0.6666666666666679,-3.5714285714285774,-0.012894710122855091,-5.123033481242429,3.0,75.0
rework,0.07,1002,350,150,150,0.0,0.07,0.9,8,2,0.0057142857142857,0.4021791902022728,0.4021791902022728,6.24,8,8,8,0,16,12,12,8,2,2,0,0,1,2,0.0909090909090909,4,1.5,145,129,65,97,80,7,58,7,8,8,0,0.2425373134328358,7.0,7,14,0.6036923076923078,0.9987692307692309,8.125,18.125,12.125,150,0,0,150,1.0,1.0,1.0,1.0,0.0,0.0,10.0,1.0,1.0,1.0,1.0,0.0,75,75,0,150,0.75,1.0,0.5,0.6666666666666666,0.0,0.5,10.0,1.0,0.75,0.6666666666666666,0.6666666666666666,0.0,75,75,0,150,0.75,1.0,0.5,0.6666666666666666,0.0,0.5,10.0,1.0,0.75,0.6666666666666666,0.6666666666666666,0.0,1.0,0.989071038251366,0.912917479386373,1.0,0.92,0.999448275862069,0.3077720419969409,4.0,50.0,5.0,71.42857142857143,2.0,,2.0,100.0,0.16666666666666674,12.500000000000005,28.0,75.67567567567568,30.0,44.776119402985074,33.0,29.464285714285715,1.958333333333333,31.756756756756747,-0.5416666666666679,-2.90178571428572,-0.00916336683927299,-3.640580879386838,3.0,75.0
rework,0.07,1002,350,150,150,0.0,0.07,0.95,8,2,0.0057142857142857,0.4021791902022728,0.4021791902022728,6.24,8,8,8,0,16,12,12,8,2,2,0,0,1,2,0.0909090909090909,4,1.5,144,128,64,96,80,6,58,7,8,8,0,0.2388059701492537,7.0,7,14,0.5975,1.0,8.0,18.0,12.0,150,0,0,150,1.0,1.0,1.0,1.0,0.0,0.0,10.0,1.0,1.0,1.0,1.0,0.0,150,0,0,150,1.0,1.0,1.0,1.0,0.0,0.0,10.0,1.0,1.0,1.0,1.0,0.0,150,0,0,150,1.0,1.0,1.0,1.0,0.0,0.0,10.0,1.0,1.0,1.0,1.0,0.0,1.0,0.989071038251366,0.912917479386373,1.0,1.0,1.0,0.4723147079930641,4.0,50.0,5.0,71.42857142857143,2.0,,2.0,100.0,0.16666666666666674,12.500000000000005,27.0,72.97297297297297,29.0,43.28358208955223,32.0,28.57142857142857,1.833333333333333,29.729729729729726,-0.6666666666666679,-3.5714285714285774,-0.012894710122855091,-5.123033481242429,3.0,75.0
rework,0.07,1002,350,150,150,0.0,0.07,0.99,8,2,0.0057142857142857,0.4021791902022728,0.4021791902022728,6.24,8,8,8,0,16,12,12,8,2,2,0,0,1,2,0.0909090909090909,4,1.5,144,128,64,96,80,6,58,7,8,8,0,0.2388059701492537,7.0,7,14,0.5975,1.0,8.0,18.0,12.0,150,0,0,150,1.0,1.0,1.0,1.0,0.0,0.0,10.0,1.0,1.0,1.0,1.0,0.0,150,0,0,150,1.0,1.0,1.0,1.0,0.0,0.0,10.0,1.0,1.0,1.0,1.0,0.0,150,0,0,150,1.0,1.0,1.0,1.0,0.0,0.0,10.0,1.0,1.0,1.0,1.0,0.0,1.0,0.989071038251366,0.912917479386373,1.0,1.0,1.0,0.3591388749773614,4.0,50.0,5.0,71.42857142857143,2.0,,2.0,100.0,0.16666666666666674,12.500000000000005,27.0,72.97297297297297,29.0,43.28358208955223,32.0,28.57142857142857,1.833333333333333,29.729729729729726,-0.6666666666666679,-3.5714285714285774,-0.012894710122855091,-5.123033481242429,3.0,75.0
rework,0.07,1003,350,150,150,0.0,0.03,0.9,8,2,0.0057142857142857,0.4021791902022728,0.4021791902022728,6.24,8,8,8,0,16,12,12,8,2,2,0,0,1,2,0.0909090909090909,4,1.5,145,129,65,97,80,7,58,7,8,8,0,0.2425373134328358,7.0,7,14,0.6036923076923078,0.9987692307692309,8.125,18.125,12.125,150,0,0,150,1.0,1.0,1.0,1.0,0.0,0.0,10.0,1.0,1.0,1.0,1.0,0.0,75,75,0,150,0.75,1.0,0.5,0.6666666666666666,0.0,0.5,10.0,1.0,0.75,0.6666666666666666,0.6666666666666666,0.0,75,75,0,150,0.75,1.0,0.5,0.6666666666666666,0.0,0.5,10.0,1.0,0.75,0.6666666666666666,0.6666666666666666,0.0,1.0,0.989071038251366,0.912917479386373,1.0,0.92,0.999448275862069,0.3140491660160478,4.0,50.0,5.0,71.42857142857143,2.0,,2.0,100.0,0.16666666666666674,12.500000000000005,28.0,75.67567567567568,30.0,44.776119402985074,33.0,29.464285714285715,1.958333333333333,31.756756756756747,-0.5416666666666679,-2.90178571428572,-0.00916336683927299,-3.640580879386838,3.0,75.0
rework,0.07,1003,350,150,150,0.0,0.03,0.95,8,2,0.0057142857142857,0.4021791902022728,0.4021791902022728,6.24,8,8,8,0,16,12,12,8,2,2,0,0,1,2,0.0909090909090909,4,1.5,144,128,64,96,80,6,58,7,8,8,0,0.2388059701492537,7.0,7,14,0.5975,1.0,8.0,18.0,12.0,150,0,0,150,1.0,1.0,1.0,1.0,0.0,0.0,10.0,1.0,1.0,1.0,1.0,0.0,150,0,0,150,1.0,1.0,1.0,1.0,0.0,0.0,10.0,1.0,1.0,1.0,1.0,0.0,150,0,0,150,1.0,1.0,1.0,1.0,0.0,0.0,10.0,1.0,1.0,1.0,1.0,0.0,1.0,0.989071038251366,0.912917479386373,1.0,1.0,1.0,0.3780798749940004,4.0,50.0,5.0,71.42857142857143,2.0,,2.0,100.0,0.16666666666666674,12.500000000000005,27.0,72.97297297297297,29.0,43.28358208955223,32.0,28.57142857142857,1.833333333333333,29.729729729729726,-0.6666666666666679,-3.5714285714285774,-0.012894710122855091,-5.123033481242429,3.0,75.0
rework,0.07,1003,350,150,150,0.0,0.03,0.99,8,2,0.0057142857142857,0.4021791902022728,0.4021791902022728,6.24,8,8,8,0,16,12,12,8,2,2,0,0,1,2,0.0909090909090909,4,1.5,144,128,64,96,80,6,58,7,8,8,0,0.2388059701492537,7.0,7,14,0.5975,1.0,8.0,18.0,12.0,150,0,0,150,1.0,1.0,1.0,1.0,0.0,0.0,10.0,1.0,1.0,1.0,1.0,0.0,150,0,0,150,1.0,1.0,1.0,1.0,0.0,0.0,10.0,1.0,1.0,1.0,1.0,0.0,150,0,0,150,1.0,1.0,1.0,1.0,0.0,0.0,10.0,1.0,1.0,1.0,1.0,0.0,1.0,0.989071038251366,0.912917479386373,1.0,1.0,1.0,0.318088166997768,4.0,50.0,5.0,71.42857142857143,2.0,,2.0,100.0,0.16666666666666674,12.500000000000005,27.0,72.97297297297297,29.0,43.28358208955223,32.0,28.57142857142857,1.833333333333333,29.729729729729726,-0.6666666666666679,-3.5714285714285774,-0.012894710122855091,-5.123033481242429,3.0,75.0
rework,0.07,1003,350,150,150,0.0,0.05,0.9,8,2,0.0057142857142857,0.4021791902022728,0.4021791902022728,6.24,8,8,8,0,16,12,12,8,2,2,0,0,1,2,0.0909090909090909,4,1.5,145,129,65,97,80,7,58,7,8,8,0,0.2425373134328358,7.0,7,14,0.6036923076923078,0.9987692307692309,8.125,18.125,12.125,150,0,0,150,1.0,1.0,1.0,1.0,0.0,0.0,10.0,1.0,1.0,1.0,1.0,0.0,75,75,0,150,0.75,1.0,0.5,0.6666666666666666,0.0,0.5,10.0,1.0,0.75,0.6666666666666666,0.6666666666666666,0.0,75,75,0,150,0.75,1.0,0.5,0.6666666666666666,0.0,0.5,10.0,1.0,0.75,0.6666666666666666,0.6666666666666666,0.0,1.0,0.989071038251366,0.912917479386373,1.0,0.92,0.999448275862069,0.3064011250098701,4.0,50.0,5.0,71.42857142857143,2.0,,2.0,100.0,0.16666666666666674,12.500000000000005,28.0,75.67567567567568,30.0,44.776119402985074,33.0,29.464285714285715,1.958333333333333,31.756756756756747,-0.5416666666666679,-2.90178571428572,-0.00916336683927299,-3.640580879386838,3.0,75.0
rework,0.07,1003,350,150,150,0.0,0.05,0.95,8,2,0.0057142857142857,0.4021791902022728,0.4021791902022728,6.24,8,8,8,0,16,12,12,8,2,2,0,0,1,2,0.0909090909090909,4,1.5,144,128,64,96,80,6,58,7,8,8,0,0.2388059701492537,7.0,7,14,0.5975,1.0,8.0,18.0,12.0,150,0,0,150,1.0,1.0,1.0,1.0,0.0,0.0,10.0,1.0,1.0,1.0,1.0,0.0,150,0,0,150,1.0,1.0,1.0,1.0,0.0,0.0,10.0,1.0,1.0,1.0,1.0,0.0,150,0,0,150,1.0,1.0,1.0,1.0,0.0,0.0,10.0,1.0,1.0,1.0,1.0,0.0,1.0,0.989071038251366,0.912917479386373,1.0,1.0,1.0,0.3524016669834964,4.0,50.0,5.0,71.42857142857143,2.0,,2.0,100.0,0.16666666666666674,12.500000000000005,27.0,72.97297297297297,29.0,43.28358208955223,32.0,28.57142857142857,1.833333333333333,29.729729729729726,-0.6666666666666679,-3.5714285714285774,-0.012894710122855091,-5.123033481242429,3.0,75.0
rework,0.07,1003,350,150,150,0.0,0.05,0.99,8,2,0.0057142857142857,0.4021791902022728,0.4021791902022728,6.24,8,8,8,0,16,12,12,8,2,2,0,0,1,2,0.0909090909090909,4,1.5,144,128,64,96,80,6,58,7,8,8,0,0.2388059701492537,7.0,7,14,0.5975,1.0,8.0,18.0,12.0,150,0,0,150,1.0,1.0,1.0,1.0,0.0,0.0,10.0,1.0,1.0,1.0,1.0,0.0,150,0,0,150,1.0,1.0,1.0,1.0,0.0,0.0,10.0,1.0,1.0,1.0,1.0,0.0,150,0,0,150,1.0,1.0,1.0,1.0,0.0,0.0,10.0,1.0,1.0,1.0,1.0,0.0,1.0,0.989071038251366,0.912917479386373,1.0,1.0,1.0,0.3148751669796183,4.0,50.0,5.0,71.42857142857143,2.0,,2.0,100.0,0.16666666666666674,12.500000000000005,27.0,72.97297297297297,29.0,43.28358208955223,32.0,28.57142857142857,1.833333333333333,29.729729729729726,-0.6666666666666679,-3.5714285714285774,-0.012894710122855091,-5.123033481242429,3.0,75.0
rework,0.07,1003,350,150,150,0.0,0.07,0.9,8,2,0.0057142857142857,0.4021791902022728,0.4021791902022728,6.24,8,8,8,0,16,12,12,8,2,2,0,0,1,2,0.0909090909090909,4,1.5,145,129,65,97,80,7,58,7,8,8,0,0.2425373134328358,7.0,7,14,0.6036923076923078,0.9987692307692309,8.125,18.125,12.125,150,0,0,150,1.0,1.0,1.0,1.0,0.0,0.0,10.0,1.0,1.0,1.0,1.0,0.0,75,75,0,150,0.75,1.0,0.5,0.6666666666666666,0.0,0.5,10.0,1.0,0.75,0.6666666666666666,0.6666666666666666,0.0,75,75,0,150,0.75,1.0,0.5,0.6666666666666666,0.0,0.5,10.0,1.0,0.75,0.6666666666666666,0.6666666666666666,0.0,1.0,0.989071038251366,0.912917479386373,1.0,0.92,0.999448275862069,0.3066200420144014,4.0,50.0,5.0,71.42857142857143,2.0,,2.0,100.0,0.16666666666666674,12.500000000000005,28.0,75.67567567567568,30.0,44.776119402985074,33.0,29.464285714285715,1.958333333333333,31.756756756756747,-0.5416666666666679,-2.90178571428572,-0.00916336683927299,-3.640580879386838,3.0,75.0
rework,0.07,1003,350,150,150,0.0,0.07,0.95,8,2,0.0057142857142857,0.4021791902022728,0.4021791902022728,6.24,8,8,8,0,16,12,12,8,2,2,0,0,1,2,0.0909090909090909,4,1.5,144,128,64,96,80,6,58,7,8,8,0,0.2388059701492537,7.0,7,14,0.5975,1.0,8.0,18.0,12.0,150,0,0,150,1.0,1.0,1.0,1.0,0.0,0.0,10.0,1.0,1.0,1.0,1.0,0.0,150,0,0,150,1.0,1.0,1.0,1.0,0.0,0.0,10.0,1.0,1.0,1.0,1.0,0.0,150,0,0,150,1.0,1.0,1.0,1.0,0.0,0.0,10.0,1.0,1.0,1.0,1.0,0.0,1.0,0.989071038251366,0.912917479386373,1.0,1.0,1.0,0.3464637500001117,4.0,50.0,5.0,71.42857142857143,2.0,,2.0,100.0,0.16666666666666674,12.500000000000005,27.0,72.97297297297297,29.0,43.28358208955223,32.0,28.57142857142857,1.833333333333333,29.729729729729726,-0.6666666666666679,-3.5714285714285774,-0.012894710122855091,-5.123033481242429,3.0,75.0
rework,0.07,1003,350,150,150,0.0,0.07,0.99,8,2,0.0057142857142857,0.4021791902022728,0.4021791902022728,6.24,8,8,8,0,16,12,12,8,2,2,0,0,1,2,0.0909090909090909,4,1.5,144,128,64,96,80,6,58,7,8,8,0,0.2388059701492537,7.0,7,14,0.5975,1.0,8.0,18.0,12.0,150,0,0,150,1.0,1.0,1.0,1.0,0.0,0.0,10.0,1.0,1.0,1.0,1.0,0.0,150,0,0,150,1.0,1.0,1.0,1.0,0.0,0.0,10.0,1.0,1.0,1.0,1.0,0.0,150,0,0,150,1.0,1.0,1.0,1.0,0.0,0.0,10.0,1.0,1.0,1.0,1.0,0.0,1.0,0.989071038251366,0.912917479386373,1.0,1.0,1.0,0.3192031250218861,4.0,50.0,5.0,71.42857142857143,2.0,,2.0,100.0,0.16666666666666674,12.500000000000005,27.0,72.97297297297297,29.0,43.28358208955223,32.0,28.57142857142857,1.833333333333333,29.729729729729726,-0.6666666666666679,-3.5714285714285774,-0.012894710122855091,-5.123033481242429,3.0,75.0
rework,0.07,1004,350,150,150,0.0,0.03,0.9,8,2,0.0057142857142857,0.3712323266408756,0.3712323266408756,6.214285714285714,8,8,8,0,16,12,12,8,2,2,0,0,1,2,0.0909090909090909,4,1.5,145,129,65,97,80,7,58,7,8,8,0,0.2425373134328358,7.0,7,14,0.6,0.9989010989010988,8.125,18.125,12.125,150,0,0,150,1.0,1.0,1.0,1.0,0.0,0.0,10.0,1.0,1.0,1.0,1.0,0.0,75,75,0,150,0.75,1.0,0.5,0.6666666666666666,0.0,0.5,10.0,1.0,0.75,0.6666666666666666,0.6666666666666666,0.0,75,75,0,150,0.75,1.0,0.5,0.6666666666666666,0.0,0.5,10.0,1.0,0.75,0.6666666666666666,0.6666666666666666,0.0,1.0,0.9901960784313726,0.910137372517268,1.0,0.9285714285714286,0.9995073891625617,0.3059592909994535,4.0,50.0,5.0,71.42857142857143,2.0,,2.0,100.0,0.16666666666666674,12.500000000000005,28.0,75.67567567567568,30.0,44.776119402985074,33.0,29.464285714285715,1.958333333333333,31.756756756756747,-0.5416666666666679,-2.90178571428572,-0.00916336683927299,-3.640580879386838,3.0,75.0
rework,0.07,1004,350,150,150,0.0,0.03,0.95,8,2,0.0057142857142857,0.3712323266408756,0.3712323266408756,6.214285714285714,8,8,8,0,16,12,12,8,2,2,0,0,1,2,0.0909090909090909,4,1.5,144,128,64,96,80,6,58,7,8,8,0,0.2388059701492537,7.0,7,14,0.59375,1.0,8.0,18.0,12.0,150,0,0,150,1.0,1.0,1.0,1.0,0.0,0.0,10.0,1.0,1.0,1.0,1.0,0.0,150,0,0,150,1.0,1.0,1.0,1.0,0.0,0.0,10.0,1.0,1.0,1.0,1.0,0.0,150,0,0,150,1.0,1.0,1.0,1.0,0.0,0.0,10.0,1.0,1.0,1.0,1.0,0.0,1.0,0.9901960784313726,0.910137372517268,1.0,1.0,1.0,0.3471446670009754,4.0,50.0,5.0,71.42857142857143,2.0,,2.0,100.0,0.16666666666666674,12.500000000000005,27.0,72.97297297297297,29.0,43.28358208955223,32.0,28.57142857142857,1.833333333333333,29.729729729729726,-0.6666666666666679,-3.5714285714285774,-0.012894710122855091,-5.123033481242429,3.0,75.0
rework,0.07,1004,350,150,150,0.0,0.03,0.99,8,2,0.0057142857142857,0.3712323266408756,0.3712323266408756,6.214285714285714,8,8,8,0,16,12,12,8,2,2,0,0,1,2,0.0909090909090909,4,1.5,144,128,64,96,80,6,58,7,8,8,0,0.2388059701492537,7.0,7,14,0.59375,1.0,8.0,18.0,12.0,150,0,0,150,1.0,1.0,1.0,1.0,0.0,0.0,10.0,1.0,1.0,1.0,1.0,0.0,150,0,0,150,1.0,1.0,1.0,1.0,0.0,0.0,10.0,1.0,1.0,1.0,1.0,0.0,150,0,0,150,1.0,1.0,1.0,1.0,0.0,0.0,10.0,1.0,1.0,1.0,1.0,0.0,1.0,0.9901960784313726,0.910137372517268,1.0,1.0,1.0,0.3182084579893853,4.0,50.0,5.0,71.42857142857143,2.0,,2.0,100.0,0.16666666666666674,12.500000000000005,27.0,72.97297297297297,29.0,43.28358208955223,32.0,28.57142857142857,1.833333333333333,29.729729729729726,-0.6666666666666679,-3.5714285714285774,-0.012894710122855091,-5.123033481242429,3.0,75.0
rework,0.07,1004,350,150,150,0.0,0.05,0.9,8,2,0.0057142857142857,0.3712323266408756,0.3712323266408756,6.214285714285714,8,8,8,0,16,12,12,8,2,2,0,0,1,2,0.0909090909090909,4,1.5,145,129,65,97,80,7,58,7,8,8,0,0.2425373134328358,7.0,7,14,0.6,0.9989010989010988,8.125,18.125,12.125,150,0,0,150,1.0,1.0,1.0,1.0,0.0,0.0,10.0,1.0,1.0,1.0,1.0,0.0,75,75,0,150,0.75,1.0,0.5,0.6666666666666666,0.0,0.5,10.0,1.0,0.75,0.6666666666666666,0.6666666666666666,0.0,75,75,0,150,0.75,1.0,0.5,0.6666666666666666,0.0,0.5,10.0,1.0,0.75,0.6666666666666666,0.6666666666666666,0.0,1.0,0.9901960784313726,0.910137372517268,1.0,0.9285714285714286,0.9995073891625617,0.3072051249910146,4.0,50.0,5.0,71.42857142857143,2.0,,2.0,100.0,0.16666666666666674,12.500000000000005,28.0,75.67567567567568,30.0,44.776119402985074,33.0,29.464285714285715,1.958333333333333,31.756756756756747,-0.5416666666666679,-2.90178571428572,-0.00916336683927299,-3.640580879386838,3.0,75.0
rework,0.07,1004,350,150,150,0.0,0.05,0.95,8,2,0.0057142857142857,0.3712323266408756,0.3712323266408756,6.214285714285714,8,8,8,0,16,12,12,8,2,2,0,0,1,2,0.0909090909090909,4,1.5,144,128,64,96,80,6,58,7,8,8,0,0.2388059701492537,7.0,7,14,0.59375,1.0,8.0,18.0,12.0,150,0,0,150,1.0,1.0,1.0,1.0,0.0,0.0,10.0,1.0,1.0,1.0,1.0,0.0,150,0,0,150,1.0,1.0,1.0,1.0,0.0,0.0,10.0,1.0,1.0,1.0,1.0,0.0,150,0,0,150,1.0,1.0,1.0,1.0,0.0,0.0,10.0,1.0,1.0,1.0,1.0,0.0,1.0,0.9901960784313726,0.910137372517268,1.0,1.0,1.0,0.3485619589919224,4.0,50.0,5.0,71.42857142857143,2.0,,2.0,100.0,0.16666666666666674,12.500000000000005,27.0,72.97297297297297,29.0,43.28358208955223,32.0,28.57142857142857,1.833333333333333,29.729729729729726,-0.6666666666666679,-3.5714285714285774,-0.012894710122855091,-5.123033481242429,3.0,75.0
rework,0.07,1004,350,150,150,0.0,0.05,0.99,8,2,0.0057142857142857,0.3712323266408756,0.3712323266408756,6.214285714285714,8,8,8,0,16,12,12,8,2,2,0,0,1,2,0.0909090909090909,4,1.5,144,128,64,96,80,6,58,7,8,8,0,0.2388059701492537,7.0,7,14,0.59375,1.0,8.0,18.0,12.0,150,0,0,150,1.0,1.0,1.0,1.0,0.0,0.0,10.0,1.0,1.0,1.0,1.0,0.0,150,0,0,150,1.0,1.0,1.0,1.0,0.0,0.0,10.0,1.0,1.0,1.0,1.0,0.0,150,0,0,150,1.0,1.0,1.0,1.0,0.0,0.0,10.0,1.0,1.0,1.0,1.0,0.0,1.0,0.9901960784313726,0.910137372517268,1.0,1.0,1.0,0.3158265000092797,4.0,50.0,5.0,71.42857142857143,2.0,,2.0,100.0,0.16666666666666674,12.500000000000005,27.0,72.97297297297297,29.0,43.28358208955223,32.0,28.57142857142857,1.833333333333333,29.729729729729726,-0.6666666666666679,-3.5714285714285774,-0.012894710122855091,-5.123033481242429,3.0,75.0
rework,0.07,1004,350,150,150,0.0,0.07,0.9,8,2,0.0057142857142857,0.3712323266408756,0.3712323266408756,6.214285714285714,8,8,8,0,16,12,12,8,2,2,0,0,1,2,0.0909090909090909,4,1.5,145,129,65,97,80,7,58,7,8,8,0,0.2425373134328358,7.0,7,14,0.6,0.9989010989010988,8.125,18.125,12.125,150,0,0,150,1.0,1.0,1.0,1.0,0.0,0.0,10.0,1.0,1.0,1.0,1.0,0.0,75,75,0,150,0.75,1.0,0.5,0.6666666666666666,0.0,0.5,10.0,1.0,0.75,0.6666666666666666,0.6666666666666666,0.0,75,75,0,150,0.75,1.0,0.5,0.6666666666666666,0.0,0.5,10.0,1.0,0.75,0.6666666666666666,0.6666666666666666,0.0,1.0,0.9901960784313726,0.910137372517268,1.0,0.9285714285714286,0.9995073891625617,0.3073616669862531,4.0,50.0,5.0,71.42857142857143,2.0,,2.0,100.0,0.16666666666666674,12.500000000000005,28.0,75.67567567567568,30.0,44.776119402985074,33.0,29.464285714285715,1.958333333333333,31.756756756756747,-0.5416666666666679,-2.90178571428572,-0.00916336683927299,-3.640580879386838,3.0,75.0
rework,0.07,1004,350,150,150,0.0,0.07,0.95,8,2,0.0057142857142857,0.3712323266408756,0.3712323266408756,6.214285714285714,8,8,8,0,16,12,12,8,2,2,0,0,1,2,0.0909090909090909,4,1.5,144,128,64,96,80,6,58,7,8,8,0,0.2388059701492537,7.0,7,14,0.59375,1.0,8.0,18.0,12.0,150,0,0,150,1.0,1.0,1.0,1.0,0.0,0.0,10.0,1.0,1.0,1.0,1.0,0.0,150,0,0,150,1.0,1.0,1.0,1.0,0.0,0.0,10.0,1.0,1.0,1.0,1.0,0.0,150,0,0,150,1.0,1.0,1.0,1.0,0.0,0.0,10.0,1.0,1.0,1.0,1.0,0.0,1.0,0.9901960784313726,0.910137372517268,1.0,1.0,1.0,0.3466533750179223,4.0,50.0,5.0,71.42857142857143,2.0,,2.0,100.0,0.16666666666666674,12.500000000000005,27.0,72.97297297297297,29.0,43.28358208955223,32.0,28.57142857142857,1.833333333333333,29.729729729729726,-0.6666666666666679,-3.5714285714285774,-0.012894710122855091,-5.123033481242429,3.0,75.0
rework,0.07,1004,350,150,150,0.0,0.07,0.99,8,2,0.0057142857142857,0.3712323266408756,0.3712323266408756,6.214285714285714,8,8,8,0,16,12,12,8,2,2,0,0,1,2,0.0909090909090909,4,1.5,144,128,64,96,80,6,58,7,8,8,0,0.2388059701492537,7.0,7,14,0.59375,1.0,8.0,18.0,12.0,150,0,0,150,1.0,1.0,1.0,1.0,0.0,0.0,10.0,1.0,1.0,1.0,1.0,0.0,150,0,0,150,1.0,1.0,1.0,1.0,0.0,0.0,10.0,1.0,1.0,1.0,1.0,0.0,150,0,0,150,1.0,1.0,1.0,1.0,0.0,0.0,10.0,1.0,1.0,1.0,1.0,0.0,1.0,0.9901960784313726,0.910137372517268,1.0,1.0,1.0,0.3186069579969626,4.0,50.0,5.0,71.42857142857143,2.0,,2.0,100.0,0.16666666666666674,12.500000000000005,27.0,72.97297297297297,29.0,43.28358208955223,32.0,28.57142857142857,1.833333333333333,29.729729729729726,-0.6666666666666679,-3.5714285714285774,-0.012894710122855091,-5.123033481242429,3.0,75.0
rework,0.07,1005,350,150,150,0.0,0.03,0.9,8,2,0.0057142857142857,0.4121673569038748,0.4121673569038748,6.248571428571428,8,8,8,0,16,12,12,8,2,2,0,0,1,2,0.0909090909090909,4,1.5,145,129,65,97,80,7,58,7,8,8,0,0.2425373134328358,7.0,7,14,0.6049230769230769,0.9987252747252748,8.125,18.125,12.125,150,0,0,150,1.0,1.0,1.0,1.0,0.0,0.0,10.0,1.0,1.0,1.0,1.0,0.0,75,75,0,150,0.75,1.0,0.5,0.6666666666666666,0.0,0.5,10.0,1.0,0.75,0.6666666666666666,0.6666666666666666,0.0,75,75,0,150,0.75,1.0,0.5,0.6666666666666666,0.0,0.5,10.0,1.0,0.75,0.6666666666666666,0.6666666666666666,0.0,1.0,0.9886983632112236,0.913747691504965,1.0,0.9171428571428571,0.9994285714285714,0.3051644579973072,4.0,50.0,5.0,71.42857142857143,2.0,,2.0,100.0,0.16666666666666674,12.500000000000005,28.0,75.67567567567568,30.0,44.776119402985074,33.0,29.464285714285715,1.958333333333333,31.756756756756747,-0.5416666666666679,-2.90178571428572,-0.00916336683927299,-3.640580879386838,3.0,75.0
rework,0.07,1005,350,150,150,0.0,0.03,0.95,8,2,0.0057142857142857,0.4121673569038748,0.4121673569038748,6.248571428571428,8,8,8,0,16,12,12,8,2,2,0,0,1,2,0.0909090909090909,4,1.5,144,128,64,96,80,6,58,7,8,8,0,0.2388059701492537,7.0,7,14,0.59875,1.0,8.0,18.0,12.0,150,0,0,150,1.0,1.0,1.0,1.0,0.0,0.0,10.0,1.0,1.0,1.0,1.0,0.0,150,0,0,150,1.0,1.0,1.0,1.0,0.0,0.0,10.0,1.0,1.0,1.0,1.0,0.0,150,0,0,150,1.0,1.0,1.0,1.0,0.0,0.0,10.0,1.0,1.0,1.0,1.0,0.0,1.0,0.9886983632112236,0.913747691504965,1.0,1.0,1.0,0.3466390829999,4.0,50.0,5.0,71.42857142857143,2.0,,2.0,100.0,0.16666666666666674,12.500000000000005,27.0,72.97297297297297,29.0,43.28358208955223,32.0,28.57142857142857,1.833333333333333,29.729729729729726,-0.6666666666666679,-3.5714285714285774,-0.012894710122855091,-5.123033481242429,3.0,75.0
rework,0.07,1005,350,150,150,0.0,0.03,0.99,8,2,0.0057142857142857,0.4121673569038748,0.4121673569038748,6.248571428571428,8,8,8,0,16,12,12,8,2,2,0,0,1,2,0.0909090909090909,4,1.5,144,128,64,96,80,6,58,7,8,8,0,0.2388059701492537,7.0,7,14,0.59875,1.0,8.0,18.0,12.0,150,0,0,150,1.0,1.0,1.0,1.0,0.0,0.0,10.0,1.0,1.0,1.0,1.0,0.0,150,0,0,150,1.0,1.0,1.0,1.0,0.0,0.0,10.0,1.0,1.0,1.0,1.0,0.0,150,0,0,150,1.0,1.0,1.0,1.0,0.0,0.0,10.0,1.0,1.0,1.0,1.0,0.0,1.0,0.9886983632112236,0.913747691504965,1.0,1.0,1.0,0.3170699999900535,4.0,50.0,5.0,71.42857142857143,2.0,,2.0,100.0,0.16666666666666674,12.500000000000005,27.0,72.97297297297297,29.0,43.28358208955223,32.0,28.57142857142857,1.833333333333333,29.729729729729726,-0.6666666666666679,-3.5714285714285774,-0.012894710122855091,-5.123033481242429,3.0,75.0
rework,0.07,1005,350,150,150,0.0,0.05,0.9,8,2,0.0057142857142857,0.4121673569038748,0.4121673569038748,6.248571428571428,8,8,8,0,16,12,12,8,2,2,0,0,1,2,0.0909090909090909,4,1.5,145,129,65,97,80,7,58,7,8,8,0,0.2425373134328358,7.0,7,14,0.6049230769230769,0.9987252747252748,8.125,18.125,12.125,150,0,0,150,1.0,1.0,1.0,1.0,0.0,0.0,10.0,1.0,1.0,1.0,1.0,0.0,75,75,0,150,0.75,1.0,0.5,0.6666666666666666,0.0,0.5,10.0,1.0,0.75,0.6666666666666666,0.6666666666666666,0.0,75,75,0,150,0.75,1.0,0.5,0.6666666666666666,0.0,0.5,10.0,1.0,0.75,0.6666666666666666,0.6666666666666666,0.0,1.0,0.9886983632112236,0.913747691504965,1.0,0.9171428571428571,0.9994285714285714,0.3072401249955874,4.0,50.0,5.0,71.42857142857143,2.0,,2.0,100.0,0.16666666666666674,12.500000000000005,28.0,75.67567567567568,30.0,44.776119402985074,33.0,29.464285714285715,1.958333333333333,31.756756756756747,-0.5416666666666679,-2.90178571428572,-0.00916336683927299,-3.640580879386838,3.0,75.0
rework,0.07,1005,350,150,150,0.0,0.05,0.95,8,2,0.0057142857142857,0.4121673569038748,0.4121673569038748,6.248571428571428,8,8,8,0,16,12,12,8,2,2,0,0,1,2,0.0909090909090909,4,1.5,144,128,64,96,80,6,58,7,8,8,0,0.2388059701492537,7.0,7,14,0.59875,1.0,8.0,18.0,12.0,150,0,0,150,1.0,1.0,1.0,1.0,0.0,0.0,10.0,1.0,1.0,1.0,1.0,0.0,150,0,0,150,1.0,1.0,1.0,1.0,0.0,0.0,10.0,1.0,1.0,1.0,1.0,0.0,150,0,0,150,1.0,1.0,1.0,1.0,0.0,0.0,10.0,1.0,1.0,1.0,1.0,0.0,1.0,0.9886983632112236,0.913747691504965,1.0,1.0,1.0,0.876777375000529,4.0,50.0,5.0,71.42857142857143,2.0,,2.0,100.0,0.16666666666666674,12.500000000000005,27.0,72.97297297297297,29.0,43.28358208955223,32.0,28.57142857142857,1.833333333333333,29.729729729729726,-0.6666666666666679,-3.5714285714285774,-0.012894710122855091,-5.123033481242429,3.0,75.0
rework,0.07,1005,350,150,150,0.0,0.05,0.99,8,2,0.0057142857142857,0.4121673569038748,0.4121673569038748,6.248571428571428,8,8,8,0,16,12,12,8,2,2,0,0,1,2,0.0909090909090909,4,1.5,144,128,64,96,80,6,58,7,8,8,0,0.2388059701492537,7.0,7,14,0.59875,1.0,8.0,18.0,12.0,150,0,0,150,1.0,1.0,1.0,1.0,0.0,0.0,10.0,1.0,1.0,1.0,1.0,0.0,150,0,0,150,1.0,1.0,1.0,1.0,0.0,0.0,10.0,1.0,1.0,1.0,1.0,0.0,150,0,0,150,1.0,1.0,1.0,1.0,0.0,0.0,10.0,1.0,1.0,1.0,1.0,0.0,1.0,0.9886983632112236,0.913747691504965,1.0,1.0,1.0,0.5254997499869205,4.0,50.0,5.0,71.42857142857143,2.0,,2.0,100.0,0.16666666666666674,12.500000000000005,27.0,72.97297297297297,29.0,43.28358208955223,32.0,28.57142857142857,1.833333333333333,29.729729729729726,-0.6666666666666679,-3.5714285714285774,-0.012894710122855091,-5.123033481242429,3.0,75.0
rework,0.07,1005,350,150,150,0.0,0.07,0.9,8,2,0.0057142857142857,0.4121673569038748,0.4121673569038748,6.248571428571428,8,8,8,0,16,12,12,8,2,2,0,0,1,2,0.0909090909090909,4,1.5,145,129,65,97,80,7,58,7,8,8,0,0.2425373134328358,7.0,7,14,0.6049230769230769,0.9987252747252748,8.125,18.125,12.125,150,0,0,150,1.0,1.0,1.0,1.0,0.0,0.0,10.0,1.0,1.0,1.0,1.0,0.0,75,75,0,150,0.75,1.0,0.5,0.6666666666666666,0.0,0.5,10.0,1.0,0.75,0.6666666666666666,0.6666666666666666,0.0,75,75,0,150,0.75,1.0,0.5,0.6666666666666666,0.0,0.5,10.0,1.0,0.75,0.6666666666666666,0.6666666666666666,0.0,1.0,0.9886983632112236,0.913747691504965,1.0,0.9171428571428571,0.9994285714285714,0.3432802919996902,4.0,50.0,5.0,71.42857142857143,2.0,,2.0,100.0,0.16666666666666674,12.500000000000005,28.0,75.67567567567568,30.0,44.776119402985074,33.0,29.464285714285715,1.958333333333333,31.756756756756747,-0.5416666666666679,-2.90178571428572,-0.00916336683927299,-3.640580879386838,3.0,75.0
rework,0.07,1005,350,150,150,0.0,0.07,0.95,8,2,0.0057142857142857,0.4121673569038748,0.4121673569038748,6.248571428571428,8,8,8,0,16,12,12,8,2,2,0,0,1,2,0.0909090909090909,4,1.5,144,128,64,96,80,6,58,7,8,8,0,0.2388059701492537,7.0,7,14,0.59875,1.0,8.0,18.0,12.0,150,0,0,150,1.0,1.0,1.0,1.0,0.0,0.0,10.0,1.0,1.0,1.0,1.0,0.0,150,0,0,150,1.0,1.0,1.0,1.0,0.0,0.0,10.0,1.0,1.0,1.0,1.0,0.0,150,0,0,150,1.0,1.0,1.0,1.0,0.0,0.0,10.0,1.0,1.0,1.0,1.0,0.0,1.0,0.9886983632112236,0.913747691504965,1.0,1.0,1.0,0.3848861250153277,4.0,50.0,5.0,71.42857142857143,2.0,,2.0,100.0,0.16666666666666674,12.500000000000005,27.0,72.97297297297297,29.0,43.28358208955223,32.0,28.57142857142857,1.833333333333333,29.729729729729726,-0.6666666666666679,-3.5714285714285774,-0.012894710122855091,-5.123033481242429,3.0,75.0
rework,0.07,1005,350,150,150,0.0,0.07,0.99,8,2,0.0057142857142857,0.4121673569038748,0.4121673569038748,6.248571428571428,8,8,8,0,16,12,12,8,2,2,0,0,1,2,0.0909090909090909,4,1.5,144,128,64,96,80,6,58,7,8,8,0,0.2388059701492537,7.0,7,14,0.59875,1.0,8.0,18.0,12.0,150,0,0,150,1.0,1.0,1.0,1.0,0.0,0.0,10.0,1.0,1.0,1.0,1.0,0.0,150,0,0,150,1.0,1.0,1.0,1.0,0.0,0.0,10.0,1.0,1.0,1.0,1.0,0.0,150,0,0,150,1.0,1.0,1.0,1.0,0.0,0.0,10.0,1.0,1.0,1.0,1.0,0.0,1.0,0.9886983632112236,0.913747691504965,1.0,1.0,1.0,0.3600257499783765,4.0,50.0,5.0,71.42857142857143,2.0,,2.0,100.0,0.16666666666666674,12.500000000000005,27.0,72.97297297297297,29.0,43.28358208955223,32.0,28.57142857142857,1.833333333333333,29.729729729729726,-0.6666666666666679,-3.5714285714285774,-0.012894710122855091,-5.123033481242429,3.0,75.0
rework,0.07,1006,350,150,150,0.0,0.03,0.9,8,2,0.0057142857142857,0.3386838171901802,0.3386838171901802,6.188571428571429,8,8,8,0,16,12,12,8,2,2,0,0,1,2,0.0909090909090909,4,1.5,145,129,65,97,80,7,58,7,8,8,0,0.2425373134328358,7.0,7,14,0.5963076923076923,0.9990329670329672,8.125,18.125,12.125,150,0,0,150,1.0,1.0,1.0,1.0,0.0,0.0,10.0,1.0,1.0,1.0,1.0,0.0,75,75,0,150,0.75,1.0,0.5,0.6666666666666666,0.0,0.5,10.0,1.0,0.75,0.6666666666666666,0.6666666666666666,0.0,75,75,0,150,0.75,1.0,0.5,0.6666666666666666,0.0,0.5,10.0,1.0,0.75,0.6666666666666666,0.6666666666666666,0.0,1.0,0.991331757289204,0.9068112175799792,1.0,0.9371428571428572,0.9995665024630542,0.3099471669993363,4.0,50.0,5.0,71.42857142857143,2.0,,2.0,100.0,0.16666666666666674,12.500000000000005,28.0,75.67567567567568,30.0,44.776119402985074,33.0,29.464285714285715,1.958333333333333,31.756756756756747,-0.5416666666666679,-2.90178571428572,-0.00916336683927299,-3.640580879386838,3.0,75.0
rework,0.07,1006,350,150,150,0.0,0.03,0.95,8,2,0.0057142857142857,0.3386838171901802,0.3386838171901802,6.188571428571429,8,8,8,0,16,12,12,8,2,2,0,0,1,2,0.0909090909090909,4,1.5,144,128,64,96,80,6,58,7,8,8,0,0.2388059701492537,7.0,7,14,0.59,1.0,8.0,18.0,12.0,150,0,0,150,1.0,1.0,1.0,1.0,0.0,0.0,10.0,1.0,1.0,1.0,1.0,0.0,150,0,0,150,1.0,1.0,1.0,1.0,0.0,0.0,10.0,1.0,1.0,1.0,1.0,0.0,150,0,0,150,1.0,1.0,1.0,1.0,0.0,0.0,10.0,1.0,1.0,1.0,1.0,0.0,1.0,0.991331757289204,0.9068112175799792,1.0,1.0,1.0,0.3989874580001924,4.0,50.0,5.0,71.42857142857143,2.0,,2.0,100.0,0.16666666666666674,12.500000000000005,27.0,72.97297297297297,29.0,43.28358208955223,32.0,28.57142857142857,1.833333333333333,29.729729729729726,-0.6666666666666679,-3.5714285714285774,-0.012894710122855091,-5.123033481242429,3.0,75.0
rework,0.07,1006,350,150,150,0.0,0.03,0.99,8,2,0.0057142857142857,0.3386838171901802,0.3386838171901802,6.188571428571429,8,8,8,0,16,12,12,8,2,2,0,0,1,2,0.0909090909090909,4,1.5,144,128,64,96,80,6,58,7,8,8,0,0.2388059701492537,7.0,7,14,0.59,1.0,8.0,18.0,12.0,150,0,0,150,1.0,1.0,1.0,1.0,0.0,0.0,10.0,1.0,1.0,1.0,1.0,0.0,150,0,0,150,1.0,1.0,1.0,1.0,0.0,0.0,10.0,1.0,1.0,1.0,1.0,0.0,150,0,0,150,1.0,1.0,1.0,1.0,0.0,0.0,10.0,1.0,1.0,1.0,1.0,0.0,1.0,0.991331757289204,0.9068112175799792,1.0,1.0,1.0,0.3669521249830723,4.0,50.0,5.0,71.42857142857143,2.0,,2.0,100.0,0.16666666666666674,12.500000000000005,27.0,72.97297297297297,29.0,43.28358208955223,32.0,28.57142857142857,1.833333333333333,29.729729729729726,-0.6666666666666679,-3.5714285714285774,-0.012894710122855091,-5.123033481242429,3.0,75.0
rework,0.07,1006,350,150,150,0.0,0.05,0.9,8,2,0.0057142857142857,0.3386838171901802,0.3386838171901802,6.188571428571429,8,8,8,0,16,12,12,8,2,2,0,0,1,2,0.0909090909090909,4,1.5,145,129,65,97,80,7,58,7,8,8,0,0.2425373134328358,7.0,7,14,0.5963076923076923,0.9990329670329672,8.125,18.125,12.125,150,0,0,150,1.0,1.0,1.0,1.0,0.0,0.0,10.0,1.0,1.0,1.0,1.0,0.0,75,75,0,150,0.75,1.0,0.5,0.6666666666666666,0.0,0.5,10.0,1.0,0.75,0.6666666666666666,0.6666666666666666,0.0,75,75,0,150,0.75,1.0,0.5,0.6666666666666666,0.0,0.5,10.0,1.0,0.75,0.6666666666666666,0.6666666666666666,0.0,1.0,0.991331757289204,0.9068112175799792,1.0,0.9371428571428572,0.9995665024630542,0.3127728750114329,4.0,50.0,5.0,71.42857142857143,2.0,,2.0,100.0,0.16666666666666674,12.500000000000005,28.0,75.67567567567568,30.0,44.776119402985074,33.0,29.464285714285715,1.958333333333333,31.756756756756747,-0.5416666666666679,-2.90178571428572,-0.00916336683927299,-3.640580879386838,3.0,75.0
rework,0.07,1006,350,150,150,0.0,0.05,0.95,8,2,0.0057142857142857,0.3386838171901802,0.3386838171901802,6.188571428571429,8,8,8,0,16,12,12,8,2,2,0,0,1,2,0.0909090909090909,4,1.5,144,128,64,96,80,6,58,7,8,8,0,0.2388059701492537,7.0,7,14,0.59,1.0,8.0,18.0,12.0,150,0,0,150,1.0,1.0,1.0,1.0,0.0,0.0,10.0,1.0,1.0,1.0,1.0,0.0,150,0,0,150,1.0,1.0,1.0,1.0,0.0,0.0,10.0,1.0,1.0,1.0,1.0,0.0,150,0,0,150,1.0,1.0,1.0,1.0,0.0,0.0,10.0,1.0,1.0,1.0,1.0,0.0,1.0,0.991331757289204,0.9068112175799792,1.0,1.0,1.0,0.3568432499887422,4.0,50.0,5.0,71.42857142857143,2.0,,2.0,100.0,0.16666666666666674,12.500000000000005,27.0,72.97297297297297,29.0,43.28358208955223,32.0,28.57142857142857,1.833333333333333,29.729729729729726,-0.6666666666666679,-3.5714285714285774,-0.012894710122855091,-5.123033481242429,3.0,75.0
rework,0.07,1006,350,150,150,0.0,0.05,0.99,8,2,0.0057142857142857,0.3386838171901802,0.3386838171901802,6.188571428571429,8,8,8,0,16,12,12,8,2,2,0,0,1,2,0.0909090909090909,4,1.5,144,128,64,96,80,6,58,7,8,8,0,0.2388059701492537,7.0,7,14,0.59,1.0,8.0,18.0,12.0,150,0,0,150,1.0,1.0,1.0,1.0,0.0,0.0,10.0,1.0,1.0,1.0,1.0,0.0,150,0,0,150,1.0,1.0,1.0,1.0,0.0,0.0,10.0,1.0,1.0,1.0,1.0,0.0,150,0,0,150,1.0,1.0,1.0,1.0,0.0,0.0,10.0,1.0,1.0,1.0,1.0,0.0,1.0,0.991331757289204,0.9068112175799792,1.0,1.0,1.0,0.3842881669988855,4.0,50.0,5.0,71.42857142857143,2.0,,2.0,100.0,0.16666666666666674,12.500000000000005,27.0,72.97297297297297,29.0,43.28358208955223,32.0,28.57142857142857,1.833333333333333,29.729729729729726,-0.6666666666666679,-3.5714285714285774,-0.012894710122855091,-5.123033481242429,3.0,75.0
rework,0.07,1006,350,150,150,0.0,0.07,0.9,8,2,0.0057142857142857,0.3386838171901802,0.3386838171901802,6.188571428571429,8,8,8,0,16,12,12,8,2,2,0,0,1,2,0.0909090909090909,4,1.5,112,97,37,67,75,7,30,4,8,6,2,0.1380597014925373,3.75,5,5,1.0,0.9983011583011584,4.625,14.0,8.375,150,0,0,150,1.0,1.0,1.0,1.0,0.0,0.0,10.0,1.0,1.0,1.0,1.0,0.0,75,75,30,120,0.65,0.7142857142857143,0.5,0.588235294117647,0.2,0.5,10.0,0.8,0.65,0.588235294117647,0.625,0.036764705882353,75,75,30,120,0.65,0.7142857142857143,0.5,0.588235294117647,0.2,0.5,10.0,0.8,0.65,0.588235294117647,0.625,0.036764705882353,1.0,0.991331757289204,0.9068112175799792,1.0,0.9371428571428572,0.999438775510204,0.3017872080090455,4.0,50.0,5.0,71.42857142857143,2.0,,2.0,100.0,0.16666666666666674,12.500000000000005,0.0,0.0,0.0,0.0,0.0,0.0,-1.541666666666667,-25.000000000000007,-4.666666666666668,-25.000000000000007,-0.1136409787795715,-45.14925373134328,0.0,0.0
rework,0.07,1006,350,150,150,0.0,0.07,0.95,8,2,0.0057142857142857,0.3386838171901802,0.3386838171901802,6.188571428571429,8,8,8,0,16,12,12,8,2,2,0,0,1,2,0.0909090909090909,4,1.5,111,96,36,66,75,6,30,4,8,6,2,0.1343283582089552,3.75,5,5,1.0,1.0,4.5,13.875,8.25,150,0,0,150,1.0,1.0,1.0,1.0,0.0,0.0,10.0,1.0,1.0,1.0,1.0,0.0,150,0,60,90,0.8,0.7142857142857143,1.0,0.8333333333333333,0.4,0.0,10.0,0.6,0.8,0.8333333333333333,0.8695652173913044,0.0362318840579711,150,0,60,90,0.8,0.7142857142857143,1.0,0.8333333333333333,0.4,0.0,10.0,0.6,0.8,0.8333333333333333,0.8695652173913044,0.0362318840579711,1.0,0.991331757289204,0.9068112175799792,1.0,1.0,1.0,0.3325056250032503,4.0,50.0,5.0,71.42857142857143,2.0,,2.0,100.0,0.16666666666666674,12.500000000000005,-1.0,-2.7027027027027026,-1.0,-1.4925373134328357,-1.0,-0.8928571428571428,-1.666666666666667,-27.027027027027028,-4.791666666666668,-25.66964285714286,-0.1173723220631536,-46.63170633319887,0.0,0.0
rework,0.07,1006,350,150,150,0.0,0.07,0.99,8,2,0.0057142857142857,0.3386838171901802,0.3386838171901802,6.188571428571429,8,8,8,0,16,12,12,8,2,2,0,0,1,2,0.0909090909090909,4,1.5,111,96,36,66,75,6,30,4,8,6,2,0.1343283582089552,3.75,5,5,1.0,1.0,4.5,13.875,8.25,150,0,0,150,1.0,1.0,1.0,1.0,0.0,0.0,10.0,1.0,1.0,1.0,1.0,0.0,150,0,60,90,0.8,0.7142857142857143,1.0,0.8333333333333333,0.4,0.0,10.0,0.6,0.8,0.8333333333333333,0.8695652173913044,0.0362318840579711,150,0,60,90,0.8,0.7142857142857143,1.0,0.8333333333333333,0.4,0.0,10.0,0.6,0.8,0.8333333333333333,0.8695652173913044,0.0362318840579711,1.0,0.991331757289204,0.9068112175799792,1.0,1.0,1.0,0.3444639999943319,4.0,50.0,5.0,71.42857142857143,2.0,,2.0,100.0,0.16666666666666674,12.500000000000005,-1.0,-2.7027027027027026,-1.0,-1.4925373134328357,-1.0,-0.8928571428571428,-1.666666666666667,-27.027027027027028,-4.791666666666668,-25.66964285714286,-0.1173723220631536,-46.63170633319887,0.0,0.0
rework,0.07,1007,350,150,150,0.0,0.03,0.9,8,2,0.0057142857142857,0.3605697452705031,0.3605697452705031,6.2057142857142855,8,8,8,0,16,12,12,8,2,2,0,0,1,2,0.0909090909090909,4,1.5,145,129,65,97,80,7,58,7,8,8,0,0.2425373134328358,7.0,7,14,0.5987692307692308,0.9989450549450548,8.125,18.125,12.125,150,0,0,150,1.0,1.0,1.0,1.0,0.0,0.0,10.0,1.0,1.0,1.0,1.0,0.0,75,75,0,150,0.75,1.0,0.5,0.6666666666666666,0.0,0.5,10.0,1.0,0.75,0.6666666666666666,0.6666666666666666,0.0,75,75,0,150,0.75,1.0,0.5,0.6666666666666666,0.0,0.5,10.0,1.0,0.75,0.6666666666666666,0.6666666666666666,0.0,1.0,0.99057344854674,0.9090977123280264,1.0,0.9314285714285714,0.9995270935960592,0.3838884999859147,4.0,50.0,5.0,71.42857142857143,2.0,,2.0,100.0,0.16666666666666674,12.500000000000005,28.0,75.67567567567568,30.0,44.776119402985074,33.0,29.464285714285715,1.958333333333333,31.756756756756747,-0.5416666666666679,-2.90178571428572,-0.00916336683927299,-3.640580879386838,3.0,75.0
rework,0.07,1007,350,150,150,0.0,0.03,0.95,8,2,0.0057142857142857,0.3605697452705031,0.3605697452705031,6.2057142857142855,8,8,8,0,16,12,12,8,2,2,0,0,1,2,0.0909090909090909,4,1.5,144,128,64,96,80,6,58,7,8,8,0,0.2388059701492537,7.0,7,14,0.5925,1.0,8.0,18.0,12.0,150,0,0,150,1.0,1.0,1.0,1.0,0.0,0.0,10.0,1.0,1.0,1.0,1.0,0.0,150,0,0,150,1.0,1.0,1.0,1.0,0.0,0.0,10.0,1.0,1.0,1.0,1.0,0.0,150,0,0,150,1.0,1.0,1.0,1.0,0.0,0.0,10.0,1.0,1.0,1.0,1.0,0.0,1.0,0.99057344854674,0.9090977123280264,1.0,1.0,1.0,0.3261669159983285,4.0,50.0,5.0,71.42857142857143,2.0,,2.0,100.0,0.16666666666666674,12.500000000000005,27.0,72.97297297297297,29.0,43.28358208955223,32.0,28.57142857142857,1.833333333333333,29.729729729729726,-0.6666666666666679,-3.5714285714285774,-0.012894710122855091,-5.123033481242429,3.0,75.0
rework,0.07,1007,350,150,150,0.0,0.03,0.99,8,2,0.0057142857142857,0.3605697452705031,0.3605697452705031,6.2057142857142855,8,8,8,0,16,12,12,8,2,2,0,0,1,2,0.0909090909090909,4,1.5,144,128,64,96,80,6,58,7,8,8,0,0.2388059701492537,7.0,7,14,0.5925,1.0,8.0,18.0,12.0,150,0,0,150,1.0,1.0,1.0,1.0,0.0,0.0,10.0,1.0,1.0,1.0,1.0,0.0,150,0,0,150,1.0,1.0,1.0,1.0,0.0,0.0,10.0,1.0,1.0,1.0,1.0,0.0,150,0,0,150,1.0,1.0,1.0,1.0,0.0,0.0,10.0,1.0,1.0,1.0,1.0,0.0,1.0,0.99057344854674,0.9090977123280264,1.0,1.0,1.0,0.3277656660065986,4.0,50.0,5.0,71.42857142857143,2.0,,2.0,100.0,0.16666666666666674,12.500000000000005,27.0,72.97297297297297,29.0,43.28358208955223,32.0,28.57142857142857,1.833333333333333,29.729729729729726,-0.6666666666666679,-3.5714285714285774,-0.012894710122855091,-5.123033481242429,3.0,75.0
rework,0.07,1007,350,150,150,0.0,0.05,0.9,8,2,0.0057142857142857,0.3605697452705031,0.3605697452705031,6.2057142857142855,8,8,8,0,16,12,12,8,2,2,0,0,1,2,0.0909090909090909,4,1.5,145,129,65,97,80,7,58,7,8,8,0,0.2425373134328358,7.0,7,14,0.5987692307692308,0.9989450549450548,8.125,18.125,12.125,150,0,0,150,1.0,1.0,1.0,1.0,0.0,0.0,10.0,1.0,1.0,1.0,1.0,0.0,75,75,0,150,0.75,1.0,0.5,0.6666666666666666,0.0,0.5,10.0,1.0,0.75,0.6666666666666666,0.6666666666666666,0.0,75,75,0,150,0.75,1.0,0.5,0.6666666666666666,0.0,0.5,10.0,1.0,0.75,0.6666666666666666,0.6666666666666666,0.0,1.0,0.99057344854674,0.9090977123280264,1.0,0.9314285714285714,0.9995270935960592,0.3113558749901131,4.0,50.0,5.0,71.42857142857143,2.0,,2.0,100.0,0.16666666666666674,12.500000000000005,28.0,75.67567567567568,30.0,44.776119402985074,33.0,29.464285714285715,1.958333333333333,31.756756756756747,-0.5416666666666679,-2.90178571428572,-0.00916336683927299,-3.640580879386838,3.0,75.0
rework,0.07,1007,350,150,150,0.0,0.05,0.95,8,2,0.0057142857142857,0.3605697452705031,0.3605697452705031,6.2057142857142855,8,8,8,0,16,12,12,8,2,2,0,0,1,2,0.0909090909090909,4,1.5,144,128,64,96,80,6,58,7,8,8,0,0.2388059701492537,7.0,7,14,0.5925,1.0,8.0,18.0,12.0,150,0,0,150,1.0,1.0,1.0,1.0,0.0,0.0,10.0,1.0,1.0,1.0,1.0,0.0,150,0,0,150,1.0,1.0,1.0,1.0,0.0,0.0,10.0,1.0,1.0,1.0,1.0,0.0,150,0,0,150,1.0,1.0,1.0,1.0,0.0,0.0,10.0,1.0,1.0,1.0,1.0,0.0,1.0,0.99057344854674,0.9090977123280264,1.0,1.0,1.0,0.3128963329945691,4.0,50.0,5.0,71.42857142857143,2.0,,2.0,100.0,0.16666666666666674,12.500000000000005,27.0,72.97297297297297,29.0,43.28358208955223,32.0,28.57142857142857,1.833333333333333,29.729729729729726,-0.6666666666666679,-3.5714285714285774,-0.012894710122855091,-5.123033481242429,3.0,75.0
rework,0.07,1007,350,150,150,0.0,0.05,0.99,8,2,0.0057142857142857,0.3605697452705031,0.3605697452705031,6.2057142857142855,8,8,8,0,16,12,12,8,2,2,0,0,1,2,0.0909090909090909,4,1.5,144,128,64,96,80,6,58,7,8,8,0,0.2388059701492537,7.0,7,14,0.5925,1.0,8.0,18.0,12.0,150,0,0,150,1.0,1.0,1.0,1.0,0.0,0.0,10.0,1.0,1.0,1.0,1.0,0.0,150,0,0,150,1.0,1.0,1.0,1.0,0.0,0.0,10.0,1.0,1.0,1.0,1.0,0.0,150,0,0,150,1.0,1.0,1.0,1.0,0.0,0.0,10.0,1.0,1.0,1.0,1.0,0.0,1.0,0.99057344854674,0.9090977123280264,1.0,1.0,1.0,0.3047615420073271,4.0,50.0,5.0,71.42857142857143,2.0,,2.0,100.0,0.16666666666666674,12.500000000000005,27.0,72.97297297297297,29.0,43.28358208955223,32.0,28.57142857142857,1.833333333333333,29.729729729729726,-0.6666666666666679,-3.5714285714285774,-0.012894710122855091,-5.123033481242429,3.0,75.0
rework,0.07,1007,350,150,150,0.0,0.07,0.9,8,2,0.0057142857142857,0.3605697452705031,0.3605697452705031,6.2057142857142855,8,8,8,0,16,12,12,8,2,2,0,0,1,2,0.0909090909090909,4,1.5,112,97,37,67,75,7,30,4,8,6,2,0.1380597014925373,3.75,5,5,1.0,0.998146718146718,4.625,14.0,8.375,150,0,0,150,1.0,1.0,1.0,1.0,0.0,0.0,10.0,1.0,1.0,1.0,1.0,0.0,75,75,30,120,0.65,0.7142857142857143,0.5,0.588235294117647,0.2,0.5,10.0,0.8,0.65,0.588235294117647,0.625,0.036764705882353,75,75,30,120,0.65,0.7142857142857143,0.5,0.588235294117647,0.2,0.5,10.0,0.8,0.65,0.588235294117647,0.625,0.036764705882353,1.0,0.99057344854674,0.9090977123280264,1.0,0.9314285714285714,0.9993877551020408,0.2758622920082416,4.0,50.0,5.0,71.42857142857143,2.0,,2.0,100.0,0.16666666666666674,12.500000000000005,0.0,0.0,0.0,0.0,0.0,0.0,-1.541666666666667,-25.000000000000007,-4.666666666666668,-25.000000000000007,-0.1136409787795715,-45.14925373134328,0.0,0.0
rework,0.07,1007,350,150,150,0.0,0.07,0.95,8,2,0.0057142857142857,0.3605697452705031,0.3605697452705031,6.2057142857142855,8,8,8,0,16,12,12,8,2,2,0,0,1,2,0.0909090909090909,4,1.5,111,96,36,66,75,6,30,4,8,6,2,0.1343283582089552,3.75,5,5,1.0,1.0,4.5,13.875,8.25,150,0,0,150,1.0,1.0,1.0,1.0,0.0,0.0,10.0,1.0,1.0,1.0,1.0,0.0,150,0,60,90,0.8,0.7142857142857143,1.0,0.8333333333333333,0.4,0.0,10.0,0.6,0.8,0.8333333333333333,0.8695652173913044,0.0362318840579711,150,0,60,90,0.8,0.7142857142857143,1.0,0.8333333333333333,0.4,0.0,10.0,0.6,0.8,0.8333333333333333,0.8695652173913044,0.0362318840579711,1.0,0.99057344854674,0.9090977123280264,1.0,1.0,1.0,0.2794285829877481,4.0,50.0,5.0,71.42857142857143,2.0,,2.0,100.0,0.16666666666666674,12.500000000000005,-1.0,-2.7027027027027026,-1.0,-1.4925373134328357,-1.0,-0.8928571428571428,-1.666666666666667,-27.027027027027028,-4.791666666666668,-25.66964285714286,-0.1173723220631536,-46.63170633319887,0.0,0.0
rework,0.07,1007,350,150,150,0.0,0.07,0.99,8,2,0.0057142857142857,0.3605697452705031,0.3605697452705031,6.2057142857142855,8,8,8,0,16,12,12,8,2,2,0,0,1,2,0.0909090909090909,4,1.5,111,96,36,66,75,6,30,4,8,6,2,0.1343283582089552,3.75,5,5,1.0,1.0,4.5,13.875,8.25,150,0,0,150,1.0,1.0,1.0,1.0,0.0,0.0,10.0,1.0,1.0,1.0,1.0,0.0,150,0,60,90,0.8,0.7142857142857143,1.0,0.8333333333333333,0.4,0.0,10.0,0.6,0.8,0.8333333333333333,0.8695652173913044,0.0362318840579711,150,0,60,90,0.8,0.7142857142857143,1.0,0.8333333333333333,0.4,0.0,10.0,0.6,0.8,0.8333333333333333,0.8695652173913044,0.0362318840579711,1.0,0.99057344854674,0.9090977123280264,1.0,1.0,1.0,0.2960001249739434,4.0,50.0,5.0,71.42857142857143,2.0,,2.0,100.0,0.16666666666666674,12.500000000000005,-1.0,-2.7027027027027026,-1.0,-1.4925373134328357,-1.0,-0.8928571428571428,-1.666666666666667,-27.027027027027028,-4.791666666666668,-25.66964285714286,-0.1173723220631536,-46.63170633319887,0.0,0.0
rework,0.07,1008,350,150,150,0.0,0.03,0.9,8,2,0.0057142857142857,0.2679047298713761,0.2679047298713761,6.137142857142857,8,8,8,0,16,12,12,8,2,2,0,0,1,2,0.0909090909090909,4,1.5,145,129,65,97,80,7,58,7,8,8,0,0.2425373134328358,7.0,7,14,0.588923076923077,0.9992967032967034,8.125,18.125,12.125,150,0,0,150,1.0,1.0,1.0,1.0,0.0,0.0,10.0,1.0,1.0,1.0,1.0,0.0,75,75,0,150,0.75,1.0,0.5,0.6666666666666666,0.0,0.5,10.0,1.0,0.75,0.6666666666666666,0.6666666666666666,0.0,75,75,0,150,0.75,1.0,0.5,0.6666666666666666,0.0,0.5,10.0,1.0,0.75,0.6666666666666666,0.6666666666666666,0.0,1.0,0.9936356404136834,0.8975584900923305,1.0,0.9542857142857144,0.9996847290640394,0.2839059999969322,4.0,50.0,5.0,71.42857142857143,2.0,,2.0,100.0,0.16666666666666674,12.500000000000005,28.0,75.67567567567568,30.0,44.776119402985074,33.0,29.464285714285715,1.958333333333333,31.756756756756747,-0.5416666666666679,-2.90178571428572,-0.00916336683927299,-3.640580879386838,3.0,75.0
rework,0.07,1008,350,150,150,0.0,0.03,0.95,8,2,0.0057142857142857,0.2679047298713761,0.2679047298713761,6.137142857142857,8,8,8,0,16,12,12,8,2,2,0,0,1,2,0.0909090909090909,4,1.5,145,129,65,97,80,7,58,7,8,8,0,0.2425373134328358,7.0,7,14,0.588923076923077,0.9992967032967034,8.125,18.125,12.125,150,0,0,150,1.0,1.0,1.0,1.0,0.0,0.0,10.0,1.0,1.0,1.0,1.0,0.0,75,75,0,150,0.75,1.0,0.5,0.6666666666666666,0.0,0.5,10.0,1.0,0.75,0.6666666666666666,0.6666666666666666,0.0,75,75,0,150,0.75,1.0,0.5,0.6666666666666666,0.0,0.5,10.0,1.0,0.75,0.6666666666666666,0.6666666666666666,0.0,1.0,0.9936356404136834,0.8975584900923305,1.0,0.9542857142857144,0.9996847290640394,0.2693371660134289,4.0,50.0,5.0,71.42857142857143,2.0,,2.0,100.0,0.16666666666666674,12.500000000000005,28.0,75.67567567567568,30.0,44.776119402985074,33.0,29.464285714285715,1.958333333333333,31.756756756756747,-0.5416666666666679,-2.90178571428572,-0.00916336683927299,-3.640580879386838,3.0,75.0
rework,0.07,1008,350,150,150,0.0,0.03,0.99,8,2,0.0057142857142857,0.2679047298713761,0.2679047298713761,6.137142857142857,8,8,8,0,16,12,12,8,2,2,0,0,1,2,0.0909090909090909,4,1.5,144,128,64,96,80,6,58,7,8,8,0,0.2388059701492537,7.0,7,14,0.5825,1.0,8.0,18.0,12.0,150,0,0,150,1.0,1.0,1.0,1.0,0.0,0.0,10.0,1.0,1.0,1.0,1.0,0.0,150,0,0,150,1.0,1.0,1.0,1.0,0.0,0.0,10.0,1.0,1.0,1.0,1.0,0.0,150,0,0,150,1.0,1.0,1.0,1.0,0.0,0.0,10.0,1.0,1.0,1.0,1.0,0.0,1.0,0.9936356404136834,0.8975584900923305,1.0,1.0,1.0,0.332196791016031,4.0,50.0,5.0,71.42857142857143,2.0,,2.0,100.0,0.16666666666666674,12.500000000000005,27.0,72.97297297297297,29.0,43.28358208955223,32.0,28.57142857142857,1.833333333333333,29.729729729729726,-0.6666666666666679,-3.5714285714285774,-0.012894710122855091,-5.123033481242429,3.0,75.0
rework,0.07,1008,350,150,150,0.0,0.05,0.9,8,2,0.0057142857142857,0.2679047298713761,0.2679047298713761,6.137142857142857,8,8,8,0,16,12,12,8,2,2,0,0,1,2,0.0909090909090909,4,1.5,112,97,37,67,75,7,30,4,8,6,2,0.1380597014925373,3.75,5,5,1.0,0.9987644787644788,4.625,14.0,8.375,150,0,0,150,1.0,1.0,1.0,1.0,0.0,0.0,10.0,1.0,1.0,1.0,1.0,0.0,75,75,30,120,0.65,0.7142857142857143,0.5,0.588235294117647,0.2,0.5,10.0,0.8,0.65,0.588235294117647,0.625,0.036764705882353,75,75,30,120,0.65,0.7142857142857143,0.5,0.588235294117647,0.2,0.5,10.0,0.8,0.65,0.588235294117647,0.625,0.036764705882353,1.0,0.9936356404136834,0.8975584900923305,1.0,0.9542857142857144,0.9995918367346938,0.2790499169786926,4.0,50.0,5.0,71.42857142857143,2.0,,2.0,100.0,0.16666666666666674,12.500000000000005,0.0,0.0,0.0,0.0,0.0,0.0,-1.541666666666667,-25.000000000000007,-4.666666666666668,-25.000000000000007,-0.1136409787795715,-45.14925373134328,0.0,0.0
rework,0.07,1008,350,150,150,0.0,0.05,0.95,8,2,0.0057142857142857,0.2679047298713761,0.2679047298713761,6.137142857142857,8,8,8,0,16,12,12,8,2,2,0,0,1,2,0.0909090909090909,4,1.5,112,97,37,67,75,7,30,4,8,6,2,0.1380597014925373,3.75,5,5,1.0,0.9987644787644788,4.625,14.0,8.375,150,0,0,150,1.0,1.0,1.0,1.0,0.0,0.0,10.0,1.0,1.0,1.0,1.0,0.0,75,75,30,120,0.65,0.7142857142857143,0.5,0.588235294117647,0.2,0.5,10.0,0.8,0.65,0.588235294117647,0.625,0.036764705882353,75,75,30,120,0.65,0.7142857142857143,0.5,0.588235294117647,0.2,0.5,10.0,0.8,0.65,0.588235294117647,0.625,0.036764705882353,1.0,0.9936356404136834,0.8975584900923305,1.0,0.9542857142857144,0.9995918367346938,0.2689881669939495,4.0,50.0,5.0,71.42857142857143,2.0,,2.0,100.0,0.16666666666666674,12.500000000000005,0.0,0.0,0.0,0.0,0.0,0.0,-1.541666666666667,-25.000000000000007,-4.666666666666668,-25.000000000000007,-0.1136409787795715,-45.14925373134328,0.0,0.0
rework,0.07,1008,350,150,150,0.0,0.05,0.99,8,2,0.0057142857142857,0.2679047298713761,0.2679047298713761,6.137142857142857,8,8,8,0,16,12,12,8,2,2,0,0,1,2,0.0909090909090909,4,1.5,111,96,36,66,75,6,30,4,8,6,2,0.1343283582089552,3.75,5,5,1.0,1.0,4.5,13.875,8.25,150,0,0,150,1.0,1.0,1.0,1.0,0.0,0.0,10.0,1.0,1.0,1.0,1.0,0.0,150,0,60,90,0.8,0.7142857142857143,1.0,0.8333333333333333,0.4,0.0,10.0,0.6,0.8,0.8333333333333333,0.8695652173913044,0.0362318840579711,150,0,60,90,0.8,0.7142857142857143,1.0,0.8333333333333333,0.4,0.0,10.0,0.6,0.8,0.8333333333333333,0.8695652173913044,0.0362318840579711,1.0,0.9936356404136834,0.8975584900923305,1.0,1.0,1.0,0.3517799999972339,4.0,50.0,5.0,71.42857142857143,2.0,,2.0,100.0,0.16666666666666674,12.500000000000005,-1.0,-2.7027027027027026,-1.0,-1.4925373134328357,-1.0,-0.8928571428571428,-1.666666666666667,-27.027027027027028,-4.791666666666668,-25.66964285714286,-0.1173723220631536,-46.63170633319887,0.0,0.0
rework,0.07,1008,350,150,150,0.0,0.07,0.9,8,2,0.0057142857142857,0.2679047298713761,0.2679047298713761,6.137142857142857,8,8,8,0,16,12,12,8,2,2,0,0,1,2,0.0909090909090909,4,1.5,112,97,37,67,75,7,30,4,8,6,2,0.1380597014925373,3.75,5,5,1.0,0.9987644787644788,4.625,14.0,8.375,150,0,0,150,1.0,1.0,1.0,1.0,0.0,0.0,10.0,1.0,1.0,1.0,1.0,0.0,75,75,30,120,0.65,0.7142857142857143,0.5,0.588235294117647,0.2,0.5,10.0,0.8,0.65,0.588235294117647,0.625,0.036764705882353,75,75,30,120,0.65,0.7142857142857143,0.5,0.588235294117647,0.2,0.5,10.0,0.8,0.65,0.588235294117647,0.625,0.036764705882353,1.0,0.9936356404136834,0.8975584900923305,1.0,0.9542857142857144,0.9995918367346938,0.2814602500002365,4.0,50.0,5.0,71.42857142857143,2.0,,2.0,100.0,0.16666666666666674,12.500000000000005,0.0,0.0,0.0,0.0,0.0,0.0,-1.541666666666667,-25.000000000000007,-4.666666666666668,-25.000000000000007,-0.1136409787795715,-45.14925373134328,0.0,0.0
rework,0.07,1008,350,150,150,0.0,0.07,0.95,8,2,0.0057142857142857,0.2679047298713761,0.2679047298713761,6.137142857142857,8,8,8,0,16,12,12,8,2,2,0,0,1,2,0.0909090909090909,4,1.5,112,97,37,67,75,7,30,4,8,6,2,0.1380597014925373,3.75,5,5,1.0,0.9987644787644788,4.625,14.0,8.375,150,0,0,150,1.0,1.0,1.0,1.0,0.0,0.0,10.0,1.0,1.0,1.0,1.0,0.0,75,75,30,120,0.65,0.7142857142857143,0.5,0.588235294117647,0.2,0.5,10.0,0.8,0.65,0.588235294117647,0.625,0.036764705882353,75,75,30,120,0.65,0.7142857142857143,0.5,0.588235294117647,0.2,0.5,10.0,0.8,0.65,0.588235294117647,0.625,0.036764705882353,1.0,0.9936356404136834,0.8975584900923305,1.0,0.9542857142857144,0.9995918367346938,0.2772960840084124,4.0,50.0,5.0,71.42857142857143,2.0,,2.0,100.0,0.16666666666666674,12.500000000000005,0.0,0.0,0.0,0.0,0.0,0.0,-1.541666666666667,-25.000000000000007,-4.666666666666668,-25.000000000000007,-0.1136409787795715,-45.14925373134328,0.0,0.0
rework,0.07,1008,350,150,150,0.0,0.07,0.99,8,2,0.0057142857142857,0.2679047298713761,0.2679047298713761,6.137142857142857,8,8,8,0,16,12,12,8,2,2,0,0,1,2,0.0909090909090909,4,1.5,111,96,36,66,75,6,30,4,8,6,2,0.1343283582089552,3.75,5,5,1.0,1.0,4.5,13.875,8.25,150,0,0,150,1.0,1.0,1.0,1.0,0.0,0.0,10.0,1.0,1.0,1.0,1.0,0.0,150,0,60,90,0.8,0.7142857142857143,1.0,0.8333333333333333,0.4,0.0,10.0,0.6,0.8,0.8333333333333333,0.8695652173913044,0.0362318840579711,150,0,60,90,0.8,0.7142857142857143,1.0,0.8333333333333333,0.4,0.0,10.0,0.6,0.8,0.8333333333333333,0.8695652173913044,0.0362318840579711,1.0,0.9936356404136834,0.8975584900923305,1.0,1.0,1.0,0.3379092079994734,4.0,50.0,5.0,71.42857142857143,2.0,,2.0,100.0,0.16666666666666674,12.500000000000005,-1.0,-2.7027027027027026,-1.0,-1.4925373134328357,-1.0,-0.8928571428571428,-1.666666666666667,-27.027027027027028,-4.791666666666668,-25.66964285714286,-0.1173723220631536,-46.63170633319887,0.0,0.0
rework,0.07,1009,350,150,150,0.0,0.03,0.9,8,2,0.0057142857142857,0.3605697452705031,0.3605697452705031,6.2057142857142855,8,8,8,0,16,12,12,8,2,2,0,0,1,2,0.0909090909090909,4,1.5,145,129,65,97,80,7,58,7,8,8,0,0.2425373134328358,7.0,7,14,0.5987692307692308,0.9989450549450548,8.125,18.125,12.125,150,0,0,150,1.0,1.0,1.0,1.0,0.0,0.0,10.0,1.0,1.0,1.0,1.0,0.0,75,75,0,150,0.75,1.0,0.5,0.6666666666666666,0.0,0.5,10.0,1.0,0.75,0.6666666666666666,0.6666666666666666,0.0,75,75,0,150,0.75,1.0,0.5,0.6666666666666666,0.0,0.5,10.0,1.0,0.75,0.6666666666666666,0.6666666666666666,0.0,1.0,0.99057344854674,0.9090977123280264,1.0,0.9314285714285714,0.9995270935960592,0.3354663749923929,4.0,50.0,5.0,71.42857142857143,2.0,,2.0,100.0,0.16666666666666674,12.500000000000005,28.0,75.67567567567568,30.0,44.776119402985074,33.0,29.464285714285715,1.958333333333333,31.756756756756747,-0.5416666666666679,-2.90178571428572,-0.00916336683927299,-3.640580879386838,3.0,75.0
rework,0.07,1009,350,150,150,0.0,0.03,0.95,8,2,0.0057142857142857,0.3605697452705031,0.3605697452705031,6.2057142857142855,8,8,8,0,16,12,12,8,2,2,0,0,1,2,0.0909090909090909,4,1.5,144,128,64,96,80,6,58,7,8,8,0,0.2388059701492537,7.0,7,14,0.5925,1.0,8.0,18.0,12.0,150,0,0,150,1.0,1.0,1.0,1.0,0.0,0.0,10.0,1.0,1.0,1.0,1.0,0.0,150,0,0,150,1.0,1.0,1.0,1.0,0.0,0.0,10.0,1.0,1.0,1.0,1.0,0.0,150,0,0,150,1.0,1.0,1.0,1.0,0.0,0.0,10.0,1.0,1.0,1.0,1.0,0.0,1.0,0.99057344854674,0.9090977123280264,1.0,1.0,1.0,0.3298361249908339,4.0,50.0,5.0,71.42857142857143,2.0,,2.0,100.0,0.16666666666666674,12.500000000000005,27.0,72.97297297297297,29.0,43.28358208955223,32.0,28.57142857142857,1.833333333333333,29.729729729729726,-0.6666666666666679,-3.5714285714285774,-0.012894710122855091,-5.123033481242429,3.0,75.0
rework,0.07,1009,350,150,150,0.0,0.03,0.99,8,2,0.0057142857142857,0.3605697452705031,0.3605697452705031,6.2057142857142855,8,8,8,0,16,12,12,8,2,2,0,0,1,2,0.0909090909090909,4,1.5,144,128,64,96,80,6,58,7,8,8,0,0.2388059701492537,7.0,7,14,0.5925,1.0,8.0,18.0,12.0,150,0,0,150,1.0,1.0,1.0,1.0,0.0,0.0,10.0,1.0,1.0,1.0,1.0,0.0,150,0,0,150,1.0,1.0,1.0,1.0,0.0,0.0,10.0,1.0,1.0,1.0,1.0,0.0,150,0,0,150,1.0,1.0,1.0,1.0,0.0,0.0,10.0,1.0,1.0,1.0,1.0,0.0,1.0,0.99057344854674,0.9090977123280264,1.0,1.0,1.0,0.3611665829957928,4.0,50.0,5.0,71.42857142857143,2.0,,2.0,100.0,0.16666666666666674,12.500000000000005,27.0,72.97297297297297,29.0,43.28358208955223,32.0,28.57142857142857,1.833333333333333,29.729729729729726,-0.6666666666666679,-3.5714285714285774,-0.012894710122855091,-5.123033481242429,3.0,75.0
rework,0.07,1009,350,150,150,0.0,0.05,0.9,8,2,0.0057142857142857,0.3605697452705031,0.3605697452705031,6.2057142857142855,8,8,8,0,16,12,12,8,2,2,0,0,1,2,0.0909090909090909,4,1.5,145,129,65,97,80,7,58,7,8,8,0,0.2425373134328358,7.0,7,14,0.5987692307692308,0.9989450549450548,8.125,18.125,12.125,150,0,0,150,1.0,1.0,1.0,1.0,0.0,0.0,10.0,1.0,1.0,1.0,1.0,0.0,75,75,0,150,0.75,1.0,0.5,0.6666666666666666,0.0,0.5,10.0,1.0,0.75,0.6666666666666666,0.6666666666666666,0.0,75,75,0,150,0.75,1.0,0.5,0.6666666666666666,0.0,0.5,10.0,1.0,0.75,0.6666666666666666,0.6666666666666666,0.0,1.0,0.99057344854674,0.9090977123280264,1.0,0.9314285714285714,0.9995270935960592,0.328837916982593,4.0,50.0,5.0,71.42857142857143,2.0,,2.0,100.0,0.16666666666666674,12.500000000000005,28.0,75.67567567567568,30.0,44.776119402985074,33.0,29.464285714285715,1.958333333333333,31.756756756756747,-0.5416666666666679,-2.90178571428572,-0.00916336683927299,-3.640580879386838,3.0,75.0
rework,0.07,1009,350,150,150,0.0,0.05,0.95,8,2,0.0057142857142857,0.3605697452705031,0.3605697452705031,6.2057142857142855,8,8,8,0,16,12,12,8,2,2,0,0,1,2,0.0909090909090909,4,1.5,144,128,64,96,80,6,58,7,8,8,0,0.2388059701492537,7.0,7,14,0.5925,1.0,8.0,18.0,12.0,150,0,0,150,1.0,1.0,1.0,1.0,0.0,0.0,10.0,1.0,1.0,1.0,1.0,0.0,150,0,0,150,1.0,1.0,1.0,1.0,0.0,0.0,10.0,1.0,1.0,1.0,1.0,0.0,150,0,0,150,1.0,1.0,1.0,1.0,0.0,0.0,10.0,1.0,1.0,1.0,1.0,0.0,1.0,0.99057344854674,0.9090977123280264,1.0,1.0,1.0,0.3428857089893427,4.0,50.0,5.0,71.42857142857143,2.0,,2.0,100.0,0.16666666666666674,12.500000000000005,27.0,72.97297297297297,29.0,43.28358208955223,32.0,28.57142857142857,1.833333333333333,29.729729729729726,-0.6666666666666679,-3.5714285714285774,-0.012894710122855091,-5.123033481242429,3.0,75.0
rework,0.07,1009,350,150,150,0.0,0.05,0.99,8,2,0.0057142857142857,0.3605697452705031,0.3605697452705031,6.2057142857142855,8,8,8,0,16,12,12,8,2,2,0,0,1,2,0.0909090909090909,4,1.5,144,128,64,96,80,6,58,7,8,8,0,0.2388059701492537,7.0,7,14,0.5925,1.0,8.0,18.0,12.0,150,0,0,150,1.0,1.0,1.0,1.0,0.0,0.0,10.0,1.0,1.0,1.0,1.0,0.0,150,0,0,150,1.0,1.0,1.0,1.0,0.0,0.0,10.0,1.0,1.0,1.0,1.0,0.0,150,0,0,150,1.0,1.0,1.0,1.0,0.0,0.0,10.0,1.0,1.0,1.0,1.0,0.0,1.0,0.99057344854674,0.9090977123280264,1.0,1.0,1.0,0.3429559170035645,4.0,50.0,5.0,71.42857142857143,2.0,,2.0,100.0,0.16666666666666674,12.500000000000005,27.0,72.97297297297297,29.0,43.28358208955223,32.0,28.57142857142857,1.833333333333333,29.729729729729726,-0.6666666666666679,-3.5714285714285774,-0.012894710122855091,-5.123033481242429,3.0,75.0
rework,0.07,1009,350,150,150,0.0,0.07,0.9,8,2,0.0057142857142857,0.3605697452705031,0.3605697452705031,6.2057142857142855,8,8,8,0,16,12,12,8,2,2,0,0,1,2,0.0909090909090909,4,1.5,112,97,37,67,75,7,30,4,8,6,2,0.1380597014925373,3.75,5,5,1.0,0.998146718146718,4.625,14.0,8.375,150,0,0,150,1.0,1.0,1.0,1.0,0.0,0.0,10.0,1.0,1.0,1.0,1.0,0.0,75,75,30,120,0.65,0.7142857142857143,0.5,0.588235294117647,0.2,0.5,10.0,0.8,0.65,0.588235294117647,0.625,0.036764705882353,75,75,30,120,0.65,0.7142857142857143,0.5,0.588235294117647,0.2,0.5,10.0,0.8,0.65,0.588235294117647,0.625,0.036764705882353,1.0,0.99057344854674,0.9090977123280264,1.0,0.9314285714285714,0.9993877551020408,0.262683165987255,4.0,50.0,5.0,71.42857142857143,2.0,,2.0,100.0,0.16666666666666674,12.500000000000005,0.0,0.0,0.0,0.0,0.0,0.0,-1.541666666666667,-25.000000000000007,-4.666666666666668,-25.000000000000007,-0.1136409787795715,-45.14925373134328,0.0,0.0
rework,0.07,1009,350,150,150,0.0,0.07,0.95,8,2,0.0057142857142857,0.3605697452705031,0.3605697452705031,6.2057142857142855,8,8,8,0,16,12,12,8,2,2,0,0,1,2,0.0909090909090909,4,1.5,111,96,36,66,75,6,30,4,8,6,2,0.1343283582089552,3.75,5,5,1.0,1.0,4.5,13.875,8.25,150,0,0,150,1.0,1.0,1.0,1.0,0.0,0.0,10.0,1.0,1.0,1.0,1.0,0.0,150,0,60,90,0.8,0.7142857142857143,1.0,0.8333333333333333,0.4,0.0,10.0,0.6,0.8,0.8333333333333333,0.8695652173913044,0.0362318840579711,150,0,60,90,0.8,0.7142857142857143,1.0,0.8333333333333333,0.4,0.0,10.0,0.6,0.8,0.8333333333333333,0.8695652173913044,0.0362318840579711,1.0,0.99057344854674,0.9090977123280264,1.0,1.0,1.0,0.2868696250079665,4.0,50.0,5.0,71.42857142857143,2.0,,2.0,100.0,0.16666666666666674,12.500000000000005,-1.0,-2.7027027027027026,-1.0,-1.4925373134328357,-1.0,-0.8928571428571428,-1.666666666666667,-27.027027027027028,-4.791666666666668,-25.66964285714286,-0.1173723220631536,-46.63170633319887,0.0,0.0
rework,0.07,1009,350,150,150,0.0,0.07,0.99,8,2,0.0057142857142857,0.3605697452705031,0.3605697452705031,6.2057142857142855,8,8,8,0,16,12,12,8,2,2,0,0,1,2,0.0909090909090909,4,1.5,111,96,36,66,75,6,30,4,8,6,2,0.1343283582089552,3.75,5,5,1.0,1.0,4.5,13.875,8.25,150,0,0,150,1.0,1.0,1.0,1.0,0.0,0.0,10.0,1.0,1.0,1.0,1.0,0.0,150,0,60,90,0.8,0.7142857142857143,1.0,0.8333333333333333,0.4,0.0,10.0,0.6,0.8,0.8333333333333333,0.8695652173913044,0.0362318840579711,150,0,60,90,0.8,0.7142857142857143,1.0,0.8333333333333333,0.4,0.0,10.0,0.6,0.8,0.8333333333333333,0.8695652173913044,0.0362318840579711,1.0,0.99057344854674,0.9090977123280264,1.0,1.0,1.0,0.3026802079984918,4.0,50.0,5.0,71.42857142857143,2.0,,2.0,100.0,0.16666666666666674,12.500000000000005,-1.0,-2.7027027027027026,-1.0,-1.4925373134328357,-1.0,-0.8928571428571428,-1.666666666666667,-27.027027027027028,-4.791666666666668,-25.66964285714286,-0.1173723220631536,-46.63170633319887,0.0,0.0
rework,0.07,1010,350,150,150,0.0,0.03,0.9,8,2,0.0057142857142857,0.4220005168831531,0.4220005168831531,6.257142857142857,8,8,8,0,16,12,12,8,2,2,0,0,1,2,0.0909090909090909,4,1.5,145,129,65,97,80,7,58,7,8,8,0,0.2425373134328358,7.0,7,14,0.6061538461538462,0.9986813186813186,8.125,18.125,12.125,150,0,0,150,1.0,1.0,1.0,1.0,0.0,0.0,10.0,1.0,1.0,1.0,1.0,0.0,75,75,0,150,0.75,1.0,0.5,0.6666666666666666,0.0,0.5,10.0,1.0,0.75,0.6666666666666666,0.6666666666666666,0.0,75,75,0,150,0.75,1.0,0.5,0.6666666666666666,0.0,0.5,10.0,1.0,0.75,0.6666666666666666,0.6666666666666666,0.0,1.0,0.9883268482490272,0.9145364336016508,1.0,0.9142857142857144,0.999408866995074,0.2663014160061721,4.0,50.0,5.0,71.42857142857143,2.0,,2.0,100.0,0.16666666666666674,12.500000000000005,28.0,75.67567567567568,30.0,44.776119402985074,33.0,29.464285714285715,1.958333333333333,31.756756756756747,-0.5416666666666679,-2.90178571428572,-0.00916336683927299,-3.640580879386838,3.0,75.0
rework,0.07,1010,350,150,150,0.0,0.03,0.95,8,2,0.0057142857142857,0.4220005168831531,0.4220005168831531,6.257142857142857,8,8,8,0,16,12,12,8,2,2,0,0,1,2,0.0909090909090909,4,1.5,144,128,64,96,80,6,58,7,8,8,0,0.2388059701492537,7.0,7,14,0.6,1.0,8.0,18.0,12.0,150,0,0,150,1.0,1.0,1.0,1.0,0.0,0.0,10.0,1.0,1.0,1.0,1.0,0.0,150,0,0,150,1.0,1.0,1.0,1.0,0.0,0.0,10.0,1.0,1.0,1.0,1.0,0.0,150,0,0,150,1.0,1.0,1.0,1.0,0.0,0.0,10.0,1.0,1.0,1.0,1.0,0.0,1.0,0.9883268482490272,0.9145364336016508,1.0,1.0,1.0,0.2852667919942178,4.0,50.0,5.0,71.42857142857143,2.0,,2.0,100.0,0.16666666666666674,12.500000000000005,27.0,72.97297297297297,29.0,43.28358208955223,32.0,28.57142857142857,1.833333333333333,29.729729729729726,-0.6666666666666679,-3.5714285714285774,-0.012894710122855091,-5.123033481242429,3.0,75.0
rework,0.07,1010,350,150,150,0.0,0.03,0.99,8,2,0.0057142857142857,0.4220005168831531,0.4220005168831531,6.257142857142857,8,8,8,0,16,12,12,8,2,2,0,0,1,2,0.0909090909090909,4,1.5,144,128,64,96,80,6,58,7,8,8,0,0.2388059701492537,7.0,7,14,0.6,1.0,8.0,18.0,12.0,150,0,0,150,1.0,1.0,1.0,1.0,0.0,0.0,10.0,1.0,1.0,1.0,1.0,0.0,150,0,0,150,1.0,1.0,1.0,1.0,0.0,0.0,10.0,1.0,1.0,1.0,1.0,0.0,150,0,0,150,1.0,1.0,1.0,1.0,0.0,0.0,10.0,1.0,1.0,1.0,1.0,0.0,1.0,0.9883268482490272,0.9145364336016508,1.0,1.0,1.0,0.3856515830266289,4.0,50.0,5.0,71.42857142857143,2.0,,2.0,100.0,0.16666666666666674,12.500000000000005,27.0,72.97297297297297,29.0,43.28358208955223,32.0,28.57142857142857,1.833333333333333,29.729729729729726,-0.6666666666666679,-3.5714285714285774,-0.012894710122855091,-5.123033481242429,3.0,75.0
rework,0.07,1010,350,150,150,0.0,0.05,0.9,8,2,0.0057142857142857,0.4220005168831531,0.4220005168831531,6.257142857142857,8,8,8,0,16,12,12,8,2,2,0,0,1,2,0.0909090909090909,4,1.5,145,129,65,97,80,7,58,7,8,8,0,0.2425373134328358,7.0,7,14,0.6061538461538462,0.9986813186813186,8.125,18.125,12.125,150,0,0,150,1.0,1.0,1.0,1.0,0.0,0.0,10.0,1.0,1.0,1.0,1.0,0.0,75,75,0,150,0.75,1.0,0.5,0.6666666666666666,0.0,0.5,10.0,1.0,0.75,0.6666666666666666,0.6666666666666666,0.0,75,75,0,150,0.75,1.0,0.5,0.6666666666666666,0.0,0.5,10.0,1.0,0.75,0.6666666666666666,0.6666666666666666,0.0,1.0,0.9883268482490272,0.9145364336016508,1.0,0.9142857142857144,0.999408866995074,0.3020464170258492,4.0,50.0,5.0,71.42857142857143,2.0,,2.0,100.0,0.16666666666666674,12.500000000000005,28.0,75.67567567567568,30.0,44.776119402985074,33.0,29.464285714285715,1.958333333333333,31.756756756756747,-0.5416666666666679,-2.90178571428572,-0.00916336683927299,-3.640580879386838,3.0,75.0
rework,0.07,1010,350,150,150,0.0,0.05,0.95,8,2,0.0057142857142857,0.4220005168831531,0.4220005168831531,6.257142857142857,8,8,8,0,16,12,12,8,2,2,0,0,1,2,0.0909090909090909,4,1.5,144,128,64,96,80,6,58,7,8,8,0,0.2388059701492537,7.0,7,14,0.6,1.0,8.0,18.0,12.0,150,0,0,150,1.0,1.0,1.0,1.0,0.0,0.0,10.0,1.0,1.0,1.0,1.0,0.0,150,0,0,150,1.0,1.0,1.0,1.0,0.0,0.0,10.0,1.0,1.0,1.0,1.0,0.0,150,0,0,150,1.0,1.0,1.0,1.0,0.0,0.0,10.0,1.0,1.0,1.0,1.0,0.0,1.0,0.9883268482490272,0.9145364336016508,1.0,1.0,1.0,0.3228842919925228,4.0,50.0,5.0,71.42857142857143,2.0,,2.0,100.0,0.16666666666666674,12.500000000000005,27.0,72.97297297297297,29.0,43.28358208955223,32.0,28.57142857142857,1.833333333333333,29.729729729729726,-0.6666666666666679,-3.5714285714285774,-0.012894710122855091,-5.123033481242429,3.0,75.0
rework,0.07,1010,350,150,150,0.0,0.05,0.99,8,2,0.0057142857142857,0.4220005168831531,0.4220005168831531,6.257142857142857,8,8,8,0,16,12,12,8,2,2,0,0,1,2,0.0909090909090909,4,1.5,144,128,64,96,80,6,58,7,8,8,0,0.2388059701492537,7.0,7,14,0.6,1.0,8.0,18.0,12.0,150,0,0,150,1.0,1.0,1.0,1.0,0.0,0.0,10.0,1.0,1.0,1.0,1.0,0.0,150,0,0,150,1.0,1.0,1.0,1.0,0.0,0.0,10.0,1.0,1.0,1.0,1.0,0.0,150,0,0,150,1.0,1.0,1.0,1.0,0.0,0.0,10.0,1.0,1.0,1.0,1.0,0.0,1.0,0.9883268482490272,0.9145364336016508,1.0,1.0,1.0,0.3253878749965224,4.0,50.0,5.0,71.42857142857143,2.0,,2.0,100.0,0.16666666666666674,12.500000000000005,27.0,72.97297297297297,29.0,43.28358208955223,32.0,28.57142857142857,1.833333333333333,29.729729729729726,-0.6666666666666679,-3.5714285714285774,-0.012894710122855091,-5.123033481242429,3.0,75.0
rework,0.07,1010,350,150,150,0.0,0.07,0.9,8,2,0.0057142857142857,0.4220005168831531,0.4220005168831531,6.257142857142857,8,8,8,0,16,12,12,8,2,2,0,0,1,2,0.0909090909090909,4,1.5,145,129,65,97,80,7,58,7,8,8,0,0.2425373134328358,7.0,7,14,0.6061538461538462,0.9986813186813186,8.125,18.125,12.125,150,0,0,150,1.0,1.0,1.0,1.0,0.0,0.0,10.0,1.0,1.0,1.0,1.0,0.0,75,75,0,150,0.75,1.0,0.5,0.6666666666666666,0.0,0.5,10.0,1.0,0.75,0.6666666666666666,0.6666666666666666,0.0,75,75,0,150,0.75,1.0,0.5,0.6666666666666666,0.0,0.5,10.0,1.0,0.75,0.6666666666666666,0.6666666666666666,0.0,1.0,0.9883268482490272,0.9145364336016508,1.0,0.9142857142857144,0.999408866995074,0.27327875001356,4.0,50.0,5.0,71.42857142857143,2.0,,2.0,100.0,0.16666666666666674,12.500000000000005,28.0,75.67567567567568,30.0,44.776119402985074,33.0,29.464285714285715,1.958333333333333,31.756756756756747,-0.5416666666666679,-2.90178571428572,-0.00916336683927299,-3.640580879386838,3.0,75.0
rework,0.07,1010,350,150,150,0.0,0.07,0.95,8,2,0.0057142857142857,0.4220005168831531,0.4220005168831531,6.257142857142857,8,8,8,0,16,12,12,8,2,2,0,0,1,2,0.0909090909090909,4,1.5,144,128,64,96,80,6,58,7,8,8,0,0.2388059701492537,7.0,7,14,0.6,1.0,8.0,18.0,12.0,150,0,0,150,1.0,1.0,1.0,1.0,0.0,0.0,10.0,1.0,1.0,1.0,1.0,0.0,150,0,0,150,1.0,1.0,1.0,1.0,0.0,0.0,10.0,1.0,1.0,1.0,1.0,0.0,150,0,0,150,1.0,1.0,1.0,1.0,0.0,0.0,10.0,1.0,1.0,1.0,1.0,0.0,1.0,0.9883268482490272,0.9145364336016508,1.0,1.0,1.0,0.315242374985246,4.0,50.0,5.0,71.42857142857143,2.0,,2.0,100.0,0.16666666666666674,12.500000000000005,27.0,72.97297297297297,29.0,43.28358208955223,32.0,28.57142857142857,1.833333333333333,29.729729729729726,-0.6666666666666679,-3.5714285714285774,-0.012894710122855091,-5.123033481242429,3.0,75.0
rework,0.07,1010,350,150,150,0.0,0.07,0.99,8,2,0.0057142857142857,0.4220005168831531,0.4220005168831531,6.257142857142857,8,8,8,0,16,12,12,8,2,2,0,0,1,2,0.0909090909090909,4,1.5,144,128,64,96,80,6,58,7,8,8,0,0.2388059701492537,7.0,7,14,0.6,1.0,8.0,18.0,12.0,150,0,0,150,1.0,1.0,1.0,1.0,0.0,0.0,10.0,1.0,1.0,1.0,1.0,0.0,150,0,0,150,1.0,1.0,1.0,1.0,0.0,0.0,10.0,1.0,1.0,1.0,1.0,0.0,150,0,0,150,1.0,1.0,1.0,1.0,0.0,0.0,10.0,1.0,1.0,1.0,1.0,0.0,1.0,0.9883268482490272,0.9145364336016508,1.0,1.0,1.0,0.349230667023221,4.0,50.0,5.0,71.42857142857143,2.0,,2.0,100.0,0.16666666666666674,12.500000000000005,27.0,72.97297297297297,29.0,43.28358208955223,32.0,28.57142857142857,1.833333333333333,29.729729729729726,-0.6666666666666679,-3.5714285714285774,-0.012894710122855091,-5.123033481242429,3.0,75.0
rework,0.1,1001,350,150,150,0.0,0.03,0.9,8,2,0.0057142857142857,0.4689955935892812,0.4689955935892812,6.3,8,8,8,0,16,12,12,8,2,2,0,0,1,2,0.0909090909090909,4,1.5,145,129,65,97,80,7,58,7,8,8,0,0.2425373134328358,7.0,7,14,0.6123076923076922,0.9984615384615384,8.125,18.125,12.125,150,0,0,150,1.0,1.0,1.0,1.0,0.0,0.0,10.0,1.0,1.0,1.0,1.0,0.0,75,75,0,150,0.75,1.0,0.5,0.6666666666666666,0.0,0.5,10.0,1.0,0.75,0.6666666666666666,0.6666666666666666,0.0,75,75,0,150,0.75,1.0,0.5,0.6666666666666666,0.0,0.5,10.0,1.0,0.75,0.6666666666666666,0.6666666666666666,0.0,1.0,0.9864864864864864,0.9179640421315508,1.0,0.9,0.9993103448275862,0.3022112080070656,4.0,50.0,5.0,71.42857142857143,2.0,,2.0,100.0,0.16666666666666674,12.500000000000005,28.0,75.67567567567568,30.0,44.776119402985074,33.0,29.464285714285715,1.958333333333333,31.756756756756747,-0.5416666666666679,-2.90178571428572,-0.00916336683927299,-3.640580879386838,3.0,75.0
rework,0.1,1001,350,150,150,0.0,0.03,0.95,8,2,0.0057142857142857,0.4689955935892812,0.4689955935892812,6.3,8,8,8,0,16,12,12,8,2,2,0,0,1,2,0.0909090909090909,4,1.5,144,128,64,96,80,6,58,7,8,8,0,0.2388059701492537,7.0,7,14,0.60625,1.0,8.0,18.0,12.0,150,0,0,150,1.0,1.0,1.0,1.0,0.0,0.0,10.0,1.0,1.0,1.0,1.0,0.0,150,0,0,150,1.0,1.0,1.0,1.0,0.0,0.0,10.0,1.0,1.0,1.0,1.0,0.0,150,0,0,150,1.0,1.0,1.0,1.0,0.0,0.0,10.0,1.0,1.0,1.0,1.0,0.0,1.0,0.9864864864864864,0.9179640421315508,1.0,1.0,1.0,0.3134478749998379,4.0,50.0,5.0,71.42857142857143,2.0,,2.0,100.0,0.16666666666666674,12.500000000000005,27.0,72.97297297297297,29.0,43.28358208955223,32.0,28.57142857142857,1.833333333333333,29.729729729729726,-0.6666666666666679,-3.5714285714285774,-0.012894710122855091,-5.123033481242429,3.0,75.0
rework,0.1,1001,350,150,150,0.0,0.03,0.99,8,2,0.0057142857142857,0.4689955935892812,0.4689955935892812,6.3,8,8,8,0,16,12,12,8,2,2,0,0,1,2,0.0909090909090909,4,1.5,144,128,64,96,80,6,58,7,8,8,0,0.2388059701492537,7.0,7,14,0.60625,1.0,8.0,18.0,12.0,150,0,0,150,1.0,1.0,1.0,1.0,0.0,0.0,10.0,1.0,1.0,1.0,1.0,0.0,150,0,0,150,1.0,1.0,1.0,1.0,0.0,0.0,10.0,1.0,1.0,1.0,1.0,0.0,150,0,0,150,1.0,1.0,1.0,1.0,0.0,0.0,10.0,1.0,1.0,1.0,1.0,0.0,1.0,0.9864864864864864,0.9179640421315508,1.0,1.0,1.0,0.3186700000078417,4.0,50.0,5.0,71.42857142857143,2.0,,2.0,100.0,0.16666666666666674,12.500000000000005,27.0,72.97297297297297,29.0,43.28358208955223,32.0,28.57142857142857,1.833333333333333,29.729729729729726,-0.6666666666666679,-3.5714285714285774,-0.012894710122855091,-5.123033481242429,3.0,75.0
rework,0.1,1001,350,150,150,0.0,0.05,0.9,8,2,0.0057142857142857,0.4689955935892812,0.4689955935892812,6.3,8,8,8,0,16,12,12,8,2,2,0,0,1,2,0.0909090909090909,4,1.5,145,129,65,97,80,7,58,7,8,8,0,0.2425373134328358,7.0,7,14,0.6123076923076922,0.9984615384615384,8.125,18.125,12.125,150,0,0,150,1.0,1.0,1.0,1.0,0.0,0.0,10.0,1.0,1.0,1.0,1.0,0.0,75,75,0,150,0.75,1.0,0.5,0.6666666666666666,0.0,0.5,10.0,1.0,0.75,0.6666666666666666,0.6666666666666666,0.0,75,75,0,150,0.75,1.0,0.5,0.6666666666666666,0.0,0.5,10.0,1.0,0.75,0.6666666666666666,0.6666666666666666,0.0,1.0,0.9864864864864864,0.9179640421315508,1.0,0.9,0.9993103448275862,0.2894828750286251,4.0,50.0,5.0,71.42857142857143,2.0,,2.0,100.0,0.16666666666666674,12.500000000000005,28.0,75.67567567567568,30.0,44.776119402985074,33.0,29.464285714285715,1.958333333333333,31.756756756756747,-0.5416666666666679,-2.90178571428572,-0.00916336683927299,-3.640580879386838,3.0,75.0
rework,0.1,1001,350,150,150,0.0,0.05,0.95,8,2,0.0057142857142857,0.4689955935892812,0.4689955935892812,6.3,8,8,8,0,16,12,12,8,2,2,0,0,1,2,0.0909090909090909,4,1.5,144,128,64,96,80,6,58,7,8,8,0,0.2388059701492537,7.0,7,14,0.60625,1.0,8.0,18.0,12.0,150,0,0,150,1.0,1.0,1.0,1.0,0.0,0.0,10.0,1.0,1.0,1.0,1.0,0.0,150,0,0,150,1.0,1.0,1.0,1.0,0.0,0.0,10.0,1.0,1.0,1.0,1.0,0.0,150,0,0,150,1.0,1.0,1.0,1.0,0.0,0.0,10.0,1.0,1.0,1.0,1.0,0.0,1.0,0.9864864864864864,0.9179640421315508,1.0,1.0,1.0,0.3148953749914653,4.0,50.0,5.0,71.42857142857143,2.0,,2.0,100.0,0.16666666666666674,12.500000000000005,27.0,72.97297297297297,29.0,43.28358208955223,32.0,28.57142857142857,1.833333333333333,29.729729729729726,-0.6666666666666679,-3.5714285714285774,-0.012894710122855091,-5.123033481242429,3.0,75.0
rework,0.1,1001,350,150,150,0.0,0.05,0.99,8,2,0.0057142857142857,0.4689955935892812,0.4689955935892812,6.3,8,8,8,0,16,12,12,8,2,2,0,0,1,2,0.0909090909090909,4,1.5,144,128,64,96,80,6,58,7,8,8,0,0.2388059701492537,7.0,7,14,0.60625,1.0,8.0,18.0,12.0,150,0,0,150,1.0,1.0,1.0,1.0,0.0,0.0,10.0,1.0,1.0,1.0,1.0,0.0,150,0,0,150,1.0,1.0,1.0,1.0,0.0,0.0,10.0,1.0,1.0,1.0,1.0,0.0,150,0,0,150,1.0,1.0,1.0,1.0,0.0,0.0,10.0,1.0,1.0,1.0,1.0,0.0,1.0,0.9864864864864864,0.9179640421315508,1.0,1.0,1.0,0.3322174999921117,4.0,50.0,5.0,71.42857142857143,2.0,,2.0,100.0,0.16666666666666674,12.500000000000005,27.0,72.97297297297297,29.0,43.28358208955223,32.0,28.57142857142857,1.833333333333333,29.729729729729726,-0.6666666666666679,-3.5714285714285774,-0.012894710122855091,-5.123033481242429,3.0,75.0
rework,0.1,1001,350,150,150,0.0,0.07,0.9,8,2,0.0057142857142857,0.4689955935892812,0.4689955935892812,6.3,8,8,8,0,16,12,12,8,2,2,0,0,1,2,0.0909090909090909,4,1.5,145,129,65,97,80,7,58,7,8,8,0,0.2425373134328358,7.0,7,14,0.6123076923076922,0.9984615384615384,8.125,18.125,12.125,150,0,0,150,1.0,1.0,1.0,1.0,0.0,0.0,10.0,1.0,1.0,1.0,1.0,0.0,75,75,0,150,0.75,1.0,0.5,0.6666666666666666,0.0,0.5,10.0,1.0,0.75,0.6666666666666666,0.6666666666666666,0.0,75,75,0,150,0.75,1.0,0.5,0.6666666666666666,0.0,0.5,10.0,1.0,0.75,0.6666666666666666,0.6666666666666666,0.0,1.0,0.9864864864864864,0.9179640421315508,1.0,0.9,0.9993103448275862,0.2971364580153022,4.0,50.0,5.0,71.42857142857143,2.0,,2.0,100.0,0.16666666666666674,12.500000000000005,28.0,75.67567567567568,30.0,44.776119402985074,33.0,29.464285714285715,1.958333333333333,31.756756756756747,-0.5416666666666679,-2.90178571428572,-0.00916336683927299,-3.640580879386838,3.0,75.0
rework,0.1,1001,350,150,150,0.0,0.07,0.95,8,2,0.0057142857142857,0.4689955935892812,0.4689955935892812,6.3,8,8,8,0,16,12,12,8,2,2,0,0,1,2,0.0909090909090909,4,1.5,144,128,64,96,80,6,58,7,8,8,0,0.2388059701492537,7.0,7,14,0.60625,1.0,8.0,18.0,12.0,150,0,0,150,1.0,1.0,1.0,1.0,0.0,0.0,10.0,1.0,1.0,1.0,1.0,0.0,150,0,0,150,1.0,1.0,1.0,1.0,0.0,0.0,10.0,1.0,1.0,1.0,1.0,0.0,150,0,0,150,1.0,1.0,1.0,1.0,0.0,0.0,10.0,1.0,1.0,1.0,1.0,0.0,1.0,0.9864864864864864,0.9179640421315508,1.0,1.0,1.0,0.3367682920070365,4.0,50.0,5.0,71.42857142857143,2.0,,2.0,100.0,0.16666666666666674,12.500000000000005,27.0,72.97297297297297,29.0,43.28358208955223,32.0,28.57142857142857,1.833333333333333,29.729729729729726,-0.6666666666666679,-3.5714285714285774,-0.012894710122855091,-5.123033481242429,3.0,75.0
rework,0.1,1001,350,150,150,0.0,0.07,0.99,8,2,0.0057142857142857,0.4689955935892812,0.4689955935892812,6.3,8,8,8,0,16,12,12,8,2,2,0,0,1,2,0.0909090909090909,4,1.5,144,128,64,96,80,6,58,7,8,8,0,0.2388059701492537,7.0,7,14,0.60625,1.0,8.0,18.0,12.0,150,0,0,150,1.0,1.0,1.0,1.0,0.0,0.0,10.0,1.0,1.0,1.0,1.0,0.0,150,0,0,150,1.0,1.0,1.0,1.0,0.0,0.0,10.0,1.0,1.0,1.0,1.0,0.0,150,0,0,150,1.0,1.0,1.0,1.0,0.0,0.0,10.0,1.0,1.0,1.0,1.0,0.0,1.0,0.9864864864864864,0.9179640421315508,1.0,1.0,1.0,0.3311468329920899,4.0,50.0,5.0,71.42857142857143,2.0,,2.0,100.0,0.16666666666666674,12.500000000000005,27.0,72.97297297297297,29.0,43.28358208955223,32.0,28.57142857142857,1.833333333333333,29.729729729729726,-0.6666666666666679,-3.5714285714285774,-0.012894710122855091,-5.123033481242429,3.0,75.0
rework,0.1,1002,350,150,150,0.0,0.03,0.9,8,2,0.0057142857142857,0.4779876398212027,0.4779876398212027,6.308571428571429,8,8,8,0,16,12,12,8,2,2,0,0,1,2,0.0909090909090909,4,1.5,144,128,64,96,80,6,58,7,8,8,0,0.2388059701492537,7.0,7,14,0.6075,1.0,8.0,18.0,12.0,150,0,0,150,1.0,1.0,1.0,1.0,0.0,0.0,10.0,1.0,1.0,1.0,1.0,0.0,150,0,0,150,1.0,1.0,1.0,1.0,0.0,0.0,10.0,1.0,1.0,1.0,1.0,0.0,150,0,0,150,1.0,1.0,1.0,1.0,0.0,0.0,10.0,1.0,1.0,1.0,1.0,0.0,1.0,0.9861218195836546,0.9185633456122893,1.0,1.0,1.0,0.3123792500118725,4.0,50.0,5.0,71.42857142857143,2.0,,2.0,100.0,0.16666666666666674,12.500000000000005,27.0,72.97297297297297,29.0,43.28358208955223,32.0,28.57142857142857,1.833333333333333,29.729729729729726,-0.6666666666666679,-3.5714285714285774,-0.012894710122855091,-5.123033481242429,3.0,75.0
rework,0.1,1002,350,150,150,0.0,0.03,0.95,8,2,0.0057142857142857,0.4779876398212027,0.4779876398212027,6.308571428571429,8,8,8,0,16,12,12,8,2,2,0,0,1,2,0.0909090909090909,4,1.5,144,128,64,96,80,6,58,7,8,8,0,0.2388059701492537,7.0,7,14,0.6075,1.0,8.0,18.0,12.0,150,0,0,150,1.0,1.0,1.0,1.0,0.0,0.0,10.0,1.0,1.0,1.0,1.0,0.0,150,0,0,150,1.0,1.0,1.0,1.0,0.0,0.0,10.0,1.0,1.0,1.0,1.0,0.0,150,0,0,150,1.0,1.0,1.0,1.0,0.0,0.0,10.0,1.0,1.0,1.0,1.0,0.0,1.0,0.9861218195836546,0.9185633456122893,1.0,1.0,1.0,0.3129859580076299,4.0,50.0,5.0,71.42857142857143,2.0,,2.0,100.0,0.16666666666666674,12.500000000000005,27.0,72.97297297297297,29.0,43.28358208955223,32.0,28.57142857142857,1.833333333333333,29.729729729729726,-0.6666666666666679,-3.5714285714285774,-0.012894710122855091,-5.123033481242429,3.0,75.0
rework,0.1,1002,350,150,150,0.0,0.03,0.99,8,2,0.0057142857142857,0.4779876398212027,0.4779876398212027,6.308571428571429,8,8,8,0,16,12,12,8,2,2,0,0,1,2,0.0909090909090909,4,1.5,144,128,64,96,80,6,58,7,8,8,0,0.2388059701492537,7.0,7,14,0.6075,1.0,8.0,18.0,12.0,150,0,0,150,1.0,1.0,1.0,1.0,0.0,0.0,10.0,1.0,1.0,1.0,1.0,0.0,150,0,0,150,1.0,1.0,1.0,1.0,0.0,0.0,10.0,1.0,1.0,1.0,1.0,0.0,150,0,0,150,1.0,1.0,1.0,1.0,0.0,0.0,10.0,1.0,1.0,1.0,1.0,0.0,1.0,0.9861218195836546,0.9185633456122893,1.0,1.0,1.0,0.3228616669948678,4.0,50.0,5.0,71.42857142857143,2.0,,2.0,100.0,0.16666666666666674,12.500000000000005,27.0,72.97297297297297,29.0,43.28358208955223,32.0,28.57142857142857,1.833333333333333,29.729729729729726,-0.6666666666666679,-3.5714285714285774,-0.012894710122855091,-5.123033481242429,3.0,75.0
rework,0.1,1002,350,150,150,0.0,0.05,0.9,8,2,0.0057142857142857,0.4779876398212027,0.4779876398212027,6.308571428571429,8,8,8,0,16,12,12,8,2,2,0,0,1,2,0.0909090909090909,4,1.5,144,128,64,96,80,6,58,7,8,8,0,0.2388059701492537,7.0,7,14,0.6075,1.0,8.0,18.0,12.0,150,0,0,150,1.0,1.0,1.0,1.0,0.0,0.0,10.0,1.0,1.0,1.0,1.0,0.0,150,0,0,150,1.0,1.0,1.0,1.0,0.0,0.0,10.0,1.0,1.0,1.0,1.0,0.0,150,0,0,150,1.0,1.0,1.0,1.0,0.0,0.0,10.0,1.0,1.0,1.0,1.0,0.0,1.0,0.9861218195836546,0.9185633456122893,1.0,1.0,1.0,0.296101458981866,4.0,50.0,5.0,71.42857142857143,2.0,,2.0,100.0,0.16666666666666674,12.500000000000005,27.0,72.97297297297297,29.0,43.28358208955223,32.0,28.57142857142857,1.833333333333333,29.729729729729726,-0.6666666666666679,-3.5714285714285774,-0.012894710122855091,-5.123033481242429,3.0,75.0
rework,0.1,1002,350,150,150,0.0,0.05,0.95,8,2,0.0057142857142857,0.4779876398212027,0.4779876398212027,6.308571428571429,8,8,8,0,16,12,12,8,2,2,0,0,1,2,0.0909090909090909,4,1.5,144,128,64,96,80,6,58,7,8,8,0,0.2388059701492537,7.0,7,14,0.6075,1.0,8.0,18.0,12.0,150,0,0,150,1.0,1.0,1.0,1.0,0.0,0.0,10.0,1.0,1.0,1.0,1.0,0.0,150,0,0,150,1.0,1.0,1.0,1.0,0.0,0.0,10.0,1.0,1.0,1.0,1.0,0.0,150,0,0,150,1.0,1.0,1.0,1.0,0.0,0.0,10.0,1.0,1.0,1.0,1.0,0.0,1.0,0.9861218195836546,0.9185633456122893,1.0,1.0,1.0,0.3949188329861499,4.0,50.0,5.0,71.42857142857143,2.0,,2.0,100.0,0.16666666666666674,12.500000000000005,27.0,72.97297297297297,29.0,43.28358208955223,32.0,28.57142857142857,1.833333333333333,29.729729729729726,-0.6666666666666679,-3.5714285714285774,-0.012894710122855091,-5.123033481242429,3.0,75.0
rework,0.1,1002,350,150,150,0.0,0.05,0.99,8,2,0.0057142857142857,0.4779876398212027,0.4779876398212027,6.308571428571429,8,8,8,0,16,12,12,8,2,2,0,0,1,2,0.0909090909090909,4,1.5,144,128,64,96,80,6,58,7,8,8,0,0.2388059701492537,7.0,7,14,0.6075,1.0,8.0,18.0,12.0,150,0,0,150,1.0,1.0,1.0,1.0,0.0,0.0,10.0,1.0,1.0,1.0,1.0,0.0,150,0,0,150,1.0,1.0,1.0,1.0,0.0,0.0,10.0,1.0,1.0,1.0,1.0,0.0,150,0,0,150,1.0,1.0,1.0,1.0,0.0,0.0,10.0,1.0,1.0,1.0,1.0,0.0,1.0,0.9861218195836546,0.9185633456122893,1.0,1.0,1.0,0.3609288329898845,4.0,50.0,5.0,71.42857142857143,2.0,,2.0,100.0,0.16666666666666674,12.500000000000005,27.0,72.97297297297297,29.0,43.28358208955223,32.0,28.57142857142857,1.833333333333333,29.729729729729726,-0.6666666666666679,-3.5714285714285774,-0.012894710122855091,-5.123033481242429,3.0,75.0
rework,0.1,1002,350,150,150,0.0,0.07,0.9,8,2,0.0057142857142857,0.4779876398212027,0.4779876398212027,6.308571428571429,8,8,8,0,16,12,12,8,2,2,0,0,1,2,0.0909090909090909,4,1.5,144,128,64,96,80,6,58,7,8,8,0,0.2388059701492537,7.0,7,14,0.6075,1.0,8.0,18.0,12.0,150,0,0,150,1.0,1.0,1.0,1.0,0.0,0.0,10.0,1.0,1.0,1.0,1.0,0.0,150,0,0,150,1.0,1.0,1.0,1.0,0.0,0.0,10.0,1.0,1.0,1.0,1.0,0.0,150,0,0,150,1.0,1.0,1.0,1.0,0.0,0.0,10.0,1.0,1.0,1.0,1.0,0.0,1.0,0.9861218195836546,0.9185633456122893,1.0,1.0,1.0,0.3187804580084048,4.0,50.0,5.0,71.42857142857143,2.0,,2.0,100.0,0.16666666666666674,12.500000000000005,27.0,72.97297297297297,29.0,43.28358208955223,32.0,28.57142857142857,1.833333333333333,29.729729729729726,-0.6666666666666679,-3.5714285714285774,-0.012894710122855091,-5.123033481242429,3.0,75.0
rework,0.1,1002,350,150,150,0.0,0.07,0.95,8,2,0.0057142857142857,0.4779876398212027,0.4779876398212027,6.308571428571429,8,8,8,0,16,12,12,8,2,2,0,0,1,2,0.0909090909090909,4,1.5,144,128,64,96,80,6,58,7,8,8,0,0.2388059701492537,7.0,7,14,0.6075,1.0,8.0,18.0,12.0,150,0,0,150,1.0,1.0,1.0,1.0,0.0,0.0,10.0,1.0,1.0,1.0,1.0,0.0,150,0,0,150,1.0,1.0,1.0,1.0,0.0,0.0,10.0,1.0,1.0,1.0,1.0,0.0,150,0,0,150,1.0,1.0,1.0,1.0,0.0,0.0,10.0,1.0,1.0,1.0,1.0,0.0,1.0,0.9861218195836546,0.9185633456122893,1.0,1.0,1.0,0.3009607919957489,4.0,50.0,5.0,71.42857142857143,2.0,,2.0,100.0,0.16666666666666674,12.500000000000005,27.0,72.97297297297297,29.0,43.28358208955223,32.0,28.57142857142857,1.833333333333333,29.729729729729726,-0.6666666666666679,-3.5714285714285774,-0.012894710122855091,-5.123033481242429,3.0,75.0
rework,0.1,1002,350,150,150,0.0,0.07,0.99,8,2,0.0057142857142857,0.4779876398212027,0.4779876398212027,6.308571428571429,8,8,8,0,16,12,12,8,2,2,0,0,1,2,0.0909090909090909,4,1.5,144,128,64,96,80,6,58,7,8,8,0,0.2388059701492537,7.0,7,14,0.6075,1.0,8.0,18.0,12.0,150,0,0,150,1.0,1.0,1.0,1.0,0.0,0.0,10.0,1.0,1.0,1.0,1.0,0.0,150,0,0,150,1.0,1.0,1.0,1.0,0.0,0.0,10.0,1.0,1.0,1.0,1.0,0.0,150,0,0,150,1.0,1.0,1.0,1.0,0.0,0.0,10.0,1.0,1.0,1.0,1.0,0.0,1.0,0.9861218195836546,0.9185633456122893,1.0,1.0,1.0,0.3637671250035055,4.0,50.0,5.0,71.42857142857143,2.0,,2.0,100.0,0.16666666666666674,12.500000000000005,27.0,72.97297297297297,29.0,43.28358208955223,32.0,28.57142857142857,1.833333333333333,29.729729729729726,-0.6666666666666679,-3.5714285714285774,-0.012894710122855091,-5.123033481242429,3.0,75.0
rework,0.1,1003,350,150,150,0.0,0.03,0.9,8,2,0.0057142857142857,0.5375182490299424,0.5375182490299424,6.368571428571428,8,8,8,0,16,12,12,8,2,2,0,0,1,2,0.0909090909090909,4,1.5,144,128,64,96,80,6,58,7,8,8,0,0.2388059701492537,7.0,7,14,0.61625,1.0,8.0,18.0,12.0,150,0,0,150,1.0,1.0,1.0,1.0,0.0,0.0,10.0,1.0,1.0,1.0,1.0,0.0,150,0,0,150,1.0,1.0,1.0,1.0,0.0,0.0,10.0,1.0,1.0,1.0,1.0,0.0,150,0,0,150,1.0,1.0,1.0,1.0,0.0,0.0,10.0,1.0,1.0,1.0,1.0,0.0,1.0,0.9836003051106026,0.9221622862739792,1.0,1.0,1.0,0.3083235000085551,4.0,50.0,5.0,71.42857142857143,2.0,,2.0,100.0,0.16666666666666674,12.500000000000005,27.0,72.97297297297297,29.0,43.28358208955223,32.0,28.57142857142857,1.833333333333333,29.729729729729726,-0.6666666666666679,-3.5714285714285774,-0.012894710122855091,-5.123033481242429,3.0,75.0
rework,0.1,1003,350,150,150,0.0,0.03,0.95,8,2,0.0057142857142857,0.5375182490299424,0.5375182490299424,6.368571428571428,8,8,8,0,16,12,12,8,2,2,0,0,1,2,0.0909090909090909,4,1.5,144,128,64,96,80,6,58,7,8,8,0,0.2388059701492537,7.0,7,14,0.61625,1.0,8.0,18.0,12.0,150,0,0,150,1.0,1.0,1.0,1.0,0.0,0.0,10.0,1.0,1.0,1.0,1.0,0.0,150,0,0,150,1.0,1.0,1.0,1.0,0.0,0.0,10.0,1.0,1.0,1.0,1.0,0.0,150,0,0,150,1.0,1.0,1.0,1.0,0.0,0.0,10.0,1.0,1.0,1.0,1.0,0.0,1.0,0.9836003051106026,0.9221622862739792,1.0,1.0,1.0,0.3216059999831486,4.0,50.0,5.0,71.42857142857143,2.0,,2.0,100.0,0.16666666666666674,12.500000000000005,27.0,72.97297297297297,29.0,43.28358208955223,32.0,28.57142857142857,1.833333333333333,29.729729729729726,-0.6666666666666679,-3.5714285714285774,-0.012894710122855091,-5.123033481242429,3.0,75.0
rework,0.1,1003,350,150,150,0.0,0.03,0.99,8,2,0.0057142857142857,0.5375182490299424,0.5375182490299424,6.368571428571428,8,8,8,0,16,12,12,8,2,2,0,0,1,2,0.0909090909090909,4,1.5,144,128,64,96,80,6,58,7,8,8,0,0.2388059701492537,7.0,7,14,0.61625,1.0,8.0,18.0,12.0,150,0,0,150,1.0,1.0,1.0,1.0,0.0,0.0,10.0,1.0,1.0,1.0,1.0,0.0,150,0,0,150,1.0,1.0,1.0,1.0,0.0,0.0,10.0,1.0,1.0,1.0,1.0,0.0,150,0,0,150,1.0,1.0,1.0,1.0,0.0,0.0,10.0,1.0,1.0,1.0,1.0,0.0,1.0,0.9836003051106026,0.9221622862739792,1.0,1.0,1.0,0.3268589999934193,4.0,50.0,5.0,71.42857142857143,2.0,,2.0,100.0,0.16666666666666674,12.500000000000005,27.0,72.97297297297297,29.0,43.28358208955223,32.0,28.57142857142857,1.833333333333333,29.729729729729726,-0.6666666666666679,-3.5714285714285774,-0.012894710122855091,-5.123033481242429,3.0,75.0
rework,0.1,1003,350,150,150,0.0,0.05,0.9,8,2,0.0057142857142857,0.5375182490299424,0.5375182490299424,6.368571428571428,8,8,8,0,16,12,12,8,2,2,0,0,1,2,0.0909090909090909,4,1.5,144,128,64,96,80,6,58,7,8,8,0,0.2388059701492537,7.0,7,14,0.61625,1.0,8.0,18.0,12.0,150,0,0,150,1.0,1.0,1.0,1.0,0.0,0.0,10.0,1.0,1.0,1.0,1.0,0.0,150,0,0,150,1.0,1.0,1.0,1.0,0.0,0.0,10.0,1.0,1.0,1.0,1.0,0.0,150,0,0,150,1.0,1.0,1.0,1.0,0.0,0.0,10.0,1.0,1.0,1.0,1.0,0.0,1.0,0.9836003051106026,0.9221622862739792,1.0,1.0,1.0,0.3181585829879623,4.0,50.0,5.0,71.42857142857143,2.0,,2.0,100.0,0.16666666666666674,12.500000000000005,27.0,72.97297297297297,29.0,43.28358208955223,32.0,28.57142857142857,1.833333333333333,29.729729729729726,-0.6666666666666679,-3.5714285714285774,-0.012894710122855091,-5.123033481242429,3.0,75.0
rework,0.1,1003,350,150,150,0.0,0.05,0.95,8,2,0.0057142857142857,0.5375182490299424,0.5375182490299424,6.368571428571428,8,8,8,0,16,12,12,8,2,2,0,0,1,2,0.0909090909090909,4,1.5,144,128,64,96,80,6,58,7,8,8,0,0.2388059701492537,7.0,7,14,0.61625,1.0,8.0,18.0,12.0,150,0,0,150,1.0,1.0,1.0,1.0,0.0,0.0,10.0,1.0,1.0,1.0,1.0,0.0,150,0,0,150,1.0,1.0,1.0,1.0,0.0,0.0,10.0,1.0,1.0,1.0,1.0,0.0,150,0,0,150,1.0,1.0,1.0,1.0,0.0,0.0,10.0,1.0,1.0,1.0,1.0,0.0,1.0,0.9836003051106026,0.9221622862739792,1.0,1.0,1.0,0.3102997090027202,4.0,50.0,5.0,71.42857142857143,2.0,,2.0,100.0,0.16666666666666674,12.500000000000005,27.0,72.97297297297297,29.0,43.28358208955223,32.0,28.57142857142857,1.833333333333333,29.729729729729726,-0.6666666666666679,-3.5714285714285774,-0.012894710122855091,-5.123033481242429,3.0,75.0
rework,0.1,1003,350,150,150,0.0,0.05,0.99,8,2,0.0057142857142857,0.5375182490299424,0.5375182490299424,6.368571428571428,8,8,8,0,16,12,12,8,2,2,0,0,1,2,0.0909090909090909,4,1.5,144,128,64,96,80,6,58,7,8,8,0,0.2388059701492537,7.0,7,14,0.61625,1.0,8.0,18.0,12.0,150,0,0,150,1.0,1.0,1.0,1.0,0.0,0.0,10.0,1.0,1.0,1.0,1.0,0.0,150,0,0,150,1.0,1.0,1.0,1.0,0.0,0.0,10.0,1.0,1.0,1.0,1.0,0.0,150,0,0,150,1.0,1.0,1.0,1.0,0.0,0.0,10.0,1.0,1.0,1.0,1.0,0.0,1.0,0.9836003051106026,0.9221622862739792,1.0,1.0,1.0,0.3170171669917181,4.0,50.0,5.0,71.42857142857143,2.0,,2.0,100.0,0.16666666666666674,12.500000000000005,27.0,72.97297297297297,29.0,43.28358208955223,32.0,28.57142857142857,1.833333333333333,29.729729729729726,-0.6666666666666679,-3.5714285714285774,-0.012894710122855091,-5.123033481242429,3.0,75.0
rework,0.1,1003,350,150,150,0.0,0.07,0.9,8,2,0.0057142857142857,0.5375182490299424,0.5375182490299424,6.368571428571428,8,8,8,0,16,12,12,8,2,2,0,0,1,2,0.0909090909090909,4,1.5,144,128,64,96,80,6,58,7,8,8,0,0.2388059701492537,7.0,7,14,0.61625,1.0,8.0,18.0,12.0,150,0,0,150,1.0,1.0,1.0,1.0,0.0,0.0,10.0,1.0,1.0,1.0,1.0,0.0,150,0,0,150,1.0,1.0,1.0,1.0,0.0,0.0,10.0,1.0,1.0,1.0,1.0,0.0,150,0,0,150,1.0,1.0,1.0,1.0,0.0,0.0,10.0,1.0,1.0,1.0,1.0,0.0,1.0,0.9836003051106026,0.9221622862739792,1.0,1.0,1.0,0.2961163749860134,4.0,50.0,5.0,71.42857142857143,2.0,,2.0,100.0,0.16666666666666674,12.500000000000005,27.0,72.97297297297297,29.0,43.28358208955223,32.0,28.57142857142857,1.833333333333333,29.729729729729726,-0.6666666666666679,-3.5714285714285774,-0.012894710122855091,-5.123033481242429,3.0,75.0
rework,0.1,1003,350,150,150,0.0,0.07,0.95,8,2,0.0057142857142857,0.5375182490299424,0.5375182490299424,6.368571428571428,8,8,8,0,16,12,12,8,2,2,0,0,1,2,0.0909090909090909,4,1.5,144,128,64,96,80,6,58,7,8,8,0,0.2388059701492537,7.0,7,14,0.61625,1.0,8.0,18.0,12.0,150,0,0,150,1.0,1.0,1.0,1.0,0.0,0.0,10.0,1.0,1.0,1.0,1.0,0.0,150,0,0,150,1.0,1.0,1.0,1.0,0.0,0.0,10.0,1.0,1.0,1.0,1.0,0.0,150,0,0,150,1.0,1.0,1.0,1.0,0.0,0.0,10.0,1.0,1.0,1.0,1.0,0.0,1.0,0.9836003051106026,0.9221622862739792,1.0,1.0,1.0,0.297307875007391,4.0,50.0,5.0,71.42857142857143,2.0,,2.0,100.0,0.16666666666666674,12.500000000000005,27.0,72.97297297297297,29.0,43.28358208955223,32.0,28.57142857142857,1.833333333333333,29.729729729729726,-0.6666666666666679,-3.5714285714285774,-0.012894710122855091,-5.123033481242429,3.0,75.0
rework,0.1,1003,350,150,150,0.0,0.07,0.99,8,2,0.0057142857142857,0.5375182490299424,0.5375182490299424,6.368571428571428,8,8,8,0,16,12,12,8,2,2,0,0,1,2,0.0909090909090909,4,1.5,144,128,64,96,80,6,58,7,8,8,0,0.2388059701492537,7.0,7,14,0.61625,1.0,8.0,18.0,12.0,150,0,0,150,1.0,1.0,1.0,1.0,0.0,0.0,10.0,1.0,1.0,1.0,1.0,0.0,150,0,0,150,1.0,1.0,1.0,1.0,0.0,0.0,10.0,1.0,1.0,1.0,1.0,0.0,150,0,0,150,1.0,1.0,1.0,1.0,0.0,0.0,10.0,1.0,1.0,1.0,1.0,0.0,1.0,0.9836003051106026,0.9221622862739792,1.0,1.0,1.0,0.3402673749951646,4.0,50.0,5.0,71.42857142857143,2.0,,2.0,100.0,0.16666666666666674,12.500000000000005,27.0,72.97297297297297,29.0,43.28358208955223,32.0,28.57142857142857,1.833333333333333,29.729729729729726,-0.6666666666666679,-3.5714285714285774,-0.012894710122855091,-5.123033481242429,3.0,75.0
rework,0.1,1004,350,150,150,0.0,0.03,0.9,8,2,0.0057142857142857,0.4955918609869638,0.4955918609869638,6.325714285714286,8,8,8,0,16,12,12,8,2,2,0,0,1,2,0.0909090909090909,4,1.5,144,128,64,96,80,6,58,7,8,8,0,0.2388059701492537,7.0,7,14,0.61,1.0,8.0,18.0,12.0,150,0,0,150,1.0,1.0,1.0,1.0,0.0,0.0,10.0,1.0,1.0,1.0,1.0,0.0,150,0,0,150,1.0,1.0,1.0,1.0,0.0,0.0,10.0,1.0,1.0,1.0,1.0,0.0,150,0,0,150,1.0,1.0,1.0,1.0,0.0,0.0,10.0,1.0,1.0,1.0,1.0,0.0,1.0,0.9853958493466564,0.9196910759461712,1.0,1.0,1.0,0.3033541670010891,4.0,50.0,5.0,71.42857142857143,2.0,,2.0,100.0,0.16666666666666674,12.500000000000005,27.0,72.97297297297297,29.0,43.28358208955223,32.0,28.57142857142857,1.833333333333333,29.729729729729726,-0.6666666666666679,-3.5714285714285774,-0.012894710122855091,-5.123033481242429,3.0,75.0
rework,0.1,1004,350,150,150,0.0,0.03,0.95,8,2,0.0057142857142857,0.4955918609869638,0.4955918609869638,6.325714285714286,8,8,8,0,16,12,12,8,2,2,0,0,1,2,0.0909090909090909,4,1.5,144,128,64,96,80,6,58,7,8,8,0,0.2388059701492537,7.0,7,14,0.61,1.0,8.0,18.0,12.0,150,0,0,150,1.0,1.0,1.0,1.0,0.0,0.0,10.0,1.0,1.0,1.0,1.0,0.0,150,0,0,150,1.0,1.0,1.0,1.0,0.0,0.0,10.0,1.0,1.0,1.0,1.0,0.0,150,0,0,150,1.0,1.0,1.0,1.0,0.0,0.0,10.0,1.0,1.0,1.0,1.0,0.0,1.0,0.9853958493466564,0.9196910759461712,1.0,1.0,1.0,0.3063588329823687,4.0,50.0,5.0,71.42857142857143,2.0,,2.0,100.0,0.16666666666666674,12.500000000000005,27.0,72.97297297297297,29.0,43.28358208955223,32.0,28.57142857142857,1.833333333333333,29.729729729729726,-0.6666666666666679,-3.5714285714285774,-0.012894710122855091,-5.123033481242429,3.0,75.0
rework,0.1,1004,350,150,150,0.0,0.03,0.99,8,2,0.0057142857142857,0.4955918609869638,0.4955918609869638,6.325714285714286,8,8,8,0,16,12,12,8,2,2,0,0,1,2,0.0909090909090909,4,1.5,144,128,64,96,80,6,58,7,8,8,0,0.2388059701492537,7.0,7,14,0.61,1.0,8.0,18.0,12.0,150,0,0,150,1.0,1.0,1.0,1.0,0.0,0.0,10.0,1.0,1.0,1.0,1.0,0.0,150,0,0,150,1.0,1.0,1.0,1.0,0.0,0.0,10.0,1.0,1.0,1.0,1.0,0.0,150,0,0,150,1.0,1.0,1.0,1.0,0.0,0.0,10.0,1.0,1.0,1.0,1.0,0.0,1.0,0.9853958493466564,0.9196910759461712,1.0,1.0,1.0,0.332994292024523,4.0,50.0,5.0,71.42857142857143,2.0,,2.0,100.0,0.16666666666666674,12.500000000000005,27.0,72.97297297297297,29.0,43.28358208955223,32.0,28.57142857142857,1.833333333333333,29.729729729729726,-0.6666666666666679,-3.5714285714285774,-0.012894710122855091,-5.123033481242429,3.0,75.0
rework,0.1,1004,350,150,150,0.0,0.05,0.9,8,2,0.0057142857142857,0.4955918609869638,0.4955918609869638,6.325714285714286,8,8,8,0,16,12,12,8,2,2,0,0,1,2,0.0909090909090909,4,1.5,144,128,64,96,80,6,58,7,8,8,0,0.2388059701492537,7.0,7,14,0.61,1.0,8.0,18.0,12.0,150,0,0,150,1.0,1.0,1.0,1.0,0.0,0.0,10.0,1.0,1.0,1.0,1.0,0.0,150,0,0,150,1.0,1.0,1.0,1.0,0.0,0.0,10.0,1.0,1.0,1.0,1.0,0.0,150,0,0,150,1.0,1.0,1.0,1.0,0.0,0.0,10.0,1.0,1.0,1.0,1.0,0.0,1.0,0.9853958493466564,0.9196910759461712,1.0,1.0,1.0,0.3323130409989971,4.0,50.0,5.0,71.42857142857143,2.0,,2.0,100.0,0.16666666666666674,12.500000000000005,27.0,72.97297297297297,29.0,43.28358208955223,32.0,28.57142857142857,1.833333333333333,29.729729729729726,-0.6666666666666679,-3.5714285714285774,-0.012894710122855091,-5.123033481242429,3.0,75.0
rework,0.1,1004,350,150,150,0.0,0.05,0.95,8,2,0.0057142857142857,0.4955918609869638,0.4955918609869638,6.325714285714286,8,8,8,0,16,12,12,8,2,2,0,0,1,2,0.0909090909090909,4,1.5,144,128,64,96,80,6,58,7,8,8,0,0.2388059701492537,7.0,7,14,0.61,1.0,8.0,18.0,12.0,150,0,0,150,1.0,1.0,1.0,1.0,0.0,0.0,10.0,1.0,1.0,1.0,1.0,0.0,150,0,0,150,1.0,1.0,1.0,1.0,0.0,0.0,10.0,1.0,1.0,1.0,1.0,0.0,150,0,0,150,1.0,1.0,1.0,1.0,0.0,0.0,10.0,1.0,1.0,1.0,1.0,0.0,1.0,0.9853958493466564,0.9196910759461712,1.0,1.0,1.0,0.3227375420101452,4.0,50.0,5.0,71.42857142857143,2.0,,2.0,100.0,0.16666666666666674,12.500000000000005,27.0,72.97297297297297,29.0,43.28358208955223,32.0,28.57142857142857,1.833333333333333,29.729729729729726,-0.6666666666666679,-3.5714285714285774,-0.012894710122855091,-5.123033481242429,3.0,75.0
rework,0.1,1004,350,150,150,0.0,0.05,0.99,8,2,0.0057142857142857,0.4955918609869638,0.4955918609869638,6.325714285714286,8,8,8,0,16,12,12,8,2,2,0,0,1,2,0.0909090909090909,4,1.5,144,128,64,96,80,6,58,7,8,8,0,0.2388059701492537,7.0,7,14,0.61,1.0,8.0,18.0,12.0,150,0,0,150,1.0,1.0,1.0,1.0,0.0,0.0,10.0,1.0,1.0,1.0,1.0,0.0,150,0,0,150,1.0,1.0,1.0,1.0,0.0,0.0,10.0,1.0,1.0,1.0,1.0,0.0,150,0,0,150,1.0,1.0,1.0,1.0,0.0,0.0,10.0,1.0,1.0,1.0,1.0,0.0,1.0,0.9853958493466564,0.9196910759461712,1.0,1.0,1.0,0.3558000840130262,4.0,50.0,5.0,71.42857142857143,2.0,,2.0,100.0,0.16666666666666674,12.500000000000005,27.0,72.97297297297297,29.0,43.28358208955223,32.0,28.57142857142857,1.833333333333333,29.729729729729726,-0.6666666666666679,-3.5714285714285774,-0.012894710122855091,-5.123033481242429,3.0,75.0
rework,0.1,1004,350,150,150,0.0,0.07,0.9,8,2,0.0057142857142857,0.4955918609869638,0.4955918609869638,6.325714285714286,8,8,8,0,16,12,12,8,2,2,0,0,1,2,0.0909090909090909,4,1.5,144,128,64,96,80,6,58,7,8,8,0,0.2388059701492537,7.0,7,14,0.61,1.0,8.0,18.0,12.0,150,0,0,150,1.0,1.0,1.0,1.0,0.0,0.0,10.0,1.0,1.0,1.0,1.0,0.0,150,0,0,150,1.0,1.0,1.0,1.0,0.0,0.0,10.0,1.0,1.0,1.0,1.0,0.0,150,0,0,150,1.0,1.0,1.0,1.0,0.0,0.0,10.0,1.0,1.0,1.0,1.0,0.0,1.0,0.9853958493466564,0.9196910759461712,1.0,1.0,1.0,0.3347323329944629,4.0,50.0,5.0,71.42857142857143,2.0,,2.0,100.0,0.16666666666666674,12.500000000000005,27.0,72.97297297297297,29.0,43.28358208955223,32.0,28.57142857142857,1.833333333333333,29.729729729729726,-0.6666666666666679,-3.5714285714285774,-0.012894710122855091,-5.123033481242429,3.0,75.0
rework,0.1,1004,350,150,150,0.0,0.07,0.95,8,2,0.0057142857142857,0.4955918609869638,0.4955918609869638,6.325714285714286,8,8,8,0,16,12,12,8,2,2,0,0,1,2,0.0909090909090909,4,1.5,144,128,64,96,80,6,58,7,8,8,0,0.2388059701492537,7.0,7,14,0.61,1.0,8.0,18.0,12.0,150,0,0,150,1.0,1.0,1.0,1.0,0.0,0.0,10.0,1.0,1.0,1.0,1.0,0.0,150,0,0,150,1.0,1.0,1.0,1.0,0.0,0.0,10.0,1.0,1.0,1.0,1.0,0.0,150,0,0,150,1.0,1.0,1.0,1.0,0.0,0.0,10.0,1.0,1.0,1.0,1.0,0.0,1.0,0.9853958493466564,0.9196910759461712,1.0,1.0,1.0,0.3153820830048062,4.0,50.0,5.0,71.42857142857143,2.0,,2.0,100.0,0.16666666666666674,12.500000000000005,27.0,72.97297297297297,29.0,43.28358208955223,32.0,28.57142857142857,1.833333333333333,29.729729729729726,-0.6666666666666679,-3.5714285714285774,-0.012894710122855091,-5.123033481242429,3.0,75.0
rework,0.1,1004,350,150,150,0.0,0.07,0.99,8,2,0.0057142857142857,0.4955918609869638,0.4955918609869638,6.325714285714286,8,8,8,0,16,12,12,8,2,2,0,0,1,2,0.0909090909090909,4,1.5,144,128,64,96,80,6,58,7,8,8,0,0.2388059701492537,7.0,7,14,0.61,1.0,8.0,18.0,12.0,150,0,0,150,1.0,1.0,1.0,1.0,0.0,0.0,10.0,1.0,1.0,1.0,1.0,0.0,150,0,0,150,1.0,1.0,1.0,1.0,0.0,0.0,10.0,1.0,1.0,1.0,1.0,0.0,150,0,0,150,1.0,1.0,1.0,1.0,0.0,0.0,10.0,1.0,1.0,1.0,1.0,0.0,1.0,0.9853958493466564,0.9196910759461712,1.0,1.0,1.0,0.3292010840086732,4.0,50.0,5.0,71.42857142857143,2.0,,2.0,100.0,0.16666666666666674,12.500000000000005,27.0,72.97297297297297,29.0,43.28358208955223,32.0,28.57142857142857,1.833333333333333,29.729729729729726,-0.6666666666666679,-3.5714285714285774,-0.012894710122855091,-5.123033481242429,3.0,75.0
rework,0.1,1005,350,150,150,0.0,0.03,0.9,8,2,0.0057142857142857,0.4598726746138258,0.4598726746138258,6.291428571428572,8,8,8,0,16,12,12,8,2,2,0,0,1,2,0.0909090909090909,4,1.5,145,129,65,97,80,7,58,7,8,8,0,0.2425373134328358,7.0,7,14,0.6110769230769231,0.9985054945054944,8.125,18.125,12.125,150,0,0,150,1.0,1.0,1.0,1.0,0.0,0.0,10.0,1.0,1.0,1.0,1.0,0.0,75,75,0,150,0.75,1.0,0.5,0.6666666666666666,0.0,0.5,10.0,1.0,0.75,0.6666666666666666,0.6666666666666666,0.0,75,75,0,150,0.75,1.0,0.5,0.6666666666666666,0.0,0.5,10.0,1.0,0.75,0.6666666666666666,0.6666666666666666,0.0,1.0,0.9868522815158546,0.917338818936822,1.0,0.9028571428571428,0.9993300492610836,0.3151669159997254,4.0,50.0,5.0,71.42857142857143,2.0,,2.0,100.0,0.16666666666666674,12.500000000000005,28.0,75.67567567567568,30.0,44.776119402985074,33.0,29.464285714285715,1.958333333333333,31.756756756756747,-0.5416666666666679,-2.90178571428572,-0.00916336683927299,-3.640580879386838,3.0,75.0
rework,0.1,1005,350,150,150,0.0,0.03,0.95,8,2,0.0057142857142857,0.4598726746138258,0.4598726746138258,6.291428571428572,8,8,8,0,16,12,12,8,2,2,0,0,1,2,0.0909090909090909,4,1.5,144,128,64,96,80,6,58,7,8,8,0,0.2388059701492537,7.0,7,14,0.605,1.0,8.0,18.0,12.0,150,0,0,150,1.0,1.0,1.0,1.0,0.0,0.0,10.0,1.0,1.0,1.0,1.0,0.0,150,0,0,150,1.0,1.0,1.0,1.0,0.0,0.0,10.0,1.0,1.0,1.0,1.0,0.0,150,0,0,150,1.0,1.0,1.0,1.0,0.0,0.0,10.0,1.0,1.0,1.0,1.0,0.0,1.0,0.9868522815158546,0.917338818936822,1.0,1.0,1.0,0.3264049590216018,4.0,50.0,5.0,71.42857142857143,2.0,,2.0,100.0,0.16666666666666674,12.500000000000005,27.0,72.97297297297297,29.0,43.28358208955223,32.0,28.57142857142857,1.833333333333333,29.729729729729726,-0.6666666666666679,-3.5714285714285774,-0.012894710122855091,-5.123033481242429,3.0,75.0
rework,0.1,1005,350,150,150,0.0,0.03,0.99,8,2,0.0057142857142857,0.4598726746138258,0.4598726746138258,6.291428571428572,8,8,8,0,16,12,12,8,2,2,0,0,1,2,0.0909090909090909,4,1.5,144,128,64,96,80,6,58,7,8,8,0,0.2388059701492537,7.0,7,14,0.605,1.0,8.0,18.0,12.0,150,0,0,150,1.0,1.0,1.0,1.0,0.0,0.0,10.0,1.0,1.0,1.0,1.0,0.0,150,0,0,150,1.0,1.0,1.0,1.0,0.0,0.0,10.0,1.0,1.0,1.0,1.0,0.0,150,0,0,150,1.0,1.0,1.0,1.0,0.0,0.0,10.0,1.0,1.0,1.0,1.0,0.0,1.0,0.9868522815158546,0.917338818936822,1.0,1.0,1.0,0.3210369169828482,4.0,50.0,5.0,71.42857142857143,2.0,,2.0,100.0,0.16666666666666674,12.500000000000005,27.0,72.97297297297297,29.0,43.28358208955223,32.0,28.57142857142857,1.833333333333333,29.729729729729726,-0.6666666666666679,-3.5714285714285774,-0.012894710122855091,-5.123033481242429,3.0,75.0
rework,0.1,1005,350,150,150,0.0,0.05,0.9,8,2,0.0057142857142857,0.4598726746138258,0.4598726746138258,6.291428571428572,8,8,8,0,16,12,12,8,2,2,0,0,1,2,0.0909090909090909,4,1.5,145,129,65,97,80,7,58,7,8,8,0,0.2425373134328358,7.0,7,14,0.6110769230769231,0.9985054945054944,8.125,18.125,12.125,150,0,0,150,1.0,1.0,1.0,1.0,0.0,0.0,10.0,1.0,1.0,1.0,1.0,0.0,75,75,0,150,0.75,1.0,0.5,0.6666666666666666,0.0,0.5,10.0,1.0,0.75,0.6666666666666666,0.6666666666666666,0.0,75,75,0,150,0.75,1.0,0.5,0.6666666666666666,0.0,0.5,10.0,1.0,0.75,0.6666666666666666,0.6666666666666666,0.0,1.0,0.9868522815158546,0.917338818936822,1.0,0.9028571428571428,0.9993300492610836,0.3215097500069532,4.0,50.0,5.0,71.42857142857143,2.0,,2.0,100.0,0.16666666666666674,12.500000000000005,28.0,75.67567567567568,30.0,44.776119402985074,33.0,29.464285714285715,1.958333333333333,31.756756756756747,-0.5416666666666679,-2.90178571428572,-0.00916336683927299,-3.640580879386838,3.0,75.0
rework,0.1,1005,350,150,150,0.0,0.05,0.95,8,2,0.0057142857142857,0.4598726746138258,0.4598726746138258,6.291428571428572,8,8,8,0,16,12,12,8,2,2,0,0,1,2,0.0909090909090909,4,1.5,144,128,64,96,80,6,58,7,8,8,0,0.2388059701492537,7.0,7,14,0.605,1.0,8.0,18.0,12.0,150,0,0,150,1.0,1.0,1.0,1.0,0.0,0.0,10.0,1.0,1.0,1.0,1.0,0.0,150,0,0,150,1.0,1.0,1.0,1.0,0.0,0.0,10.0,1.0,1.0,1.0,1.0,0.0,150,0,0,150,1.0,1.0,1.0,1.0,0.0,0.0,10.0,1.0,1.0,1.0,1.0,0.0,1.0,0.9868522815158546,0.917338818936822,1.0,1.0,1.0,0.3105303329939488,4.0,50.0,5.0,71.42857142857143,2.0,,2.0,100.0,0.16666666666666674,12.500000000000005,27.0,72.97297297297297,29.0,43.28358208955223,32.0,28.57142857142857,1.833333333333333,29.729729729729726,-0.6666666666666679,-3.5714285714285774,-0.012894710122855091,-5.123033481242429,3.0,75.0
rework,0.1,1005,350,150,150,0.0,0.05,0.99,8,2,0.0057142857142857,0.4598726746138258,0.4598726746138258,6.291428571428572,8,8,8,0,16,12,12,8,2,2,0,0,1,2,0.0909090909090909,4,1.5,144,128,64,96,80,6,58,7,8,8,0,0.2388059701492537,7.0,7,14,0.605,1.0,8.0,18.0,12.0,150,0,0,150,1.0,1.0,1.0,1.0,0.0,0.0,10.0,1.0,1.0,1.0,1.0,0.0,150,0,0,150,1.0,1.0,1.0,1.0,0.0,0.0,10.0,1.0,1.0,1.0,1.0,0.0,150,0,0,150,1.0,1.0,1.0,1.0,0.0,0.0,10.0,1.0,1.0,1.0,1.0,0.0,1.0,0.9868522815158546,0.917338818936822,1.0,1.0,1.0,0.3310495420009829,4.0,50.0,5.0,71.42857142857143,2.0,,2.0,100.0,0.16666666666666674,12.500000000000005,27.0,72.97297297297297,29.0,43.28358208955223,32.0,28.57142857142857,1.833333333333333,29.729729729729726,-0.6666666666666679,-3.5714285714285774,-0.012894710122855091,-5.123033481242429,3.0,75.0
rework,0.1,1005,350,150,150,0.0,0.07,0.9,8,2,0.0057142857142857,0.4598726746138258,0.4598726746138258,6.291428571428572,8,8,8,0,16,12,12,8,2,2,0,0,1,2,0.0909090909090909,4,1.5,145,129,65,97,80,7,58,7,8,8,0,0.2425373134328358,7.0,7,14,0.6110769230769231,0.9985054945054944,8.125,18.125,12.125,150,0,0,150,1.0,1.0,1.0,1.0,0.0,0.0,10.0,1.0,1.0,1.0,1.0,0.0,75,75,0,150,0.75,1.0,0.5,0.6666666666666666,0.0,0.5,10.0,1.0,0.75,0.6666666666666666,0.6666666666666666,0.0,75,75,0,150,0.75,1.0,0.5,0.6666666666666666,0.0,0.5,10.0,1.0,0.75,0.6666666666666666,0.6666666666666666,0.0,1.0,0.9868522815158546,0.917338818936822,1.0,0.9028571428571428,0.9993300492610836,0.3529457919939887,4.0,50.0,5.0,71.42857142857143,2.0,,2.0,100.0,0.16666666666666674,12.500000000000005,28.0,75.67567567567568,30.0,44.776119402985074,33.0,29.464285714285715,1.958333333333333,31.756756756756747,-0.5416666666666679,-2.90178571428572,-0.00916336683927299,-3.640580879386838,3.0,75.0
rework,0.1,1005,350,150,150,0.0,0.07,0.95,8,2,0.0057142857142857,0.4598726746138258,0.4598726746138258,6.291428571428572,8,8,8,0,16,12,12,8,2,2,0,0,1,2,0.0909090909090909,4,1.5,144,128,64,96,80,6,58,7,8,8,0,0.2388059701492537,7.0,7,14,0.605,1.0,8.0,18.0,12.0,150,0,0,150,1.0,1.0,1.0,1.0,0.0,0.0,10.0,1.0,1.0,1.0,1.0,0.0,150,0,0,150,1.0,1.0,1.0,1.0,0.0,0.0,10.0,1.0,1.0,1.0,1.0,0.0,150,0,0,150,1.0,1.0,1.0,1.0,0.0,0.0,10.0,1.0,1.0,1.0,1.0,0.0,1.0,0.9868522815158546,0.917338818936822,1.0,1.0,1.0,0.321048666985007,4.0,50.0,5.0,71.42857142857143,2.0,,2.0,100.0,0.16666666666666674,12.500000000000005,27.0,72.97297297297297,29.0,43.28358208955223,32.0,28.57142857142857,1.833333333333333,29.729729729729726,-0.6666666666666679,-3.5714285714285774,-0.012894710122855091,-5.123033481242429,3.0,75.0
rework,0.1,1005,350,150,150,0.0,0.07,0.99,8,2,0.0057142857142857,0.4598726746138258,0.4598726746138258,6.291428571428572,8,8,8,0,16,12,12,8,2,2,0,0,1,2,0.0909090909090909,4,1.5,144,128,64,96,80,6,58,7,8,8,0,0.2388059701492537,7.0,7,14,0.605,1.0,8.0,18.0,12.0,150,0,0,150,1.0,1.0,1.0,1.0,0.0,0.0,10.0,1.0,1.0,1.0,1.0,0.0,150,0,0,150,1.0,1.0,1.0,1.0,0.0,0.0,10.0,1.0,1.0,1.0,1.0,0.0,150,0,0,150,1.0,1.0,1.0,1.0,0.0,0.0,10.0,1.0,1.0,1.0,1.0,0.0,1.0,0.9868522815158546,0.917338818936822,1.0,1.0,1.0,0.3220924170163926,4.0,50.0,5.0,71.42857142857143,2.0,,2.0,100.0,0.16666666666666674,12.500000000000005,27.0,72.97297297297297,29.0,43.28358208955223,32.0,28.57142857142857,1.833333333333333,29.729729729729726,-0.6666666666666679,-3.5714285714285774,-0.012894710122855091,-5.123033481242429,3.0,75.0
rework,0.1,1006,350,150,150,0.0,0.03,0.9,8,2,0.0057142857142857,0.4689955935892812,0.4689955935892812,6.3,8,8,8,0,16,12,12,8,2,2,0,0,1,2,0.0909090909090909,4,1.5,145,129,65,97,80,7,58,7,8,8,0,0.2425373134328358,7.0,7,14,0.6123076923076922,0.9984615384615384,8.125,18.125,12.125,150,0,0,150,1.0,1.0,1.0,1.0,0.0,0.0,10.0,1.0,1.0,1.0,1.0,0.0,75,75,0,150,0.75,1.0,0.5,0.6666666666666666,0.0,0.5,10.0,1.0,0.75,0.6666666666666666,0.6666666666666666,0.0,75,75,0,150,0.75,1.0,0.5,0.6666666666666666,0.0,0.5,10.0,1.0,0.75,0.6666666666666666,0.6666666666666666,0.0,1.0,0.9864864864864864,0.9179640421315508,1.0,0.9,0.9993103448275862,0.3369022090046201,4.0,50.0,5.0,71.42857142857143,2.0,,2.0,100.0,0.16666666666666674,12.500000000000005,28.0,75.67567567567568,30.0,44.776119402985074,33.0,29.464285714285715,1.958333333333333,31.756756756756747,-0.5416666666666679,-2.90178571428572,-0.00916336683927299,-3.640580879386838,3.0,75.0
rework,0.1,1006,350,150,150,0.0,0.03,0.95,8,2,0.0057142857142857,0.4689955935892812,0.4689955935892812,6.3,8,8,8,0,16,12,12,8,2,2,0,0,1,2,0.0909090909090909,4,1.5,144,128,64,96,80,6,58,7,8,8,0,0.2388059701492537,7.0,7,14,0.60625,1.0,8.0,18.0,12.0,150,0,0,150,1.0,1.0,1.0,1.0,0.0,0.0,10.0,1.0,1.0,1.0,1.0,0.0,150,0,0,150,1.0,1.0,1.0,1.0,0.0,0.0,10.0,1.0,1.0,1.0,1.0,0.0,150,0,0,150,1.0,1.0,1.0,1.0,0.0,0.0,10.0,1.0,1.0,1.0,1.0,0.0,1.0,0.9864864864864864,0.9179640421315508,1.0,1.0,1.0,0.3199441249889787,4.0,50.0,5.0,71.42857142857143,2.0,,2.0,100.0,0.16666666666666674,12.500000000000005,27.0,72.97297297297297,29.0,43.28358208955223,32.0,28.57142857142857,1.833333333333333,29.729729729729726,-0.6666666666666679,-3.5714285714285774,-0.012894710122855091,-5.123033481242429,3.0,75.0
rework,0.1,1006,350,150,150,0.0,0.03,0.99,8,2,0.0057142857142857,0.4689955935892812,0.4689955935892812,6.3,8,8,8,0,16,12,12,8,2,2,0,0,1,2,0.0909090909090909,4,1.5,144,128,64,96,80,6,58,7,8,8,0,0.2388059701492537,7.0,7,14,0.60625,1.0,8.0,18.0,12.0,150,0,0,150,1.0,1.0,1.0,1.0,0.0,0.0,10.0,1.0,1.0,1.0,1.0,0.0,150,0,0,150,1.0,1.0,1.0,1.0,0.0,0.0,10.0,1.0,1.0,1.0,1.0,0.0,150,0,0,150,1.0,1.0,1.0,1.0,0.0,0.0,10.0,1.0,1.0,1.0,1.0,0.0,1.0,0.9864864864864864,0.9179640421315508,1.0,1.0,1.0,0.3180990830005612,4.0,50.0,5.0,71.42857142857143,2.0,,2.0,100.0,0.16666666666666674,12.500000000000005,27.0,72.97297297297297,29.0,43.28358208955223,32.0,28.57142857142857,1.833333333333333,29.729729729729726,-0.6666666666666679,-3.5714285714285774,-0.012894710122855091,-5.123033481242429,3.0,75.0
rework,0.1,1006,350,150,150,0.0,0.05,0.9,8,2,0.0057142857142857,0.4689955935892812,0.4689955935892812,6.3,8,8,8,0,16,12,12,8,2,2,0,0,1,2,0.0909090909090909,4,1.5,145,129,65,97,80,7,58,7,8,8,0,0.2425373134328358,7.0,7,14,0.6123076923076922,0.9984615384615384,8.125,18.125,12.125,150,0,0,150,1.0,1.0,1.0,1.0,0.0,0.0,10.0,1.0,1.0,1.0,1.0,0.0,75,75,0,150,0.75,1.0,0.5,0.6666666666666666,0.0,0.5,10.0,1.0,0.75,0.6666666666666666,0.6666666666666666,0.0,75,75,0,150,0.75,1.0,0.5,0.6666666666666666,0.0,0.5,10.0,1.0,0.75,0.6666666666666666,0.6666666666666666,0.0,1.0,0.9864864864864864,0.9179640421315508,1.0,0.9,0.9993103448275862,0.3591277090017684,4.0,50.0,5.0,71.42857142857143,2.0,,2.0,100.0,0.16666666666666674,12.500000000000005,28.0,75.67567567567568,30.0,44.776119402985074,33.0,29.464285714285715,1.958333333333333,31.756756756756747,-0.5416666666666679,-2.90178571428572,-0.00916336683927299,-3.640580879386838,3.0,75.0
rework,0.1,1006,350,150,150,0.0,0.05,0.95,8,2,0.0057142857142857,0.4689955935892812,0.4689955935892812,6.3,8,8,8,0,16,12,12,8,2,2,0,0,1,2,0.0909090909090909,4,1.5,144,128,64,96,80,6,58,7,8,8,0,0.2388059701492537,7.0,7,14,0.60625,1.0,8.0,18.0,12.0,150,0,0,150,1.0,1.0,1.0,1.0,0.0,0.0,10.0,1.0,1.0,1.0,1.0,0.0,150,0,0,150,1.0,1.0,1.0,1.0,0.0,0.0,10.0,1.0,1.0,1.0,1.0,0.0,150,0,0,150,1.0,1.0,1.0,1.0,0.0,0.0,10.0,1.0,1.0,1.0,1.0,0.0,1.0,0.9864864864864864,0.9179640421315508,1.0,1.0,1.0,0.3332934580103028,4.0,50.0,5.0,71.42857142857143,2.0,,2.0,100.0,0.16666666666666674,12.500000000000005,27.0,72.97297297297297,29.0,43.28358208955223,32.0,28.57142857142857,1.833333333333333,29.729729729729726,-0.6666666666666679,-3.5714285714285774,-0.012894710122855091,-5.123033481242429,3.0,75.0
rework,0.1,1006,350,150,150,0.0,0.05,0.99,8,2,0.0057142857142857,0.4689955935892812,0.4689955935892812,6.3,8,8,8,0,16,12,12,8,2,2,0,0,1,2,0.0909090909090909,4,1.5,144,128,64,96,80,6,58,7,8,8,0,0.2388059701492537,7.0,7,14,0.60625,1.0,8.0,18.0,12.0,150,0,0,150,1.0,1.0,1.0,1.0,0.0,0.0,10.0,1.0,1.0,1.0,1.0,0.0,150,0,0,150,1.0,1.0,1.0,1.0,0.0,0.0,10.0,1.0,1.0,1.0,1.0,0.0,150,0,0,150,1.0,1.0,1.0,1.0,0.0,0.0,10.0,1.0,1.0,1.0,1.0,0.0,1.0,0.9864864864864864,0.9179640421315508,1.0,1.0,1.0,0.3303908329980913,4.0,50.0,5.0,71.42857142857143,2.0,,2.0,100.0,0.16666666666666674,12.500000000000005,27.0,72.97297297297297,29.0,43.28358208955223,32.0,28.57142857142857,1.833333333333333,29.729729729729726,-0.6666666666666679,-3.5714285714285774,-0.012894710122855091,-5.123033481242429,3.0,75.0
rework,0.1,1006,350,150,150,0.0,0.07,0.9,8,2,0.0057142857142857,0.4689955935892812,0.4689955935892812,6.3,8,8,8,0,16,12,12,8,2,2,0,0,1,2,0.0909090909090909,4,1.5,145,129,65,97,80,7,58,7,8,8,0,0.2425373134328358,7.0,7,14,0.6123076923076922,0.9984615384615384,8.125,18.125,12.125,150,0,0,150,1.0,1.0,1.0,1.0,0.0,0.0,10.0,1.0,1.0,1.0,1.0,0.0,75,75,0,150,0.75,1.0,0.5,0.6666666666666666,0.0,0.5,10.0,1.0,0.75,0.6666666666666666,0.6666666666666666,0.0,75,75,0,150,0.75,1.0,0.5,0.6666666666666666,0.0,0.5,10.0,1.0,0.75,0.6666666666666666,0.6666666666666666,0.0,1.0,0.9864864864864864,0.9179640421315508,1.0,0.9,0.9993103448275862,0.378659708017949,4.0,50.0,5.0,71.42857142857143,2.0,,2.0,100.0,0.16666666666666674,12.500000000000005,28.0,75.67567567567568,30.0,44.776119402985074,33.0,29.464285714285715,1.958333333333333,31.756756756756747,-0.5416666666666679,-2.90178571428572,-0.00916336683927299,-3.640580879386838,3.0,75.0
rework,0.1,1006,350,150,150,0.0,0.07,0.95,8,2,0.0057142857142857,0.4689955935892812,0.4689955935892812,6.3,8,8,8,0,16,12,12,8,2,2,0,0,1,2,0.0909090909090909,4,1.5,144,128,64,96,80,6,58,7,8,8,0,0.2388059701492537,7.0,7,14,0.60625,1.0,8.0,18.0,12.0,150,0,0,150,1.0,1.0,1.0,1.0,0.0,0.0,10.0,1.0,1.0,1.0,1.0,0.0,150,0,0,150,1.0,1.0,1.0,1.0,0.0,0.0,10.0,1.0,1.0,1.0,1.0,0.0,150,0,0,150,1.0,1.0,1.0,1.0,0.0,0.0,10.0,1.0,1.0,1.0,1.0,0.0,1.0,0.9864864864864864,0.9179640421315508,1.0,1.0,1.0,0.3388941249868367,4.0,50.0,5.0,71.42857142857143,2.0,,2.0,100.0,0.16666666666666674,12.500000000000005,27.0,72.97297297297297,29.0,43.28358208955223,32.0,28.57142857142857,1.833333333333333,29.729729729729726,-0.6666666666666679,-3.5714285714285774,-0.012894710122855091,-5.123033481242429,3.0,75.0
rework,0.1,1006,350,150,150,0.0,0.07,0.99,8,2,0.0057142857142857,0.4689955935892812,0.4689955935892812,6.3,8,8,8,0,16,12,12,8,2,2,0,0,1,2,0.0909090909090909,4,1.5,144,128,64,96,80,6,58,7,8,8,0,0.2388059701492537,7.0,7,14,0.60625,1.0,8.0,18.0,12.0,150,0,0,150,1.0,1.0,1.0,1.0,0.0,0.0,10.0,1.0,1.0,1.0,1.0,0.0,150,0,0,150,1.0,1.0,1.0,1.0,0.0,0.0,10.0,1.0,1.0,1.0,1.0,0.0,150,0,0,150,1.0,1.0,1.0,1.0,0.0,0.0,10.0,1.0,1.0,1.0,1.0,0.0,1.0,0.9864864864864864,0.9179640421315508,1.0,1.0,1.0,0.3559738750045653,4.0,50.0,5.0,71.42857142857143,2.0,,2.0,100.0,0.16666666666666674,12.500000000000005,27.0,72.97297297297297,29.0,43.28358208955223,32.0,28.57142857142857,1.833333333333333,29.729729729729726,-0.6666666666666679,-3.5714285714285774,-0.012894710122855091,-5.123033481242429,3.0,75.0
rework,0.1,1007,350,150,150,0.0,0.03,0.9,8,2,0.0057142857142857,0.5293608652873644,0.5293608652873644,6.36,8,8,8,0,16,12,12,8,2,2,0,0,1,2,0.0909090909090909,4,1.5,144,128,64,96,80,6,58,7,8,8,0,0.2388059701492537,7.0,7,14,0.615,1.0,8.0,18.0,12.0,150,0,0,150,1.0,1.0,1.0,1.0,0.0,0.0,10.0,1.0,1.0,1.0,1.0,0.0,150,0,0,150,1.0,1.0,1.0,1.0,0.0,0.0,10.0,1.0,1.0,1.0,1.0,0.0,150,0,0,150,1.0,1.0,1.0,1.0,0.0,0.0,10.0,1.0,1.0,1.0,1.0,0.0,1.0,0.983957219251337,0.9217030538669726,1.0,1.0,1.0,0.384433250001166,4.0,50.0,5.0,71.42857142857143,2.0,,2.0,100.0,0.16666666666666674,12.500000000000005,27.0,72.97297297297297,29.0,43.28358208955223,32.0,28.57142857142857,1.833333333333333,29.729729729729726,-0.6666666666666679,-3.5714285714285774,-0.012894710122855091,-5.123033481242429,3.0,75.0
rework,0.1,1007,350,150,150,0.0,0.03,0.95,8,2,0.0057142857142857,0.5293608652873644,0.5293608652873644,6.36,8,8,8,0,16,12,12,8,2,2,0,0,1,2,0.0909090909090909,4,1.5,144,128,64,96,80,6,58,7,8,8,0,0.2388059701492537,7.0,7,14,0.615,1.0,8.0,18.0,12.0,150,0,0,150,1.0,1.0,1.0,1.0,0.0,0.0,10.0,1.0,1.0,1.0,1.0,0.0,150,0,0,150,1.0,1.0,1.0,1.0,0.0,0.0,10.0,1.0,1.0,1.0,1.0,0.0,150,0,0,150,1.0,1.0,1.0,1.0,0.0,0.0,10.0,1.0,1.0,1.0,1.0,0.0,1.0,0.983957219251337,0.9217030538669726,1.0,1.0,1.0,0.3354589999944437,4.0,50.0,5.0,71.42857142857143,2.0,,2.0,100.0,0.16666666666666674,12.500000000000005,27.0,72.97297297297297,29.0,43.28358208955223,32.0,28.57142857142857,1.833333333333333,29.729729729729726,-0.6666666666666679,-3.5714285714285774,-0.012894710122855091,-5.123033481242429,3.0,75.0
rework,0.1,1007,350,150,150,0.0,0.03,0.99,8,2,0.0057142857142857,0.5293608652873644,0.5293608652873644,6.36,8,8,8,0,16,12,12,8,2,2,0,0,1,2,0.0909090909090909,4,1.5,144,128,64,96,80,6,58,7,8,8,0,0.2388059701492537,7.0,7,14,0.615,1.0,8.0,18.0,12.0,150,0,0,150,1.0,1.0,1.0,1.0,0.0,0.0,10.0,1.0,1.0,1.0,1.0,0.0,150,0,0,150,1.0,1.0,1.0,1.0,0.0,0.0,10.0,1.0,1.0,1.0,1.0,0.0,150,0,0,150,1.0,1.0,1.0,1.0,0.0,0.0,10.0,1.0,1.0,1.0,1.0,0.0,1.0,0.983957219251337,0.9217030538669726,1.0,1.0,1.0,0.3301670420041773,4.0,50.0,5.0,71.42857142857143,2.0,,2.0,100.0,0.16666666666666674,12.500000000000005,27.0,72.97297297297297,29.0,43.28358208955223,32.0,28.57142857142857,1.833333333333333,29.729729729729726,-0.6666666666666679,-3.5714285714285774,-0.012894710122855091,-5.123033481242429,3.0,75.0
rework,0.1,1007,350,150,150,0.0,0.05,0.9,8,2,0.0057142857142857,0.5293608652873644,0.5293608652873644,6.36,8,8,8,0,16,12,12,8,2,2,0,0,1,2,0.0909090909090909,4,1.5,144,128,64,96,80,6,58,7,8,8,0,0.2388059701492537,7.0,7,14,0.615,1.0,8.0,18.0,12.0,150,0,0,150,1.0,1.0,1.0,1.0,0.0,0.0,10.0,1.0,1.0,1.0,1.0,0.0,150,0,0,150,1.0,1.0,1.0,1.0,0.0,0.0,10.0,1.0,1.0,1.0,1.0,0.0,150,0,0,150,1.0,1.0,1.0,1.0,0.0,0.0,10.0,1.0,1.0,1.0,1.0,0.0,1.0,0.983957219251337,0.9217030538669726,1.0,1.0,1.0,0.359777458012104,4.0,50.0,5.0,71.42857142857143,2.0,,2.0,100.0,0.16666666666666674,12.500000000000005,27.0,72.97297297297297,29.0,43.28358208955223,32.0,28.57142857142857,1.833333333333333,29.729729729729726,-0.6666666666666679,-3.5714285714285774,-0.012894710122855091,-5.123033481242429,3.0,75.0
rework,0.1,1007,350,150,150,0.0,0.05,0.95,8,2,0.0057142857142857,0.5293608652873644,0.5293608652873644,6.36,8,8,8,0,16,12,12,8,2,2,0,0,1,2,0.0909090909090909,4,1.5,144,128,64,96,80,6,58,7,8,8,0,0.2388059701492537,7.0,7,14,0.615,1.0,8.0,18.0,12.0,150,0,0,150,1.0,1.0,1.0,1.0,0.0,0.0,10.0,1.0,1.0,1.0,1.0,0.0,150,0,0,150,1.0,1.0,1.0,1.0,0.0,0.0,10.0,1.0,1.0,1.0,1.0,0.0,150,0,0,150,1.0,1.0,1.0,1.0,0.0,0.0,10.0,1.0,1.0,1.0,1.0,0.0,1.0,0.983957219251337,0.9217030538669726,1.0,1.0,1.0,0.3047749589895829,4.0,50.0,5.0,71.42857142857143,2.0,,2.0,100.0,0.16666666666666674,12.500000000000005,27.0,72.97297297297297,29.0,43.28358208955223,32.0,28.57142857142857,1.833333333333333,29.729729729729726,-0.6666666666666679,-3.5714285714285774,-0.012894710122855091,-5.123033481242429,3.0,75.0
rework,0.1,1007,350,150,150,0.0,0.05,0.99,8,2,0.0057142857142857,0.5293608652873644,0.5293608652873644,6.36,8,8,8,0,16,12,12,8,2,2,0,0,1,2,0.0909090909090909,4,1.5,144,128,64,96,80,6,58,7,8,8,0,0.2388059701492537,7.0,7,14,0.615,1.0,8.0,18.0,12.0,150,0,0,150,1.0,1.0,1.0,1.0,0.0,0.0,10.0,1.0,1.0,1.0,1.0,0.0,150,0,0,150,1.0,1.0,1.0,1.0,0.0,0.0,10.0,1.0,1.0,1.0,1.0,0.0,150,0,0,150,1.0,1.0,1.0,1.0,0.0,0.0,10.0,1.0,1.0,1.0,1.0,0.0,1.0,0.983957219251337,0.9217030538669726,1.0,1.0,1.0,0.290813875006279,4.0,50.0,5.0,71.42857142857143,2.0,,2.0,100.0,0.16666666666666674,12.500000000000005,27.0,72.97297297297297,29.0,43.28358208955223,32.0,28.57142857142857,1.833333333333333,29.729729729729726,-0.6666666666666679,-3.5714285714285774,-0.012894710122855091,-5.123033481242429,3.0,75.0
rework,0.1,1007,350,150,150,0.0,0.07,0.9,8,2,0.0057142857142857,0.5293608652873644,0.5293608652873644,6.36,8,8,8,0,16,12,12,8,2,2,0,0,1,2,0.0909090909090909,4,1.5,144,128,64,96,80,6,58,7,8,8,0,0.2388059701492537,7.0,7,14,0.615,1.0,8.0,18.0,12.0,150,0,0,150,1.0,1.0,1.0,1.0,0.0,0.0,10.0,1.0,1.0,1.0,1.0,0.0,150,0,0,150,1.0,1.0,1.0,1.0,0.0,0.0,10.0,1.0,1.0,1.0,1.0,0.0,150,0,0,150,1.0,1.0,1.0,1.0,0.0,0.0,10.0,1.0,1.0,1.0,1.0,0.0,1.0,0.983957219251337,0.9217030538669726,1.0,1.0,1.0,0.3317777909978758,4.0,50.0,5.0,71.42857142857143,2.0,,2.0,100.0,0.16666666666666674,12.500000000000005,27.0,72.97297297297297,29.0,43.28358208955223,32.0,28.57142857142857,1.833333333333333,29.729729729729726,-0.6666666666666679,-3.5714285714285774,-0.012894710122855091,-5.123033481242429,3.0,75.0
rework,0.1,1007,350,150,150,0.0,0.07,0.95,8,2,0.0057142857142857,0.5293608652873644,0.5293608652873644,6.36,8,8,8,0,16,12,12,8,2,2,0,0,1,2,0.0909090909090909,4,1.5,144,128,64,96,80,6,58,7,8,8,0,0.2388059701492537,7.0,7,14,0.615,1.0,8.0,18.0,12.0,150,0,0,150,1.0,1.0,1.0,1.0,0.0,0.0,10.0,1.0,1.0,1.0,1.0,0.0,150,0,0,150,1.0,1.0,1.0,1.0,0.0,0.0,10.0,1.0,1.0,1.0,1.0,0.0,150,0,0,150,1.0,1.0,1.0,1.0,0.0,0.0,10.0,1.0,1.0,1.0,1.0,0.0,1.0,0.983957219251337,0.9217030538669726,1.0,1.0,1.0,0.312192583020078,4.0,50.0,5.0,71.42857142857143,2.0,,2.0,100.0,0.16666666666666674,12.500000000000005,27.0,72.97297297297297,29.0,43.28358208955223,32.0,28.57142857142857,1.833333333333333,29.729729729729726,-0.6666666666666679,-3.5714285714285774,-0.012894710122855091,-5.123033481242429,3.0,75.0
rework,0.1,1007,350,150,150,0.0,0.07,0.99,8,2,0.0057142857142857,0.5293608652873644,0.5293608652873644,6.36,8,8,8,0,16,12,12,8,2,2,0,0,1,2,0.0909090909090909,4,1.5,144,128,64,96,80,6,58,7,8,8,0,0.2388059701492537,7.0,7,14,0.615,1.0,8.0,18.0,12.0,150,0,0,150,1.0,1.0,1.0,1.0,0.0,0.0,10.0,1.0,1.0,1.0,1.0,0.0,150,0,0,150,1.0,1.0,1.0,1.0,0.0,0.0,10.0,1.0,1.0,1.0,1.0,0.0,150,0,0,150,1.0,1.0,1.0,1.0,0.0,0.0,10.0,1.0,1.0,1.0,1.0,0.0,1.0,0.983957219251337,0.9217030538669726,1.0,1.0,1.0,0.2970357919984963,4.0,50.0,5.0,71.42857142857143,2.0,,2.0,100.0,0.16666666666666674,12.500000000000005,27.0,72.97297297297297,29.0,43.28358208955223,32.0,28.57142857142857,1.833333333333333,29.729729729729726,-0.6666666666666679,-3.5714285714285774,-0.012894710122855091,-5.123033481242429,3.0,75.0
rework,0.1,1008,350,150,150,0.0,0.03,0.9,8,2,0.0057142857142857,0.6134037890618231,0.6134037890618231,6.454285714285715,8,8,8,0,16,12,12,8,2,2,0,0,1,2,0.0909090909090909,4,1.5,144,128,64,96,80,6,58,7,8,8,0,0.2388059701492537,7.0,7,14,0.62875,1.0,8.0,18.0,12.0,150,0,0,150,1.0,1.0,1.0,1.0,0.0,0.0,10.0,1.0,1.0,1.0,1.0,0.0,150,0,0,150,1.0,1.0,1.0,1.0,0.0,0.0,10.0,1.0,1.0,1.0,1.0,0.0,150,0,0,150,1.0,1.0,1.0,1.0,0.0,0.0,10.0,1.0,1.0,1.0,1.0,0.0,1.0,0.9800901577761082,0.9260255102564408,1.0,1.0,1.0,0.4284461660136003,4.0,50.0,5.0,71.42857142857143,2.0,,2.0,100.0,0.16666666666666674,12.500000000000005,27.0,72.97297297297297,29.0,43.28358208955223,32.0,28.57142857142857,1.833333333333333,29.729729729729726,-0.6666666666666679,-3.5714285714285774,-0.012894710122855091,-5.123033481242429,3.0,75.0
rework,0.1,1008,350,150,150,0.0,0.03,0.95,8,2,0.0057142857142857,0.6134037890618231,0.6134037890618231,6.454285714285715,8,8,8,0,16,12,12,8,2,2,0,0,1,2,0.0909090909090909,4,1.5,144,128,64,96,80,6,58,7,8,8,0,0.2388059701492537,7.0,7,14,0.62875,1.0,8.0,18.0,12.0,150,0,0,150,1.0,1.0,1.0,1.0,0.0,0.0,10.0,1.0,1.0,1.0,1.0,0.0,150,0,0,150,1.0,1.0,1.0,1.0,0.0,0.0,10.0,1.0,1.0,1.0,1.0,0.0,150,0,0,150,1.0,1.0,1.0,1.0,0.0,0.0,10.0,1.0,1.0,1.0,1.0,0.0,1.0,0.9800901577761082,0.9260255102564408,1.0,1.0,1.0,0.3292760420008562,4.0,50.0,5.0,71.42857142857143,2.0,,2.0,100.0,0.16666666666666674,12.500000000000005,27.0,72.97297297297297,29.0,43.28358208955223,32.0,28.57142857142857,1.833333333333333,29.729729729729726,-0.6666666666666679,-3.5714285714285774,-0.012894710122855091,-5.123033481242429,3.0,75.0
rework,0.1,1008,350,150,150,0.0,0.03,0.99,8,2,0.0057142857142857,0.6134037890618231,0.6134037890618231,6.454285714285715,8,8,8,0,16,12,12,8,2,2,0,0,1,2,0.0909090909090909,4,1.5,144,128,64,96,80,6,58,7,8,8,0,0.2388059701492537,7.0,7,14,0.62875,1.0,8.0,18.0,12.0,150,0,0,150,1.0,1.0,1.0,1.0,0.0,0.0,10.0,1.0,1.0,1.0,1.0,0.0,150,0,0,150,1.0,1.0,1.0,1.0,0.0,0.0,10.0,1.0,1.0,1.0,1.0,0.0,150,0,0,150,1.0,1.0,1.0,1.0,0.0,0.0,10.0,1.0,1.0,1.0,1.0,0.0,1.0,0.9800901577761082,0.9260255102564408,1.0,1.0,1.0,0.3200012090092059,4.0,50.0,5.0,71.42857142857143,2.0,,2.0,100.0,0.16666666666666674,12.500000000000005,27.0,72.97297297297297,29.0,43.28358208955223,32.0,28.57142857142857,1.833333333333333,29.729729729729726,-0.6666666666666679,-3.5714285714285774,-0.012894710122855091,-5.123033481242429,3.0,75.0
rework,0.1,1008,350,150,150,0.0,0.05,0.9,8,2,0.0057142857142857,0.6134037890618231,0.6134037890618231,6.454285714285715,8,8,8,0,16,12,12,8,2,2,0,0,1,2,0.0909090909090909,4,1.5,144,128,64,96,80,6,58,7,8,8,0,0.2388059701492537,7.0,7,14,0.62875,1.0,8.0,18.0,12.0,150,0,0,150,1.0,1.0,1.0,1.0,0.0,0.0,10.0,1.0,1.0,1.0,1.0,0.0,150,0,0,150,1.0,1.0,1.0,1.0,0.0,0.0,10.0,1.0,1.0,1.0,1.0,0.0,150,0,0,150,1.0,1.0,1.0,1.0,0.0,0.0,10.0,1.0,1.0,1.0,1.0,0.0,1.0,0.9800901577761082,0.9260255102564408,1.0,1.0,1.0,0.3335590829956345,4.0,50.0,5.0,71.42857142857143,2.0,,2.0,100.0,0.16666666666666674,12.500000000000005,27.0,72.97297297297297,29.0,43.28358208955223,32.0,28.57142857142857,1.833333333333333,29.729729729729726,-0.6666666666666679,-3.5714285714285774,-0.012894710122855091,-5.123033481242429,3.0,75.0
rework,0.1,1008,350,150,150,0.0,0.05,0.95,8,2,0.0057142857142857,0.6134037890618231,0.6134037890618231,6.454285714285715,8,8,8,0,16,12,12,8,2,2,0,0,1,2,0.0909090909090909,4,1.5,144,128,64,96,80,6,58,7,8,8,0,0.2388059701492537,7.0,7,14,0.62875,1.0,8.0,18.0,12.0,150,0,0,150,1.0,1.0,1.0,1.0,0.0,0.0,10.0,1.0,1.0,1.0,1.0,0.0,150,0,0,150,1.0,1.0,1.0,1.0,0.0,0.0,10.0,1.0,1.0,1.0,1.0,0.0,150,0,0,150,1.0,1.0,1.0,1.0,0.0,0.0,10.0,1.0,1.0,1.0,1.0,0.0,1.0,0.9800901577761082,0.9260255102564408,1.0,1.0,1.0,0.352710917009972,4.0,50.0,5.0,71.42857142857143,2.0,,2.0,100.0,0.16666666666666674,12.500000000000005,27.0,72.97297297297297,29.0,43.28358208955223,32.0,28.57142857142857,1.833333333333333,29.729729729729726,-0.6666666666666679,-3.5714285714285774,-0.012894710122855091,-5.123033481242429,3.0,75.0
rework,0.1,1008,350,150,150,0.0,0.05,0.99,8,2,0.0057142857142857,0.6134037890618231,0.6134037890618231,6.454285714285715,8,8,8,0,16,12,12,8,2,2,0,0,1,2,0.0909090909090909,4,1.5,144,128,64,96,80,6,58,7,8,8,0,0.2388059701492537,7.0,7,14,0.62875,1.0,8.0,18.0,12.0,150,0,0,150,1.0,1.0,1.0,1.0,0.0,0.0,10.0,1.0,1.0,1.0,1.0,0.0,150,0,0,150,1.0,1.0,1.0,1.0,0.0,0.0,10.0,1.0,1.0,1.0,1.0,0.0,150,0,0,150,1.0,1.0,1.0,1.0,0.0,0.0,10.0,1.0,1.0,1.0,1.0,0.0,1.0,0.9800901577761082,0.9260255102564408,1.0,1.0,1.0,0.3362147920124698,4.0,50.0,5.0,71.42857142857143,2.0,,2.0,100.0,0.16666666666666674,12.500000000000005,27.0,72.97297297297297,29.0,43.28358208955223,32.0,28.57142857142857,1.833333333333333,29.729729729729726,-0.6666666666666679,-3.5714285714285774,-0.012894710122855091,-5.123033481242429,3.0,75.0
rework,0.1,1008,350,150,150,0.0,0.07,0.9,8,2,0.0057142857142857,0.6134037890618231,0.6134037890618231,6.454285714285715,8,8,8,0,16,12,12,8,2,2,0,0,1,2,0.0909090909090909,4,1.5,144,128,64,96,80,6,58,7,8,8,0,0.2388059701492537,7.0,7,14,0.62875,1.0,8.0,18.0,12.0,150,0,0,150,1.0,1.0,1.0,1.0,0.0,0.0,10.0,1.0,1.0,1.0,1.0,0.0,150,0,0,150,1.0,1.0,1.0,1.0,0.0,0.0,10.0,1.0,1.0,1.0,1.0,0.0,150,0,0,150,1.0,1.0,1.0,1.0,0.0,0.0,10.0,1.0,1.0,1.0,1.0,0.0,1.0,0.9800901577761082,0.9260255102564408,1.0,1.0,1.0,0.3697027080052066,4.0,50.0,5.0,71.42857142857143,2.0,,2.0,100.0,0.16666666666666674,12.500000000000005,27.0,72.97297297297297,29.0,43.28358208955223,32.0,28.57142857142857,1.833333333333333,29.729729729729726,-0.6666666666666679,-3.5714285714285774,-0.012894710122855091,-5.123033481242429,3.0,75.0
rework,0.1,1008,350,150,150,0.0,0.07,0.95,8,2,0.0057142857142857,0.6134037890618231,0.6134037890618231,6.454285714285715,8,8,8,0,16,12,12,8,2,2,0,0,1,2,0.0909090909090909,4,1.5,144,128,64,96,80,6,58,7,8,8,0,0.2388059701492537,7.0,7,14,0.62875,1.0,8.0,18.0,12.0,150,0,0,150,1.0,1.0,1.0,1.0,0.0,0.0,10.0,1.0,1.0,1.0,1.0,0.0,150,0,0,150,1.0,1.0,1.0,1.0,0.0,0.0,10.0,1.0,1.0,1.0,1.0,0.0,150,0,0,150,1.0,1.0,1.0,1.0,0.0,0.0,10.0,1.0,1.0,1.0,1.0,0.0,1.0,0.9800901577761082,0.9260255102564408,1.0,1.0,1.0,0.327861166006187,4.0,50.0,5.0,71.42857142857143,2.0,,2.0,100.0,0.16666666666666674,12.500000000000005,27.0,72.97297297297297,29.0,43.28358208955223,32.0,28.57142857142857,1.833333333333333,29.729729729729726,-0.6666666666666679,-3.5714285714285774,-0.012894710122855091,-5.123033481242429,3.0,75.0
rework,0.1,1008,350,150,150,0.0,0.07,0.99,8,2,0.0057142857142857,0.6134037890618231,0.6134037890618231,6.454285714285715,8,8,8,0,16,12,12,8,2,2,0,0,1,2,0.0909090909090909,4,1.5,144,128,64,96,80,6,58,7,8,8,0,0.2388059701492537,7.0,7,14,0.62875,1.0,8.0,18.0,12.0,150,0,0,150,1.0,1.0,1.0,1.0,0.0,0.0,10.0,1.0,1.0,1.0,1.0,0.0,150,0,0,150,1.0,1.0,1.0,1.0,0.0,0.0,10.0,1.0,1.0,1.0,1.0,0.0,150,0,0,150,1.0,1.0,1.0,1.0,0.0,0.0,10.0,1.0,1.0,1.0,1.0,0.0,1.0,0.9800901577761082,0.9260255102564408,1.0,1.0,1.0,0.3134431669896003,4.0,50.0,5.0,71.42857142857143,2.0,,2.0,100.0,0.16666666666666674,12.500000000000005,27.0,72.97297297297297,29.0,43.28358208955223,32.0,28.57142857142857,1.833333333333333,29.729729729729726,-0.6666666666666679,-3.5714285714285774,-0.012894710122855091,-5.123033481242429,3.0,75.0
rework,0.1,1009,350,150,150,0.0,0.03,0.9,8,2,0.0057142857142857,0.5613430716452643,0.5613430716452643,6.394285714285714,8,8,8,0,16,12,12,8,2,2,0,0,1,2,0.0909090909090909,4,1.5,144,128,64,96,80,6,58,7,8,8,0,0.2388059701492537,7.0,7,14,0.62,1.0,8.0,18.0,12.0,150,0,0,150,1.0,1.0,1.0,1.0,0.0,0.0,10.0,1.0,1.0,1.0,1.0,0.0,150,0,0,150,1.0,1.0,1.0,1.0,0.0,0.0,10.0,1.0,1.0,1.0,1.0,0.0,150,0,0,150,1.0,1.0,1.0,1.0,0.0,0.0,10.0,1.0,1.0,1.0,1.0,0.0,1.0,0.982536066818527,0.9234503693768524,1.0,1.0,1.0,0.341108583001187,4.0,50.0,5.0,71.42857142857143,2.0,,2.0,100.0,0.16666666666666674,12.500000000000005,27.0,72.97297297297297,29.0,43.28358208955223,32.0,28.57142857142857,1.833333333333333,29.729729729729726,-0.6666666666666679,-3.5714285714285774,-0.012894710122855091,-5.123033481242429,3.0,75.0
rework,0.1,1009,350,150,150,0.0,0.03,0.95,8,2,0.0057142857142857,0.5613430716452643,0.5613430716452643,6.394285714285714,8,8,8,0,16,12,12,8,2,2,0,0,1,2,0.0909090909090909,4,1.5,144,128,64,96,80,6,58,7,8,8,0,0.2388059701492537,7.0,7,14,0.62,1.0,8.0,18.0,12.0,150,0,0,150,1.0,1.0,1.0,1.0,0.0,0.0,10.0,1.0,1.0,1.0,1.0,0.0,150,0,0,150,1.0,1.0,1.0,1.0,0.0,0.0,10.0,1.0,1.0,1.0,1.0,0.0,150,0,0,150,1.0,1.0,1.0,1.0,0.0,0.0,10.0,1.0,1.0,1.0,1.0,0.0,1.0,0.982536066818527,0.9234503693768524,1.0,1.0,1.0,0.309102500003064,4.0,50.0,5.0,71.42857142857143,2.0,,2.0,100.0,0.16666666666666674,12.500000000000005,27.0,72.97297297297297,29.0,43.28358208955223,32.0,28.57142857142857,1.833333333333333,29.729729729729726,-0.6666666666666679,-3.5714285714285774,-0.012894710122855091,-5.123033481242429,3.0,75.0
rework,0.1,1009,350,150,150,0.0,0.03,0.99,8,2,0.0057142857142857,0.5613430716452643,0.5613430716452643,6.394285714285714,8,8,8,0,16,12,12,8,2,2,0,0,1,2,0.0909090909090909,4,1.5,144,128,64,96,80,6,58,7,8,8,0,0.2388059701492537,7.0,7,14,0.62,1.0,8.0,18.0,12.0,150,0,0,150,1.0,1.0,1.0,1.0,0.0,0.0,10.0,1.0,1.0,1.0,1.0,0.0,150,0,0,150,1.0,1.0,1.0,1.0,0.0,0.0,10.0,1.0,1.0,1.0,1.0,0.0,150,0,0,150,1.0,1.0,1.0,1.0,0.0,0.0,10.0,1.0,1.0,1.0,1.0,0.0,1.0,0.982536066818527,0.9234503693768524,1.0,1.0,1.0,0.3005687499826308,4.0,50.0,5.0,71.42857142857143,2.0,,2.0,100.0,0.16666666666666674,12.500000000000005,27.0,72.97297297297297,29.0,43.28358208955223,32.0,28.57142857142857,1.833333333333333,29.729729729729726,-0.6666666666666679,-3.5714285714285774,-0.012894710122855091,-5.123033481242429,3.0,75.0
rework,0.1,1009,350,150,150,0.0,0.05,0.9,8,2,0.0057142857142857,0.5613430716452643,0.5613430716452643,6.394285714285714,8,8,8,0,16,12,12,8,2,2,0,0,1,2,0.0909090909090909,4,1.5,144,128,64,96,80,6,58,7,8,8,0,0.2388059701492537,7.0,7,14,0.62,1.0,8.0,18.0,12.0,150,0,0,150,1.0,1.0,1.0,1.0,0.0,0.0,10.0,1.0,1.0,1.0,1.0,0.0,150,0,0,150,1.0,1.0,1.0,1.0,0.0,0.0,10.0,1.0,1.0,1.0,1.0,0.0,150,0,0,150,1.0,1.0,1.0,1.0,0.0,0.0,10.0,1.0,1.0,1.0,1.0,0.0,1.0,0.982536066818527,0.9234503693768524,1.0,1.0,1.0,0.3424290409893729,4.0,50.0,5.0,71.42857142857143,2.0,,2.0,100.0,0.16666666666666674,12.500000000000005,27.0,72.97297297297297,29.0,43.28358208955223,32.0,28.57142857142857,1.833333333333333,29.729729729729726,-0.6666666666666679,-3.5714285714285774,-0.012894710122855091,-5.123033481242429,3.0,75.0
rework,0.1,1009,350,150,150,0.0,0.05,0.95,8,2,0.0057142857142857,0.5613430716452643,0.5613430716452643,6.394285714285714,8,8,8,0,16,12,12,8,2,2,0,0,1,2,0.0909090909090909,4,1.5,144,128,64,96,80,6,58,7,8,8,0,0.2388059701492537,7.0,7,14,0.62,1.0,8.0,18.0,12.0,150,0,0,150,1.0,1.0,1.0,1.0,0.0,0.0,10.0,1.0,1.0,1.0,1.0,0.0,150,0,0,150,1.0,1.0,1.0,1.0,0.0,0.0,10.0,1.0,1.0,1.0,1.0,0.0,150,0,0,150,1.0,1.0,1.0,1.0,0.0,0.0,10.0,1.0,1.0,1.0,1.0,0.0,1.0,0.982536066818527,0.9234503693768524,1.0,1.0,1.0,0.3282603749830741,4.0,50.0,5.0,71.42857142857143,2.0,,2.0,100.0,0.16666666666666674,12.500000000000005,27.0,72.97297297297297,29.0,43.28358208955223,32.0,28.57142857142857,1.833333333333333,29.729729729729726,-0.6666666666666679,-3.5714285714285774,-0.012894710122855091,-5.123033481242429,3.0,75.0
rework,0.1,1009,350,150,150,0.0,0.05,0.99,8,2,0.0057142857142857,0.5613430716452643,0.5613430716452643,6.394285714285714,8,8,8,0,16,12,12,8,2,2,0,0,1,2,0.0909090909090909,4,1.5,144,128,64,96,80,6,58,7,8,8,0,0.2388059701492537,7.0,7,14,0.62,1.0,8.0,18.0,12.0,150,0,0,150,1.0,1.0,1.0,1.0,0.0,0.0,10.0,1.0,1.0,1.0,1.0,0.0,150,0,0,150,1.0,1.0,1.0,1.0,0.0,0.0,10.0,1.0,1.0,1.0,1.0,0.0,150,0,0,150,1.0,1.0,1.0,1.0,0.0,0.0,10.0,1.0,1.0,1.0,1.0,0.0,1.0,0.982536066818527,0.9234503693768524,1.0,1.0,1.0,0.302503417013213,4.0,50.0,5.0,71.42857142857143,2.0,,2.0,100.0,0.16666666666666674,12.500000000000005,27.0,72.97297297297297,29.0,43.28358208955223,32.0,28.57142857142857,1.833333333333333,29.729729729729726,-0.6666666666666679,-3.5714285714285774,-0.012894710122855091,-5.123033481242429,3.0,75.0
rework,0.1,1009,350,150,150,0.0,0.07,0.9,8,2,0.0057142857142857,0.5613430716452643,0.5613430716452643,6.394285714285714,8,8,8,0,16,12,12,8,2,2,0,0,1,2,0.0909090909090909,4,1.5,144,128,64,96,80,6,58,7,8,8,0,0.2388059701492537,7.0,7,14,0.62,1.0,8.0,18.0,12.0,150,0,0,150,1.0,1.0,1.0,1.0,0.0,0.0,10.0,1.0,1.0,1.0,1.0,0.0,150,0,0,150,1.0,1.0,1.0,1.0,0.0,0.0,10.0,1.0,1.0,1.0,1.0,0.0,150,0,0,150,1.0,1.0,1.0,1.0,0.0,0.0,10.0,1.0,1.0,1.0,1.0,0.0,1.0,0.982536066818527,0.9234503693768524,1.0,1.0,1.0,0.3410942920017987,4.0,50.0,5.0,71.42857142857143,2.0,,2.0,100.0,0.16666666666666674,12.500000000000005,27.0,72.97297297297297,29.0,43.28358208955223,32.0,28.57142857142857,1.833333333333333,29.729729729729726,-0.6666666666666679,-3.5714285714285774,-0.012894710122855091,-5.123033481242429,3.0,75.0
rework,0.1,1009,350,150,150,0.0,0.07,0.95,8,2,0.0057142857142857,0.5613430716452643,0.5613430716452643,6.394285714285714,8,8,8,0,16,12,12,8,2,2,0,0,1,2,0.0909090909090909,4,1.5,144,128,64,96,80,6,58,7,8,8,0,0.2388059701492537,7.0,7,14,0.62,1.0,8.0,18.0,12.0,150,0,0,150,1.0,1.0,1.0,1.0,0.0,0.0,10.0,1.0,1.0,1.0,1.0,0.0,150,0,0,150,1.0,1.0,1.0,1.0,0.0,0.0,10.0,1.0,1.0,1.0,1.0,0.0,150,0,0,150,1.0,1.0,1.0,1.0,0.0,0.0,10.0,1.0,1.0,1.0,1.0,0.0,1.0,0.982536066818527,0.9234503693768524,1.0,1.0,1.0,0.3213477090175729,4.0,50.0,5.0,71.42857142857143,2.0,,2.0,100.0,0.16666666666666674,12.500000000000005,27.0,72.97297297297297,29.0,43.28358208955223,32.0,28.57142857142857,1.833333333333333,29.729729729729726,-0.6666666666666679,-3.5714285714285774,-0.012894710122855091,-5.123033481242429,3.0,75.0
rework,0.1,1009,350,150,150,0.0,0.07,0.99,8,2,0.0057142857142857,0.5613430716452643,0.5613430716452643,6.394285714285714,8,8,8,0,16,12,12,8,2,2,0,0,1,2,0.0909090909090909,4,1.5,144,128,64,96,80,6,58,7,8,8,0,0.2388059701492537,7.0,7,14,0.62,1.0,8.0,18.0,12.0,150,0,0,150,1.0,1.0,1.0,1.0,0.0,0.0,10.0,1.0,1.0,1.0,1.0,0.0,150,0,0,150,1.0,1.0,1.0,1.0,0.0,0.0,10.0,1.0,1.0,1.0,1.0,0.0,150,0,0,150,1.0,1.0,1.0,1.0,0.0,0.0,10.0,1.0,1.0,1.0,1.0,0.0,1.0,0.982536066818527,0.9234503693768524,1.0,1.0,1.0,0.4132629169907886,4.0,50.0,5.0,71.42857142857143,2.0,,2.0,100.0,0.16666666666666674,12.500000000000005,27.0,72.97297297297297,29.0,43.28358208955223,32.0,28.57142857142857,1.833333333333333,29.729729729729726,-0.6666666666666679,-3.5714285714285774,-0.012894710122855091,-5.123033481242429,3.0,75.0
rework,0.1,1010,350,150,150,0.0,0.03,0.9,8,2,0.0057142857142857,0.4955918609869638,0.4955918609869638,6.325714285714286,8,8,8,0,16,12,12,8,2,2,0,0,1,2,0.0909090909090909,4,1.5,144,128,64,96,80,6,58,7,8,8,0,0.2388059701492537,7.0,7,14,0.61,1.0,8.0,18.0,12.0,150,0,0,150,1.0,1.0,1.0,1.0,0.0,0.0,10.0,1.0,1.0,1.0,1.0,0.0,150,0,0,150,1.0,1.0,1.0,1.0,0.0,0.0,10.0,1.0,1.0,1.0,1.0,0.0,150,0,0,150,1.0,1.0,1.0,1.0,0.0,0.0,10.0,1.0,1.0,1.0,1.0,0.0,1.0,0.9853958493466564,0.9196910759461712,1.0,1.0,1.0,0.4728873329877388,4.0,50.0,5.0,71.42857142857143,2.0,,2.0,100.0,0.16666666666666674,12.500000000000005,27.0,72.97297297297297,29.0,43.28358208955223,32.0,28.57142857142857,1.833333333333333,29.729729729729726,-0.6666666666666679,-3.5714285714285774,-0.012894710122855091,-5.123033481242429,3.0,75.0
rework,0.1,1010,350,150,150,0.0,0.03,0.95,8,2,0.0057142857142857,0.4955918609869638,0.4955918609869638,6.325714285714286,8,8,8,0,16,12,12,8,2,2,0,0,1,2,0.0909090909090909,4,1.5,144,128,64,96,80,6,58,7,8,8,0,0.2388059701492537,7.0,7,14,0.61,1.0,8.0,18.0,12.0,150,0,0,150,1.0,1.0,1.0,1.0,0.0,0.0,10.0,1.0,1.0,1.0,1.0,0.0,150,0,0,150,1.0,1.0,1.0,1.0,0.0,0.0,10.0,1.0,1.0,1.0,1.0,0.0,150,0,0,150,1.0,1.0,1.0,1.0,0.0,0.0,10.0,1.0,1.0,1.0,1.0,0.0,1.0,0.9853958493466564,0.9196910759461712,1.0,1.0,1.0,0.4036417090101167,4.0,50.0,5.0,71.42857142857143,2.0,,2.0,100.0,0.16666666666666674,12.500000000000005,27.0,72.97297297297297,29.0,43.28358208955223,32.0,28.57142857142857,1.833333333333333,29.729729729729726,-0.6666666666666679,-3.5714285714285774,-0.012894710122855091,-5.123033481242429,3.0,75.0
rework,0.1,1010,350,150,150,0.0,0.03,0.99,8,2,0.0057142857142857,0.4955918609869638,0.4955918609869638,6.325714285714286,8,8,8,0,16,12,12,8,2,2,0,0,1,2,0.0909090909090909,4,1.5,144,128,64,96,80,6,58,7,8,8,0,0.2388059701492537,7.0,7,14,0.61,1.0,8.0,18.0,12.0,150,0,0,150,1.0,1.0,1.0,1.0,0.0,0.0,10.0,1.0,1.0,1.0,1.0,0.0,150,0,0,150,1.0,1.0,1.0,1.0,0.0,0.0,10.0,1.0,1.0,1.0,1.0,0.0,150,0,0,150,1.0,1.0,1.0,1.0,0.0,0.0,10.0,1.0,1.0,1.0,1.0,0.0,1.0,0.9853958493466564,0.9196910759461712,1.0,1.0,1.0,0.3863162909983657,4.0,50.0,5.0,71.42857142857143,2.0,,2.0,100.0,0.16666666666666674,12.500000000000005,27.0,72.97297297297297,29.0,43.28358208955223,32.0,28.57142857142857,1.833333333333333,29.729729729729726,-0.6666666666666679,-3.5714285714285774,-0.012894710122855091,-5.123033481242429,3.0,75.0
rework,0.1,1010,350,150,150,0.0,0.05,0.9,8,2,0.0057142857142857,0.4955918609869638,0.4955918609869638,6.325714285714286,8,8,8,0,16,12,12,8,2,2,0,0,1,2,0.0909090909090909,4,1.5,144,128,64,96,80,6,58,7,8,8,0,0.2388059701492537,7.0,7,14,0.61,1.0,8.0,18.0,12.0,150,0,0,150,1.0,1.0,1.0,1.0,0.0,0.0,10.0,1.0,1.0,1.0,1.0,0.0,150,0,0,150,1.0,1.0,1.0,1.0,0.0,0.0,10.0,1.0,1.0,1.0,1.0,0.0,150,0,0,150,1.0,1.0,1.0,1.0,0.0,0.0,10.0,1.0,1.0,1.0,1.0,0.0,1.0,0.9853958493466564,0.9196910759461712,1.0,1.0,1.0,0.4459751249814871,4.0,50.0,5.0,71.42857142857143,2.0,,2.0,100.0,0.16666666666666674,12.500000000000005,27.0,72.97297297297297,29.0,43.28358208955223,32.0,28.57142857142857,1.833333333333333,29.729729729729726,-0.6666666666666679,-3.5714285714285774,-0.012894710122855091,-5.123033481242429,3.0,75.0
rework,0.1,1010,350,150,150,0.0,0.05,0.95,8,2,0.0057142857142857,0.4955918609869638,0.4955918609869638,6.325714285714286,8,8,8,0,16,12,12,8,2,2,0,0,1,2,0.0909090909090909,4,1.5,144,128,64,96,80,6,58,7,8,8,0,0.2388059701492537,7.0,7,14,0.61,1.0,8.0,18.0,12.0,150,0,0,150,1.0,1.0,1.0,1.0,0.0,0.0,10.0,1.0,1.0,1.0,1.0,0.0,150,0,0,150,1.0,1.0,1.0,1.0,0.0,0.0,10.0,1.0,1.0,1.0,1.0,0.0,150,0,0,150,1.0,1.0,1.0,1.0,0.0,0.0,10.0,1.0,1.0,1.0,1.0,0.0,1.0,0.9853958493466564,0.9196910759461712,1.0,1.0,1.0,0.3518455410085153,4.0,50.0,5.0,71.42857142857143,2.0,,2.0,100.0,0.16666666666666674,12.500000000000005,27.0,72.97297297297297,29.0,43.28358208955223,32.0,28.57142857142857,1.833333333333333,29.729729729729726,-0.6666666666666679,-3.5714285714285774,-0.012894710122855091,-5.123033481242429,3.0,75.0
rework,0.1,1010,350,150,150,0.0,0.05,0.99,8,2,0.0057142857142857,0.4955918609869638,0.4955918609869638,6.325714285714286,8,8,8,0,16,12,12,8,2,2,0,0,1,2,0.0909090909090909,4,1.5,144,128,64,96,80,6,58,7,8,8,0,0.2388059701492537,7.0,7,14,0.61,1.0,8.0,18.0,12.0,150,0,0,150,1.0,1.0,1.0,1.0,0.0,0.0,10.0,1.0,1.0,1.0,1.0,0.0,150,0,0,150,1.0,1.0,1.0,1.0,0.0,0.0,10.0,1.0,1.0,1.0,1.0,0.0,150,0,0,150,1.0,1.0,1.0,1.0,0.0,0.0,10.0,1.0,1.0,1.0,1.0,0.0,1.0,0.9853958493466564,0.9196910759461712,1.0,1.0,1.0,0.3287505840125959,4.0,50.0,5.0,71.42857142857143,2.0,,2.0,100.0,0.16666666666666674,12.500000000000005,27.0,72.97297297297297,29.0,43.28358208955223,32.0,28.57142857142857,1.833333333333333,29.729729729729726,-0.6666666666666679,-3.5714285714285774,-0.012894710122855091,-5.123033481242429,3.0,75.0
rework,0.1,1010,350,150,150,0.0,0.07,0.9,8,2,0.0057142857142857,0.4955918609869638,0.4955918609869638,6.325714285714286,8,8,8,0,16,12,12,8,2,2,0,0,1,2,0.0909090909090909,4,1.5,144,128,64,96,80,6,58,7,8,8,0,0.2388059701492537,7.0,7,14,0.61,1.0,8.0,18.0,12.0,150,0,0,150,1.0,1.0,1.0,1.0,0.0,0.0,10.0,1.0,1.0,1.0,1.0,0.0,150,0,0,150,1.0,1.0,1.0,1.0,0.0,0.0,10.0,1.0,1.0,1.0,1.0,0.0,150,0,0,150,1.0,1.0,1.0,1.0,0.0,0.0,10.0,1.0,1.0,1.0,1.0,0.0,1.0,0.9853958493466564,0.9196910759461712,1.0,1.0,1.0,0.3570673750073183,4.0,50.0,5.0,71.42857142857143,2.0,,2.0,100.0,0.16666666666666674,12.500000000000005,27.0,72.97297297297297,29.0,43.28358208955223,32.0,28.57142857142857,1.833333333333333,29.729729729729726,-0.6666666666666679,-3.5714285714285774,-0.012894710122855091,-5.123033481242429,3.0,75.0
rework,0.1,1010,350,150,150,0.0,0.07,0.95,8,2,0.0057142857142857,0.4955918609869638,0.4955918609869638,6.325714285714286,8,8,8,0,16,12,12,8,2,2,0,0,1,2,0.0909090909090909,4,1.5,144,128,64,96,80,6,58,7,8,8,0,0.2388059701492537,7.0,7,14,0.61,1.0,8.0,18.0,12.0,150,0,0,150,1.0,1.0,1.0,1.0,0.0,0.0,10.0,1.0,1.0,1.0,1.0,0.0,150,0,0,150,1.0,1.0,1.0,1.0,0.0,0.0,10.0,1.0,1.0,1.0,1.0,0.0,150,0,0,150,1.0,1.0,1.0,1.0,0.0,0.0,10.0,1.0,1.0,1.0,1.0,0.0,1.0,0.9853958493466564,0.9196910759461712,1.0,1.0,1.0,0.3173110419884324,4.0,50.0,5.0,71.42857142857143,2.0,,2.0,100.0,0.16666666666666674,12.500000000000005,27.0,72.97297297297297,29.0,43.28358208955223,32.0,28.57142857142857,1.833333333333333,29.729729729729726,-0.6666666666666679,-3.5714285714285774,-0.012894710122855091,-5.123033481242429,3.0,75.0
rework,0.1,1010,350,150,150,0.0,0.07,0.99,8,2,0.0057142857142857,0.4955918609869638,0.4955918609869638,6.325714285714286,8,8,8,0,16,12,12,8,2,2,0,0,1,2,0.0909090909090909,4,1.5,144,128,64,96,80,6,58,7,8,8,0,0.2388059701492537,7.0,7,14,0.61,1.0,8.0,18.0,12.0,150,0,0,150,1.0,1.0,1.0,1.0,0.0,0.0,10.0,1.0,1.0,1.0,1.0,0.0,150,0,0,150,1.0,1.0,1.0,1.0,0.0,0.0,10.0,1.0,1.0,1.0,1.0,0.0,150,0,0,150,1.0,1.0,1.0,1.0,0.0,0.0,10.0,1.0,1.0,1.0,1.0,0.0,1.0,0.9853958493466564,0.9196910759461712,1.0,1.0,1.0,0.3184023330104537,4.0,50.0,5.0,71.42857142857143,2.0,,2.0,100.0,0.16666666666666674,12.500000000000005,27.0,72.97297297297297,29.0,43.28358208955223,32.0,28.57142857142857,1.833333333333333,29.729729729729726,-0.6666666666666679,-3.5714285714285774,-0.012894710122855091,-5.123033481242429,3.0,75.0
