scenario,variability,inductive_noise_threshold,declare_min_support_ratio,declare_min_confidence_ratio,train_traces_median,train_traces_ci_low,train_traces_ci_high,positive_test_traces_median,positive_test_traces_ci_low,positive_test_traces_ci_high,negative_test_traces_median,negative_test_traces_ci_low,negative_test_traces_ci_high,train_activity_count_median,train_activity_count_ci_low,train_activity_count_ci_high,train_variant_count_median,train_variant_count_ci_low,train_variant_count_ci_high,train_variant_ratio_median,train_variant_ratio_ci_low,train_variant_ratio_ci_high,train_variant_entropy_median,train_variant_entropy_ci_low,train_variant_entropy_ci_high,train_variant_entropy_normalized_median,train_variant_entropy_normalized_ci_low,train_variant_entropy_normalized_ci_high,train_mean_trace_length_median,train_mean_trace_length_ci_low,train_mean_trace_length_ci_high,imperative_petri_places_median,imperative_petri_places_ci_low,imperative_petri_places_ci_high,imperative_petri_transitions_median,imperative_petri_transitions_ci_low,imperative_petri_transitions_ci_high,imperative_petri_visible_transitions_median,imperative_petri_visible_transitions_ci_low,imperative_petri_visible_transitions_ci_high,imperative_petri_hidden_transitions_median,imperative_petri_hidden_transitions_ci_low,imperative_petri_hidden_transitions_ci_high,imperative_petri_arcs_median,imperative_petri_arcs_ci_low,imperative_petri_arcs_ci_high,imperative_bpmn_nodes_median,imperative_bpmn_nodes_ci_low,imperative_bpmn_nodes_ci_high,imperative_bpmn_flows_median,imperative_bpmn_flows_ci_low,imperative_bpmn_flows_ci_high,imperative_bpmn_tasks_median,imperative_bpmn_tasks_ci_low,imperative_bpmn_tasks_ci_high,imperative_bpmn_gateways_median,imperative_bpmn_gateways_ci_low,imperative_bpmn_gateways_ci_high,imperative_bpmn_xor_gateways_median,imperative_bpmn_xor_gateways_ci_low,imperative_bpmn_xor_gateways_ci_high,imperative_bpmn_and_gateways_median,imperative_bpmn_and_gateways_ci_low,imperative_bpmn_and_gateways_ci_high,imperative_bpmn_or_gateways_median,imperative_bpmn_or_gateways_ci_low,imperative_bpmn_or_gateways_ci_high,imperative_bpmn_split_gateways_median,imperative_bpmn_split_gateways_ci_low,imperative_bpmn_split_gateways_ci_high,imperative_control_flow_complexity_median,imperative_control_flow_complexity_ci_low,imperative_control_flow_complexity_ci_high,imperative_bpmn_density_median,imperative_bpmn_density_ci_low,imperative_bpmn_density_ci_high,imperative_bpmn_structural_overhead_median,imperative_bpmn_structural_overhead_ci_low,imperative_bpmn_structural_overhead_ci_high,imperative_bpmn_nodes_per_observed_activity_median,imperative_bpmn_nodes_per_observed_activity_ci_low,imperative_bpmn_nodes_per_observed_activity_ci_high,declarative_declare_relation_records_raw_median,declarative_declare_relation_records_raw_ci_low,declarative_declare_relation_records_raw_ci_high,declarative_declare_symmetric_deduplicated_constraints_median,declarative_declare_symmetric_deduplicated_constraints_ci_low,declarative_declare_symmetric_deduplicated_constraints_ci_high,declarative_declare_constraints_median,declarative_declare_constraints_ci_low,declarative_declare_constraints_ci_high,declarative_declare_constraints_primitive_preferred_median,declarative_declare_constraints_primitive_preferred_ci_low,declarative_declare_constraints_primitive_preferred_ci_high,declarative_declare_redundant_records_removed_median,declarative_declare_redundant_records_removed_ci_low,declarative_declare_redundant_records_removed_ci_high,declarative_declare_unary_constraints_median,declarative_declare_unary_constraints_ci_low,declarative_declare_unary_constraints_ci_high,declarative_declare_binary_constraints_median,declarative_declare_binary_constraints_ci_low,declarative_declare_binary_constraints_ci_high,declarative_declare_template_count_median,declarative_declare_template_count_ci_low,declarative_declare_template_count_ci_high,declarative_declare_observed_activities_median,declarative_declare_observed_activities_ci_low,declarative_declare_observed_activities_ci_high,declarative_declare_constrained_activities_median,declarative_declare_constrained_activities_ci_low,declarative_declare_constrained_activities_ci_high,declarative_declare_unconstrained_activities_median,declarative_declare_unconstrained_activities_ci_low,declarative_declare_unconstrained_activities_ci_high,declarative_declare_constraint_density_median,declarative_declare_constraint_density_ci_low,declarative_declare_constraint_density_ci_high,declarative_declare_graph_mean_degree_median,declarative_declare_graph_mean_degree_ci_low,declarative_declare_graph_mean_degree_ci_high,declarative_declare_graph_max_degree_median,declarative_declare_graph_max_degree_ci_low,declarative_declare_graph_max_degree_ci_high,declarative_declare_relation_overlap_median,declarative_declare_relation_overlap_ci_low,declarative_declare_relation_overlap_ci_high,declarative_declare_mean_support_ratio_median,declarative_declare_mean_support_ratio_ci_low,declarative_declare_mean_support_ratio_ci_high,declarative_declare_mean_confidence_ratio_median,declarative_declare_mean_confidence_ratio_ci_low,declarative_declare_mean_confidence_ratio_ci_high,declarative_declare_constraints_per_observed_activity_median,declarative_declare_constraints_per_observed_activity_ci_low,declarative_declare_constraints_per_observed_activity_ci_high,declarative_declare_raw_records_per_observed_activity_median,declarative_declare_raw_records_per_observed_activity_ci_low,declarative_declare_raw_records_per_observed_activity_ci_high,declarative_declare_primitive_constraints_per_observed_activity_median,declarative_declare_primitive_constraints_per_observed_activity_ci_low,declarative_declare_primitive_constraints_per_observed_activity_ci_high,imperative_test_tp_median,imperative_test_tp_ci_low,imperative_test_tp_ci_high,imperative_test_fn_median,imperative_test_fn_ci_low,imperative_test_fn_ci_high,imperative_test_fp_median,imperative_test_fp_ci_low,imperative_test_fp_ci_high,imperative_test_tn_median,imperative_test_tn_ci_low,imperative_test_tn_ci_high,imperative_test_accuracy_median,imperative_test_accuracy_ci_low,imperative_test_accuracy_ci_high,imperative_test_precision_median,imperative_test_precision_ci_low,imperative_test_precision_ci_high,imperative_test_recall_median,imperative_test_recall_ci_low,imperative_test_recall_ci_high,imperative_test_f1_median,imperative_test_f1_ci_low,imperative_test_f1_ci_high,imperative_test_false_acceptance_rate_median,imperative_test_false_acceptance_rate_ci_low,imperative_test_false_acceptance_rate_ci_high,imperative_test_false_rejection_rate_median,imperative_test_false_rejection_rate_ci_low,imperative_test_false_rejection_rate_ci_high,imperative_test_mutation_family_count_median,imperative_test_mutation_family_count_ci_low,imperative_test_mutation_family_count_ci_high,imperative_test_mutation_macro_rejection_rate_median,imperative_test_mutation_macro_rejection_rate_ci_low,imperative_test_mutation_macro_rejection_rate_ci_high,imperative_test_mutation_macro_balanced_accuracy_median,imperative_test_mutation_macro_balanced_accuracy_ci_low,imperative_test_mutation_macro_balanced_accuracy_ci_high,imperative_test_f1_leave_one_family_out_min_median,imperative_test_f1_leave_one_family_out_min_ci_low,imperative_test_f1_leave_one_family_out_min_ci_high,imperative_test_f1_leave_one_family_out_max_median,imperative_test_f1_leave_one_family_out_max_ci_low,imperative_test_f1_leave_one_family_out_max_ci_high,imperative_test_f1_leave_one_family_out_range_median,imperative_test_f1_leave_one_family_out_range_ci_low,imperative_test_f1_leave_one_family_out_range_ci_high,declarative_test_tp_median,declarative_test_tp_ci_low,declarative_test_tp_ci_high,declarative_test_fn_median,declarative_test_fn_ci_low,declarative_test_fn_ci_high,declarative_test_fp_median,declarative_test_fp_ci_low,declarative_test_fp_ci_high,declarative_test_tn_median,declarative_test_tn_ci_low,declarative_test_tn_ci_high,declarative_test_accuracy_median,declarative_test_accuracy_ci_low,declarative_test_accuracy_ci_high,declarative_test_precision_median,declarative_test_precision_ci_low,declarative_test_precision_ci_high,declarative_test_recall_median,declarative_test_recall_ci_low,declarative_test_recall_ci_high,declarative_test_f1_median,declarative_test_f1_ci_low,declarative_test_f1_ci_high,declarative_test_false_acceptance_rate_median,declarative_test_false_acceptance_rate_ci_low,declarative_test_false_acceptance_rate_ci_high,declarative_test_false_rejection_rate_median,declarative_test_false_rejection_rate_ci_low,declarative_test_false_rejection_rate_ci_high,declarative_test_mutation_family_count_median,declarative_test_mutation_family_count_ci_low,declarative_test_mutation_family_count_ci_high,declarative_test_mutation_macro_rejection_rate_median,declarative_test_mutation_macro_rejection_rate_ci_low,declarative_test_mutation_macro_rejection_rate_ci_high,declarative_test_mutation_macro_balanced_accuracy_median,declarative_test_mutation_macro_balanced_accuracy_ci_low,declarative_test_mutation_macro_balanced_accuracy_ci_high,declarative_test_f1_leave_one_family_out_min_median,declarative_test_f1_leave_one_family_out_min_ci_low,declarative_test_f1_leave_one_family_out_min_ci_high,declarative_test_f1_leave_one_family_out_max_median,declarative_test_f1_leave_one_family_out_max_ci_low,declarative_test_f1_leave_one_family_out_max_ci_high,declarative_test_f1_leave_one_family_out_range_median,declarative_test_f1_leave_one_family_out_range_ci_low,declarative_test_f1_leave_one_family_out_range_ci_high,declarative_closed_world_test_tp_median,declarative_closed_world_test_tp_ci_low,declarative_closed_world_test_tp_ci_high,declarative_closed_world_test_fn_median,declarative_closed_world_test_fn_ci_low,declarative_closed_world_test_fn_ci_high,declarative_closed_world_test_fp_median,declarative_closed_world_test_fp_ci_low,declarative_closed_world_test_fp_ci_high,declarative_closed_world_test_tn_median,declarative_closed_world_test_tn_ci_low,declarative_closed_world_test_tn_ci_high,declarative_closed_world_test_accuracy_median,declarative_closed_world_test_accuracy_ci_low,declarative_closed_world_test_accuracy_ci_high,declarative_closed_world_test_precision_median,declarative_closed_world_test_precision_ci_low,declarative_closed_world_test_precision_ci_high,declarative_closed_world_test_recall_median,declarative_closed_world_test_recall_ci_low,declarative_closed_world_test_recall_ci_high,declarative_closed_world_test_f1_median,declarative_closed_world_test_f1_ci_low,declarative_closed_world_test_f1_ci_high,declarative_closed_world_test_false_acceptance_rate_median,declarative_closed_world_test_false_acceptance_rate_ci_low,declarative_closed_world_test_false_acceptance_rate_ci_high,declarative_closed_world_test_false_rejection_rate_median,declarative_closed_world_test_false_rejection_rate_ci_low,declarative_closed_world_test_false_rejection_rate_ci_high,declarative_closed_world_test_mutation_family_count_median,declarative_closed_world_test_mutation_family_count_ci_low,declarative_closed_world_test_mutation_family_count_ci_high,declarative_closed_world_test_mutation_macro_rejection_rate_median,declarative_closed_world_test_mutation_macro_rejection_rate_ci_low,declarative_closed_world_test_mutation_macro_rejection_rate_ci_high,declarative_closed_world_test_mutation_macro_balanced_accuracy_median,declarative_closed_world_test_mutation_macro_balanced_accuracy_ci_low,declarative_closed_world_test_mutation_macro_balanced_accuracy_ci_high,declarative_closed_world_test_f1_leave_one_family_out_min_median,declarative_closed_world_test_f1_leave_one_family_out_min_ci_low,declarative_closed_world_test_f1_leave_one_family_out_min_ci_high,declarative_closed_world_test_f1_leave_one_family_out_max_median,declarative_closed_world_test_f1_leave_one_family_out_max_ci_low,declarative_closed_world_test_f1_leave_one_family_out_max_ci_high,declarative_closed_world_test_f1_leave_one_family_out_range_median,declarative_closed_world_test_f1_leave_one_family_out_range_ci_low,declarative_closed_world_test_f1_leave_one_family_out_range_ci_high,imperative_native_fitness_median,imperative_native_fitness_ci_low,imperative_native_fitness_ci_high,imperative_native_precision_median,imperative_native_precision_ci_low,imperative_native_precision_ci_high,imperative_native_generalization_median,imperative_native_generalization_ci_low,imperative_native_generalization_ci_high,imperative_native_simplicity_median,imperative_native_simplicity_ci_low,imperative_native_simplicity_ci_high,declarative_full_trace_conformance_median,declarative_full_trace_conformance_ci_low,declarative_full_trace_conformance_ci_high,declarative_mean_constraint_satisfaction_median,declarative_mean_constraint_satisfaction_ci_low,declarative_mean_constraint_satisfaction_ci_high,runtime_seconds_median,runtime_seconds_ci_low,runtime_seconds_ci_high,imperative_bpmn_nodes_change_from_p0_median,imperative_bpmn_nodes_change_from_p0_ci_low,imperative_bpmn_nodes_change_from_p0_ci_high,imperative_bpmn_nodes_percent_change_from_p0_median,imperative_bpmn_nodes_percent_change_from_p0_ci_low,imperative_bpmn_nodes_percent_change_from_p0_ci_high,imperative_bpmn_flows_change_from_p0_median,imperative_bpmn_flows_change_from_p0_ci_low,imperative_bpmn_flows_change_from_p0_ci_high,imperative_bpmn_flows_percent_change_from_p0_median,imperative_bpmn_flows_percent_change_from_p0_ci_low,imperative_bpmn_flows_percent_change_from_p0_ci_high,imperative_control_flow_complexity_change_from_p0_median,imperative_control_flow_complexity_change_from_p0_ci_low,imperative_control_flow_complexity_change_from_p0_ci_high,imperative_bpmn_structural_overhead_change_from_p0_median,imperative_bpmn_structural_overhead_change_from_p0_ci_low,imperative_bpmn_structural_overhead_change_from_p0_ci_high,imperative_bpmn_structural_overhead_percent_change_from_p0_median,imperative_bpmn_structural_overhead_percent_change_from_p0_ci_low,imperative_bpmn_structural_overhead_percent_change_from_p0_ci_high,imperative_bpmn_nodes_per_observed_activity_change_from_p0_median,imperative_bpmn_nodes_per_observed_activity_change_from_p0_ci_low,imperative_bpmn_nodes_per_observed_activity_change_from_p0_ci_high,imperative_bpmn_nodes_per_observed_activity_percent_change_from_p0_median,imperative_bpmn_nodes_per_observed_activity_percent_change_from_p0_ci_low,imperative_bpmn_nodes_per_observed_activity_percent_change_from_p0_ci_high,declarative_declare_constraints_change_from_p0_median,declarative_declare_constraints_change_from_p0_ci_low,declarative_declare_constraints_change_from_p0_ci_high,declarative_declare_constraints_percent_change_from_p0_median,declarative_declare_constraints_percent_change_from_p0_ci_low,declarative_declare_constraints_percent_change_from_p0_ci_high,declarative_declare_constraints_primitive_preferred_change_from_p0_median,declarative_declare_constraints_primitive_preferred_change_from_p0_ci_low,declarative_declare_constraints_primitive_preferred_change_from_p0_ci_high,declarative_declare_constraints_primitive_preferred_percent_change_from_p0_median,declarative_declare_constraints_primitive_preferred_percent_change_from_p0_ci_low,declarative_declare_constraints_primitive_preferred_percent_change_from_p0_ci_high,declarative_declare_relation_records_raw_change_from_p0_median,declarative_declare_relation_records_raw_change_from_p0_ci_low,declarative_declare_relation_records_raw_change_from_p0_ci_high,declarative_declare_relation_records_raw_percent_change_from_p0_median,declarative_declare_relation_records_raw_percent_change_from_p0_ci_low,declarative_declare_relation_records_raw_percent_change_from_p0_ci_high,declarative_declare_constraints_per_observed_activity_change_from_p0_median,declarative_declare_constraints_per_observed_activity_change_from_p0_ci_low,declarative_declare_constraints_per_observed_activity_change_from_p0_ci_high,declarative_declare_constraints_per_observed_activity_percent_change_from_p0_median,declarative_declare_constraints_per_observed_activity_percent_change_from_p0_ci_low,declarative_declare_constraints_per_observed_activity_percent_change_from_p0_ci_high,declarative_declare_raw_records_per_observed_activity_change_from_p0_median,declarative_declare_raw_records_per_observed_activity_change_from_p0_ci_low,declarative_declare_raw_records_per_observed_activity_change_from_p0_ci_high,declarative_declare_raw_records_per_observed_activity_percent_change_from_p0_median,declarative_declare_raw_records_per_observed_activity_percent_change_from_p0_ci_low,declarative_declare_raw_records_per_observed_activity_percent_change_from_p0_ci_high,declarative_declare_constraint_density_change_from_p0_median,declarative_declare_constraint_density_change_from_p0_ci_low,declarative_declare_constraint_density_change_from_p0_ci_high,declarative_declare_constraint_density_percent_change_from_p0_median,declarative_declare_constraint_density_percent_change_from_p0_ci_low,declarative_declare_constraint_density_percent_change_from_p0_ci_high,declarative_declare_template_count_change_from_p0_median,declarative_declare_template_count_change_from_p0_ci_low,declarative_declare_template_count_change_from_p0_ci_high,declarative_declare_template_count_percent_change_from_p0_median,declarative_declare_template_count_percent_change_from_p0_ci_low,declarative_declare_template_count_percent_change_from_p0_ci_high
rework,0.0,0.0,0.03,0.9,350.0,350.0,350.0,150.0,150.0,150.0,150.0,150.0,150.0,6.0,6.0,6.0,1.0,1.0,1.0,0.0028571428571428,0.0028571428571428,0.0028571428571428,0.0,0.0,0.0,0.0,0.0,0.0,6.0,6.0,6.0,7.0,7.0,7.0,6.0,6.0,6.0,6.0,6.0,6.0,0.0,0.0,0.0,12.0,12.0,12.0,8.0,8.0,8.0,7.0,7.0,7.0,6.0,6.0,6.0,0.0,0.0,0.0,0.0,0.0,0.0,0.0,0.0,0.0,0.0,0.0,0.0,0.0,0.0,0.0,0.0,0.0,0.0,0.125,0.125,0.125,2.0,2.0,2.0,1.3333333333333333,1.3333333333333333,1.3333333333333333,112.0,112.0,112.0,97.0,97.0,97.0,37.0,37.0,37.0,67.0,67.0,67.0,75.0,75.0,75.0,7.0,7.0,7.0,30.0,30.0,30.0,4.0,4.0,4.0,6.0,6.0,6.0,6.0,6.0,6.0,0.0,0.0,0.0,0.2517006802721088,0.2517006802721088,0.2517006802721088,5.0,5.0,5.0,5.0,5.0,5.0,5.0,5.0,5.0,1.0,1.0,1.0,1.0,1.0,1.0,6.166666666666667,6.166666666666667,6.166666666666667,18.666666666666668,18.666666666666668,18.666666666666668,11.166666666666666,11.166666666666666,11.166666666666666,150.0,150.0,150.0,0.0,0.0,0.0,0.0,0.0,0.0,150.0,150.0,150.0,1.0,1.0,1.0,1.0,1.0,1.0,1.0,1.0,1.0,1.0,1.0,1.0,0.0,0.0,0.0,0.0,0.0,0.0,10.0,10.0,10.0,1.0,1.0,1.0,1.0,1.0,1.0,1.0,1.0,1.0,1.0,1.0,1.0,0.0,0.0,0.0,150.0,150.0,150.0,0.0,0.0,0.0,30.0,30.0,30.0,120.0,120.0,120.0,0.9,0.9,0.9,0.8333333333333334,0.8333333333333334,0.8333333333333334,1.0,1.0,1.0,0.9090909090909092,0.9090909090909092,0.9090909090909092,0.2,0.2,0.2,0.0,0.0,0.0,10.0,10.0,10.0,0.8,0.8,0.8,0.9,0.9,0.9,0.9090909090909092,0.9090909090909092,0.9090909090909092,0.9523809523809524,0.9523809523809524,0.9523809523809524,0.0432900432900432,0.0432900432900432,0.0432900432900432,150.0,150.0,150.0,0.0,0.0,0.0,0.0,0.0,0.0,150.0,150.0,150.0,1.0,1.0,1.0,1.0,1.0,1.0,1.0,1.0,1.0,1.0,1.0,1.0,0.0,0.0,0.0,0.0,0.0,0.0,10.0,10.0,10.0,1.0,1.0,1.0,1.0,1.0,1.0,1.0,1.0,1.0,1.0,1.0,1.0,0.0,0.0,0.0,1.0,1.0,1.0,1.0,1.0,1.0,0.9465477516175153,0.9465477516175153,0.9465477516175153,1.0,1.0,1.0,1.0,1.0,1.0,1.0,1.0,1.0,0.25505635449371766,0.2273119580058846,0.2752565410046372,0.0,0.0,0.0,0.0,0.0,0.0,0.0,0.0,0.0,0.0,0.0,0.0,0.0,0.0,0.0,0.0,0.0,0.0,0.0,0.0,0.0,0.0,0.0,0.0,0.0,0.0,0.0,0.0,0.0,0.0,0.0,0.0,0.0,0.0,0.0,0.0,0.0,0.0,0.0,0.0,0.0,0.0,0.0,0.0,0.0,0.0,0.0,0.0,0.0,0.0,0.0,0.0,0.0,0.0,0.0,0.0,0.0,0.0,0.0,0.0,0.0,0.0,0.0,0.0,0.0,0.0,0.0,0.0,0.0
rework,0.0,0.0,0.03,0.95,350.0,350.0,350.0,150.0,150.0,150.0,150.0,150.0,150.0,6.0,6.0,6.0,1.0,1.0,1.0,0.0028571428571428,0.0028571428571428,0.0028571428571428,0.0,0.0,0.0,0.0,0.0,0.0,6.0,6.0,6.0,7.0,7.0,7.0,6.0,6.0,6.0,6.0,6.0,6.0,0.0,0.0,0.0,12.0,12.0,12.0,8.0,8.0,8.0,7.0,7.0,7.0,6.0,6.0,6.0,0.0,0.0,0.0,0.0,0.0,0.0,0.0,0.0,0.0,0.0,0.0,0.0,0.0,0.0,0.0,0.0,0.0,0.0,0.125,0.125,0.125,2.0,2.0,2.0,1.3333333333333333,1.3333333333333333,1.3333333333333333,112.0,112.0,112.0,97.0,97.0,97.0,37.0,37.0,37.0,67.0,67.0,67.0,75.0,75.0,75.0,7.0,7.0,7.0,30.0,30.0,30.0,4.0,4.0,4.0,6.0,6.0,6.0,6.0,6.0,6.0,0.0,0.0,0.0,0.2517006802721088,0.2517006802721088,0.2517006802721088,5.0,5.0,5.0,5.0,5.0,5.0,5.0,5.0,5.0,1.0,1.0,1.0,1.0,1.0,1.0,6.166666666666667,6.166666666666667,6.166666666666667,18.666666666666668,18.666666666666668,18.666666666666668,11.166666666666666,11.166666666666666,11.166666666666666,150.0,150.0,150.0,0.0,0.0,0.0,0.0,0.0,0.0,150.0,150.0,150.0,1.0,1.0,1.0,1.0,1.0,1.0,1.0,1.0,1.0,1.0,1.0,1.0,0.0,0.0,0.0,0.0,0.0,0.0,10.0,10.0,10.0,1.0,1.0,1.0,1.0,1.0,1.0,1.0,1.0,1.0,1.0,1.0,1.0,0.0,0.0,0.0,150.0,150.0,150.0,0.0,0.0,0.0,30.0,30.0,30.0,120.0,120.0,120.0,0.9,0.9,0.9,0.8333333333333334,0.8333333333333334,0.8333333333333334,1.0,1.0,1.0,0.9090909090909092,0.9090909090909092,0.9090909090909092,0.2,0.2,0.2,0.0,0.0,0.0,10.0,10.0,10.0,0.8,0.8,0.8,0.9,0.9,0.9,0.9090909090909092,0.9090909090909092,0.9090909090909092,0.9523809523809524,0.9523809523809524,0.9523809523809524,0.0432900432900432,0.0432900432900432,0.0432900432900432,150.0,150.0,150.0,0.0,0.0,0.0,0.0,0.0,0.0,150.0,150.0,150.0,1.0,1.0,1.0,1.0,1.0,1.0,1.0,1.0,1.0,1.0,1.0,1.0,0.0,0.0,0.0,0.0,0.0,0.0,10.0,10.0,10.0,1.0,1.0,1.0,1.0,1.0,1.0,1.0,1.0,1.0,1.0,1.0,1.0,0.0,0.0,0.0,1.0,1.0,1.0,1.0,1.0,1.0,0.9465477516175153,0.9465477516175153,0.9465477516175153,1.0,1.0,1.0,1.0,1.0,1.0,1.0,1.0,1.0,0.23264239549462215,0.22196404149872245,0.2766234580194577,0.0,0.0,0.0,0.0,0.0,0.0,0.0,0.0,0.0,0.0,0.0,0.0,0.0,0.0,0.0,0.0,0.0,0.0,0.0,0.0,0.0,0.0,0.0,0.0,0.0,0.0,0.0,0.0,0.0,0.0,0.0,0.0,0.0,0.0,0.0,0.0,0.0,0.0,0.0,0.0,0.0,0.0,0.0,0.0,0.0,0.0,0.0,0.0,0.0,0.0,0.0,0.0,0.0,0.0,0.0,0.0,0.0,0.0,0.0,0.0,0.0,0.0,0.0,0.0,0.0,0.0,0.0,0.0,0.0
rework,0.0,0.0,0.03,0.99,350.0,350.0,350.0,150.0,150.0,150.0,150.0,150.0,150.0,6.0,6.0,6.0,1.0,1.0,1.0,0.0028571428571428,0.0028571428571428,0.0028571428571428,0.0,0.0,0.0,0.0,0.0,0.0,6.0,6.0,6.0,7.0,7.0,7.0,6.0,6.0,6.0,6.0,6.0,6.0,0.0,0.0,0.0,12.0,12.0,12.0,8.0,8.0,8.0,7.0,7.0,7.0,6.0,6.0,6.0,0.0,0.0,0.0,0.0,0.0,0.0,0.0,0.0,0.0,0.0,0.0,0.0,0.0,0.0,0.0,0.0,0.0,0.0,0.125,0.125,0.125,2.0,2.0,2.0,1.3333333333333333,1.3333333333333333,1.3333333333333333,112.0,112.0,112.0,97.0,97.0,97.0,37.0,37.0,37.0,67.0,67.0,67.0,75.0,75.0,75.0,7.0,7.0,7.0,30.0,30.0,30.0,4.0,4.0,4.0,6.0,6.0,6.0,6.0,6.0,6.0,0.0,0.0,0.0,0.2517006802721088,0.2517006802721088,0.2517006802721088,5.0,5.0,5.0,5.0,5.0,5.0,5.0,5.0,5.0,1.0,1.0,1.0,1.0,1.0,1.0,6.166666666666667,6.166666666666667,6.166666666666667,18.666666666666668,18.666666666666668,18.666666666666668,11.166666666666666,11.166666666666666,11.166666666666666,150.0,150.0,150.0,0.0,0.0,0.0,0.0,0.0,0.0,150.0,150.0,150.0,1.0,1.0,1.0,1.0,1.0,1.0,1.0,1.0,1.0,1.0,1.0,1.0,0.0,0.0,0.0,0.0,0.0,0.0,10.0,10.0,10.0,1.0,1.0,1.0,1.0,1.0,1.0,1.0,1.0,1.0,1.0,1.0,1.0,0.0,0.0,0.0,150.0,150.0,150.0,0.0,0.0,0.0,30.0,30.0,30.0,120.0,120.0,120.0,0.9,0.9,0.9,0.8333333333333334,0.8333333333333334,0.8333333333333334,1.0,1.0,1.0,0.9090909090909092,0.9090909090909092,0.9090909090909092,0.2,0.2,0.2,0.0,0.0,0.0,10.0,10.0,10.0,0.8,0.8,0.8,0.9,0.9,0.9,0.9090909090909092,0.9090909090909092,0.9090909090909092,0.9523809523809524,0.9523809523809524,0.9523809523809524,0.0432900432900432,0.0432900432900432,0.0432900432900432,150.0,150.0,150.0,0.0,0.0,0.0,0.0,0.0,0.0,150.0,150.0,150.0,1.0,1.0,1.0,1.0,1.0,1.0,1.0,1.0,1.0,1.0,1.0,1.0,0.0,0.0,0.0,0.0,0.0,0.0,10.0,10.0,10.0,1.0,1.0,1.0,1.0,1.0,1.0,1.0,1.0,1.0,1.0,1.0,1.0,0.0,0.0,0.0,1.0,1.0,1.0,1.0,1.0,1.0,0.9465477516175153,0.9465477516175153,0.9465477516175153,1.0,1.0,1.0,1.0,1.0,1.0,1.0,1.0,1.0,0.2451530204998562,0.2201239159912802,0.26041645799705293,0.0,0.0,0.0,0.0,0.0,0.0,0.0,0.0,0.0,0.0,0.0,0.0,0.0,0.0,0.0,0.0,0.0,0.0,0.0,0.0,0.0,0.0,0.0,0.0,0.0,0.0,0.0,0.0,0.0,0.0,0.0,0.0,0.0,0.0,0.0,0.0,0.0,0.0,0.0,0.0,0.0,0.0,0.0,0.0,0.0,0.0,0.0,0.0,0.0,0.0,0.0,0.0,0.0,0.0,0.0,0.0,0.0,0.0,0.0,0.0,0.0,0.0,0.0,0.0,0.0,0.0,0.0,0.0,0.0
rework,0.0,0.0,0.05,0.9,350.0,350.0,350.0,150.0,150.0,150.0,150.0,150.0,150.0,6.0,6.0,6.0,1.0,1.0,1.0,0.0028571428571428,0.0028571428571428,0.0028571428571428,0.0,0.0,0.0,0.0,0.0,0.0,6.0,6.0,6.0,7.0,7.0,7.0,6.0,6.0,6.0,6.0,6.0,6.0,0.0,0.0,0.0,12.0,12.0,12.0,8.0,8.0,8.0,7.0,7.0,7.0,6.0,6.0,6.0,0.0,0.0,0.0,0.0,0.0,0.0,0.0,0.0,0.0,0.0,0.0,0.0,0.0,0.0,0.0,0.0,0.0,0.0,0.125,0.125,0.125,2.0,2.0,2.0,1.3333333333333333,1.3333333333333333,1.3333333333333333,112.0,112.0,112.0,97.0,97.0,97.0,37.0,37.0,37.0,67.0,67.0,67.0,75.0,75.0,75.0,7.0,7.0,7.0,30.0,30.0,30.0,4.0,4.0,4.0,6.0,6.0,6.0,6.0,6.0,6.0,0.0,0.0,0.0,0.2517006802721088,0.2517006802721088,0.2517006802721088,5.0,5.0,5.0,5.0,5.0,5.0,5.0,5.0,5.0,1.0,1.0,1.0,1.0,1.0,1.0,6.166666666666667,6.166666666666667,6.166666666666667,18.666666666666668,18.666666666666668,18.666666666666668,11.166666666666666,11.166666666666666,11.166666666666666,150.0,150.0,150.0,0.0,0.0,0.0,0.0,0.0,0.0,150.0,150.0,150.0,1.0,1.0,1.0,1.0,1.0,1.0,1.0,1.0,1.0,1.0,1.0,1.0,0.0,0.0,0.0,0.0,0.0,0.0,10.0,10.0,10.0,1.0,1.0,1.0,1.0,1.0,1.0,1.0,1.0,1.0,1.0,1.0,1.0,0.0,0.0,0.0,150.0,150.0,150.0,0.0,0.0,0.0,30.0,30.0,30.0,120.0,120.0,120.0,0.9,0.9,0.9,0.8333333333333334,0.8333333333333334,0.8333333333333334,1.0,1.0,1.0,0.9090909090909092,0.9090909090909092,0.9090909090909092,0.2,0.2,0.2,0.0,0.0,0.0,10.0,10.0,10.0,0.8,0.8,0.8,0.9,0.9,0.9,0.9090909090909092,0.9090909090909092,0.9090909090909092,0.9523809523809524,0.9523809523809524,0.9523809523809524,0.0432900432900432,0.0432900432900432,0.0432900432900432,150.0,150.0,150.0,0.0,0.0,0.0,0.0,0.0,0.0,150.0,150.0,150.0,1.0,1.0,1.0,1.0,1.0,1.0,1.0,1.0,1.0,1.0,1.0,1.0,0.0,0.0,0.0,0.0,0.0,0.0,10.0,10.0,10.0,1.0,1.0,1.0,1.0,1.0,1.0,1.0,1.0,1.0,1.0,1.0,1.0,0.0,0.0,0.0,1.0,1.0,1.0,1.0,1.0,1.0,0.9465477516175153,0.9465477516175153,0.9465477516175153,1.0,1.0,1.0,1.0,1.0,1.0,1.0,1.0,1.0,0.25053516650223173,0.2219570830056909,0.2920589999994263,0.0,0.0,0.0,0.0,0.0,0.0,0.0,0.0,0.0,0.0,0.0,0.0,0.0,0.0,0.0,0.0,0.0,0.0,0.0,0.0,0.0,0.0,0.0,0.0,0.0,0.0,0.0,0.0,0.0,0.0,0.0,0.0,0.0,0.0,0.0,0.0,0.0,0.0,0.0,0.0,0.0,0.0,0.0,0.0,0.0,0.0,0.0,0.0,0.0,0.0,0.0,0.0,0.0,0.0,0.0,0.0,0.0,0.0,0.0,0.0,0.0,0.0,0.0,0.0,0.0,0.0,0.0,0.0,0.0
rework,0.0,0.0,0.05,0.95,350.0,350.0,350.0,150.0,150.0,150.0,150.0,150.0,150.0,6.0,6.0,6.0,1.0,1.0,1.0,0.0028571428571428,0.0028571428571428,0.0028571428571428,0.0,0.0,0.0,0.0,0.0,0.0,6.0,6.0,6.0,7.0,7.0,7.0,6.0,6.0,6.0,6.0,6.0,6.0,0.0,0.0,0.0,12.0,12.0,12.0,8.0,8.0,8.0,7.0,7.0,7.0,6.0,6.0,6.0,0.0,0.0,0.0,0.0,0.0,0.0,0.0,0.0,0.0,0.0,0.0,0.0,0.0,0.0,0.0,0.0,0.0,0.0,0.125,0.125,0.125,2.0,2.0,2.0,1.3333333333333333,1.3333333333333333,1.3333333333333333,112.0,112.0,112.0,97.0,97.0,97.0,37.0,37.0,37.0,67.0,67.0,67.0,75.0,75.0,75.0,7.0,7.0,7.0,30.0,30.0,30.0,4.0,4.0,4.0,6.0,6.0,6.0,6.0,6.0,6.0,0.0,0.0,0.0,0.2517006802721088,0.2517006802721088,0.2517006802721088,5.0,5.0,5.0,5.0,5.0,5.0,5.0,5.0,5.0,1.0,1.0,1.0,1.0,1.0,1.0,6.166666666666667,6.166666666666667,6.166666666666667,18.666666666666668,18.666666666666668,18.666666666666668,11.166666666666666,11.166666666666666,11.166666666666666,150.0,150.0,150.0,0.0,0.0,0.0,0.0,0.0,0.0,150.0,150.0,150.0,1.0,1.0,1.0,1.0,1.0,1.0,1.0,1.0,1.0,1.0,1.0,1.0,0.0,0.0,0.0,0.0,0.0,0.0,10.0,10.0,10.0,1.0,1.0,1.0,1.0,1.0,1.0,1.0,1.0,1.0,1.0,1.0,1.0,0.0,0.0,0.0,150.0,150.0,150.0,0.0,0.0,0.0,30.0,30.0,30.0,120.0,120.0,120.0,0.9,0.9,0.9,0.8333333333333334,0.8333333333333334,0.8333333333333334,1.0,1.0,1.0,0.9090909090909092,0.9090909090909092,0.9090909090909092,0.2,0.2,0.2,0.0,0.0,0.0,10.0,10.0,10.0,0.8,0.8,0.8,0.9,0.9,0.9,0.9090909090909092,0.9090909090909092,0.9090909090909092,0.9523809523809524,0.9523809523809524,0.9523809523809524,0.0432900432900432,0.0432900432900432,0.0432900432900432,150.0,150.0,150.0,0.0,0.0,0.0,0.0,0.0,0.0,150.0,150.0,150.0,1.0,1.0,1.0,1.0,1.0,1.0,1.0,1.0,1.0,1.0,1.0,1.0,0.0,0.0,0.0,0.0,0.0,0.0,10.0,10.0,10.0,1.0,1.0,1.0,1.0,1.0,1.0,1.0,1.0,1.0,1.0,1.0,1.0,0.0,0.0,0.0,1.0,1.0,1.0,1.0,1.0,1.0,0.9465477516175153,0.9465477516175153,0.9465477516175153,1.0,1.0,1.0,1.0,1.0,1.0,1.0,1.0,1.0,0.23467725000227802,0.22879687551176175,0.2816218119987752,0.0,0.0,0.0,0.0,0.0,0.0,0.0,0.0,0.0,0.0,0.0,0.0,0.0,0.0,0.0,0.0,0.0,0.0,0.0,0.0,0.0,0.0,0.0,0.0,0.0,0.0,0.0,0.0,0.0,0.0,0.0,0.0,0.0,0.0,0.0,0.0,0.0,0.0,0.0,0.0,0.0,0.0,0.0,0.0,0.0,0.0,0.0,0.0,0.0,0.0,0.0,0.0,0.0,0.0,0.0,0.0,0.0,0.0,0.0,0.0,0.0,0.0,0.0,0.0,0.0,0.0,0.0,0.0,0.0
rework,0.0,0.0,0.05,0.99,350.0,350.0,350.0,150.0,150.0,150.0,150.0,150.0,150.0,6.0,6.0,6.0,1.0,1.0,1.0,0.0028571428571428,0.0028571428571428,0.0028571428571428,0.0,0.0,0.0,0.0,0.0,0.0,6.0,6.0,6.0,7.0,7.0,7.0,6.0,6.0,6.0,6.0,6.0,6.0,0.0,0.0,0.0,12.0,12.0,12.0,8.0,8.0,8.0,7.0,7.0,7.0,6.0,6.0,6.0,0.0,0.0,0.0,0.0,0.0,0.0,0.0,0.0,0.0,0.0,0.0,0.0,0.0,0.0,0.0,0.0,0.0,0.0,0.125,0.125,0.125,2.0,2.0,2.0,1.3333333333333333,1.3333333333333333,1.3333333333333333,112.0,112.0,112.0,97.0,97.0,97.0,37.0,37.0,37.0,67.0,67.0,67.0,75.0,75.0,75.0,7.0,7.0,7.0,30.0,30.0,30.0,4.0,4.0,4.0,6.0,6.0,6.0,6.0,6.0,6.0,0.0,0.0,0.0,0.2517006802721088,0.2517006802721088,0.2517006802721088,5.0,5.0,5.0,5.0,5.0,5.0,5.0,5.0,5.0,1.0,1.0,1.0,1.0,1.0,1.0,6.166666666666667,6.166666666666667,6.166666666666667,18.666666666666668,18.666666666666668,18.666666666666668,11.166666666666666,11.166666666666666,11.166666666666666,150.0,150.0,150.0,0.0,0.0,0.0,0.0,0.0,0.0,150.0,150.0,150.0,1.0,1.0,1.0,1.0,1.0,1.0,1.0,1.0,1.0,1.0,1.0,1.0,0.0,0.0,0.0,0.0,0.0,0.0,10.0,10.0,10.0,1.0,1.0,1.0,1.0,1.0,1.0,1.0,1.0,1.0,1.0,1.0,1.0,0.0,0.0,0.0,150.0,150.0,150.0,0.0,0.0,0.0,30.0,30.0,30.0,120.0,120.0,120.0,0.9,0.9,0.9,0.8333333333333334,0.8333333333333334,0.8333333333333334,1.0,1.0,1.0,0.9090909090909092,0.9090909090909092,0.9090909090909092,0.2,0.2,0.2,0.0,0.0,0.0,10.0,10.0,10.0,0.8,0.8,0.8,0.9,0.9,0.9,0.9090909090909092,0.9090909090909092,0.9090909090909092,0.9523809523809524,0.9523809523809524,0.9523809523809524,0.0432900432900432,0.0432900432900432,0.0432900432900432,150.0,150.0,150.0,0.0,0.0,0.0,0.0,0.0,0.0,150.0,150.0,150.0,1.0,1.0,1.0,1.0,1.0,1.0,1.0,1.0,1.0,1.0,1.0,1.0,0.0,0.0,0.0,0.0,0.0,0.0,10.0,10.0,10.0,1.0,1.0,1.0,1.0,1.0,1.0,1.0,1.0,1.0,1.0,1.0,1.0,0.0,0.0,0.0,1.0,1.0,1.0,1.0,1.0,1.0,0.9465477516175153,0.9465477516175153,0.9465477516175153,1.0,1.0,1.0,1.0,1.0,1.0,1.0,1.0,1.0,0.24534654099261385,0.2199506250035483,0.2603989169874694,0.0,0.0,0.0,0.0,0.0,0.0,0.0,0.0,0.0,0.0,0.0,0.0,0.0,0.0,0.0,0.0,0.0,0.0,0.0,0.0,0.0,0.0,0.0,0.0,0.0,0.0,0.0,0.0,0.0,0.0,0.0,0.0,0.0,0.0,0.0,0.0,0.0,0.0,0.0,0.0,0.0,0.0,0.0,0.0,0.0,0.0,0.0,0.0,0.0,0.0,0.0,0.0,0.0,0.0,0.0,0.0,0.0,0.0,0.0,0.0,0.0,0.0,0.0,0.0,0.0,0.0,0.0,0.0,0.0
rework,0.0,0.0,0.07,0.9,350.0,350.0,350.0,150.0,150.0,150.0,150.0,150.0,150.0,6.0,6.0,6.0,1.0,1.0,1.0,0.0028571428571428,0.0028571428571428,0.0028571428571428,0.0,0.0,0.0,0.0,0.0,0.0,6.0,6.0,6.0,7.0,7.0,7.0,6.0,6.0,6.0,6.0,6.0,6.0,0.0,0.0,0.0,12.0,12.0,12.0,8.0,8.0,8.0,7.0,7.0,7.0,6.0,6.0,6.0,0.0,0.0,0.0,0.0,0.0,0.0,0.0,0.0,0.0,0.0,0.0,0.0,0.0,0.0,0.0,0.0,0.0,0.0,0.125,0.125,0.125,2.0,2.0,2.0,1.3333333333333333,1.3333333333333333,1.3333333333333333,112.0,112.0,112.0,97.0,97.0,97.0,37.0,37.0,37.0,67.0,67.0,67.0,75.0,75.0,75.0,7.0,7.0,7.0,30.0,30.0,30.0,4.0,4.0,4.0,6.0,6.0,6.0,6.0,6.0,6.0,0.0,0.0,0.0,0.2517006802721088,0.2517006802721088,0.2517006802721088,5.0,5.0,5.0,5.0,5.0,5.0,5.0,5.0,5.0,1.0,1.0,1.0,1.0,1.0,1.0,6.166666666666667,6.166666666666667,6.166666666666667,18.666666666666668,18.666666666666668,18.666666666666668,11.166666666666666,11.166666666666666,11.166666666666666,150.0,150.0,150.0,0.0,0.0,0.0,0.0,0.0,0.0,150.0,150.0,150.0,1.0,1.0,1.0,1.0,1.0,1.0,1.0,1.0,1.0,1.0,1.0,1.0,0.0,0.0,0.0,0.0,0.0,0.0,10.0,10.0,10.0,1.0,1.0,1.0,1.0,1.0,1.0,1.0,1.0,1.0,1.0,1.0,1.0,0.0,0.0,0.0,150.0,150.0,150.0,0.0,0.0,0.0,30.0,30.0,30.0,120.0,120.0,120.0,0.9,0.9,0.9,0.8333333333333334,0.8333333333333334,0.8333333333333334,1.0,1.0,1.0,0.9090909090909092,0.9090909090909092,0.9090909090909092,0.2,0.2,0.2,0.0,0.0,0.0,10.0,10.0,10.0,0.8,0.8,0.8,0.9,0.9,0.9,0.9090909090909092,0.9090909090909092,0.9090909090909092,0.9523809523809524,0.9523809523809524,0.9523809523809524,0.0432900432900432,0.0432900432900432,0.0432900432900432,150.0,150.0,150.0,0.0,0.0,0.0,0.0,0.0,0.0,150.0,150.0,150.0,1.0,1.0,1.0,1.0,1.0,1.0,1.0,1.0,1.0,1.0,1.0,1.0,0.0,0.0,0.0,0.0,0.0,0.0,10.0,10.0,10.0,1.0,1.0,1.0,1.0,1.0,1.0,1.0,1.0,1.0,1.0,1.0,1.0,0.0,0.0,0.0,1.0,1.0,1.0,1.0,1.0,1.0,0.9465477516175153,0.9465477516175153,0.9465477516175153,1.0,1.0,1.0,1.0,1.0,1.0,1.0,1.0,1.0,0.2459166044864105,0.23511270849849092,0.261754708510125,0.0,0.0,0.0,0.0,0.0,0.0,0.0,0.0,0.0,0.0,0.0,0.0,0.0,0.0,0.0,0.0,0.0,0.0,0.0,0.0,0.0,0.0,0.0,0.0,0.0,0.0,0.0,0.0,0.0,0.0,0.0,0.0,0.0,0.0,0.0,0.0,0.0,0.0,0.0,0.0,0.0,0.0,0.0,0.0,0.0,0.0,0.0,0.0,0.0,0.0,0.0,0.0,0.0,0.0,0.0,0.0,0.0,0.0,0.0,0.0,0.0,0.0,0.0,0.0,0.0,0.0,0.0,0.0,0.0
rework,0.0,0.0,0.07,0.95,350.0,350.0,350.0,150.0,150.0,150.0,150.0,150.0,150.0,6.0,6.0,6.0,1.0,1.0,1.0,0.0028571428571428,0.0028571428571428,0.0028571428571428,0.0,0.0,0.0,0.0,0.0,0.0,6.0,6.0,6.0,7.0,7.0,7.0,6.0,6.0,6.0,6.0,6.0,6.0,0.0,0.0,0.0,12.0,12.0,12.0,8.0,8.0,8.0,7.0,7.0,7.0,6.0,6.0,6.0,0.0,0.0,0.0,0.0,0.0,0.0,0.0,0.0,0.0,0.0,0.0,0.0,0.0,0.0,0.0,0.0,0.0,0.0,0.125,0.125,0.125,2.0,2.0,2.0,1.3333333333333333,1.3333333333333333,1.3333333333333333,112.0,112.0,112.0,97.0,97.0,97.0,37.0,37.0,37.0,67.0,67.0,67.0,75.0,75.0,75.0,7.0,7.0,7.0,30.0,30.0,30.0,4.0,4.0,4.0,6.0,6.0,6.0,6.0,6.0,6.0,0.0,0.0,0.0,0.2517006802721088,0.2517006802721088,0.2517006802721088,5.0,5.0,5.0,5.0,5.0,5.0,5.0,5.0,5.0,1.0,1.0,1.0,1.0,1.0,1.0,6.166666666666667,6.166666666666667,6.166666666666667,18.666666666666668,18.666666666666668,18.666666666666668,11.166666666666666,11.166666666666666,11.166666666666666,150.0,150.0,150.0,0.0,0.0,0.0,0.0,0.0,0.0,150.0,150.0,150.0,1.0,1.0,1.0,1.0,1.0,1.0,1.0,1.0,1.0,1.0,1.0,1.0,0.0,0.0,0.0,0.0,0.0,0.0,10.0,10.0,10.0,1.0,1.0,1.0,1.0,1.0,1.0,1.0,1.0,1.0,1.0,1.0,1.0,0.0,0.0,0.0,150.0,150.0,150.0,0.0,0.0,0.0,30.0,30.0,30.0,120.0,120.0,120.0,0.9,0.9,0.9,0.8333333333333334,0.8333333333333334,0.8333333333333334,1.0,1.0,1.0,0.9090909090909092,0.9090909090909092,0.9090909090909092,0.2,0.2,0.2,0.0,0.0,0.0,10.0,10.0,10.0,0.8,0.8,0.8,0.9,0.9,0.9,0.9090909090909092,0.9090909090909092,0.9090909090909092,0.9523809523809524,0.9523809523809524,0.9523809523809524,0.0432900432900432,0.0432900432900432,0.0432900432900432,150.0,150.0,150.0,0.0,0.0,0.0,0.0,0.0,0.0,150.0,150.0,150.0,1.0,1.0,1.0,1.0,1.0,1.0,1.0,1.0,1.0,1.0,1.0,1.0,0.0,0.0,0.0,0.0,0.0,0.0,10.0,10.0,10.0,1.0,1.0,1.0,1.0,1.0,1.0,1.0,1.0,1.0,1.0,1.0,1.0,0.0,0.0,0.0,1.0,1.0,1.0,1.0,1.0,1.0,0.9465477516175153,0.9465477516175153,0.9465477516175153,1.0,1.0,1.0,1.0,1.0,1.0,1.0,1.0,1.0,0.23533531249267975,0.2249125840025954,0.2761909994878806,0.0,0.0,0.0,0.0,0.0,0.0,0.0,0.0,0.0,0.0,0.0,0.0,0.0,0.0,0.0,0.0,0.0,0.0,0.0,0.0,0.0,0.0,0.0,0.0,0.0,0.0,0.0,0.0,0.0,0.0,0.0,0.0,0.0,0.0,0.0,0.0,0.0,0.0,0.0,0.0,0.0,0.0,0.0,0.0,0.0,0.0,0.0,0.0,0.0,0.0,0.0,0.0,0.0,0.0,0.0,0.0,0.0,0.0,0.0,0.0,0.0,0.0,0.0,0.0,0.0,0.0,0.0,0.0,0.0
rework,0.0,0.0,0.07,0.99,350.0,350.0,350.0,150.0,150.0,150.0,150.0,150.0,150.0,6.0,6.0,6.0,1.0,1.0,1.0,0.0028571428571428,0.0028571428571428,0.0028571428571428,0.0,0.0,0.0,0.0,0.0,0.0,6.0,6.0,6.0,7.0,7.0,7.0,6.0,6.0,6.0,6.0,6.0,6.0,0.0,0.0,0.0,12.0,12.0,12.0,8.0,8.0,8.0,7.0,7.0,7.0,6.0,6.0,6.0,0.0,0.0,0.0,0.0,0.0,0.0,0.0,0.0,0.0,0.0,0.0,0.0,0.0,0.0,0.0,0.0,0.0,0.0,0.125,0.125,0.125,2.0,2.0,2.0,1.3333333333333333,1.3333333333333333,1.3333333333333333,112.0,112.0,112.0,97.0,97.0,97.0,37.0,37.0,37.0,67.0,67.0,67.0,75.0,75.0,75.0,7.0,7.0,7.0,30.0,30.0,30.0,4.0,4.0,4.0,6.0,6.0,6.0,6.0,6.0,6.0,0.0,0.0,0.0,0.2517006802721088,0.2517006802721088,0.2517006802721088,5.0,5.0,5.0,5.0,5.0,5.0,5.0,5.0,5.0,1.0,1.0,1.0,1.0,1.0,1.0,6.166666666666667,6.166666666666667,6.166666666666667,18.666666666666668,18.666666666666668,18.666666666666668,11.166666666666666,11.166666666666666,11.166666666666666,150.0,150.0,150.0,0.0,0.0,0.0,0.0,0.0,0.0,150.0,150.0,150.0,1.0,1.0,1.0,1.0,1.0,1.0,1.0,1.0,1.0,1.0,1.0,1.0,0.0,0.0,0.0,0.0,0.0,0.0,10.0,10.0,10.0,1.0,1.0,1.0,1.0,1.0,1.0,1.0,1.0,1.0,1.0,1.0,1.0,0.0,0.0,0.0,150.0,150.0,150.0,0.0,0.0,0.0,30.0,30.0,30.0,120.0,120.0,120.0,0.9,0.9,0.9,0.8333333333333334,0.8333333333333334,0.8333333333333334,1.0,1.0,1.0,0.9090909090909092,0.9090909090909092,0.9090909090909092,0.2,0.2,0.2,0.0,0.0,0.0,10.0,10.0,10.0,0.8,0.8,0.8,0.9,0.9,0.9,0.9090909090909092,0.9090909090909092,0.9090909090909092,0.9523809523809524,0.9523809523809524,0.9523809523809524,0.0432900432900432,0.0432900432900432,0.0432900432900432,150.0,150.0,150.0,0.0,0.0,0.0,0.0,0.0,0.0,150.0,150.0,150.0,1.0,1.0,1.0,1.0,1.0,1.0,1.0,1.0,1.0,1.0,1.0,1.0,0.0,0.0,0.0,0.0,0.0,0.0,10.0,10.0,10.0,1.0,1.0,1.0,1.0,1.0,1.0,1.0,1.0,1.0,1.0,1.0,1.0,0.0,0.0,0.0,1.0,1.0,1.0,1.0,1.0,1.0,0.9465477516175153,0.9465477516175153,0.9465477516175153,1.0,1.0,1.0,1.0,1.0,1.0,1.0,1.0,1.0,0.24528156250016758,0.23151008349668695,0.2795078329800162,0.0,0.0,0.0,0.0,0.0,0.0,0.0,0.0,0.0,0.0,0.0,0.0,0.0,0.0,0.0,0.0,0.0,0.0,0.0,0.0,0.0,0.0,0.0,0.0,0.0,0.0,0.0,0.0,0.0,0.0,0.0,0.0,0.0,0.0,0.0,0.0,0.0,0.0,0.0,0.0,0.0,0.0,0.0,0.0,0.0,0.0,0.0,0.0,0.0,0.0,0.0,0.0,0.0,0.0,0.0,0.0,0.0,0.0,0.0,0.0,0.0,0.0,0.0,0.0,0.0,0.0,0.0,0.0,0.0
rework,0.03,0.0,0.03,0.9,350.0,350.0,350.0,150.0,150.0,150.0,150.0,150.0,150.0,8.0,8.0,8.0,2.0,2.0,2.0,0.0057142857142857,0.0057142857142857,0.0057142857142857,0.1943412503410101,0.1571952258581087,0.2154488276265225,0.1943412503410101,0.1571952258581087,0.2154488276265225,6.09,6.0685714285714285,6.102857142857143,8.0,8.0,8.0,8.0,8.0,8.0,8.0,8.0,8.0,0.0,0.0,0.0,16.0,16.0,16.0,12.0,12.0,12.0,12.0,12.0,12.0,8.0,8.0,8.0,2.0,2.0,2.0,2.0,2.0,2.0,0.0,0.0,0.0,0.0,0.0,0.0,1.0,1.0,1.0,2.0,2.0,2.0,0.0909090909090909,0.0909090909090909,0.0909090909090909,4.0,4.0,4.0,1.5,1.5,1.5,128.5,112.0,145.0,113.0,97.0,129.0,51.0,37.0,65.0,82.0,67.0,97.0,77.5,75.0,80.0,7.0,7.0,7.0,44.0,30.0,58.0,5.5,4.0,7.0,8.0,8.0,8.0,7.0,6.0,8.0,1.0,0.0,2.0,0.19029850746268656,0.1380597014925373,0.2425373134328358,5.375,3.75,7.0,6.0,5.0,7.0,9.5,5.0,14.0,0.7944615384615386,0.584,1.0,0.9994440154440154,0.9992967032967034,0.9994879714879714,6.375,4.625,8.125,16.0625,14.0,18.125,10.25,8.375,12.125,150.0,150.0,150.0,0.0,0.0,0.0,0.0,0.0,0.0,150.0,150.0,150.0,1.0,1.0,1.0,1.0,1.0,1.0,1.0,1.0,1.0,1.0,1.0,1.0,0.0,0.0,0.0,0.0,0.0,0.0,10.0,10.0,10.0,1.0,1.0,1.0,1.0,1.0,1.0,1.0,1.0,1.0,1.0,1.0,1.0,0.0,0.0,0.0,75.0,75.0,75.0,75.0,75.0,75.0,15.0,0.0,30.0,135.0,120.0,150.0,0.7,0.65,0.75,0.8571428571428572,0.7142857142857143,1.0,0.5,0.5,0.5,0.6274509803921569,0.588235294117647,0.6666666666666666,0.1,0.0,0.2,0.5,0.5,0.5,10.0,10.0,10.0,0.9,0.8,1.0,0.7,0.65,0.75,0.6274509803921569,0.588235294117647,0.6666666666666666,0.6458333333333333,0.625,0.6666666666666666,0.0183823529411765,0.0,0.036764705882353,75.0,75.0,75.0,75.0,75.0,75.0,15.0,0.0,30.0,135.0,120.0,150.0,0.7,0.65,0.75,0.8571428571428572,0.7142857142857143,1.0,0.5,0.5,0.5,0.6274509803921569,0.588235294117647,0.6666666666666666,0.1,0.0,0.2,0.5,0.5,0.5,10.0,10.0,10.0,0.9,0.8,1.0,0.7,0.65,0.75,0.6274509803921569,0.588235294117647,0.6666666666666666,0.6458333333333333,0.625,0.6666666666666666,0.0183823529411765,0.0,0.036764705882353,1.0,1.0,1.0,0.9957866751689999,0.9951961569255404,0.9967767929089444,0.8827914430230692,0.8715975418303574,0.8878537069718982,1.0,1.0,1.0,0.97,0.9657142857142855,0.9771428571428572,0.9997635467980296,0.9997443701618578,0.9998023399014777,0.2975871460075723,0.2802767709945328,0.3277296669984935,4.0,4.0,4.0,50.0,50.0,50.0,5.0,5.0,5.0,71.42857142857143,71.42857142857143,71.42857142857143,2.0,2.0,2.0,2.0,2.0,2.0,100.0,100.0,100.0,0.16666666666666674,0.16666666666666674,0.16666666666666674,12.500000000000005,12.500000000000005,12.500000000000005,14.0,0.0,28.0,37.83783783783784,0.0,75.67567567567568,15.0,0.0,30.0,22.388059701492537,0.0,44.776119402985074,16.5,0.0,33.0,14.732142857142858,0.0,29.464285714285715,0.20833333333333304,-1.541666666666667,1.958333333333333,3.37837837837837,-25.000000000000007,31.756756756756747,-2.604166666666668,-4.666666666666668,-0.5416666666666679,-13.950892857142863,-25.000000000000007,-2.90178571428572,-0.06140217280942224,-0.1136409787795715,-0.00916336683927299,-24.39491730536506,-45.14925373134328,-3.640580879386838,1.5,0.0,3.0,37.5,0.0,75.0
rework,0.03,0.0,0.03,0.95,350.0,350.0,350.0,150.0,150.0,150.0,150.0,150.0,150.0,8.0,8.0,8.0,2.0,2.0,2.0,0.0057142857142857,0.0057142857142857,0.0057142857142857,0.1943412503410101,0.1571952258581087,0.2154488276265225,0.1943412503410101,0.1571952258581087,0.2154488276265225,6.09,6.0685714285714285,6.102857142857143,8.0,8.0,8.0,8.0,8.0,8.0,8.0,8.0,8.0,0.0,0.0,0.0,16.0,16.0,16.0,12.0,12.0,12.0,12.0,12.0,12.0,8.0,8.0,8.0,2.0,2.0,2.0,2.0,2.0,2.0,0.0,0.0,0.0,0.0,0.0,0.0,1.0,1.0,1.0,2.0,2.0,2.0,0.0909090909090909,0.0909090909090909,0.0909090909090909,4.0,4.0,4.0,1.5,1.5,1.5,128.5,112.0,145.0,113.0,97.0,129.0,51.0,37.0,65.0,82.0,67.0,97.0,77.5,75.0,80.0,7.0,7.0,7.0,44.0,30.0,58.0,5.5,4.0,7.0,8.0,8.0,8.0,7.0,6.0,8.0,1.0,0.0,2.0,0.19029850746268656,0.1380597014925373,0.2425373134328358,5.375,3.75,7.0,6.0,5.0,7.0,9.5,5.0,14.0,0.7944615384615386,0.584,1.0,0.9994440154440154,0.9992967032967034,0.9994879714879714,6.375,4.625,8.125,16.0625,14.0,18.125,10.25,8.375,12.125,150.0,150.0,150.0,0.0,0.0,0.0,0.0,0.0,0.0,150.0,150.0,150.0,1.0,1.0,1.0,1.0,1.0,1.0,1.0,1.0,1.0,1.0,1.0,1.0,0.0,0.0,0.0,0.0,0.0,0.0,10.0,10.0,10.0,1.0,1.0,1.0,1.0,1.0,1.0,1.0,1.0,1.0,1.0,1.0,1.0,0.0,0.0,0.0,75.0,75.0,75.0,75.0,75.0,75.0,15.0,0.0,30.0,135.0,120.0,150.0,0.7,0.65,0.75,0.8571428571428572,0.7142857142857143,1.0,0.5,0.5,0.5,0.6274509803921569,0.588235294117647,0.6666666666666666,0.1,0.0,0.2,0.5,0.5,0.5,10.0,10.0,10.0,0.9,0.8,1.0,0.7,0.65,0.75,0.6274509803921569,0.588235294117647,0.6666666666666666,0.6458333333333333,0.625,0.6666666666666666,0.0183823529411765,0.0,0.036764705882353,75.0,75.0,75.0,75.0,75.0,75.0,15.0,0.0,30.0,135.0,120.0,150.0,0.7,0.65,0.75,0.8571428571428572,0.7142857142857143,1.0,0.5,0.5,0.5,0.6274509803921569,0.588235294117647,0.6666666666666666,0.1,0.0,0.2,0.5,0.5,0.5,10.0,10.0,10.0,0.9,0.8,1.0,0.7,0.65,0.75,0.6274509803921569,0.588235294117647,0.6666666666666666,0.6458333333333333,0.625,0.6666666666666666,0.0183823529411765,0.0,0.036764705882353,1.0,1.0,1.0,0.9957866751689999,0.9951961569255404,0.9967767929089444,0.8827914430230692,0.8715975418303574,0.8878537069718982,1.0,1.0,1.0,0.97,0.9657142857142855,0.9771428571428572,0.9997635467980296,0.9997443701618578,0.9998023399014777,0.26591962500242516,0.2477516250219196,0.29011629150772933,4.0,4.0,4.0,50.0,50.0,50.0,5.0,5.0,5.0,71.42857142857143,71.42857142857143,71.42857142857143,2.0,2.0,2.0,2.0,2.0,2.0,100.0,100.0,100.0,0.16666666666666674,0.16666666666666674,0.16666666666666674,12.500000000000005,12.500000000000005,12.500000000000005,14.0,0.0,28.0,37.83783783783784,0.0,75.67567567567568,15.0,0.0,30.0,22.388059701492537,0.0,44.776119402985074,16.5,0.0,33.0,14.732142857142858,0.0,29.464285714285715,0.20833333333333304,-1.541666666666667,1.958333333333333,3.37837837837837,-25.000000000000007,31.756756756756747,-2.604166666666668,-4.666666666666668,-0.5416666666666679,-13.950892857142863,-25.000000000000007,-2.90178571428572,-0.06140217280942224,-0.1136409787795715,-0.00916336683927299,-24.39491730536506,-45.14925373134328,-3.640580879386838,1.5,0.0,3.0,37.5,0.0,75.0
rework,0.03,0.0,0.03,0.99,350.0,350.0,350.0,150.0,150.0,150.0,150.0,150.0,150.0,8.0,8.0,8.0,2.0,2.0,2.0,0.0057142857142857,0.0057142857142857,0.0057142857142857,0.1943412503410101,0.1571952258581087,0.2154488276265225,0.1943412503410101,0.1571952258581087,0.2154488276265225,6.09,6.0685714285714285,6.102857142857143,8.0,8.0,8.0,8.0,8.0,8.0,8.0,8.0,8.0,0.0,0.0,0.0,16.0,16.0,16.0,12.0,12.0,12.0,12.0,12.0,12.0,8.0,8.0,8.0,2.0,2.0,2.0,2.0,2.0,2.0,0.0,0.0,0.0,0.0,0.0,0.0,1.0,1.0,1.0,2.0,2.0,2.0,0.0909090909090909,0.0909090909090909,0.0909090909090909,4.0,4.0,4.0,1.5,1.5,1.5,127.5,111.0,144.0,112.0,96.0,128.0,50.0,36.0,64.0,81.0,66.0,96.0,77.5,75.0,80.0,6.0,6.0,6.0,44.0,30.0,58.0,5.5,4.0,7.0,8.0,8.0,8.0,7.0,6.0,8.0,1.0,0.0,2.0,0.18656716417910446,0.1343283582089552,0.2388059701492537,5.375,3.75,7.0,6.0,5.0,7.0,9.5,5.0,14.0,0.79125,0.5775,1.0,1.0,1.0,1.0,6.25,4.5,8.0,15.9375,13.875,18.0,10.125,8.25,12.0,150.0,150.0,150.0,0.0,0.0,0.0,0.0,0.0,0.0,150.0,150.0,150.0,1.0,1.0,1.0,1.0,1.0,1.0,1.0,1.0,1.0,1.0,1.0,1.0,0.0,0.0,0.0,0.0,0.0,0.0,10.0,10.0,10.0,1.0,1.0,1.0,1.0,1.0,1.0,1.0,1.0,1.0,1.0,1.0,1.0,0.0,0.0,0.0,150.0,150.0,150.0,0.0,0.0,0.0,30.0,0.0,60.0,120.0,90.0,150.0,0.9,0.8,1.0,0.8571428571428572,0.7142857142857143,1.0,1.0,1.0,1.0,0.9166666666666666,0.8333333333333333,1.0,0.2,0.0,0.4,0.0,0.0,0.0,10.0,10.0,10.0,0.8,0.6,1.0,0.9,0.8,1.0,0.9166666666666666,0.8333333333333333,1.0,0.9347826086956522,0.8695652173913044,1.0,0.01811594202898555,0.0,0.0362318840579711,150.0,150.0,150.0,0.0,0.0,0.0,30.0,0.0,60.0,120.0,90.0,150.0,0.9,0.8,1.0,0.8571428571428572,0.7142857142857143,1.0,1.0,1.0,1.0,0.9166666666666666,0.8333333333333333,1.0,0.2,0.0,0.4,0.0,0.0,0.0,10.0,10.0,10.0,0.8,0.6,1.0,0.9,0.8,1.0,0.9166666666666666,0.8333333333333333,1.0,0.9347826086956522,0.8695652173913044,1.0,0.01811594202898555,0.0,0.0362318840579711,1.0,1.0,1.0,0.9957866751689999,0.9951961569255404,0.9967767929089444,0.8827914430230692,0.8715975418303574,0.8878537069718982,1.0,1.0,1.0,1.0,1.0,1.0,1.0,1.0,1.0,0.31331604199658614,0.2735395419877022,0.40619383299781475,4.0,4.0,4.0,50.0,50.0,50.0,5.0,5.0,5.0,71.42857142857143,71.42857142857143,71.42857142857143,2.0,2.0,2.0,2.0,2.0,2.0,100.0,100.0,100.0,0.16666666666666674,0.16666666666666674,0.16666666666666674,12.500000000000005,12.500000000000005,12.500000000000005,13.0,-1.0,27.0,35.13513513513513,-2.7027027027027026,72.97297297297297,14.0,-1.0,29.0,20.8955223880597,-1.4925373134328357,43.28358208955223,15.5,-1.0,32.0,13.839285714285714,-0.8928571428571428,28.57142857142857,0.08333333333333304,-1.666666666666667,1.833333333333333,1.351351351351349,-27.027027027027028,29.729729729729726,-2.729166666666668,-4.791666666666668,-0.6666666666666679,-14.620535714285719,-25.66964285714286,-3.5714285714285774,-0.06513351609300434,-0.1173723220631536,-0.012894710122855091,-25.87736990722065,-46.63170633319887,-5.123033481242429,1.5,0.0,3.0,37.5,0.0,75.0
rework,0.03,0.0,0.05,0.9,350.0,350.0,350.0,150.0,150.0,150.0,150.0,150.0,150.0,8.0,8.0,8.0,2.0,2.0,2.0,0.0057142857142857,0.0057142857142857,0.0057142857142857,0.1943412503410101,0.1571952258581087,0.2154488276265225,0.1943412503410101,0.1571952258581087,0.2154488276265225,6.09,6.0685714285714285,6.102857142857143,8.0,8.0,8.0,8.0,8.0,8.0,8.0,8.0,8.0,0.0,0.0,0.0,16.0,16.0,16.0,12.0,12.0,12.0,12.0,12.0,12.0,8.0,8.0,8.0,2.0,2.0,2.0,2.0,2.0,2.0,0.0,0.0,0.0,0.0,0.0,0.0,1.0,1.0,1.0,2.0,2.0,2.0,0.0909090909090909,0.0909090909090909,0.0909090909090909,4.0,4.0,4.0,1.5,1.5,1.5,112.0,112.0,112.0,97.0,97.0,97.0,37.0,37.0,37.0,67.0,67.0,67.0,75.0,75.0,75.0,7.0,7.0,7.0,30.0,30.0,30.0,4.0,4.0,4.0,8.0,8.0,8.0,6.0,6.0,6.0,2.0,2.0,2.0,0.1380597014925373,0.1380597014925373,0.1380597014925373,3.75,3.75,3.75,5.0,5.0,5.0,5.0,5.0,5.0,1.0,1.0,1.0,0.9991891891891893,0.999073359073359,0.9993822393822396,4.625,4.625,4.625,14.0,14.0,14.0,8.375,8.375,8.375,150.0,150.0,150.0,0.0,0.0,0.0,0.0,0.0,0.0,150.0,150.0,150.0,1.0,1.0,1.0,1.0,1.0,1.0,1.0,1.0,1.0,1.0,1.0,1.0,0.0,0.0,0.0,0.0,0.0,0.0,10.0,10.0,10.0,1.0,1.0,1.0,1.0,1.0,1.0,1.0,1.0,1.0,1.0,1.0,1.0,0.0,0.0,0.0,75.0,75.0,75.0,75.0,75.0,75.0,30.0,30.0,30.0,120.0,120.0,120.0,0.65,0.65,0.65,0.7142857142857143,0.7142857142857143,0.7142857142857143,0.5,0.5,0.5,0.588235294117647,0.588235294117647,0.588235294117647,0.2,0.2,0.2,0.5,0.5,0.5,10.0,10.0,10.0,0.8,0.8,0.8,0.65,0.65,0.65,0.588235294117647,0.588235294117647,0.588235294117647,0.625,0.625,0.625,0.036764705882353,0.036764705882353,0.036764705882353,75.0,75.0,75.0,75.0,75.0,75.0,30.0,30.0,30.0,120.0,120.0,120.0,0.65,0.65,0.65,0.7142857142857143,0.7142857142857143,0.7142857142857143,0.5,0.5,0.5,0.588235294117647,0.588235294117647,0.588235294117647,0.2,0.2,0.2,0.5,0.5,0.5,10.0,10.0,10.0,0.8,0.8,0.8,0.65,0.65,0.65,0.588235294117647,0.588235294117647,0.588235294117647,0.625,0.625,0.625,0.036764705882353,0.036764705882353,0.036764705882353,1.0,1.0,1.0,0.9957866751689999,0.9951961569255404,0.9967767929089444,0.8827914430230692,0.8715975418303574,0.8878537069718982,1.0,1.0,1.0,0.97,0.9657142857142855,0.9771428571428572,0.9997321428571428,0.9996938775510203,0.9997959183673468,0.32506697849021293,0.282926582993241,0.3499883750046137,4.0,4.0,4.0,50.0,50.0,50.0,5.0,5.0,5.0,71.42857142857143,71.42857142857143,71.42857142857143,2.0,2.0,2.0,2.0,2.0,2.0,100.0,100.0,100.0,0.16666666666666674,0.16666666666666674,0.16666666666666674,12.500000000000005,12.500000000000005,12.500000000000005,0.0,0.0,0.0,0.0,0.0,0.0,0.0,0.0,0.0,0.0,0.0,0.0,0.0,0.0,0.0,0.0,0.0,0.0,-1.541666666666667,-1.541666666666667,-1.541666666666667,-25.000000000000007,-25.000000000000007,-25.000000000000007,-4.666666666666668,-4.666666666666668,-4.666666666666668,-25.000000000000007,-25.000000000000007,-25.000000000000007,-0.1136409787795715,-0.1136409787795715,-0.1136409787795715,-45.14925373134328,-45.14925373134328,-45.14925373134328,0.0,0.0,0.0,0.0,0.0,0.0
rework,0.03,0.0,0.05,0.95,350.0,350.0,350.0,150.0,150.0,150.0,150.0,150.0,150.0,8.0,8.0,8.0,2.0,2.0,2.0,0.0057142857142857,0.0057142857142857,0.0057142857142857,0.1943412503410101,0.1571952258581087,0.2154488276265225,0.1943412503410101,0.1571952258581087,0.2154488276265225,6.09,6.0685714285714285,6.102857142857143,8.0,8.0,8.0,8.0,8.0,8.0,8.0,8.0,8.0,0.0,0.0,0.0,16.0,16.0,16.0,12.0,12.0,12.0,12.0,12.0,12.0,8.0,8.0,8.0,2.0,2.0,2.0,2.0,2.0,2.0,0.0,0.0,0.0,0.0,0.0,0.0,1.0,1.0,1.0,2.0,2.0,2.0,0.0909090909090909,0.0909090909090909,0.0909090909090909,4.0,4.0,4.0,1.5,1.5,1.5,112.0,112.0,112.0,97.0,97.0,97.0,37.0,37.0,37.0,67.0,67.0,67.0,75.0,75.0,75.0,7.0,7.0,7.0,30.0,30.0,30.0,4.0,4.0,4.0,8.0,8.0,8.0,6.0,6.0,6.0,2.0,2.0,2.0,0.1380597014925373,0.1380597014925373,0.1380597014925373,3.75,3.75,3.75,5.0,5.0,5.0,5.0,5.0,5.0,1.0,1.0,1.0,0.9991891891891893,0.999073359073359,0.9993822393822396,4.625,4.625,4.625,14.0,14.0,14.0,8.375,8.375,8.375,150.0,150.0,150.0,0.0,0.0,0.0,0.0,0.0,0.0,150.0,150.0,150.0,1.0,1.0,1.0,1.0,1.0,1.0,1.0,1.0,1.0,1.0,1.0,1.0,0.0,0.0,0.0,0.0,0.0,0.0,10.0,10.0,10.0,1.0,1.0,1.0,1.0,1.0,1.0,1.0,1.0,1.0,1.0,1.0,1.0,0.0,0.0,0.0,75.0,75.0,75.0,75.0,75.0,75.0,30.0,30.0,30.0,120.0,120.0,120.0,0.65,0.65,0.65,0.7142857142857143,0.7142857142857143,0.7142857142857143,0.5,0.5,0.5,0.588235294117647,0.588235294117647,0.588235294117647,0.2,0.2,0.2,0.5,0.5,0.5,10.0,10.0,10.0,0.8,0.8,0.8,0.65,0.65,0.65,0.588235294117647,0.588235294117647,0.588235294117647,0.625,0.625,0.625,0.036764705882353,0.036764705882353,0.036764705882353,75.0,75.0,75.0,75.0,75.0,75.0,30.0,30.0,30.0,120.0,120.0,120.0,0.65,0.65,0.65,0.7142857142857143,0.7142857142857143,0.7142857142857143,0.5,0.5,0.5,0.588235294117647,0.588235294117647,0.588235294117647,0.2,0.2,0.2,0.5,0.5,0.5,10.0,10.0,10.0,0.8,0.8,0.8,0.65,0.65,0.65,0.588235294117647,0.588235294117647,0.588235294117647,0.625,0.625,0.625,0.036764705882353,0.036764705882353,0.036764705882353,1.0,1.0,1.0,0.9957866751689999,0.9951961569255404,0.9967767929089444,0.8827914430230692,0.8715975418303574,0.8878537069718982,1.0,1.0,1.0,0.97,0.9657142857142855,0.9771428571428572,0.9997321428571428,0.9996938775510203,0.9997959183673468,0.2831583540100837,0.2486562500125728,0.3124472079798579,4.0,4.0,4.0,50.0,50.0,50.0,5.0,5.0,5.0,71.42857142857143,71.42857142857143,71.42857142857143,2.0,2.0,2.0,2.0,2.0,2.0,100.0,100.0,100.0,0.16666666666666674,0.16666666666666674,0.16666666666666674,12.500000000000005,12.500000000000005,12.500000000000005,0.0,0.0,0.0,0.0,0.0,0.0,0.0,0.0,0.0,0.0,0.0,0.0,0.0,0.0,0.0,0.0,0.0,0.0,-1.541666666666667,-1.541666666666667,-1.541666666666667,-25.000000000000007,-25.000000000000007,-25.000000000000007,-4.666666666666668,-4.666666666666668,-4.666666666666668,-25.000000000000007,-25.000000000000007,-25.000000000000007,-0.1136409787795715,-0.1136409787795715,-0.1136409787795715,-45.14925373134328,-45.14925373134328,-45.14925373134328,0.0,0.0,0.0,0.0,0.0,0.0
rework,0.03,0.0,0.05,0.99,350.0,350.0,350.0,150.0,150.0,150.0,150.0,150.0,150.0,8.0,8.0,8.0,2.0,2.0,2.0,0.0057142857142857,0.0057142857142857,0.0057142857142857,0.1943412503410101,0.1571952258581087,0.2154488276265225,0.1943412503410101,0.1571952258581087,0.2154488276265225,6.09,6.0685714285714285,6.102857142857143,8.0,8.0,8.0,8.0,8.0,8.0,8.0,8.0,8.0,0.0,0.0,0.0,16.0,16.0,16.0,12.0,12.0,12.0,12.0,12.0,12.0,8.0,8.0,8.0,2.0,2.0,2.0,2.0,2.0,2.0,0.0,0.0,0.0,0.0,0.0,0.0,1.0,1.0,1.0,2.0,2.0,2.0,0.0909090909090909,0.0909090909090909,0.0909090909090909,4.0,4.0,4.0,1.5,1.5,1.5,111.0,111.0,111.0,96.0,96.0,96.0,36.0,36.0,36.0,66.0,66.0,66.0,75.0,75.0,75.0,6.0,6.0,6.0,30.0,30.0,30.0,4.0,4.0,4.0,8.0,8.0,8.0,6.0,6.0,6.0,2.0,2.0,2.0,0.1343283582089552,0.1343283582089552,0.1343283582089552,3.75,3.75,3.75,5.0,5.0,5.0,5.0,5.0,5.0,1.0,1.0,1.0,1.0,1.0,1.0,4.5,4.5,4.5,13.875,13.875,13.875,8.25,8.25,8.25,150.0,150.0,150.0,0.0,0.0,0.0,0.0,0.0,0.0,150.0,150.0,150.0,1.0,1.0,1.0,1.0,1.0,1.0,1.0,1.0,1.0,1.0,1.0,1.0,0.0,0.0,0.0,0.0,0.0,0.0,10.0,10.0,10.0,1.0,1.0,1.0,1.0,1.0,1.0,1.0,1.0,1.0,1.0,1.0,1.0,0.0,0.0,0.0,150.0,150.0,150.0,0.0,0.0,0.0,60.0,60.0,60.0,90.0,90.0,90.0,0.8,0.8,0.8,0.7142857142857143,0.7142857142857143,0.7142857142857143,1.0,1.0,1.0,0.8333333333333333,0.8333333333333333,0.8333333333333333,0.4,0.4,0.4,0.0,0.0,0.0,10.0,10.0,10.0,0.6,0.6,0.6,0.8,0.8,0.8,0.8333333333333333,0.8333333333333333,0.8333333333333333,0.8695652173913044,0.8695652173913044,0.8695652173913044,0.0362318840579711,0.0362318840579711,0.0362318840579711,150.0,150.0,150.0,0.0,0.0,0.0,60.0,60.0,60.0,90.0,90.0,90.0,0.8,0.8,0.8,0.7142857142857143,0.7142857142857143,0.7142857142857143,1.0,1.0,1.0,0.8333333333333333,0.8333333333333333,0.8333333333333333,0.4,0.4,0.4,0.0,0.0,0.0,10.0,10.0,10.0,0.6,0.6,0.6,0.8,0.8,0.8,0.8333333333333333,0.8333333333333333,0.8333333333333333,0.8695652173913044,0.8695652173913044,0.8695652173913044,0.0362318840579711,0.0362318840579711,0.0362318840579711,1.0,1.0,1.0,0.9957866751689999,0.9951961569255404,0.9967767929089444,0.8827914430230692,0.8715975418303574,0.8878537069718982,1.0,1.0,1.0,1.0,1.0,1.0,1.0,1.0,1.0,0.29721135448198766,0.279465458006598,0.3162838749994989,4.0,4.0,4.0,50.0,50.0,50.0,5.0,5.0,5.0,71.42857142857143,71.42857142857143,71.42857142857143,2.0,2.0,2.0,2.0,2.0,2.0,100.0,100.0,100.0,0.16666666666666674,0.16666666666666674,0.16666666666666674,12.500000000000005,12.500000000000005,12.500000000000005,-1.0,-1.0,-1.0,-2.7027027027027026,-2.7027027027027026,-2.7027027027027026,-1.0,-1.0,-1.0,-1.4925373134328357,-1.4925373134328357,-1.4925373134328357,-1.0,-1.0,-1.0,-0.8928571428571428,-0.8928571428571428,-0.8928571428571428,-1.666666666666667,-1.666666666666667,-1.666666666666667,-27.027027027027028,-27.027027027027028,-27.027027027027028,-4.791666666666668,-4.791666666666668,-4.791666666666668,-25.66964285714286,-25.66964285714286,-25.66964285714286,-0.1173723220631536,-0.1173723220631536,-0.1173723220631536,-46.63170633319887,-46.63170633319887,-46.63170633319887,0.0,0.0,0.0,0.0,0.0,0.0
rework,0.03,0.0,0.07,0.9,350.0,350.0,350.0,150.0,150.0,150.0,150.0,150.0,150.0,8.0,8.0,8.0,2.0,2.0,2.0,0.0057142857142857,0.0057142857142857,0.0057142857142857,0.1943412503410101,0.1571952258581087,0.2154488276265225,0.1943412503410101,0.1571952258581087,0.2154488276265225,6.09,6.0685714285714285,6.102857142857143,8.0,8.0,8.0,8.0,8.0,8.0,8.0,8.0,8.0,0.0,0.0,0.0,16.0,16.0,16.0,12.0,12.0,12.0,12.0,12.0,12.0,8.0,8.0,8.0,2.0,2.0,2.0,2.0,2.0,2.0,0.0,0.0,0.0,0.0,0.0,0.0,1.0,1.0,1.0,2.0,2.0,2.0,0.0909090909090909,0.0909090909090909,0.0909090909090909,4.0,4.0,4.0,1.5,1.5,1.5,112.0,112.0,112.0,97.0,97.0,97.0,37.0,37.0,37.0,67.0,67.0,67.0,75.0,75.0,75.0,7.0,7.0,7.0,30.0,30.0,30.0,4.0,4.0,4.0,8.0,8.0,8.0,6.0,6.0,6.0,2.0,2.0,2.0,0.1380597014925373,0.1380597014925373,0.1380597014925373,3.75,3.75,3.75,5.0,5.0,5.0,5.0,5.0,5.0,1.0,1.0,1.0,0.9991891891891893,0.999073359073359,0.9993822393822396,4.625,4.625,4.625,14.0,14.0,14.0,8.375,8.375,8.375,150.0,150.0,150.0,0.0,0.0,0.0,0.0,0.0,0.0,150.0,150.0,150.0,1.0,1.0,1.0,1.0,1.0,1.0,1.0,1.0,1.0,1.0,1.0,1.0,0.0,0.0,0.0,0.0,0.0,0.0,10.0,10.0,10.0,1.0,1.0,1.0,1.0,1.0,1.0,1.0,1.0,1.0,1.0,1.0,1.0,0.0,0.0,0.0,75.0,75.0,75.0,75.0,75.0,75.0,30.0,30.0,30.0,120.0,120.0,120.0,0.65,0.65,0.65,0.7142857142857143,0.7142857142857143,0.7142857142857143,0.5,0.5,0.5,0.588235294117647,0.588235294117647,0.588235294117647,0.2,0.2,0.2,0.5,0.5,0.5,10.0,10.0,10.0,0.8,0.8,0.8,0.65,0.65,0.65,0.588235294117647,0.588235294117647,0.588235294117647,0.625,0.625,0.625,0.036764705882353,0.036764705882353,0.036764705882353,75.0,75.0,75.0,75.0,75.0,75.0,30.0,30.0,30.0,120.0,120.0,120.0,0.65,0.65,0.65,0.7142857142857143,0.7142857142857143,0.7142857142857143,0.5,0.5,0.5,0.588235294117647,0.588235294117647,0.588235294117647,0.2,0.2,0.2,0.5,0.5,0.5,10.0,10.0,10.0,0.8,0.8,0.8,0.65,0.65,0.65,0.588235294117647,0.588235294117647,0.588235294117647,0.625,0.625,0.625,0.036764705882353,0.036764705882353,0.036764705882353,1.0,1.0,1.0,0.9957866751689999,0.9951961569255404,0.9967767929089444,0.8827914430230692,0.8715975418303574,0.8878537069718982,1.0,1.0,1.0,0.97,0.9657142857142855,0.9771428571428572,0.9997321428571428,0.9996938775510203,0.9997959183673468,0.31012495850154664,0.2805830420111306,0.3639768749999348,4.0,4.0,4.0,50.0,50.0,50.0,5.0,5.0,5.0,71.42857142857143,71.42857142857143,71.42857142857143,2.0,2.0,2.0,2.0,2.0,2.0,100.0,100.0,100.0,0.16666666666666674,0.16666666666666674,0.16666666666666674,12.500000000000005,12.500000000000005,12.500000000000005,0.0,0.0,0.0,0.0,0.0,0.0,0.0,0.0,0.0,0.0,0.0,0.0,0.0,0.0,0.0,0.0,0.0,0.0,-1.541666666666667,-1.541666666666667,-1.541666666666667,-25.000000000000007,-25.000000000000007,-25.000000000000007,-4.666666666666668,-4.666666666666668,-4.666666666666668,-25.000000000000007,-25.000000000000007,-25.000000000000007,-0.1136409787795715,-0.1136409787795715,-0.1136409787795715,-45.14925373134328,-45.14925373134328,-45.14925373134328,0.0,0.0,0.0,0.0,0.0,0.0
rework,0.03,0.0,0.07,0.95,350.0,350.0,350.0,150.0,150.0,150.0,150.0,150.0,150.0,8.0,8.0,8.0,2.0,2.0,2.0,0.0057142857142857,0.0057142857142857,0.0057142857142857,0.1943412503410101,0.1571952258581087,0.2154488276265225,0.1943412503410101,0.1571952258581087,0.2154488276265225,6.09,6.0685714285714285,6.102857142857143,8.0,8.0,8.0,8.0,8.0,8.0,8.0,8.0,8.0,0.0,0.0,0.0,16.0,16.0,16.0,12.0,12.0,12.0,12.0,12.0,12.0,8.0,8.0,8.0,2.0,2.0,2.0,2.0,2.0,2.0,0.0,0.0,0.0,0.0,0.0,0.0,1.0,1.0,1.0,2.0,2.0,2.0,0.0909090909090909,0.0909090909090909,0.0909090909090909,4.0,4.0,4.0,1.5,1.5,1.5,112.0,112.0,112.0,97.0,97.0,97.0,37.0,37.0,37.0,67.0,67.0,67.0,75.0,75.0,75.0,7.0,7.0,7.0,30.0,30.0,30.0,4.0,4.0,4.0,8.0,8.0,8.0,6.0,6.0,6.0,2.0,2.0,2.0,0.1380597014925373,0.1380597014925373,0.1380597014925373,3.75,3.75,3.75,5.0,5.0,5.0,5.0,5.0,5.0,1.0,1.0,1.0,0.9991891891891893,0.999073359073359,0.9993822393822396,4.625,4.625,4.625,14.0,14.0,14.0,8.375,8.375,8.375,150.0,150.0,150.0,0.0,0.0,0.0,0.0,0.0,0.0,150.0,150.0,150.0,1.0,1.0,1.0,1.0,1.0,1.0,1.0,1.0,1.0,1.0,1.0,1.0,0.0,0.0,0.0,0.0,0.0,0.0,10.0,10.0,10.0,1.0,1.0,1.0,1.0,1.0,1.0,1.0,1.0,1.0,1.0,1.0,1.0,0.0,0.0,0.0,75.0,75.0,75.0,75.0,75.0,75.0,30.0,30.0,30.0,120.0,120.0,120.0,0.65,0.65,0.65,0.7142857142857143,0.7142857142857143,0.7142857142857143,0.5,0.5,0.5,0.588235294117647,0.588235294117647,0.588235294117647,0.2,0.2,0.2,0.5,0.5,0.5,10.0,10.0,10.0,0.8,0.8,0.8,0.65,0.65,0.65,0.588235294117647,0.588235294117647,0.588235294117647,0.625,0.625,0.625,0.036764705882353,0.036764705882353,0.036764705882353,75.0,75.0,75.0,75.0,75.0,75.0,30.0,30.0,30.0,120.0,120.0,120.0,0.65,0.65,0.65,0.7142857142857143,0.7142857142857143,0.7142857142857143,0.5,0.5,0.5,0.588235294117647,0.588235294117647,0.588235294117647,0.2,0.2,0.2,0.5,0.5,0.5,10.0,10.0,10.0,0.8,0.8,0.8,0.65,0.65,0.65,0.588235294117647,0.588235294117647,0.588235294117647,0.625,0.625,0.625,0.036764705882353,0.036764705882353,0.036764705882353,1.0,1.0,1.0,0.9957866751689999,0.9951961569255404,0.9967767929089444,0.8827914430230692,0.8715975418303574,0.8878537069718982,1.0,1.0,1.0,0.97,0.9657142857142855,0.9771428571428572,0.9997321428571428,0.9996938775510203,0.9997959183673468,0.2645583124976838,0.2464416250004433,0.2892782919952879,4.0,4.0,4.0,50.0,50.0,50.0,5.0,5.0,5.0,71.42857142857143,71.42857142857143,71.42857142857143,2.0,2.0,2.0,2.0,2.0,2.0,100.0,100.0,100.0,0.16666666666666674,0.16666666666666674,0.16666666666666674,12.500000000000005,12.500000000000005,12.500000000000005,0.0,0.0,0.0,0.0,0.0,0.0,0.0,0.0,0.0,0.0,0.0,0.0,0.0,0.0,0.0,0.0,0.0,0.0,-1.541666666666667,-1.541666666666667,-1.541666666666667,-25.000000000000007,-25.000000000000007,-25.000000000000007,-4.666666666666668,-4.666666666666668,-4.666666666666668,-25.000000000000007,-25.000000000000007,-25.000000000000007,-0.1136409787795715,-0.1136409787795715,-0.1136409787795715,-45.14925373134328,-45.14925373134328,-45.14925373134328,0.0,0.0,0.0,0.0,0.0,0.0
rework,0.03,0.0,0.07,0.99,350.0,350.0,350.0,150.0,150.0,150.0,150.0,150.0,150.0,8.0,8.0,8.0,2.0,2.0,2.0,0.0057142857142857,0.0057142857142857,0.0057142857142857,0.1943412503410101,0.1571952258581087,0.2154488276265225,0.1943412503410101,0.1571952258581087,0.2154488276265225,6.09,6.0685714285714285,6.102857142857143,8.0,8.0,8.0,8.0,8.0,8.0,8.0,8.0,8.0,0.0,0.0,0.0,16.0,16.0,16.0,12.0,12.0,12.0,12.0,12.0,12.0,8.0,8.0,8.0,2.0,2.0,2.0,2.0,2.0,2.0,0.0,0.0,0.0,0.0,0.0,0.0,1.0,1.0,1.0,2.0,2.0,2.0,0.0909090909090909,0.0909090909090909,0.0909090909090909,4.0,4.0,4.0,1.5,1.5,1.5,111.0,111.0,111.0,96.0,96.0,96.0,36.0,36.0,36.0,66.0,66.0,66.0,75.0,75.0,75.0,6.0,6.0,6.0,30.0,30.0,30.0,4.0,4.0,4.0,8.0,8.0,8.0,6.0,6.0,6.0,2.0,2.0,2.0,0.1343283582089552,0.1343283582089552,0.1343283582089552,3.75,3.75,3.75,5.0,5.0,5.0,5.0,5.0,5.0,1.0,1.0,1.0,1.0,1.0,1.0,4.5,4.5,4.5,13.875,13.875,13.875,8.25,8.25,8.25,150.0,150.0,150.0,0.0,0.0,0.0,0.0,0.0,0.0,150.0,150.0,150.0,1.0,1.0,1.0,1.0,1.0,1.0,1.0,1.0,1.0,1.0,1.0,1.0,0.0,0.0,0.0,0.0,0.0,0.0,10.0,10.0,10.0,1.0,1.0,1.0,1.0,1.0,1.0,1.0,1.0,1.0,1.0,1.0,1.0,0.0,0.0,0.0,150.0,150.0,150.0,0.0,0.0,0.0,60.0,60.0,60.0,90.0,90.0,90.0,0.8,0.8,0.8,0.7142857142857143,0.7142857142857143,0.7142857142857143,1.0,1.0,1.0,0.8333333333333333,0.8333333333333333,0.8333333333333333,0.4,0.4,0.4,0.0,0.0,0.0,10.0,10.0,10.0,0.6,0.6,0.6,0.8,0.8,0.8,0.8333333333333333,0.8333333333333333,0.8333333333333333,0.8695652173913044,0.8695652173913044,0.8695652173913044,0.0362318840579711,0.0362318840579711,0.0362318840579711,150.0,150.0,150.0,0.0,0.0,0.0,60.0,60.0,60.0,90.0,90.0,90.0,0.8,0.8,0.8,0.7142857142857143,0.7142857142857143,0.7142857142857143,1.0,1.0,1.0,0.8333333333333333,0.8333333333333333,0.8333333333333333,0.4,0.4,0.4,0.0,0.0,0.0,10.0,10.0,10.0,0.6,0.6,0.6,0.8,0.8,0.8,0.8333333333333333,0.8333333333333333,0.8333333333333333,0.8695652173913044,0.8695652173913044,0.8695652173913044,0.0362318840579711,0.0362318840579711,0.0362318840579711,1.0,1.0,1.0,0.9957866751689999,0.9951961569255404,0.9967767929089444,0.8827914430230692,0.8715975418303574,0.8878537069718982,1.0,1.0,1.0,1.0,1.0,1.0,1.0,1.0,1.0,0.29209322899987455,0.2668444169976283,0.3206056669878308,4.0,4.0,4.0,50.0,50.0,50.0,5.0,5.0,5.0,71.42857142857143,71.42857142857143,71.42857142857143,2.0,2.0,2.0,2.0,2.0,2.0,100.0,100.0,100.0,0.16666666666666674,0.16666666666666674,0.16666666666666674,12.500000000000005,12.500000000000005,12.500000000000005,-1.0,-1.0,-1.0,-2.7027027027027026,-2.7027027027027026,-2.7027027027027026,-1.0,-1.0,-1.0,-1.4925373134328357,-1.4925373134328357,-1.4925373134328357,-1.0,-1.0,-1.0,-0.8928571428571428,-0.8928571428571428,-0.8928571428571428,-1.666666666666667,-1.666666666666667,-1.666666666666667,-27.027027027027028,-27.027027027027028,-27.027027027027028,-4.791666666666668,-4.791666666666668,-4.791666666666668,-25.66964285714286,-25.66964285714286,-25.66964285714286,-0.1173723220631536,-0.1173723220631536,-0.1173723220631536,-46.63170633319887,-46.63170633319887,-46.63170633319887,0.0,0.0,0.0,0.0,0.0,0.0
rework,0.05,0.0,0.03,0.9,350.0,350.0,350.0,150.0,150.0,150.0,150.0,150.0,150.0,8.0,8.0,8.0,2.0,2.0,2.0,0.0057142857142857,0.0057142857142857,0.0057142857142857,0.2679047298713761,0.2290353187062702,0.30949051517413156,0.2679047298713761,0.2290353187062702,0.30949051517413156,6.137142857142857,6.111428571428571,6.167142857142857,8.0,8.0,8.0,8.0,8.0,8.0,8.0,8.0,8.0,0.0,0.0,0.0,16.0,16.0,16.0,12.0,12.0,12.0,12.0,12.0,12.0,8.0,8.0,8.0,2.0,2.0,2.0,2.0,2.0,2.0,0.0,0.0,0.0,0.0,0.0,0.0,1.0,1.0,1.0,2.0,2.0,2.0,0.0909090909090909,0.0909090909090909,0.0909090909090909,4.0,4.0,4.0,1.5,1.5,1.5,145.0,145.0,145.0,129.0,129.0,129.0,65.0,65.0,65.0,97.0,97.0,97.0,80.0,80.0,80.0,7.0,7.0,7.0,58.0,58.0,58.0,7.0,7.0,7.0,8.0,8.0,8.0,8.0,8.0,8.0,0.0,0.0,0.0,0.2425373134328358,0.2425373134328358,0.2425373134328358,7.0,7.0,7.0,7.0,7.0,7.0,14.0,14.0,14.0,0.588923076923077,0.5852307692307692,0.5932307692307692,0.9992967032967034,0.9991428571428571,0.9994285714285714,8.125,8.125,8.125,18.125,18.125,18.125,12.125,12.125,12.125,150.0,150.0,150.0,0.0,0.0,0.0,0.0,0.0,0.0,150.0,150.0,150.0,1.0,1.0,1.0,1.0,1.0,1.0,1.0,1.0,1.0,1.0,1.0,1.0,0.0,0.0,0.0,0.0,0.0,0.0,10.0,10.0,10.0,1.0,1.0,1.0,1.0,1.0,1.0,1.0,1.0,1.0,1.0,1.0,1.0,0.0,0.0,0.0,75.0,75.0,75.0,75.0,75.0,75.0,0.0,0.0,0.0,150.0,150.0,150.0,0.75,0.75,0.75,1.0,1.0,1.0,0.5,0.5,0.5,0.6666666666666666,0.6666666666666666,0.6666666666666666,0.0,0.0,0.0,0.5,0.5,0.5,10.0,10.0,10.0,1.0,1.0,1.0,0.75,0.75,0.75,0.6666666666666666,0.6666666666666666,0.6666666666666666,0.6666666666666666,0.6666666666666666,0.6666666666666666,0.0,0.0,0.0,75.0,75.0,75.0,75.0,75.0,75.0,0.0,0.0,0.0,150.0,150.0,150.0,0.75,0.75,0.75,1.0,1.0,1.0,0.5,0.5,0.5,0.6666666666666666,0.6666666666666666,0.6666666666666666,0.0,0.0,0.0,0.5,0.5,0.5,10.0,10.0,10.0,1.0,1.0,1.0,0.75,0.75,0.75,0.6666666666666666,0.6666666666666666,0.6666666666666666,0.6666666666666666,0.6666666666666666,0.6666666666666666,0.0,0.0,0.0,1.0,1.0,1.0,0.9936356404136834,0.9922901836485734,0.9948041566746604,0.8975584900923305,0.8906940217192748,0.9031223545973472,1.0,1.0,1.0,0.9542857142857144,0.9442857142857143,0.9628571428571427,0.9996847290640394,0.9996157635467979,0.999743842364532,0.3156638124928577,0.2927517079806421,0.3246982499986188,4.0,4.0,4.0,50.0,50.0,50.0,5.0,5.0,5.0,71.42857142857143,71.42857142857143,71.42857142857143,2.0,2.0,2.0,2.0,2.0,2.0,100.0,100.0,100.0,0.16666666666666674,0.16666666666666674,0.16666666666666674,12.500000000000005,12.500000000000005,12.500000000000005,28.0,28.0,28.0,75.67567567567568,75.67567567567568,75.67567567567568,30.0,30.0,30.0,44.776119402985074,44.776119402985074,44.776119402985074,33.0,33.0,33.0,29.464285714285715,29.464285714285715,29.464285714285715,1.958333333333333,1.958333333333333,1.958333333333333,31.756756756756747,31.756756756756747,31.756756756756747,-0.5416666666666679,-0.5416666666666679,-0.5416666666666679,-2.90178571428572,-2.90178571428572,-2.90178571428572,-0.00916336683927299,-0.00916336683927299,-0.00916336683927299,-3.640580879386838,-3.640580879386838,-3.640580879386838,3.0,3.0,3.0,75.0,75.0,75.0
rework,0.05,0.0,0.03,0.95,350.0,350.0,350.0,150.0,150.0,150.0,150.0,150.0,150.0,8.0,8.0,8.0,2.0,2.0,2.0,0.0057142857142857,0.0057142857142857,0.0057142857142857,0.2679047298713761,0.2290353187062702,0.30949051517413156,0.2679047298713761,0.2290353187062702,0.30949051517413156,6.137142857142857,6.111428571428571,6.167142857142857,8.0,8.0,8.0,8.0,8.0,8.0,8.0,8.0,8.0,0.0,0.0,0.0,16.0,16.0,16.0,12.0,12.0,12.0,12.0,12.0,12.0,8.0,8.0,8.0,2.0,2.0,2.0,2.0,2.0,2.0,0.0,0.0,0.0,0.0,0.0,0.0,1.0,1.0,1.0,2.0,2.0,2.0,0.0909090909090909,0.0909090909090909,0.0909090909090909,4.0,4.0,4.0,1.5,1.5,1.5,145.0,144.0,145.0,129.0,128.0,129.0,65.0,64.0,65.0,97.0,96.0,97.0,80.0,80.0,80.0,7.0,6.0,7.0,58.0,58.0,58.0,7.0,7.0,7.0,8.0,8.0,8.0,8.0,8.0,8.0,0.0,0.0,0.0,0.2425373134328358,0.2388059701492537,0.2425373134328358,7.0,7.0,7.0,7.0,7.0,7.0,14.0,14.0,14.0,0.587076923076923,0.5846153846153845,0.59,0.9994505494505495,0.9992967032967034,1.0,8.125,8.0,8.125,18.125,18.0,18.125,12.125,12.0,12.125,150.0,150.0,150.0,0.0,0.0,0.0,0.0,0.0,0.0,150.0,150.0,150.0,1.0,1.0,1.0,1.0,1.0,1.0,1.0,1.0,1.0,1.0,1.0,1.0,0.0,0.0,0.0,0.0,0.0,0.0,10.0,10.0,10.0,1.0,1.0,1.0,1.0,1.0,1.0,1.0,1.0,1.0,1.0,1.0,1.0,0.0,0.0,0.0,75.0,75.0,150.0,75.0,0.0,75.0,0.0,0.0,0.0,150.0,150.0,150.0,0.75,0.75,1.0,1.0,1.0,1.0,0.5,0.5,1.0,0.6666666666666666,0.6666666666666666,1.0,0.0,0.0,0.0,0.5,0.0,0.5,10.0,10.0,10.0,1.0,1.0,1.0,0.75,0.75,1.0,0.6666666666666666,0.6666666666666666,1.0,0.6666666666666666,0.6666666666666666,1.0,0.0,0.0,0.0,75.0,75.0,150.0,75.0,0.0,75.0,0.0,0.0,0.0,150.0,150.0,150.0,0.75,0.75,1.0,1.0,1.0,1.0,0.5,0.5,1.0,0.6666666666666666,0.6666666666666666,1.0,0.0,0.0,0.0,0.5,0.0,0.5,10.0,10.0,10.0,1.0,1.0,1.0,0.75,0.75,1.0,0.6666666666666666,0.6666666666666666,1.0,0.6666666666666666,0.6666666666666666,1.0,0.0,0.0,0.0,1.0,1.0,1.0,0.9936356404136834,0.9922901836485734,0.9948041566746604,0.8975584900923305,0.8906940217192748,0.9031223545973472,1.0,1.0,1.0,0.9642857142857142,0.9542857142857144,1.0,0.9997536945812808,0.9996847290640394,1.0,0.30767262550943997,0.29582191651570605,0.3170593755203299,4.0,4.0,4.0,50.0,50.0,50.0,5.0,5.0,5.0,71.42857142857143,71.42857142857143,71.42857142857143,2.0,2.0,2.0,2.0,2.0,2.0,100.0,100.0,100.0,0.16666666666666674,0.16666666666666674,0.16666666666666674,12.500000000000005,12.500000000000005,12.500000000000005,28.0,27.0,28.0,75.67567567567568,72.97297297297297,75.67567567567568,30.0,29.0,30.0,44.776119402985074,43.28358208955223,44.776119402985074,33.0,32.0,33.0,29.464285714285715,28.57142857142857,29.464285714285715,1.958333333333333,1.833333333333333,1.958333333333333,31.756756756756747,29.729729729729726,31.756756756756747,-0.5416666666666679,-0.6666666666666679,-0.5416666666666679,-2.90178571428572,-3.5714285714285774,-2.90178571428572,-0.00916336683927299,-0.012894710122855091,-0.00916336683927299,-3.640580879386838,-5.123033481242429,-3.640580879386838,3.0,3.0,3.0,75.0,75.0,75.0
rework,0.05,0.0,0.03,0.99,350.0,350.0,350.0,150.0,150.0,150.0,150.0,150.0,150.0,8.0,8.0,8.0,2.0,2.0,2.0,0.0057142857142857,0.0057142857142857,0.0057142857142857,0.2679047298713761,0.2290353187062702,0.30949051517413156,0.2679047298713761,0.2290353187062702,0.30949051517413156,6.137142857142857,6.111428571428571,6.167142857142857,8.0,8.0,8.0,8.0,8.0,8.0,8.0,8.0,8.0,0.0,0.0,0.0,16.0,16.0,16.0,12.0,12.0,12.0,12.0,12.0,12.0,8.0,8.0,8.0,2.0,2.0,2.0,2.0,2.0,2.0,0.0,0.0,0.0,0.0,0.0,0.0,1.0,1.0,1.0,2.0,2.0,2.0,0.0909090909090909,0.0909090909090909,0.0909090909090909,4.0,4.0,4.0,1.5,1.5,1.5,144.0,144.0,144.0,128.0,128.0,128.0,64.0,64.0,64.0,96.0,96.0,96.0,80.0,80.0,80.0,6.0,6.0,6.0,58.0,58.0,58.0,7.0,7.0,7.0,8.0,8.0,8.0,8.0,8.0,8.0,0.0,0.0,0.0,0.2388059701492537,0.2388059701492537,0.2388059701492537,7.0,7.0,7.0,7.0,7.0,7.0,14.0,14.0,14.0,0.5825,0.57875,0.586875,1.0,1.0,1.0,8.0,8.0,8.0,18.0,18.0,18.0,12.0,12.0,12.0,150.0,150.0,150.0,0.0,0.0,0.0,0.0,0.0,0.0,150.0,150.0,150.0,1.0,1.0,1.0,1.0,1.0,1.0,1.0,1.0,1.0,1.0,1.0,1.0,0.0,0.0,0.0,0.0,0.0,0.0,10.0,10.0,10.0,1.0,1.0,1.0,1.0,1.0,1.0,1.0,1.0,1.0,1.0,1.0,1.0,0.0,0.0,0.0,150.0,150.0,150.0,0.0,0.0,0.0,0.0,0.0,0.0,150.0,150.0,150.0,1.0,1.0,1.0,1.0,1.0,1.0,1.0,1.0,1.0,1.0,1.0,1.0,0.0,0.0,0.0,0.0,0.0,0.0,10.0,10.0,10.0,1.0,1.0,1.0,1.0,1.0,1.0,1.0,1.0,1.0,1.0,1.0,1.0,0.0,0.0,0.0,150.0,150.0,150.0,0.0,0.0,0.0,0.0,0.0,0.0,150.0,150.0,150.0,1.0,1.0,1.0,1.0,1.0,1.0,1.0,1.0,1.0,1.0,1.0,1.0,0.0,0.0,0.0,0.0,0.0,0.0,10.0,10.0,10.0,1.0,1.0,1.0,1.0,1.0,1.0,1.0,1.0,1.0,1.0,1.0,1.0,0.0,0.0,0.0,1.0,1.0,1.0,0.9936356404136834,0.9922901836485734,0.9948041566746604,0.8975584900923305,0.8906940217192748,0.9031223545973472,1.0,1.0,1.0,1.0,1.0,1.0,1.0,1.0,1.0,0.3099616874969797,0.2924363124911906,0.3208245419955347,4.0,4.0,4.0,50.0,50.0,50.0,5.0,5.0,5.0,71.42857142857143,71.42857142857143,71.42857142857143,2.0,2.0,2.0,2.0,2.0,2.0,100.0,100.0,100.0,0.16666666666666674,0.16666666666666674,0.16666666666666674,12.500000000000005,12.500000000000005,12.500000000000005,27.0,27.0,27.0,72.97297297297297,72.97297297297297,72.97297297297297,29.0,29.0,29.0,43.28358208955223,43.28358208955223,43.28358208955223,32.0,32.0,32.0,28.57142857142857,28.57142857142857,28.57142857142857,1.833333333333333,1.833333333333333,1.833333333333333,29.729729729729726,29.729729729729726,29.729729729729726,-0.6666666666666679,-0.6666666666666679,-0.6666666666666679,-3.5714285714285774,-3.5714285714285774,-3.5714285714285774,-0.012894710122855091,-0.012894710122855091,-0.012894710122855091,-5.123033481242429,-5.123033481242429,-5.123033481242429,3.0,3.0,3.0,75.0,75.0,75.0
rework,0.05,0.0,0.05,0.9,350.0,350.0,350.0,150.0,150.0,150.0,150.0,150.0,150.0,8.0,8.0,8.0,2.0,2.0,2.0,0.0057142857142857,0.0057142857142857,0.0057142857142857,0.2679047298713761,0.2290353187062702,0.30949051517413156,0.2679047298713761,0.2290353187062702,0.30949051517413156,6.137142857142857,6.111428571428571,6.167142857142857,8.0,8.0,8.0,8.0,8.0,8.0,8.0,8.0,8.0,0.0,0.0,0.0,16.0,16.0,16.0,12.0,12.0,12.0,12.0,12.0,12.0,8.0,8.0,8.0,2.0,2.0,2.0,2.0,2.0,2.0,0.0,0.0,0.0,0.0,0.0,0.0,1.0,1.0,1.0,2.0,2.0,2.0,0.0909090909090909,0.0909090909090909,0.0909090909090909,4.0,4.0,4.0,1.5,1.5,1.5,112.0,112.0,145.0,97.0,97.0,129.0,37.0,37.0,65.0,67.0,67.0,97.0,75.0,75.0,80.0,7.0,7.0,7.0,30.0,30.0,58.0,4.0,4.0,7.0,8.0,8.0,8.0,6.0,6.0,8.0,2.0,0.0,2.0,0.1380597014925373,0.1380597014925373,0.2425373134328358,3.75,3.75,7.0,5.0,5.0,7.0,5.0,5.0,14.0,1.0,0.6,1.0,0.998996138996139,0.9987644787644788,0.999073359073359,4.625,4.625,8.125,14.0,14.0,18.125,8.375,8.375,12.125,150.0,150.0,150.0,0.0,0.0,0.0,0.0,0.0,0.0,150.0,150.0,150.0,1.0,1.0,1.0,1.0,1.0,1.0,1.0,1.0,1.0,1.0,1.0,1.0,0.0,0.0,0.0,0.0,0.0,0.0,10.0,10.0,10.0,1.0,1.0,1.0,1.0,1.0,1.0,1.0,1.0,1.0,1.0,1.0,1.0,0.0,0.0,0.0,75.0,75.0,75.0,75.0,75.0,75.0,30.0,0.0,30.0,120.0,120.0,150.0,0.65,0.65,0.75,0.7142857142857143,0.7142857142857143,1.0,0.5,0.5,0.5,0.588235294117647,0.588235294117647,0.6666666666666666,0.2,0.0,0.2,0.5,0.5,0.5,10.0,10.0,10.0,0.8,0.8,1.0,0.65,0.65,0.75,0.588235294117647,0.588235294117647,0.6666666666666666,0.625,0.625,0.6666666666666666,0.036764705882353,0.0,0.036764705882353,75.0,75.0,75.0,75.0,75.0,75.0,30.0,0.0,30.0,120.0,120.0,150.0,0.65,0.65,0.75,0.7142857142857143,0.7142857142857143,1.0,0.5,0.5,0.5,0.588235294117647,0.588235294117647,0.6666666666666666,0.2,0.0,0.2,0.5,0.5,0.5,10.0,10.0,10.0,0.8,0.8,1.0,0.65,0.65,0.75,0.588235294117647,0.588235294117647,0.6666666666666666,0.625,0.625,0.6666666666666666,0.036764705882353,0.0,0.036764705882353,1.0,1.0,1.0,0.9936356404136834,0.9922901836485734,0.9948041566746604,0.8975584900923305,0.8906940217192748,0.9031223545973472,1.0,1.0,1.0,0.9542857142857144,0.9442857142857143,0.9628571428571427,0.999618578465869,0.9995665024630542,0.9996695988740323,0.3197373125003651,0.2996650204877369,0.32226554199587554,4.0,4.0,4.0,50.0,50.0,50.0,5.0,5.0,5.0,71.42857142857143,71.42857142857143,71.42857142857143,2.0,2.0,2.0,2.0,2.0,2.0,100.0,100.0,100.0,0.16666666666666674,0.16666666666666674,0.16666666666666674,12.500000000000005,12.500000000000005,12.500000000000005,0.0,0.0,28.0,0.0,0.0,75.67567567567568,0.0,0.0,30.0,0.0,0.0,44.776119402985074,0.0,0.0,33.0,0.0,0.0,29.464285714285715,-1.541666666666667,-1.541666666666667,1.958333333333333,-25.000000000000007,-25.000000000000007,31.756756756756747,-4.666666666666668,-4.666666666666668,-0.5416666666666679,-25.000000000000007,-25.000000000000007,-2.90178571428572,-0.1136409787795715,-0.1136409787795715,-0.00916336683927299,-45.14925373134328,-45.14925373134328,-3.640580879386838,0.0,0.0,3.0,0.0,0.0,75.0
rework,0.05,0.0,0.05,0.95,350.0,350.0,350.0,150.0,150.0,150.0,150.0,150.0,150.0,8.0,8.0,8.0,2.0,2.0,2.0,0.0057142857142857,0.0057142857142857,0.0057142857142857,0.2679047298713761,0.2290353187062702,0.30949051517413156,0.2679047298713761,0.2290353187062702,0.30949051517413156,6.137142857142857,6.111428571428571,6.167142857142857,8.0,8.0,8.0,8.0,8.0,8.0,8.0,8.0,8.0,0.0,0.0,0.0,16.0,16.0,16.0,12.0,12.0,12.0,12.0,12.0,12.0,8.0,8.0,8.0,2.0,2.0,2.0,2.0,2.0,2.0,0.0,0.0,0.0,0.0,0.0,0.0,1.0,1.0,1.0,2.0,2.0,2.0,0.0909090909090909,0.0909090909090909,0.0909090909090909,4.0,4.0,4.0,1.5,1.5,1.5,112.0,112.0,144.0,97.0,97.0,128.0,37.0,37.0,64.0,67.0,67.0,96.0,75.0,75.0,80.0,7.0,6.0,7.0,30.0,30.0,58.0,4.0,4.0,7.0,8.0,8.0,8.0,6.0,6.0,8.0,2.0,0.0,2.0,0.1380597014925373,0.1380597014925373,0.2388059701492537,3.75,3.75,7.0,5.0,5.0,7.0,5.0,5.0,14.0,1.0,0.59375,1.0,0.9990347490347491,0.9987644787644788,1.0,4.625,4.625,8.0,14.0,14.0,18.0,8.375,8.375,12.0,150.0,150.0,150.0,0.0,0.0,0.0,0.0,0.0,0.0,150.0,150.0,150.0,1.0,1.0,1.0,1.0,1.0,1.0,1.0,1.0,1.0,1.0,1.0,1.0,0.0,0.0,0.0,0.0,0.0,0.0,10.0,10.0,10.0,1.0,1.0,1.0,1.0,1.0,1.0,1.0,1.0,1.0,1.0,1.0,1.0,0.0,0.0,0.0,75.0,75.0,150.0,75.0,0.0,75.0,30.0,0.0,30.0,120.0,120.0,150.0,0.65,0.65,1.0,0.7142857142857143,0.7142857142857143,1.0,0.5,0.5,1.0,0.588235294117647,0.588235294117647,1.0,0.2,0.0,0.2,0.5,0.0,0.5,10.0,10.0,10.0,0.8,0.8,1.0,0.65,0.65,1.0,0.588235294117647,0.588235294117647,1.0,0.625,0.625,1.0,0.036764705882353,0.0,0.036764705882353,75.0,75.0,150.0,75.0,0.0,75.0,30.0,0.0,30.0,120.0,120.0,150.0,0.65,0.65,1.0,0.7142857142857143,0.7142857142857143,1.0,0.5,0.5,1.0,0.588235294117647,0.588235294117647,1.0,0.2,0.0,0.2,0.5,0.0,0.5,10.0,10.0,10.0,0.8,0.8,1.0,0.65,0.65,1.0,0.588235294117647,0.588235294117647,1.0,0.625,0.625,1.0,0.036764705882353,0.0,0.036764705882353,1.0,1.0,1.0,0.9936356404136834,0.9922901836485734,0.9948041566746604,0.8975584900923305,0.8906940217192748,0.9031223545973472,1.0,1.0,1.0,0.9642857142857142,0.9542857142857144,1.0,0.9996811224489796,0.9995918367346938,1.0,0.29138322948710993,0.2735890420153737,0.30548297951463604,4.0,4.0,4.0,50.0,50.0,50.0,5.0,5.0,5.0,71.42857142857143,71.42857142857143,71.42857142857143,2.0,2.0,2.0,2.0,2.0,2.0,100.0,100.0,100.0,0.16666666666666674,0.16666666666666674,0.16666666666666674,12.500000000000005,12.500000000000005,12.500000000000005,0.0,0.0,27.0,0.0,0.0,72.97297297297297,0.0,0.0,29.0,0.0,0.0,43.28358208955223,0.0,0.0,32.0,0.0,0.0,28.57142857142857,-1.541666666666667,-1.541666666666667,1.833333333333333,-25.000000000000007,-25.000000000000007,29.729729729729726,-4.666666666666668,-4.666666666666668,-0.6666666666666679,-25.000000000000007,-25.000000000000007,-3.5714285714285774,-0.1136409787795715,-0.1136409787795715,-0.012894710122855091,-45.14925373134328,-45.14925373134328,-5.123033481242429,0.0,0.0,3.0,0.0,0.0,75.0
rework,0.05,0.0,0.05,0.99,350.0,350.0,350.0,150.0,150.0,150.0,150.0,150.0,150.0,8.0,8.0,8.0,2.0,2.0,2.0,0.0057142857142857,0.0057142857142857,0.0057142857142857,0.2679047298713761,0.2290353187062702,0.30949051517413156,0.2679047298713761,0.2290353187062702,0.30949051517413156,6.137142857142857,6.111428571428571,6.167142857142857,8.0,8.0,8.0,8.0,8.0,8.0,8.0,8.0,8.0,0.0,0.0,0.0,16.0,16.0,16.0,12.0,12.0,12.0,12.0,12.0,12.0,8.0,8.0,8.0,2.0,2.0,2.0,2.0,2.0,2.0,0.0,0.0,0.0,0.0,0.0,0.0,1.0,1.0,1.0,2.0,2.0,2.0,0.0909090909090909,0.0909090909090909,0.0909090909090909,4.0,4.0,4.0,1.5,1.5,1.5,111.0,111.0,144.0,96.0,96.0,128.0,36.0,36.0,64.0,66.0,66.0,96.0,75.0,75.0,80.0,6.0,6.0,6.0,30.0,30.0,58.0,4.0,4.0,7.0,8.0,8.0,8.0,6.0,6.0,8.0,2.0,0.0,2.0,0.1343283582089552,0.1343283582089552,0.2388059701492537,3.75,3.75,7.0,5.0,5.0,7.0,5.0,5.0,14.0,1.0,0.59375,1.0,1.0,1.0,1.0,4.5,4.5,8.0,13.875,13.875,18.0,8.25,8.25,12.0,150.0,150.0,150.0,0.0,0.0,0.0,0.0,0.0,0.0,150.0,150.0,150.0,1.0,1.0,1.0,1.0,1.0,1.0,1.0,1.0,1.0,1.0,1.0,1.0,0.0,0.0,0.0,0.0,0.0,0.0,10.0,10.0,10.0,1.0,1.0,1.0,1.0,1.0,1.0,1.0,1.0,1.0,1.0,1.0,1.0,0.0,0.0,0.0,150.0,150.0,150.0,0.0,0.0,0.0,60.0,0.0,60.0,90.0,90.0,150.0,0.8,0.8,1.0,0.7142857142857143,0.7142857142857143,1.0,1.0,1.0,1.0,0.8333333333333333,0.8333333333333333,1.0,0.4,0.0,0.4,0.0,0.0,0.0,10.0,10.0,10.0,0.6,0.6,1.0,0.8,0.8,1.0,0.8333333333333333,0.8333333333333333,1.0,0.8695652173913044,0.8695652173913044,1.0,0.0362318840579711,0.0,0.0362318840579711,150.0,150.0,150.0,0.0,0.0,0.0,60.0,0.0,60.0,90.0,90.0,150.0,0.8,0.8,1.0,0.7142857142857143,0.7142857142857143,1.0,1.0,1.0,1.0,0.8333333333333333,0.8333333333333333,1.0,0.4,0.0,0.4,0.0,0.0,0.0,10.0,10.0,10.0,0.6,0.6,1.0,0.8,0.8,1.0,0.8333333333333333,0.8333333333333333,1.0,0.8695652173913044,0.8695652173913044,1.0,0.0362318840579711,0.0,0.0362318840579711,1.0,1.0,1.0,0.9936356404136834,0.9922901836485734,0.9948041566746604,0.8975584900923305,0.8906940217192748,0.9031223545973472,1.0,1.0,1.0,1.0,1.0,1.0,1.0,1.0,1.0,0.2930397705058567,0.2783841665077489,0.2989557919790968,4.0,4.0,4.0,50.0,50.0,50.0,5.0,5.0,5.0,71.42857142857143,71.42857142857143,71.42857142857143,2.0,2.0,2.0,2.0,2.0,2.0,100.0,100.0,100.0,0.16666666666666674,0.16666666666666674,0.16666666666666674,12.500000000000005,12.500000000000005,12.500000000000005,-1.0,-1.0,27.0,-2.7027027027027026,-2.7027027027027026,72.97297297297297,-1.0,-1.0,29.0,-1.4925373134328357,-1.4925373134328357,43.28358208955223,-1.0,-1.0,32.0,-0.8928571428571428,-0.8928571428571428,28.57142857142857,-1.666666666666667,-1.666666666666667,1.833333333333333,-27.027027027027028,-27.027027027027028,29.729729729729726,-4.791666666666668,-4.791666666666668,-0.6666666666666679,-25.66964285714286,-25.66964285714286,-3.5714285714285774,-0.1173723220631536,-0.1173723220631536,-0.012894710122855091,-46.63170633319887,-46.63170633319887,-5.123033481242429,0.0,0.0,3.0,0.0,0.0,75.0
rework,0.05,0.0,0.07,0.9,350.0,350.0,350.0,150.0,150.0,150.0,150.0,150.0,150.0,8.0,8.0,8.0,2.0,2.0,2.0,0.0057142857142857,0.0057142857142857,0.0057142857142857,0.2679047298713761,0.2290353187062702,0.30949051517413156,0.2679047298713761,0.2290353187062702,0.30949051517413156,6.137142857142857,6.111428571428571,6.167142857142857,8.0,8.0,8.0,8.0,8.0,8.0,8.0,8.0,8.0,0.0,0.0,0.0,16.0,16.0,16.0,12.0,12.0,12.0,12.0,12.0,12.0,8.0,8.0,8.0,2.0,2.0,2.0,2.0,2.0,2.0,0.0,0.0,0.0,0.0,0.0,0.0,1.0,1.0,1.0,2.0,2.0,2.0,0.0909090909090909,0.0909090909090909,0.0909090909090909,4.0,4.0,4.0,1.5,1.5,1.5,112.0,112.0,112.0,97.0,97.0,97.0,37.0,37.0,37.0,67.0,67.0,67.0,75.0,75.0,75.0,7.0,7.0,7.0,30.0,30.0,30.0,4.0,4.0,4.0,8.0,8.0,8.0,6.0,6.0,6.0,2.0,2.0,2.0,0.1380597014925373,0.1380597014925373,0.1380597014925373,3.75,3.75,3.75,5.0,5.0,5.0,5.0,5.0,5.0,1.0,1.0,1.0,0.9988327888327888,0.9986872586872587,0.998996138996139,4.625,4.625,4.625,14.0,14.0,14.0,8.375,8.375,8.375,150.0,150.0,150.0,0.0,0.0,0.0,0.0,0.0,0.0,150.0,150.0,150.0,1.0,1.0,1.0,1.0,1.0,1.0,1.0,1.0,1.0,1.0,1.0,1.0,0.0,0.0,0.0,0.0,0.0,0.0,10.0,10.0,10.0,1.0,1.0,1.0,1.0,1.0,1.0,1.0,1.0,1.0,1.0,1.0,1.0,0.0,0.0,0.0,75.0,75.0,75.0,75.0,75.0,75.0,30.0,30.0,30.0,120.0,120.0,120.0,0.65,0.65,0.65,0.7142857142857143,0.7142857142857143,0.7142857142857143,0.5,0.5,0.5,0.588235294117647,0.588235294117647,0.588235294117647,0.2,0.2,0.2,0.5,0.5,0.5,10.0,10.0,10.0,0.8,0.8,0.8,0.65,0.65,0.65,0.588235294117647,0.588235294117647,0.588235294117647,0.625,0.625,0.625,0.036764705882353,0.036764705882353,0.036764705882353,75.0,75.0,75.0,75.0,75.0,75.0,30.0,30.0,30.0,120.0,120.0,120.0,0.65,0.65,0.65,0.7142857142857143,0.7142857142857143,0.7142857142857143,0.5,0.5,0.5,0.588235294117647,0.588235294117647,0.588235294117647,0.2,0.2,0.2,0.5,0.5,0.5,10.0,10.0,10.0,0.8,0.8,0.8,0.65,0.65,0.65,0.588235294117647,0.588235294117647,0.588235294117647,0.625,0.625,0.625,0.036764705882353,0.036764705882353,0.036764705882353,1.0,1.0,1.0,0.9936356404136834,0.9922901836485734,0.9948041566746604,0.8975584900923305,0.8906940217192748,0.9031223545973472,1.0,1.0,1.0,0.9542857142857144,0.9442857142857143,0.9628571428571427,0.9995918367346938,0.9995368578465869,0.9996683673469388,0.2957000835012877,0.2689243129862007,0.3138884580112062,4.0,4.0,4.0,50.0,50.0,50.0,5.0,5.0,5.0,71.42857142857143,71.42857142857143,71.42857142857143,2.0,2.0,2.0,2.0,2.0,2.0,100.0,100.0,100.0,0.16666666666666674,0.16666666666666674,0.16666666666666674,12.500000000000005,12.500000000000005,12.500000000000005,0.0,0.0,0.0,0.0,0.0,0.0,0.0,0.0,0.0,0.0,0.0,0.0,0.0,0.0,0.0,0.0,0.0,0.0,-1.541666666666667,-1.541666666666667,-1.541666666666667,-25.000000000000007,-25.000000000000007,-25.000000000000007,-4.666666666666668,-4.666666666666668,-4.666666666666668,-25.000000000000007,-25.000000000000007,-25.000000000000007,-0.1136409787795715,-0.1136409787795715,-0.1136409787795715,-45.14925373134328,-45.14925373134328,-45.14925373134328,0.0,0.0,0.0,0.0,0.0,0.0
rework,0.05,0.0,0.07,0.95,350.0,350.0,350.0,150.0,150.0,150.0,150.0,150.0,150.0,8.0,8.0,8.0,2.0,2.0,2.0,0.0057142857142857,0.0057142857142857,0.0057142857142857,0.2679047298713761,0.2290353187062702,0.30949051517413156,0.2679047298713761,0.2290353187062702,0.30949051517413156,6.137142857142857,6.111428571428571,6.167142857142857,8.0,8.0,8.0,8.0,8.0,8.0,8.0,8.0,8.0,0.0,0.0,0.0,16.0,16.0,16.0,12.0,12.0,12.0,12.0,12.0,12.0,8.0,8.0,8.0,2.0,2.0,2.0,2.0,2.0,2.0,0.0,0.0,0.0,0.0,0.0,0.0,1.0,1.0,1.0,2.0,2.0,2.0,0.0909090909090909,0.0909090909090909,0.0909090909090909,4.0,4.0,4.0,1.5,1.5,1.5,112.0,111.5,112.0,97.0,96.5,97.0,37.0,36.5,37.0,67.0,66.5,67.0,75.0,75.0,75.0,7.0,6.0,7.0,30.0,30.0,30.0,4.0,4.0,4.0,8.0,8.0,8.0,6.0,6.0,6.0,2.0,2.0,2.0,0.1380597014925373,0.13619402985074625,0.1380597014925373,3.75,3.75,3.75,5.0,5.0,5.0,5.0,5.0,5.0,1.0,1.0,1.0,0.9990347490347491,0.9987644787644788,1.0,4.625,4.5625,4.625,14.0,13.9375,14.0,8.375,8.3125,8.375,150.0,150.0,150.0,0.0,0.0,0.0,0.0,0.0,0.0,150.0,150.0,150.0,1.0,1.0,1.0,1.0,1.0,1.0,1.0,1.0,1.0,1.0,1.0,1.0,0.0,0.0,0.0,0.0,0.0,0.0,10.0,10.0,10.0,1.0,1.0,1.0,1.0,1.0,1.0,1.0,1.0,1.0,1.0,1.0,1.0,0.0,0.0,0.0,75.0,75.0,150.0,75.0,0.0,75.0,30.0,30.0,45.0,120.0,105.0,120.0,0.65,0.65,0.8,0.7142857142857143,0.7142857142857143,0.7142857142857143,0.5,0.5,1.0,0.588235294117647,0.588235294117647,0.8333333333333333,0.2,0.2,0.30000000000000004,0.5,0.0,0.5,10.0,10.0,10.0,0.8,0.7,0.8,0.65,0.65,0.8,0.588235294117647,0.588235294117647,0.8333333333333333,0.625,0.625,0.8695652173913044,0.036764705882353,0.0362318840579711,0.036764705882353,75.0,75.0,150.0,75.0,0.0,75.0,30.0,30.0,45.0,120.0,105.0,120.0,0.65,0.65,0.8,0.7142857142857143,0.7142857142857143,0.7142857142857143,0.5,0.5,1.0,0.588235294117647,0.588235294117647,0.8333333333333333,0.2,0.2,0.30000000000000004,0.5,0.0,0.5,10.0,10.0,10.0,0.8,0.7,0.8,0.65,0.65,0.8,0.588235294117647,0.588235294117647,0.8333333333333333,0.625,0.625,0.8695652173913044,0.036764705882353,0.0362318840579711,0.036764705882353,1.0,1.0,1.0,0.9936356404136834,0.9922901836485734,0.9948041566746604,0.8975584900923305,0.8906940217192748,0.9031223545973472,1.0,1.0,1.0,0.9642857142857142,0.9542857142857144,1.0,0.9996811224489796,0.9995918367346938,1.0,0.28497041649825405,0.2688180830155033,0.291630146006355,4.0,4.0,4.0,50.0,50.0,50.0,5.0,5.0,5.0,71.42857142857143,71.42857142857143,71.42857142857143,2.0,2.0,2.0,2.0,2.0,2.0,100.0,100.0,100.0,0.16666666666666674,0.16666666666666674,0.16666666666666674,12.500000000000005,12.500000000000005,12.500000000000005,0.0,-0.5,0.0,0.0,-1.3513513513513513,0.0,0.0,-0.5,0.0,0.0,-0.7462686567164178,0.0,0.0,-0.5,0.0,0.0,-0.4464285714285714,0.0,-1.541666666666667,-1.604166666666667,-1.541666666666667,-25.000000000000007,-26.013513513513516,-25.000000000000007,-4.666666666666668,-4.729166666666668,-4.666666666666668,-25.000000000000007,-25.334821428571434,-25.000000000000007,-0.1136409787795715,-0.11550665042136254,-0.1136409787795715,-45.14925373134328,-45.89048003227107,-45.14925373134328,0.0,0.0,0.0,0.0,0.0,0.0
rework,0.05,0.0,0.07,0.99,350.0,350.0,350.0,150.0,150.0,150.0,150.0,150.0,150.0,8.0,8.0,8.0,2.0,2.0,2.0,0.0057142857142857,0.0057142857142857,0.0057142857142857,0.2679047298713761,0.2290353187062702,0.30949051517413156,0.2679047298713761,0.2290353187062702,0.30949051517413156,6.137142857142857,6.111428571428571,6.167142857142857,8.0,8.0,8.0,8.0,8.0,8.0,8.0,8.0,8.0,0.0,0.0,0.0,16.0,16.0,16.0,12.0,12.0,12.0,12.0,12.0,12.0,8.0,8.0,8.0,2.0,2.0,2.0,2.0,2.0,2.0,0.0,0.0,0.0,0.0,0.0,0.0,1.0,1.0,1.0,2.0,2.0,2.0,0.0909090909090909,0.0909090909090909,0.0909090909090909,4.0,4.0,4.0,1.5,1.5,1.5,111.0,111.0,111.0,96.0,96.0,96.0,36.0,36.0,36.0,66.0,66.0,66.0,75.0,75.0,75.0,6.0,6.0,6.0,30.0,30.0,30.0,4.0,4.0,4.0,8.0,8.0,8.0,6.0,6.0,6.0,2.0,2.0,2.0,0.1343283582089552,0.1343283582089552,0.1343283582089552,3.75,3.75,3.75,5.0,5.0,5.0,5.0,5.0,5.0,1.0,1.0,1.0,1.0,1.0,1.0,4.5,4.5,4.5,13.875,13.875,13.875,8.25,8.25,8.25,150.0,150.0,150.0,0.0,0.0,0.0,0.0,0.0,0.0,150.0,150.0,150.0,1.0,1.0,1.0,1.0,1.0,1.0,1.0,1.0,1.0,1.0,1.0,1.0,0.0,0.0,0.0,0.0,0.0,0.0,10.0,10.0,10.0,1.0,1.0,1.0,1.0,1.0,1.0,1.0,1.0,1.0,1.0,1.0,1.0,0.0,0.0,0.0,150.0,150.0,150.0,0.0,0.0,0.0,60.0,60.0,60.0,90.0,90.0,90.0,0.8,0.8,0.8,0.7142857142857143,0.7142857142857143,0.7142857142857143,1.0,1.0,1.0,0.8333333333333333,0.8333333333333333,0.8333333333333333,0.4,0.4,0.4,0.0,0.0,0.0,10.0,10.0,10.0,0.6,0.6,0.6,0.8,0.8,0.8,0.8333333333333333,0.8333333333333333,0.8333333333333333,0.8695652173913044,0.8695652173913044,0.8695652173913044,0.0362318840579711,0.0362318840579711,0.0362318840579711,150.0,150.0,150.0,0.0,0.0,0.0,60.0,60.0,60.0,90.0,90.0,90.0,0.8,0.8,0.8,0.7142857142857143,0.7142857142857143,0.7142857142857143,1.0,1.0,1.0,0.8333333333333333,0.8333333333333333,0.8333333333333333,0.4,0.4,0.4,0.0,0.0,0.0,10.0,10.0,10.0,0.6,0.6,0.6,0.8,0.8,0.8,0.8333333333333333,0.8333333333333333,0.8333333333333333,0.8695652173913044,0.8695652173913044,0.8695652173913044,0.0362318840579711,0.0362318840579711,0.0362318840579711,1.0,1.0,1.0,0.9936356404136834,0.9922901836485734,0.9948041566746604,0.8975584900923305,0.8906940217192748,0.9031223545973472,1.0,1.0,1.0,1.0,1.0,1.0,1.0,1.0,1.0,0.28924002101121,0.2782797079999,0.31826510350219905,4.0,4.0,4.0,50.0,50.0,50.0,5.0,5.0,5.0,71.42857142857143,71.42857142857143,71.42857142857143,2.0,2.0,2.0,2.0,2.0,2.0,100.0,100.0,100.0,0.16666666666666674,0.16666666666666674,0.16666666666666674,12.500000000000005,12.500000000000005,12.500000000000005,-1.0,-1.0,-1.0,-2.7027027027027026,-2.7027027027027026,-2.7027027027027026,-1.0,-1.0,-1.0,-1.4925373134328357,-1.4925373134328357,-1.4925373134328357,-1.0,-1.0,-1.0,-0.8928571428571428,-0.8928571428571428,-0.8928571428571428,-1.666666666666667,-1.666666666666667,-1.666666666666667,-27.027027027027028,-27.027027027027028,-27.027027027027028,-4.791666666666668,-4.791666666666668,-4.791666666666668,-25.66964285714286,-25.66964285714286,-25.66964285714286,-0.1173723220631536,-0.1173723220631536,-0.1173723220631536,-46.63170633319887,-46.63170633319887,-46.63170633319887,0.0,0.0,0.0,0.0,0.0,0.0
rework,0.07,0.0,0.03,0.9,350.0,350.0,350.0,150.0,150.0,150.0,150.0,150.0,150.0,8.0,8.0,8.0,2.0,2.0,2.0,0.0057142857142857,0.0057142857142857,0.0057142857142857,0.3867057584215742,0.34962678123034163,0.4121673569038748,0.3867057584215742,0.34962678123034163,0.4121673569038748,6.227142857142857,6.1971428571428575,6.248571428571429,8.0,8.0,8.0,8.0,8.0,8.0,8.0,8.0,8.0,0.0,0.0,0.0,16.0,16.0,16.0,12.0,12.0,12.0,12.0,12.0,12.0,8.0,8.0,8.0,2.0,2.0,2.0,2.0,2.0,2.0,0.0,0.0,0.0,0.0,0.0,0.0,1.0,1.0,1.0,2.0,2.0,2.0,0.0909090909090909,0.0909090909090909,0.0909090909090909,4.0,4.0,4.0,1.5,1.5,1.5,145.0,145.0,145.0,129.0,129.0,129.0,65.0,65.0,65.0,97.0,97.0,97.0,80.0,80.0,80.0,7.0,7.0,7.0,58.0,58.0,58.0,7.0,7.0,7.0,8.0,8.0,8.0,8.0,8.0,8.0,0.0,0.0,0.0,0.2425373134328358,0.2425373134328358,0.2425373134328358,7.0,7.0,7.0,7.0,7.0,7.0,14.0,14.0,14.0,0.6018461538461539,0.5975384615384616,0.6049230769230769,0.9988351648351648,0.9987252747252747,0.9989890109890109,8.125,8.125,8.125,18.125,18.125,18.125,12.125,12.125,12.125,150.0,150.0,150.0,0.0,0.0,0.0,0.0,0.0,0.0,150.0,150.0,150.0,1.0,1.0,1.0,1.0,1.0,1.0,1.0,1.0,1.0,1.0,1.0,1.0,0.0,0.0,0.0,0.0,0.0,0.0,10.0,10.0,10.0,1.0,1.0,1.0,1.0,1.0,1.0,1.0,1.0,1.0,1.0,1.0,1.0,0.0,0.0,0.0,75.0,75.0,75.0,75.0,75.0,75.0,0.0,0.0,0.0,150.0,150.0,150.0,0.75,0.75,0.75,1.0,1.0,1.0,0.5,0.5,0.5,0.6666666666666666,0.6666666666666666,0.6666666666666666,0.0,0.0,0.0,0.5,0.5,0.5,10.0,10.0,10.0,1.0,1.0,1.0,0.75,0.75,0.75,0.6666666666666666,0.6666666666666666,0.6666666666666666,0.6666666666666666,0.6666666666666666,0.6666666666666666,0.0,0.0,0.0,75.0,75.0,75.0,75.0,75.0,75.0,0.0,0.0,0.0,150.0,150.0,150.0,0.75,0.75,0.75,1.0,1.0,1.0,0.5,0.5,0.5,0.6666666666666666,0.6666666666666666,0.6666666666666666,0.0,0.0,0.0,0.5,0.5,0.5,10.0,10.0,10.0,1.0,1.0,1.0,0.75,0.75,0.75,0.6666666666666666,0.6666666666666666,0.6666666666666666,0.6666666666666666,0.6666666666666666,0.6666666666666666,0.0,0.0,0.0,1.0,1.0,1.0,0.9896335583413693,0.9886983632112236,0.990952602917972,0.9115274259518205,0.9079544649540028,0.913747691504965,1.0,1.0,1.0,0.9242857142857144,0.9171428571428571,0.9342857142857143,0.9994778325123153,0.9994285714285714,0.9995467980295567,0.3079532289993949,0.2839059999969322,0.3354663749923929,4.0,4.0,4.0,50.0,50.0,50.0,5.0,5.0,5.0,71.42857142857143,71.42857142857143,71.42857142857143,2.0,2.0,2.0,2.0,2.0,2.0,100.0,100.0,100.0,0.16666666666666674,0.16666666666666674,0.16666666666666674,12.500000000000005,12.500000000000005,12.500000000000005,28.0,28.0,28.0,75.67567567567568,75.67567567567568,75.67567567567568,30.0,30.0,30.0,44.776119402985074,44.776119402985074,44.776119402985074,33.0,33.0,33.0,29.464285714285715,29.464285714285715,29.464285714285715,1.958333333333333,1.958333333333333,1.958333333333333,31.756756756756747,31.756756756756747,31.756756756756747,-0.5416666666666679,-0.5416666666666679,-0.5416666666666679,-2.90178571428572,-2.90178571428572,-2.90178571428572,-0.00916336683927299,-0.00916336683927299,-0.00916336683927299,-3.640580879386838,-3.640580879386838,-3.640580879386838,3.0,3.0,3.0,75.0,75.0,75.0
rework,0.07,0.0,0.03,0.95,350.0,350.0,350.0,150.0,150.0,150.0,150.0,150.0,150.0,8.0,8.0,8.0,2.0,2.0,2.0,0.0057142857142857,0.0057142857142857,0.0057142857142857,0.3867057584215742,0.34962678123034163,0.4121673569038748,0.3867057584215742,0.34962678123034163,0.4121673569038748,6.227142857142857,6.1971428571428575,6.248571428571429,8.0,8.0,8.0,8.0,8.0,8.0,8.0,8.0,8.0,0.0,0.0,0.0,16.0,16.0,16.0,12.0,12.0,12.0,12.0,12.0,12.0,8.0,8.0,8.0,2.0,2.0,2.0,2.0,2.0,2.0,0.0,0.0,0.0,0.0,0.0,0.0,1.0,1.0,1.0,2.0,2.0,2.0,0.0909090909090909,0.0909090909090909,0.0909090909090909,4.0,4.0,4.0,1.5,1.5,1.5,144.0,144.0,144.0,128.0,128.0,128.0,64.0,64.0,64.0,96.0,96.0,96.0,80.0,80.0,80.0,6.0,6.0,6.0,58.0,58.0,58.0,7.0,7.0,7.0,8.0,8.0,8.0,8.0,8.0,8.0,0.0,0.0,0.0,0.2388059701492537,0.2388059701492537,0.2388059701492537,7.0,7.0,7.0,7.0,7.0,7.0,14.0,14.0,14.0,0.5956250000000001,0.59125,0.59875,1.0,1.0,1.0,8.0,8.0,8.0,18.0,18.0,18.0,12.0,12.0,12.0,150.0,150.0,150.0,0.0,0.0,0.0,0.0,0.0,0.0,150.0,150.0,150.0,1.0,1.0,1.0,1.0,1.0,1.0,1.0,1.0,1.0,1.0,1.0,1.0,0.0,0.0,0.0,0.0,0.0,0.0,10.0,10.0,10.0,1.0,1.0,1.0,1.0,1.0,1.0,1.0,1.0,1.0,1.0,1.0,1.0,0.0,0.0,0.0,150.0,150.0,150.0,0.0,0.0,0.0,0.0,0.0,0.0,150.0,150.0,150.0,1.0,1.0,1.0,1.0,1.0,1.0,1.0,1.0,1.0,1.0,1.0,1.0,0.0,0.0,0.0,0.0,0.0,0.0,10.0,10.0,10.0,1.0,1.0,1.0,1.0,1.0,1.0,1.0,1.0,1.0,1.0,1.0,1.0,0.0,0.0,0.0,150.0,150.0,150.0,0.0,0.0,0.0,0.0,0.0,0.0,150.0,150.0,150.0,1.0,1.0,1.0,1.0,1.0,1.0,1.0,1.0,1.0,1.0,1.0,1.0,0.0,0.0,0.0,0.0,0.0,0.0,10.0,10.0,10.0,1.0,1.0,1.0,1.0,1.0,1.0,1.0,1.0,1.0,1.0,1.0,1.0,0.0,0.0,0.0,1.0,1.0,1.0,0.9896335583413693,0.9886983632112236,0.990952602917972,0.9115274259518205,0.9079544649540028,0.913747691504965,1.0,1.0,1.0,1.0,1.0,1.0,1.0,1.0,1.0,0.33823760399536695,0.30571685399627313,0.3683584999816958,4.0,4.0,4.0,50.0,50.0,50.0,5.0,5.0,5.0,71.42857142857143,71.42857142857143,71.42857142857143,2.0,2.0,2.0,2.0,2.0,2.0,100.0,100.0,100.0,0.16666666666666674,0.16666666666666674,0.16666666666666674,12.500000000000005,12.500000000000005,12.500000000000005,27.0,27.0,27.0,72.97297297297297,72.97297297297297,72.97297297297297,29.0,29.0,29.0,43.28358208955223,43.28358208955223,43.28358208955223,32.0,32.0,32.0,28.57142857142857,28.57142857142857,28.57142857142857,1.833333333333333,1.833333333333333,1.833333333333333,29.729729729729726,29.729729729729726,29.729729729729726,-0.6666666666666679,-0.6666666666666679,-0.6666666666666679,-3.5714285714285774,-3.5714285714285774,-3.5714285714285774,-0.012894710122855091,-0.012894710122855091,-0.012894710122855091,-5.123033481242429,-5.123033481242429,-5.123033481242429,3.0,3.0,3.0,75.0,75.0,75.0
rework,0.07,0.0,0.03,0.99,350.0,350.0,350.0,150.0,150.0,150.0,150.0,150.0,150.0,8.0,8.0,8.0,2.0,2.0,2.0,0.0057142857142857,0.0057142857142857,0.0057142857142857,0.3867057584215742,0.34962678123034163,0.4121673569038748,0.3867057584215742,0.34962678123034163,0.4121673569038748,6.227142857142857,6.1971428571428575,6.248571428571429,8.0,8.0,8.0,8.0,8.0,8.0,8.0,8.0,8.0,0.0,0.0,0.0,16.0,16.0,16.0,12.0,12.0,12.0,12.0,12.0,12.0,8.0,8.0,8.0,2.0,2.0,2.0,2.0,2.0,2.0,0.0,0.0,0.0,0.0,0.0,0.0,1.0,1.0,1.0,2.0,2.0,2.0,0.0909090909090909,0.0909090909090909,0.0909090909090909,4.0,4.0,4.0,1.5,1.5,1.5,144.0,144.0,144.0,128.0,128.0,128.0,64.0,64.0,64.0,96.0,96.0,96.0,80.0,80.0,80.0,6.0,6.0,6.0,58.0,58.0,58.0,7.0,7.0,7.0,8.0,8.0,8.0,8.0,8.0,8.0,0.0,0.0,0.0,0.2388059701492537,0.2388059701492537,0.2388059701492537,7.0,7.0,7.0,7.0,7.0,7.0,14.0,14.0,14.0,0.5956250000000001,0.59125,0.59875,1.0,1.0,1.0,8.0,8.0,8.0,18.0,18.0,18.0,12.0,12.0,12.0,150.0,150.0,150.0,0.0,0.0,0.0,0.0,0.0,0.0,150.0,150.0,150.0,1.0,1.0,1.0,1.0,1.0,1.0,1.0,1.0,1.0,1.0,1.0,1.0,0.0,0.0,0.0,0.0,0.0,0.0,10.0,10.0,10.0,1.0,1.0,1.0,1.0,1.0,1.0,1.0,1.0,1.0,1.0,1.0,1.0,0.0,0.0,0.0,150.0,150.0,150.0,0.0,0.0,0.0,0.0,0.0,0.0,150.0,150.0,150.0,1.0,1.0,1.0,1.0,1.0,1.0,1.0,1.0,1.0,1.0,1.0,1.0,0.0,0.0,0.0,0.0,0.0,0.0,10.0,10.0,10.0,1.0,1.0,1.0,1.0,1.0,1.0,1.0,1.0,1.0,1.0,1.0,1.0,0.0,0.0,0.0,150.0,150.0,150.0,0.0,0.0,0.0,0.0,0.0,0.0,150.0,150.0,150.0,1.0,1.0,1.0,1.0,1.0,1.0,1.0,1.0,1.0,1.0,1.0,1.0,0.0,0.0,0.0,0.0,0.0,0.0,10.0,10.0,10.0,1.0,1.0,1.0,1.0,1.0,1.0,1.0,1.0,1.0,1.0,1.0,1.0,0.0,0.0,0.0,1.0,1.0,1.0,0.9896335583413693,0.9886983632112236,0.990952602917972,0.9115274259518205,0.9079544649540028,0.913747691504965,1.0,1.0,1.0,1.0,1.0,1.0,1.0,1.0,1.0,0.34311852051177993,0.3182084579893853,0.36250879148428794,4.0,4.0,4.0,50.0,50.0,50.0,5.0,5.0,5.0,71.42857142857143,71.42857142857143,71.42857142857143,2.0,2.0,2.0,2.0,2.0,2.0,100.0,100.0,100.0,0.16666666666666674,0.16666666666666674,0.16666666666666674,12.500000000000005,12.500000000000005,12.500000000000005,27.0,27.0,27.0,72.97297297297297,72.97297297297297,72.97297297297297,29.0,29.0,29.0,43.28358208955223,43.28358208955223,43.28358208955223,32.0,32.0,32.0,28.57142857142857,28.57142857142857,28.57142857142857,1.833333333333333,1.833333333333333,1.833333333333333,29.729729729729726,29.729729729729726,29.729729729729726,-0.6666666666666679,-0.6666666666666679,-0.6666666666666679,-3.5714285714285774,-3.5714285714285774,-3.5714285714285774,-0.012894710122855091,-0.012894710122855091,-0.012894710122855091,-5.123033481242429,-5.123033481242429,-5.123033481242429,3.0,3.0,3.0,75.0,75.0,75.0
rework,0.07,0.0,0.05,0.9,350.0,350.0,350.0,150.0,150.0,150.0,150.0,150.0,150.0,8.0,8.0,8.0,2.0,2.0,2.0,0.0057142857142857,0.0057142857142857,0.0057142857142857,0.3867057584215742,0.34962678123034163,0.4121673569038748,0.3867057584215742,0.34962678123034163,0.4121673569038748,6.227142857142857,6.1971428571428575,6.248571428571429,8.0,8.0,8.0,8.0,8.0,8.0,8.0,8.0,8.0,0.0,0.0,0.0,16.0,16.0,16.0,12.0,12.0,12.0,12.0,12.0,12.0,8.0,8.0,8.0,2.0,2.0,2.0,2.0,2.0,2.0,0.0,0.0,0.0,0.0,0.0,0.0,1.0,1.0,1.0,2.0,2.0,2.0,0.0909090909090909,0.0909090909090909,0.0909090909090909,4.0,4.0,4.0,1.5,1.5,1.5,145.0,145.0,145.0,129.0,129.0,129.0,65.0,65.0,65.0,97.0,97.0,97.0,80.0,80.0,80.0,7.0,7.0,7.0,58.0,58.0,58.0,7.0,7.0,7.0,8.0,8.0,8.0,8.0,8.0,8.0,0.0,0.0,0.0,0.2425373134328358,0.2425373134328358,0.2425373134328358,7.0,7.0,7.0,7.0,7.0,7.0,14.0,14.0,14.0,0.6036923076923078,0.5987692307692308,0.6073846153846154,0.9987692307692309,0.9987252747252747,0.9989450549450548,8.125,8.125,8.125,18.125,18.125,18.125,12.125,12.125,12.125,150.0,150.0,150.0,0.0,0.0,0.0,0.0,0.0,0.0,150.0,150.0,150.0,1.0,1.0,1.0,1.0,1.0,1.0,1.0,1.0,1.0,1.0,1.0,1.0,0.0,0.0,0.0,0.0,0.0,0.0,10.0,10.0,10.0,1.0,1.0,1.0,1.0,1.0,1.0,1.0,1.0,1.0,1.0,1.0,1.0,0.0,0.0,0.0,75.0,75.0,75.0,75.0,75.0,75.0,0.0,0.0,0.0,150.0,150.0,150.0,0.75,0.75,0.75,1.0,1.0,1.0,0.5,0.5,0.5,0.6666666666666666,0.6666666666666666,0.6666666666666666,0.0,0.0,0.0,0.5,0.5,0.5,10.0,10.0,10.0,1.0,1.0,1.0,0.75,0.75,0.75,0.6666666666666666,0.6666666666666666,0.6666666666666666,0.6666666666666666,0.6666666666666666,0.6666666666666666,0.0,0.0,0.0,75.0,75.0,75.0,75.0,75.0,75.0,0.0,0.0,0.0,150.0,150.0,150.0,0.75,0.75,0.75,1.0,1.0,1.0,0.5,0.5,0.5,0.6666666666666666,0.6666666666666666,0.6666666666666666,0.0,0.0,0.0,0.5,0.5,0.5,10.0,10.0,10.0,1.0,1.0,1.0,0.75,0.75,0.75,0.6666666666666666,0.6666666666666666,0.6666666666666666,0.6666666666666666,0.6666666666666666,0.6666666666666666,0.0,0.0,0.0,1.0,1.0,1.0,0.9896335583413693,0.9886983632112236,0.990952602917972,0.9115274259518205,0.9079544649540028,0.913747691504965,1.0,1.0,1.0,0.9242857142857144,0.9171428571428571,0.9342857142857143,0.9994778325123153,0.9994285714285714,0.9995467980295567,0.307222624993301,0.29918339551659295,0.3190841250034282,4.0,4.0,4.0,50.0,50.0,50.0,5.0,5.0,5.0,71.42857142857143,71.42857142857143,71.42857142857143,2.0,2.0,2.0,2.0,2.0,2.0,100.0,100.0,100.0,0.16666666666666674,0.16666666666666674,0.16666666666666674,12.500000000000005,12.500000000000005,12.500000000000005,28.0,28.0,28.0,75.67567567567568,75.67567567567568,75.67567567567568,30.0,30.0,30.0,44.776119402985074,44.776119402985074,44.776119402985074,33.0,33.0,33.0,29.464285714285715,29.464285714285715,29.464285714285715,1.958333333333333,1.958333333333333,1.958333333333333,31.756756756756747,31.756756756756747,31.756756756756747,-0.5416666666666679,-0.5416666666666679,-0.5416666666666679,-2.90178571428572,-2.90178571428572,-2.90178571428572,-0.00916336683927299,-0.00916336683927299,-0.00916336683927299,-3.640580879386838,-3.640580879386838,-3.640580879386838,3.0,3.0,3.0,75.0,75.0,75.0
rework,0.07,0.0,0.05,0.95,350.0,350.0,350.0,150.0,150.0,150.0,150.0,150.0,150.0,8.0,8.0,8.0,2.0,2.0,2.0,0.0057142857142857,0.0057142857142857,0.0057142857142857,0.3867057584215742,0.34962678123034163,0.4121673569038748,0.3867057584215742,0.34962678123034163,0.4121673569038748,6.227142857142857,6.1971428571428575,6.248571428571429,8.0,8.0,8.0,8.0,8.0,8.0,8.0,8.0,8.0,0.0,0.0,0.0,16.0,16.0,16.0,12.0,12.0,12.0,12.0,12.0,12.0,8.0,8.0,8.0,2.0,2.0,2.0,2.0,2.0,2.0,0.0,0.0,0.0,0.0,0.0,0.0,1.0,1.0,1.0,2.0,2.0,2.0,0.0909090909090909,0.0909090909090909,0.0909090909090909,4.0,4.0,4.0,1.5,1.5,1.5,144.0,144.0,144.0,128.0,128.0,128.0,64.0,64.0,64.0,96.0,96.0,96.0,80.0,80.0,80.0,6.0,6.0,6.0,58.0,58.0,58.0,7.0,7.0,7.0,8.0,8.0,8.0,8.0,8.0,8.0,0.0,0.0,0.0,0.2388059701492537,0.2388059701492537,0.2388059701492537,7.0,7.0,7.0,7.0,7.0,7.0,14.0,14.0,14.0,0.5975,0.5925,0.6012500000000001,1.0,1.0,1.0,8.0,8.0,8.0,18.0,18.0,18.0,12.0,12.0,12.0,150.0,150.0,150.0,0.0,0.0,0.0,0.0,0.0,0.0,150.0,150.0,150.0,1.0,1.0,1.0,1.0,1.0,1.0,1.0,1.0,1.0,1.0,1.0,1.0,0.0,0.0,0.0,0.0,0.0,0.0,10.0,10.0,10.0,1.0,1.0,1.0,1.0,1.0,1.0,1.0,1.0,1.0,1.0,1.0,1.0,0.0,0.0,0.0,150.0,150.0,150.0,0.0,0.0,0.0,0.0,0.0,0.0,150.0,150.0,150.0,1.0,1.0,1.0,1.0,1.0,1.0,1.0,1.0,1.0,1.0,1.0,1.0,0.0,0.0,0.0,0.0,0.0,0.0,10.0,10.0,10.0,1.0,1.0,1.0,1.0,1.0,1.0,1.0,1.0,1.0,1.0,1.0,1.0,0.0,0.0,0.0,150.0,150.0,150.0,0.0,0.0,0.0,0.0,0.0,0.0,150.0,150.0,150.0,1.0,1.0,1.0,1.0,1.0,1.0,1.0,1.0,1.0,1.0,1.0,1.0,0.0,0.0,0.0,0.0,0.0,0.0,10.0,10.0,10.0,1.0,1.0,1.0,1.0,1.0,1.0,1.0,1.0,1.0,1.0,1.0,1.0,0.0,0.0,0.0,1.0,1.0,1.0,0.9896335583413693,0.9886983632112236,0.990952602917972,0.9115274259518205,0.9079544649540028,0.913747691504965,1.0,1.0,1.0,1.0,1.0,1.0,1.0,1.0,1.0,0.3504818129877094,0.3228842919925228,0.41537052099010907,4.0,4.0,4.0,50.0,50.0,50.0,5.0,5.0,5.0,71.42857142857143,71.42857142857143,71.42857142857143,2.0,2.0,2.0,2.0,2.0,2.0,100.0,100.0,100.0,0.16666666666666674,0.16666666666666674,0.16666666666666674,12.500000000000005,12.500000000000005,12.500000000000005,27.0,27.0,27.0,72.97297297297297,72.97297297297297,72.97297297297297,29.0,29.0,29.0,43.28358208955223,43.28358208955223,43.28358208955223,32.0,32.0,32.0,28.57142857142857,28.57142857142857,28.57142857142857,1.833333333333333,1.833333333333333,1.833333333333333,29.729729729729726,29.729729729729726,29.729729729729726,-0.6666666666666679,-0.6666666666666679,-0.6666666666666679,-3.5714285714285774,-3.5714285714285774,-3.5714285714285774,-0.012894710122855091,-0.012894710122855091,-0.012894710122855091,-5.123033481242429,-5.123033481242429,-5.123033481242429,3.0,3.0,3.0,75.0,75.0,75.0
rework,0.07,0.0,0.05,0.99,350.0,350.0,350.0,150.0,150.0,150.0,150.0,150.0,150.0,8.0,8.0,8.0,2.0,2.0,2.0,0.0057142857142857,0.0057142857142857,0.0057142857142857,0.3867057584215742,0.34962678123034163,0.4121673569038748,0.3867057584215742,0.34962678123034163,0.4121673569038748,6.227142857142857,6.1971428571428575,6.248571428571429,8.0,8.0,8.0,8.0,8.0,8.0,8.0,8.0,8.0,0.0,0.0,0.0,16.0,16.0,16.0,12.0,12.0,12.0,12.0,12.0,12.0,8.0,8.0,8.0,2.0,2.0,2.0,2.0,2.0,2.0,0.0,0.0,0.0,0.0,0.0,0.0,1.0,1.0,1.0,2.0,2.0,2.0,0.0909090909090909,0.0909090909090909,0.0909090909090909,4.0,4.0,4.0,1.5,1.5,1.5,144.0,144.0,144.0,128.0,128.0,128.0,64.0,64.0,64.0,96.0,96.0,96.0,80.0,80.0,80.0,6.0,6.0,6.0,58.0,58.0,58.0,7.0,7.0,7.0,8.0,8.0,8.0,8.0,8.0,8.0,0.0,0.0,0.0,0.2388059701492537,0.2388059701492537,0.2388059701492537,7.0,7.0,7.0,7.0,7.0,7.0,14.0,14.0,14.0,0.5975,0.5925,0.6012500000000001,1.0,1.0,1.0,8.0,8.0,8.0,18.0,18.0,18.0,12.0,12.0,12.0,150.0,150.0,150.0,0.0,0.0,0.0,0.0,0.0,0.0,150.0,150.0,150.0,1.0,1.0,1.0,1.0,1.0,1.0,1.0,1.0,1.0,1.0,1.0,1.0,0.0,0.0,0.0,0.0,0.0,0.0,10.0,10.0,10.0,1.0,1.0,1.0,1.0,1.0,1.0,1.0,1.0,1.0,1.0,1.0,1.0,0.0,0.0,0.0,150.0,150.0,150.0,0.0,0.0,0.0,0.0,0.0,0.0,150.0,150.0,150.0,1.0,1.0,1.0,1.0,1.0,1.0,1.0,1.0,1.0,1.0,1.0,1.0,0.0,0.0,0.0,0.0,0.0,0.0,10.0,10.0,10.0,1.0,1.0,1.0,1.0,1.0,1.0,1.0,1.0,1.0,1.0,1.0,1.0,0.0,0.0,0.0,150.0,150.0,150.0,0.0,0.0,0.0,0.0,0.0,0.0,150.0,150.0,150.0,1.0,1.0,1.0,1.0,1.0,1.0,1.0,1.0,1.0,1.0,1.0,1.0,0.0,0.0,0.0,0.0,0.0,0.0,10.0,10.0,10.0,1.0,1.0,1.0,1.0,1.0,1.0,1.0,1.0,1.0,1.0,1.0,1.0,0.0,0.0,0.0,1.0,1.0,1.0,0.9896335583413693,0.9886983632112236,0.990952602917972,0.9115274259518205,0.9079544649540028,0.913747691504965,1.0,1.0,1.0,1.0,1.0,1.0,1.0,1.0,1.0,0.33417189600004343,0.3102940210083034,0.3680340834980597,4.0,4.0,4.0,50.0,50.0,50.0,5.0,5.0,5.0,71.42857142857143,71.42857142857143,71.42857142857143,2.0,2.0,2.0,2.0,2.0,2.0,100.0,100.0,100.0,0.16666666666666674,0.16666666666666674,0.16666666666666674,12.500000000000005,12.500000000000005,12.500000000000005,27.0,27.0,27.0,72.97297297297297,72.97297297297297,72.97297297297297,29.0,29.0,29.0,43.28358208955223,43.28358208955223,43.28358208955223,32.0,32.0,32.0,28.57142857142857,28.57142857142857,28.57142857142857,1.833333333333333,1.833333333333333,1.833333333333333,29.729729729729726,29.729729729729726,29.729729729729726,-0.6666666666666679,-0.6666666666666679,-0.6666666666666679,-3.5714285714285774,-3.5714285714285774,-3.5714285714285774,-0.012894710122855091,-0.012894710122855091,-0.012894710122855091,-5.123033481242429,-5.123033481242429,-5.123033481242429,3.0,3.0,3.0,75.0,75.0,75.0
rework,0.07,0.0,0.07,0.9,350.0,350.0,350.0,150.0,150.0,150.0,150.0,150.0,150.0,8.0,8.0,8.0,2.0,2.0,2.0,0.0057142857142857,0.0057142857142857,0.0057142857142857,0.3867057584215742,0.34962678123034163,0.4121673569038748,0.3867057584215742,0.34962678123034163,0.4121673569038748,6.227142857142857,6.1971428571428575,6.248571428571429,8.0,8.0,8.0,8.0,8.0,8.0,8.0,8.0,8.0,0.0,0.0,0.0,16.0,16.0,16.0,12.0,12.0,12.0,12.0,12.0,12.0,8.0,8.0,8.0,2.0,2.0,2.0,2.0,2.0,2.0,0.0,0.0,0.0,0.0,0.0,0.0,1.0,1.0,1.0,2.0,2.0,2.0,0.0909090909090909,0.0909090909090909,0.0909090909090909,4.0,4.0,4.0,1.5,1.5,1.5,145.0,112.0,145.0,129.0,97.0,129.0,65.0,37.0,65.0,97.0,67.0,97.0,80.0,75.0,80.0,7.0,7.0,7.0,58.0,30.0,58.0,7.0,4.0,7.0,8.0,8.0,8.0,8.0,6.0,8.0,0.0,0.0,2.0,0.2425373134328358,0.1380597014925373,0.2425373134328358,7.0,3.75,7.0,7.0,5.0,7.0,14.0,5.0,14.0,0.6086153846153846,0.6036923076923078,1.0,0.9987032967032967,0.9983011583011584,0.9987692307692309,8.125,4.625,8.125,18.125,14.0,18.125,12.125,8.375,12.125,150.0,150.0,150.0,0.0,0.0,0.0,0.0,0.0,0.0,150.0,150.0,150.0,1.0,1.0,1.0,1.0,1.0,1.0,1.0,1.0,1.0,1.0,1.0,1.0,0.0,0.0,0.0,0.0,0.0,0.0,10.0,10.0,10.0,1.0,1.0,1.0,1.0,1.0,1.0,1.0,1.0,1.0,1.0,1.0,1.0,0.0,0.0,0.0,75.0,75.0,75.0,75.0,75.0,75.0,0.0,0.0,30.0,150.0,120.0,150.0,0.75,0.65,0.75,1.0,0.7142857142857143,1.0,0.5,0.5,0.5,0.6666666666666666,0.588235294117647,0.6666666666666666,0.0,0.0,0.2,0.5,0.5,0.5,10.0,10.0,10.0,1.0,0.8,1.0,0.75,0.65,0.75,0.6666666666666666,0.588235294117647,0.6666666666666666,0.6666666666666666,0.625,0.6666666666666666,0.0,0.0,0.036764705882353,75.0,75.0,75.0,75.0,75.0,75.0,0.0,0.0,30.0,150.0,120.0,150.0,0.75,0.65,0.75,1.0,0.7142857142857143,1.0,0.5,0.5,0.5,0.6666666666666666,0.588235294117647,0.6666666666666666,0.0,0.0,0.2,0.5,0.5,0.5,10.0,10.0,10.0,1.0,0.8,1.0,0.75,0.65,0.75,0.6666666666666666,0.588235294117647,0.6666666666666666,0.6666666666666666,0.625,0.6666666666666666,0.0,0.0,0.036764705882353,1.0,1.0,1.0,0.9896335583413693,0.9886983632112236,0.990952602917972,0.9115274259518205,0.9079544649540028,0.913747691504965,1.0,1.0,1.0,0.9242857142857144,0.9171428571428571,0.9342857142857143,0.9994336734693877,0.9993877551020408,0.9994778325123153,0.3042036250117235,0.2758622920082416,0.3221850209956756,4.0,4.0,4.0,50.0,50.0,50.0,5.0,5.0,5.0,71.42857142857143,71.42857142857143,71.42857142857143,2.0,2.0,2.0,2.0,2.0,2.0,100.0,100.0,100.0,0.16666666666666674,0.16666666666666674,0.16666666666666674,12.500000000000005,12.500000000000005,12.500000000000005,28.0,0.0,28.0,75.67567567567568,0.0,75.67567567567568,30.0,0.0,30.0,44.776119402985074,0.0,44.776119402985074,33.0,0.0,33.0,29.464285714285715,0.0,29.464285714285715,1.958333333333333,-1.541666666666667,1.958333333333333,31.756756756756747,-25.000000000000007,31.756756756756747,-0.5416666666666679,-4.666666666666668,-0.5416666666666679,-2.90178571428572,-25.000000000000007,-2.90178571428572,-0.00916336683927299,-0.1136409787795715,-0.00916336683927299,-3.640580879386838,-45.14925373134328,-3.640580879386838,3.0,0.0,3.0,75.0,0.0,75.0
rework,0.07,0.0,0.07,0.95,350.0,350.0,350.0,150.0,150.0,150.0,150.0,150.0,150.0,8.0,8.0,8.0,2.0,2.0,2.0,0.0057142857142857,0.0057142857142857,0.0057142857142857,0.3867057584215742,0.34962678123034163,0.4121673569038748,0.3867057584215742,0.34962678123034163,0.4121673569038748,6.227142857142857,6.1971428571428575,6.248571428571429,8.0,8.0,8.0,8.0,8.0,8.0,8.0,8.0,8.0,0.0,0.0,0.0,16.0,16.0,16.0,12.0,12.0,12.0,12.0,12.0,12.0,8.0,8.0,8.0,2.0,2.0,2.0,2.0,2.0,2.0,0.0,0.0,0.0,0.0,0.0,0.0,1.0,1.0,1.0,2.0,2.0,2.0,0.0909090909090909,0.0909090909090909,0.0909090909090909,4.0,4.0,4.0,1.5,1.5,1.5,144.0,111.0,144.0,128.0,96.0,128.0,64.0,36.0,64.0,96.0,66.0,96.0,80.0,75.0,80.0,6.0,6.0,6.0,58.0,30.0,58.0,7.0,4.0,7.0,8.0,8.0,8.0,8.0,6.0,8.0,0.0,0.0,2.0,0.2388059701492537,0.1343283582089552,0.2388059701492537,7.0,3.75,7.0,7.0,5.0,7.0,14.0,5.0,14.0,0.6025,0.5975,1.0,1.0,1.0,1.0,8.0,4.5,8.0,18.0,13.875,18.0,12.0,8.25,12.0,150.0,150.0,150.0,0.0,0.0,0.0,0.0,0.0,0.0,150.0,150.0,150.0,1.0,1.0,1.0,1.0,1.0,1.0,1.0,1.0,1.0,1.0,1.0,1.0,0.0,0.0,0.0,0.0,0.0,0.0,10.0,10.0,10.0,1.0,1.0,1.0,1.0,1.0,1.0,1.0,1.0,1.0,1.0,1.0,1.0,0.0,0.0,0.0,150.0,150.0,150.0,0.0,0.0,0.0,0.0,0.0,60.0,150.0,90.0,150.0,1.0,0.8,1.0,1.0,0.7142857142857143,1.0,1.0,1.0,1.0,1.0,0.8333333333333333,1.0,0.0,0.0,0.4,0.0,0.0,0.0,10.0,10.0,10.0,1.0,0.6,1.0,1.0,0.8,1.0,1.0,0.8333333333333333,1.0,1.0,0.8695652173913044,1.0,0.0,0.0,0.0362318840579711,150.0,150.0,150.0,0.0,0.0,0.0,0.0,0.0,60.0,150.0,90.0,150.0,1.0,0.8,1.0,1.0,0.7142857142857143,1.0,1.0,1.0,1.0,1.0,0.8333333333333333,1.0,0.0,0.0,0.4,0.0,0.0,0.0,10.0,10.0,10.0,1.0,0.6,1.0,1.0,0.8,1.0,1.0,0.8333333333333333,1.0,1.0,0.8695652173913044,1.0,0.0,0.0,0.0362318840579711,1.0,1.0,1.0,0.9896335583413693,0.9886983632112236,0.990952602917972,0.9115274259518205,0.9079544649540028,0.913747691504965,1.0,1.0,1.0,1.0,1.0,1.0,1.0,1.0,1.0,0.33948468750168104,0.2868696250079665,0.36576975001662504,4.0,4.0,4.0,50.0,50.0,50.0,5.0,5.0,5.0,71.42857142857143,71.42857142857143,71.42857142857143,2.0,2.0,2.0,2.0,2.0,2.0,100.0,100.0,100.0,0.16666666666666674,0.16666666666666674,0.16666666666666674,12.500000000000005,12.500000000000005,12.500000000000005,27.0,-1.0,27.0,72.97297297297297,-2.7027027027027026,72.97297297297297,29.0,-1.0,29.0,43.28358208955223,-1.4925373134328357,43.28358208955223,32.0,-1.0,32.0,28.57142857142857,-0.8928571428571428,28.57142857142857,1.833333333333333,-1.666666666666667,1.833333333333333,29.729729729729726,-27.027027027027028,29.729729729729726,-0.6666666666666679,-4.791666666666668,-0.6666666666666679,-3.5714285714285774,-25.66964285714286,-3.5714285714285774,-0.012894710122855091,-0.1173723220631536,-0.012894710122855091,-5.123033481242429,-46.63170633319887,-5.123033481242429,3.0,0.0,3.0,75.0,0.0,75.0
rework,0.07,0.0,0.07,0.99,350.0,350.0,350.0,150.0,150.0,150.0,150.0,150.0,150.0,8.0,8.0,8.0,2.0,2.0,2.0,0.0057142857142857,0.0057142857142857,0.0057142857142857,0.3867057584215742,0.34962678123034163,0.4121673569038748,0.3867057584215742,0.34962678123034163,0.4121673569038748,6.227142857142857,6.1971428571428575,6.248571428571429,8.0,8.0,8.0,8.0,8.0,8.0,8.0,8.0,8.0,0.0,0.0,0.0,16.0,16.0,16.0,12.0,12.0,12.0,12.0,12.0,12.0,8.0,8.0,8.0,2.0,2.0,2.0,2.0,2.0,2.0,0.0,0.0,0.0,0.0,0.0,0.0,1.0,1.0,1.0,2.0,2.0,2.0,0.0909090909090909,0.0909090909090909,0.0909090909090909,4.0,4.0,4.0,1.5,1.5,1.5,144.0,111.0,144.0,128.0,96.0,128.0,64.0,36.0,64.0,96.0,66.0,96.0,80.0,75.0,80.0,6.0,6.0,6.0,58.0,30.0,58.0,7.0,4.0,7.0,8.0,8.0,8.0,8.0,6.0,8.0,0.0,0.0,2.0,0.2388059701492537,0.1343283582089552,0.2388059701492537,7.0,3.75,7.0,7.0,5.0,7.0,14.0,5.0,14.0,0.6025,0.5975,1.0,1.0,1.0,1.0,8.0,4.5,8.0,18.0,13.875,18.0,12.0,8.25,12.0,150.0,150.0,150.0,0.0,0.0,0.0,0.0,0.0,0.0,150.0,150.0,150.0,1.0,1.0,1.0,1.0,1.0,1.0,1.0,1.0,1.0,1.0,1.0,1.0,0.0,0.0,0.0,0.0,0.0,0.0,10.0,10.0,10.0,1.0,1.0,1.0,1.0,1.0,1.0,1.0,1.0,1.0,1.0,1.0,1.0,0.0,0.0,0.0,150.0,150.0,150.0,0.0,0.0,0.0,0.0,0.0,60.0,150.0,90.0,150.0,1.0,0.8,1.0,1.0,0.7142857142857143,1.0,1.0,1.0,1.0,1.0,0.8333333333333333,1.0,0.0,0.0,0.4,0.0,0.0,0.0,10.0,10.0,10.0,1.0,0.6,1.0,1.0,0.8,1.0,1.0,0.8333333333333333,1.0,1.0,0.8695652173913044,1.0,0.0,0.0,0.0362318840579711,150.0,150.0,150.0,0.0,0.0,0.0,0.0,0.0,60.0,150.0,90.0,150.0,1.0,0.8,1.0,1.0,0.7142857142857143,1.0,1.0,1.0,1.0,1.0,0.8333333333333333,1.0,0.0,0.0,0.4,0.0,0.0,0.0,10.0,10.0,10.0,1.0,0.6,1.0,1.0,0.8,1.0,1.0,0.8333333333333333,1.0,1.0,0.8695652173913044,1.0,0.0,0.0,0.0362318840579711,1.0,1.0,1.0,0.9896335583413693,0.9886983632112236,0.990952602917972,0.9115274259518205,0.9079544649540028,0.913747691504965,1.0,1.0,1.0,1.0,1.0,1.0,1.0,1.0,1.0,0.34118660399690265,0.31094166651018895,0.3571106670133304,4.0,4.0,4.0,50.0,50.0,50.0,5.0,5.0,5.0,71.42857142857143,71.42857142857143,71.42857142857143,2.0,2.0,2.0,2.0,2.0,2.0,100.0,100.0,100.0,0.16666666666666674,0.16666666666666674,0.16666666666666674,12.500000000000005,12.500000000000005,12.500000000000005,27.0,-1.0,27.0,72.97297297297297,-2.7027027027027026,72.97297297297297,29.0,-1.0,29.0,43.28358208955223,-1.4925373134328357,43.28358208955223,32.0,-1.0,32.0,28.57142857142857,-0.8928571428571428,28.57142857142857,1.833333333333333,-1.666666666666667,1.833333333333333,29.729729729729726,-27.027027027027028,29.729729729729726,-0.6666666666666679,-4.791666666666668,-0.6666666666666679,-3.5714285714285774,-25.66964285714286,-3.5714285714285774,-0.012894710122855091,-0.1173723220631536,-0.012894710122855091,-5.123033481242429,-46.63170633319887,-5.123033481242429,3.0,0.0,3.0,75.0,0.0,75.0
rework,0.1,0.0,0.03,0.9,350.0,350.0,350.0,150.0,150.0,150.0,150.0,150.0,150.0,8.0,8.0,8.0,2.0,2.0,2.0,0.0057142857142857,0.0057142857142857,0.0057142857142857,0.4955918609869638,0.4689955935892812,0.5453519684663144,0.4955918609869638,0.4689955935892812,0.5453519684663144,6.325714285714286,6.3,6.377142857142857,8.0,8.0,8.0,8.0,8.0,8.0,8.0,8.0,8.0,0.0,0.0,0.0,16.0,16.0,16.0,12.0,12.0,12.0,12.0,12.0,12.0,8.0,8.0,8.0,2.0,2.0,2.0,2.0,2.0,2.0,0.0,0.0,0.0,0.0,0.0,0.0,1.0,1.0,1.0,2.0,2.0,2.0,0.0909090909090909,0.0909090909090909,0.0909090909090909,4.0,4.0,4.0,1.5,1.5,1.5,144.0,144.0,145.0,128.0,128.0,129.0,64.0,64.0,65.0,96.0,96.0,97.0,80.0,80.0,80.0,6.0,6.0,7.0,58.0,58.0,58.0,7.0,7.0,7.0,8.0,8.0,8.0,8.0,8.0,8.0,0.0,0.0,0.0,0.2388059701492537,0.2388059701492537,0.2425373134328358,7.0,7.0,7.0,7.0,7.0,7.0,14.0,14.0,14.0,0.6123076923076922,0.61,0.6174999999999999,1.0,0.9985054945054944,1.0,8.0,8.0,8.125,18.0,18.0,18.125,12.0,12.0,12.125,150.0,150.0,150.0,0.0,0.0,0.0,0.0,0.0,0.0,150.0,150.0,150.0,1.0,1.0,1.0,1.0,1.0,1.0,1.0,1.0,1.0,1.0,1.0,1.0,0.0,0.0,0.0,0.0,0.0,0.0,10.0,10.0,10.0,1.0,1.0,1.0,1.0,1.0,1.0,1.0,1.0,1.0,1.0,1.0,1.0,0.0,0.0,0.0,150.0,75.0,150.0,0.0,0.0,75.0,0.0,0.0,0.0,150.0,150.0,150.0,1.0,0.75,1.0,1.0,1.0,1.0,1.0,0.5,1.0,1.0,0.6666666666666666,1.0,0.0,0.0,0.0,0.0,0.0,0.5,10.0,10.0,10.0,1.0,1.0,1.0,1.0,0.75,1.0,1.0,0.6666666666666666,1.0,1.0,0.6666666666666666,1.0,0.0,0.0,0.0,150.0,75.0,150.0,0.0,0.0,75.0,0.0,0.0,0.0,150.0,150.0,150.0,1.0,0.75,1.0,1.0,1.0,1.0,1.0,0.5,1.0,1.0,0.6666666666666666,1.0,0.0,0.0,0.0,0.0,0.0,0.5,10.0,10.0,10.0,1.0,1.0,1.0,1.0,0.75,1.0,1.0,0.6666666666666666,1.0,1.0,0.6666666666666666,1.0,0.0,0.0,0.0,1.0,1.0,1.0,0.9853958493466564,0.983246643034932,0.9864864864864864,0.9196910759461712,0.9179640421315508,0.9225767116219126,1.0,1.0,1.0,1.0,0.9028571428571428,1.0,1.0,0.9993300492610836,1.0,0.3260345625021728,0.3078667085064808,0.384433250001166,4.0,4.0,4.0,50.0,50.0,50.0,5.0,5.0,5.0,71.42857142857143,71.42857142857143,71.42857142857143,2.0,2.0,2.0,2.0,2.0,2.0,100.0,100.0,100.0,0.16666666666666674,0.16666666666666674,0.16666666666666674,12.500000000000005,12.500000000000005,12.500000000000005,27.0,27.0,28.0,72.97297297297297,72.97297297297297,75.67567567567568,29.0,29.0,30.0,43.28358208955223,43.28358208955223,44.776119402985074,32.0,32.0,33.0,28.57142857142857,28.57142857142857,29.464285714285715,1.833333333333333,1.833333333333333,1.958333333333333,29.729729729729726,29.729729729729726,31.756756756756747,-0.6666666666666679,-0.6666666666666679,-0.5416666666666679,-3.5714285714285774,-3.5714285714285774,-2.90178571428572,-0.012894710122855091,-0.012894710122855091,-0.00916336683927299,-5.123033481242429,-5.123033481242429,-3.640580879386838,3.0,3.0,3.0,75.0,75.0,75.0
rework,0.1,0.0,0.03,0.95,350.0,350.0,350.0,150.0,150.0,150.0,150.0,150.0,150.0,8.0,8.0,8.0,2.0,2.0,2.0,0.0057142857142857,0.0057142857142857,0.0057142857142857,0.4955918609869638,0.4689955935892812,0.5453519684663144,0.4955918609869638,0.4689955935892812,0.5453519684663144,6.325714285714286,6.3,6.377142857142857,8.0,8.0,8.0,8.0,8.0,8.0,8.0,8.0,8.0,0.0,0.0,0.0,16.0,16.0,16.0,12.0,12.0,12.0,12.0,12.0,12.0,8.0,8.0,8.0,2.0,2.0,2.0,2.0,2.0,2.0,0.0,0.0,0.0,0.0,0.0,0.0,1.0,1.0,1.0,2.0,2.0,2.0,0.0909090909090909,0.0909090909090909,0.0909090909090909,4.0,4.0,4.0,1.5,1.5,1.5,144.0,144.0,144.0,128.0,128.0,128.0,64.0,64.0,64.0,96.0,96.0,96.0,80.0,80.0,80.0,6.0,6.0,6.0,58.0,58.0,58.0,7.0,7.0,7.0,8.0,8.0,8.0,8.0,8.0,8.0,0.0,0.0,0.0,0.2388059701492537,0.2388059701492537,0.2388059701492537,7.0,7.0,7.0,7.0,7.0,7.0,14.0,14.0,14.0,0.61,0.60625,0.6174999999999999,1.0,1.0,1.0,8.0,8.0,8.0,18.0,18.0,18.0,12.0,12.0,12.0,150.0,150.0,150.0,0.0,0.0,0.0,0.0,0.0,0.0,150.0,150.0,150.0,1.0,1.0,1.0,1.0,1.0,1.0,1.0,1.0,1.0,1.0,1.0,1.0,0.0,0.0,0.0,0.0,0.0,0.0,10.0,10.0,10.0,1.0,1.0,1.0,1.0,1.0,1.0,1.0,1.0,1.0,1.0,1.0,1.0,0.0,0.0,0.0,150.0,150.0,150.0,0.0,0.0,0.0,0.0,0.0,0.0,150.0,150.0,150.0,1.0,1.0,1.0,1.0,1.0,1.0,1.0,1.0,1.0,1.0,1.0,1.0,0.0,0.0,0.0,0.0,0.0,0.0,10.0,10.0,10.0,1.0,1.0,1.0,1.0,1.0,1.0,1.0,1.0,1.0,1.0,1.0,1.0,0.0,0.0,0.0,150.0,150.0,150.0,0.0,0.0,0.0,0.0,0.0,0.0,150.0,150.0,150.0,1.0,1.0,1.0,1.0,1.0,1.0,1.0,1.0,1.0,1.0,1.0,1.0,0.0,0.0,0.0,0.0,0.0,0.0,10.0,10.0,10.0,1.0,1.0,1.0,1.0,1.0,1.0,1.0,1.0,1.0,1.0,1.0,1.0,0.0,0.0,0.0,1.0,1.0,1.0,0.9853958493466564,0.983246643034932,0.9864864864864864,0.9196910759461712,0.9179640421315508,0.9225767116219126,1.0,1.0,1.0,1.0,1.0,1.0,1.0,1.0,1.0,0.32077506248606363,0.31127518750145095,0.3292760420008562,4.0,4.0,4.0,50.0,50.0,50.0,5.0,5.0,5.0,71.42857142857143,71.42857142857143,71.42857142857143,2.0,2.0,2.0,2.0,2.0,2.0,100.0,100.0,100.0,0.16666666666666674,0.16666666666666674,0.16666666666666674,12.500000000000005,12.500000000000005,12.500000000000005,27.0,27.0,27.0,72.97297297297297,72.97297297297297,72.97297297297297,29.0,29.0,29.0,43.28358208955223,43.28358208955223,43.28358208955223,32.0,32.0,32.0,28.57142857142857,28.57142857142857,28.57142857142857,1.833333333333333,1.833333333333333,1.833333333333333,29.729729729729726,29.729729729729726,29.729729729729726,-0.6666666666666679,-0.6666666666666679,-0.6666666666666679,-3.5714285714285774,-3.5714285714285774,-3.5714285714285774,-0.012894710122855091,-0.012894710122855091,-0.012894710122855091,-5.123033481242429,-5.123033481242429,-5.123033481242429,3.0,3.0,3.0,75.0,75.0,75.0
rework,0.1,0.0,0.03,0.99,350.0,350.0,350.0,150.0,150.0,150.0,150.0,150.0,150.0,8.0,8.0,8.0,2.0,2.0,2.0,0.0057142857142857,0.0057142857142857,0.0057142857142857,0.4955918609869638,0.4689955935892812,0.5453519684663144,0.4955918609869638,0.4689955935892812,0.5453519684663144,6.325714285714286,6.3,6.377142857142857,8.0,8.0,8.0,8.0,8.0,8.0,8.0,8.0,8.0,0.0,0.0,0.0,16.0,16.0,16.0,12.0,12.0,12.0,12.0,12.0,12.0,8.0,8.0,8.0,2.0,2.0,2.0,2.0,2.0,2.0,0.0,0.0,0.0,0.0,0.0,0.0,1.0,1.0,1.0,2.0,2.0,2.0,0.0909090909090909,0.0909090909090909,0.0909090909090909,4.0,4.0,4.0,1.5,1.5,1.5,144.0,144.0,144.0,128.0,128.0,128.0,64.0,64.0,64.0,96.0,96.0,96.0,80.0,80.0,80.0,6.0,6.0,6.0,58.0,58.0,58.0,7.0,7.0,7.0,8.0,8.0,8.0,8.0,8.0,8.0,0.0,0.0,0.0,0.2388059701492537,0.2388059701492537,0.2388059701492537,7.0,7.0,7.0,7.0,7.0,7.0,14.0,14.0,14.0,0.61,0.60625,0.6174999999999999,1.0,1.0,1.0,8.0,8.0,8.0,18.0,18.0,18.0,12.0,12.0,12.0,150.0,150.0,150.0,0.0,0.0,0.0,0.0,0.0,0.0,150.0,150.0,150.0,1.0,1.0,1.0,1.0,1.0,1.0,1.0,1.0,1.0,1.0,1.0,1.0,0.0,0.0,0.0,0.0,0.0,0.0,10.0,10.0,10.0,1.0,1.0,1.0,1.0,1.0,1.0,1.0,1.0,1.0,1.0,1.0,1.0,0.0,0.0,0.0,150.0,150.0,150.0,0.0,0.0,0.0,0.0,0.0,0.0,150.0,150.0,150.0,1.0,1.0,1.0,1.0,1.0,1.0,1.0,1.0,1.0,1.0,1.0,1.0,0.0,0.0,0.0,0.0,0.0,0.0,10.0,10.0,10.0,1.0,1.0,1.0,1.0,1.0,1.0,1.0,1.0,1.0,1.0,1.0,1.0,0.0,0.0,0.0,150.0,150.0,150.0,0.0,0.0,0.0,0.0,0.0,0.0,150.0,150.0,150.0,1.0,1.0,1.0,1.0,1.0,1.0,1.0,1.0,1.0,1.0,1.0,1.0,0.0,0.0,0.0,0.0,0.0,0.0,10.0,10.0,10.0,1.0,1.0,1.0,1.0,1.0,1.0,1.0,1.0,1.0,1.0,1.0,1.0,0.0,0.0,0.0,1.0,1.0,1.0,0.9853958493466564,0.983246643034932,0.9864864864864864,0.9196910759461712,0.9179640421315508,0.9225767116219126,1.0,1.0,1.0,1.0,1.0,1.0,1.0,1.0,1.0,0.321949291988858,0.3186700000078417,0.3301670420041773,4.0,4.0,4.0,50.0,50.0,50.0,5.0,5.0,5.0,71.42857142857143,71.42857142857143,71.42857142857143,2.0,2.0,2.0,2.0,2.0,2.0,100.0,100.0,100.0,0.16666666666666674,0.16666666666666674,0.16666666666666674,12.500000000000005,12.500000000000005,12.500000000000005,27.0,27.0,27.0,72.97297297297297,72.97297297297297,72.97297297297297,29.0,29.0,29.0,43.28358208955223,43.28358208955223,43.28358208955223,32.0,32.0,32.0,28.57142857142857,28.57142857142857,28.57142857142857,1.833333333333333,1.833333333333333,1.833333333333333,29.729729729729726,29.729729729729726,29.729729729729726,-0.6666666666666679,-0.6666666666666679,-0.6666666666666679,-3.5714285714285774,-3.5714285714285774,-3.5714285714285774,-0.012894710122855091,-0.012894710122855091,-0.012894710122855091,-5.123033481242429,-5.123033481242429,-5.123033481242429,3.0,3.0,3.0,75.0,75.0,75.0
rework,0.1,0.0,0.05,0.9,350.0,350.0,350.0,150.0,150.0,150.0,150.0,150.0,150.0,8.0,8.0,8.0,2.0,2.0,2.0,0.0057142857142857,0.0057142857142857,0.0057142857142857,0.4955918609869638,0.4689955935892812,0.5453519684663144,0.4955918609869638,0.4689955935892812,0.5453519684663144,6.325714285714286,6.3,6.377142857142857,8.0,8.0,8.0,8.0,8.0,8.0,8.0,8.0,8.0,0.0,0.0,0.0,16.0,16.0,16.0,12.0,12.0,12.0,12.0,12.0,12.0,8.0,8.0,8.0,2.0,2.0,2.0,2.0,2.0,2.0,0.0,0.0,0.0,0.0,0.0,0.0,1.0,1.0,1.0,2.0,2.0,2.0,0.0909090909090909,0.0909090909090909,0.0909090909090909,4.0,4.0,4.0,1.5,1.5,1.5,144.0,144.0,145.0,128.0,128.0,129.0,64.0,64.0,65.0,96.0,96.0,97.0,80.0,80.0,80.0,6.0,6.0,7.0,58.0,58.0,58.0,7.0,7.0,7.0,8.0,8.0,8.0,8.0,8.0,8.0,0.0,0.0,0.0,0.2388059701492537,0.2388059701492537,0.2425373134328358,7.0,7.0,7.0,7.0,7.0,7.0,14.0,14.0,14.0,0.6123076923076922,0.61,0.6174999999999999,1.0,0.9985054945054944,1.0,8.0,8.0,8.125,18.0,18.0,18.125,12.0,12.0,12.125,150.0,150.0,150.0,0.0,0.0,0.0,0.0,0.0,0.0,150.0,150.0,150.0,1.0,1.0,1.0,1.0,1.0,1.0,1.0,1.0,1.0,1.0,1.0,1.0,0.0,0.0,0.0,0.0,0.0,0.0,10.0,10.0,10.0,1.0,1.0,1.0,1.0,1.0,1.0,1.0,1.0,1.0,1.0,1.0,1.0,0.0,0.0,0.0,150.0,75.0,150.0,0.0,0.0,75.0,0.0,0.0,0.0,150.0,150.0,150.0,1.0,0.75,1.0,1.0,1.0,1.0,1.0,0.5,1.0,1.0,0.6666666666666666,1.0,0.0,0.0,0.0,0.0,0.0,0.5,10.0,10.0,10.0,1.0,1.0,1.0,1.0,0.75,1.0,1.0,0.6666666666666666,1.0,1.0,0.6666666666666666,1.0,0.0,0.0,0.0,150.0,75.0,150.0,0.0,0.0,75.0,0.0,0.0,0.0,150.0,150.0,150.0,1.0,0.75,1.0,1.0,1.0,1.0,1.0,0.5,1.0,1.0,0.6666666666666666,1.0,0.0,0.0,0.0,0.0,0.0,0.5,10.0,10.0,10.0,1.0,1.0,1.0,1.0,0.75,1.0,1.0,0.6666666666666666,1.0,1.0,0.6666666666666666,1.0,0.0,0.0,0.0,1.0,1.0,1.0,0.9853958493466564,0.983246643034932,0.9864864864864864,0.9196910759461712,0.9179640421315508,0.9225767116219126,1.0,1.0,1.0,1.0,0.9028571428571428,1.0,1.0,0.9993300492610836,1.0,0.33293606199731585,0.30880560449440964,0.3591277090017684,4.0,4.0,4.0,50.0,50.0,50.0,5.0,5.0,5.0,71.42857142857143,71.42857142857143,71.42857142857143,2.0,2.0,2.0,2.0,2.0,2.0,100.0,100.0,100.0,0.16666666666666674,0.16666666666666674,0.16666666666666674,12.500000000000005,12.500000000000005,12.500000000000005,27.0,27.0,28.0,72.97297297297297,72.97297297297297,75.67567567567568,29.0,29.0,30.0,43.28358208955223,43.28358208955223,44.776119402985074,32.0,32.0,33.0,28.57142857142857,28.57142857142857,29.464285714285715,1.833333333333333,1.833333333333333,1.958333333333333,29.729729729729726,29.729729729729726,31.756756756756747,-0.6666666666666679,-0.6666666666666679,-0.5416666666666679,-3.5714285714285774,-3.5714285714285774,-2.90178571428572,-0.012894710122855091,-0.012894710122855091,-0.00916336683927299,-5.123033481242429,-5.123033481242429,-3.640580879386838,3.0,3.0,3.0,75.0,75.0,75.0
rework,0.1,0.0,0.05,0.95,350.0,350.0,350.0,150.0,150.0,150.0,150.0,150.0,150.0,8.0,8.0,8.0,2.0,2.0,2.0,0.0057142857142857,0.0057142857142857,0.0057142857142857,0.4955918609869638,0.4689955935892812,0.5453519684663144,0.4955918609869638,0.4689955935892812,0.5453519684663144,6.325714285714286,6.3,6.377142857142857,8.0,8.0,8.0,8.0,8.0,8.0,8.0,8.0,8.0,0.0,0.0,0.0,16.0,16.0,16.0,12.0,12.0,12.0,12.0,12.0,12.0,8.0,8.0,8.0,2.0,2.0,2.0,2.0,2.0,2.0,0.0,0.0,0.0,0.0,0.0,0.0,1.0,1.0,1.0,2.0,2.0,2.0,0.0909090909090909,0.0909090909090909,0.0909090909090909,4.0,4.0,4.0,1.5,1.5,1.5,144.0,144.0,144.0,128.0,128.0,128.0,64.0,64.0,64.0,96.0,96.0,96.0,80.0,80.0,80.0,6.0,6.0,6.0,58.0,58.0,58.0,7.0,7.0,7.0,8.0,8.0,8.0,8.0,8.0,8.0,0.0,0.0,0.0,0.2388059701492537,0.2388059701492537,0.2388059701492537,7.0,7.0,7.0,7.0,7.0,7.0,14.0,14.0,14.0,0.61,0.60625,0.6174999999999999,1.0,1.0,1.0,8.0,8.0,8.0,18.0,18.0,18.0,12.0,12.0,12.0,150.0,150.0,150.0,0.0,0.0,0.0,0.0,0.0,0.0,150.0,150.0,150.0,1.0,1.0,1.0,1.0,1.0,1.0,1.0,1.0,1.0,1.0,1.0,1.0,0.0,0.0,0.0,0.0,0.0,0.0,10.0,10.0,10.0,1.0,1.0,1.0,1.0,1.0,1.0,1.0,1.0,1.0,1.0,1.0,1.0,0.0,0.0,0.0,150.0,150.0,150.0,0.0,0.0,0.0,0.0,0.0,0.0,150.0,150.0,150.0,1.0,1.0,1.0,1.0,1.0,1.0,1.0,1.0,1.0,1.0,1.0,1.0,0.0,0.0,0.0,0.0,0.0,0.0,10.0,10.0,10.0,1.0,1.0,1.0,1.0,1.0,1.0,1.0,1.0,1.0,1.0,1.0,1.0,0.0,0.0,0.0,150.0,150.0,150.0,0.0,0.0,0.0,0.0,0.0,0.0,150.0,150.0,150.0,1.0,1.0,1.0,1.0,1.0,1.0,1.0,1.0,1.0,1.0,1.0,1.0,0.0,0.0,0.0,0.0,0.0,0.0,10.0,10.0,10.0,1.0,1.0,1.0,1.0,1.0,1.0,1.0,1.0,1.0,1.0,1.0,1.0,0.0,0.0,0.0,1.0,1.0,1.0,0.9853958493466564,0.983246643034932,0.9864864864864864,0.9196910759461712,0.9179640421315508,0.9225767116219126,1.0,1.0,1.0,1.0,1.0,1.0,1.0,1.0,1.0,0.32549895849660965,0.3105303329939488,0.3518455410085153,4.0,4.0,4.0,50.0,50.0,50.0,5.0,5.0,5.0,71.42857142857143,71.42857142857143,71.42857142857143,2.0,2.0,2.0,2.0,2.0,2.0,100.0,100.0,100.0,0.16666666666666674,0.16666666666666674,0.16666666666666674,12.500000000000005,12.500000000000005,12.500000000000005,27.0,27.0,27.0,72.97297297297297,72.97297297297297,72.97297297297297,29.0,29.0,29.0,43.28358208955223,43.28358208955223,43.28358208955223,32.0,32.0,32.0,28.57142857142857,28.57142857142857,28.57142857142857,1.833333333333333,1.833333333333333,1.833333333333333,29.729729729729726,29.729729729729726,29.729729729729726,-0.6666666666666679,-0.6666666666666679,-0.6666666666666679,-3.5714285714285774,-3.5714285714285774,-3.5714285714285774,-0.012894710122855091,-0.012894710122855091,-0.012894710122855091,-5.123033481242429,-5.123033481242429,-5.123033481242429,3.0,3.0,3.0,75.0,75.0,75.0
rework,0.1,0.0,0.05,0.99,350.0,350.0,350.0,150.0,150.0,150.0,150.0,150.0,150.0,8.0,8.0,8.0,2.0,2.0,2.0,0.0057142857142857,0.0057142857142857,0.0057142857142857,0.4955918609869638,0.4689955935892812,0.5453519684663144,0.4955918609869638,0.4689955935892812,0.5453519684663144,6.325714285714286,6.3,6.377142857142857,8.0,8.0,8.0,8.0,8.0,8.0,8.0,8.0,8.0,0.0,0.0,0.0,16.0,16.0,16.0,12.0,12.0,12.0,12.0,12.0,12.0,8.0,8.0,8.0,2.0,2.0,2.0,2.0,2.0,2.0,0.0,0.0,0.0,0.0,0.0,0.0,1.0,1.0,1.0,2.0,2.0,2.0,0.0909090909090909,0.0909090909090909,0.0909090909090909,4.0,4.0,4.0,1.5,1.5,1.5,144.0,144.0,144.0,128.0,128.0,128.0,64.0,64.0,64.0,96.0,96.0,96.0,80.0,80.0,80.0,6.0,6.0,6.0,58.0,58.0,58.0,7.0,7.0,7.0,8.0,8.0,8.0,8.0,8.0,8.0,0.0,0.0,0.0,0.2388059701492537,0.2388059701492537,0.2388059701492537,7.0,7.0,7.0,7.0,7.0,7.0,14.0,14.0,14.0,0.61,0.60625,0.6174999999999999,1.0,1.0,1.0,8.0,8.0,8.0,18.0,18.0,18.0,12.0,12.0,12.0,150.0,150.0,150.0,0.0,0.0,0.0,0.0,0.0,0.0,150.0,150.0,150.0,1.0,1.0,1.0,1.0,1.0,1.0,1.0,1.0,1.0,1.0,1.0,1.0,0.0,0.0,0.0,0.0,0.0,0.0,10.0,10.0,10.0,1.0,1.0,1.0,1.0,1.0,1.0,1.0,1.0,1.0,1.0,1.0,1.0,0.0,0.0,0.0,150.0,150.0,150.0,0.0,0.0,0.0,0.0,0.0,0.0,150.0,150.0,150.0,1.0,1.0,1.0,1.0,1.0,1.0,1.0,1.0,1.0,1.0,1.0,1.0,0.0,0.0,0.0,0.0,0.0,0.0,10.0,10.0,10.0,1.0,1.0,1.0,1.0,1.0,1.0,1.0,1.0,1.0,1.0,1.0,1.0,0.0,0.0,0.0,150.0,150.0,150.0,0.0,0.0,0.0,0.0,0.0,0.0,150.0,150.0,150.0,1.0,1.0,1.0,1.0,1.0,1.0,1.0,1.0,1.0,1.0,1.0,1.0,0.0,0.0,0.0,0.0,0.0,0.0,10.0,10.0,10.0,1.0,1.0,1.0,1.0,1.0,1.0,1.0,1.0,1.0,1.0,1.0,1.0,0.0,0.0,0.0,1.0,1.0,1.0,0.9853958493466564,0.983246643034932,0.9864864864864864,0.9196910759461712,0.9179640421315508,0.9225767116219126,1.0,1.0,1.0,1.0,1.0,1.0,1.0,1.0,1.0,0.33072018749953713,0.31562700051290443,0.34400879200256895,4.0,4.0,4.0,50.0,50.0,50.0,5.0,5.0,5.0,71.42857142857143,71.42857142857143,71.42857142857143,2.0,2.0,2.0,2.0,2.0,2.0,100.0,100.0,100.0,0.16666666666666674,0.16666666666666674,0.16666666666666674,12.500000000000005,12.500000000000005,12.500000000000005,27.0,27.0,27.0,72.97297297297297,72.97297297297297,72.97297297297297,29.0,29.0,29.0,43.28358208955223,43.28358208955223,43.28358208955223,32.0,32.0,32.0,28.57142857142857,28.57142857142857,28.57142857142857,1.833333333333333,1.833333333333333,1.833333333333333,29.729729729729726,29.729729729729726,29.729729729729726,-0.6666666666666679,-0.6666666666666679,-0.6666666666666679,-3.5714285714285774,-3.5714285714285774,-3.5714285714285774,-0.012894710122855091,-0.012894710122855091,-0.012894710122855091,-5.123033481242429,-5.123033481242429,-5.123033481242429,3.0,3.0,3.0,75.0,75.0,75.0
rework,0.1,0.0,0.07,0.9,350.0,350.0,350.0,150.0,150.0,150.0,150.0,150.0,150.0,8.0,8.0,8.0,2.0,2.0,2.0,0.0057142857142857,0.0057142857142857,0.0057142857142857,0.4955918609869638,0.4689955935892812,0.5453519684663144,0.4955918609869638,0.4689955935892812,0.5453519684663144,6.325714285714286,6.3,6.377142857142857,8.0,8.0,8.0,8.0,8.0,8.0,8.0,8.0,8.0,0.0,0.0,0.0,16.0,16.0,16.0,12.0,12.0,12.0,12.0,12.0,12.0,8.0,8.0,8.0,2.0,2.0,2.0,2.0,2.0,2.0,0.0,0.0,0.0,0.0,0.0,0.0,1.0,1.0,1.0,2.0,2.0,2.0,0.0909090909090909,0.0909090909090909,0.0909090909090909,4.0,4.0,4.0,1.5,1.5,1.5,144.0,144.0,145.0,128.0,128.0,129.0,64.0,64.0,65.0,96.0,96.0,97.0,80.0,80.0,80.0,6.0,6.0,7.0,58.0,58.0,58.0,7.0,7.0,7.0,8.0,8.0,8.0,8.0,8.0,8.0,0.0,0.0,0.0,0.2388059701492537,0.2388059701492537,0.2425373134328358,7.0,7.0,7.0,7.0,7.0,7.0,14.0,14.0,14.0,0.6123076923076922,0.61,0.6174999999999999,1.0,0.9985054945054944,1.0,8.0,8.0,8.125,18.0,18.0,18.125,12.0,12.0,12.125,150.0,150.0,150.0,0.0,0.0,0.0,0.0,0.0,0.0,150.0,150.0,150.0,1.0,1.0,1.0,1.0,1.0,1.0,1.0,1.0,1.0,1.0,1.0,1.0,0.0,0.0,0.0,0.0,0.0,0.0,10.0,10.0,10.0,1.0,1.0,1.0,1.0,1.0,1.0,1.0,1.0,1.0,1.0,1.0,1.0,0.0,0.0,0.0,150.0,75.0,150.0,0.0,0.0,75.0,0.0,0.0,0.0,150.0,150.0,150.0,1.0,0.75,1.0,1.0,1.0,1.0,1.0,0.5,1.0,1.0,0.6666666666666666,1.0,0.0,0.0,0.0,0.0,0.0,0.5,10.0,10.0,10.0,1.0,1.0,1.0,1.0,0.75,1.0,1.0,0.6666666666666666,1.0,1.0,0.6666666666666666,1.0,0.0,0.0,0.0,150.0,75.0,150.0,0.0,0.0,75.0,0.0,0.0,0.0,150.0,150.0,150.0,1.0,0.75,1.0,1.0,1.0,1.0,1.0,0.5,1.0,1.0,0.6666666666666666,1.0,0.0,0.0,0.0,0.0,0.0,0.5,10.0,10.0,10.0,1.0,1.0,1.0,1.0,0.75,1.0,1.0,0.6666666666666666,1.0,1.0,0.6666666666666666,1.0,0.0,0.0,0.0,1.0,1.0,1.0,0.9853958493466564,0.983246643034932,0.9864864864864864,0.9196910759461712,0.9179640421315508,0.9225767116219126,1.0,1.0,1.0,1.0,0.9028571428571428,1.0,1.0,0.9993300492610836,1.0,0.33791331249813084,0.31542435399023816,0.36132424999959767,4.0,4.0,4.0,50.0,50.0,50.0,5.0,5.0,5.0,71.42857142857143,71.42857142857143,71.42857142857143,2.0,2.0,2.0,2.0,2.0,2.0,100.0,100.0,100.0,0.16666666666666674,0.16666666666666674,0.16666666666666674,12.500000000000005,12.500000000000005,12.500000000000005,27.0,27.0,28.0,72.97297297297297,72.97297297297297,75.67567567567568,29.0,29.0,30.0,43.28358208955223,43.28358208955223,44.776119402985074,32.0,32.0,33.0,28.57142857142857,28.57142857142857,29.464285714285715,1.833333333333333,1.833333333333333,1.958333333333333,29.729729729729726,29.729729729729726,31.756756756756747,-0.6666666666666679,-0.6666666666666679,-0.5416666666666679,-3.5714285714285774,-3.5714285714285774,-2.90178571428572,-0.012894710122855091,-0.012894710122855091,-0.00916336683927299,-5.123033481242429,-5.123033481242429,-3.640580879386838,3.0,3.0,3.0,75.0,75.0,75.0
rework,0.1,0.0,0.07,0.95,350.0,350.0,350.0,150.0,150.0,150.0,150.0,150.0,150.0,8.0,8.0,8.0,2.0,2.0,2.0,0.0057142857142857,0.0057142857142857,0.0057142857142857,0.4955918609869638,0.4689955935892812,0.5453519684663144,0.4955918609869638,0.4689955935892812,0.5453519684663144,6.325714285714286,6.3,6.377142857142857,8.0,8.0,8.0,8.0,8.0,8.0,8.0,8.0,8.0,0.0,0.0,0.0,16.0,16.0,16.0,12.0,12.0,12.0,12.0,12.0,12.0,8.0,8.0,8.0,2.0,2.0,2.0,2.0,2.0,2.0,0.0,0.0,0.0,0.0,0.0,0.0,1.0,1.0,1.0,2.0,2.0,2.0,0.0909090909090909,0.0909090909090909,0.0909090909090909,4.0,4.0,4.0,1.5,1.5,1.5,144.0,144.0,144.0,128.0,128.0,128.0,64.0,64.0,64.0,96.0,96.0,96.0,80.0,80.0,80.0,6.0,6.0,6.0,58.0,58.0,58.0,7.0,7.0,7.0,8.0,8.0,8.0,8.0,8.0,8.0,0.0,0.0,0.0,0.2388059701492537,0.2388059701492537,0.2388059701492537,7.0,7.0,7.0,7.0,7.0,7.0,14.0,14.0,14.0,0.61,0.60625,0.6174999999999999,1.0,1.0,1.0,8.0,8.0,8.0,18.0,18.0,18.0,12.0,12.0,12.0,150.0,150.0,150.0,0.0,0.0,0.0,0.0,0.0,0.0,150.0,150.0,150.0,1.0,1.0,1.0,1.0,1.0,1.0,1.0,1.0,1.0,1.0,1.0,1.0,0.0,0.0,0.0,0.0,0.0,0.0,10.0,10.0,10.0,1.0,1.0,1.0,1.0,1.0,1.0,1.0,1.0,1.0,1.0,1.0,1.0,0.0,0.0,0.0,150.0,150.0,150.0,0.0,0.0,0.0,0.0,0.0,0.0,150.0,150.0,150.0,1.0,1.0,1.0,1.0,1.0,1.0,1.0,1.0,1.0,1.0,1.0,1.0,0.0,0.0,0.0,0.0,0.0,0.0,10.0,10.0,10.0,1.0,1.0,1.0,1.0,1.0,1.0,1.0,1.0,1.0,1.0,1.0,1.0,0.0,0.0,0.0,150.0,150.0,150.0,0.0,0.0,0.0,0.0,0.0,0.0,150.0,150.0,150.0,1.0,1.0,1.0,1.0,1.0,1.0,1.0,1.0,1.0,1.0,1.0,1.0,0.0,0.0,0.0,0.0,0.0,0.0,10.0,10.0,10.0,1.0,1.0,1.0,1.0,1.0,1.0,1.0,1.0,1.0,1.0,1.0,1.0,0.0,0.0,0.0,1.0,1.0,1.0,0.9853958493466564,0.983246643034932,0.9864864864864864,0.9196910759461712,0.9179640421315508,0.9225767116219126,1.0,1.0,1.0,1.0,1.0,1.0,1.0,1.0,1.0,0.3191798544867197,0.30817143750027753,0.3290580005123047,4.0,4.0,4.0,50.0,50.0,50.0,5.0,5.0,5.0,71.42857142857143,71.42857142857143,71.42857142857143,2.0,2.0,2.0,2.0,2.0,2.0,100.0,100.0,100.0,0.16666666666666674,0.16666666666666674,0.16666666666666674,12.500000000000005,12.500000000000005,12.500000000000005,27.0,27.0,27.0,72.97297297297297,72.97297297297297,72.97297297297297,29.0,29.0,29.0,43.28358208955223,43.28358208955223,43.28358208955223,32.0,32.0,32.0,28.57142857142857,28.57142857142857,28.57142857142857,1.833333333333333,1.833333333333333,1.833333333333333,29.729729729729726,29.729729729729726,29.729729729729726,-0.6666666666666679,-0.6666666666666679,-0.6666666666666679,-3.5714285714285774,-3.5714285714285774,-3.5714285714285774,-0.012894710122855091,-0.012894710122855091,-0.012894710122855091,-5.123033481242429,-5.123033481242429,-5.123033481242429,3.0,3.0,3.0,75.0,75.0,75.0
rework,0.1,0.0,0.07,0.99,350.0,350.0,350.0,150.0,150.0,150.0,150.0,150.0,150.0,8.0,8.0,8.0,2.0,2.0,2.0,0.0057142857142857,0.0057142857142857,0.0057142857142857,0.4955918609869638,0.4689955935892812,0.5453519684663144,0.4955918609869638,0.4689955935892812,0.5453519684663144,6.325714285714286,6.3,6.377142857142857,8.0,8.0,8.0,8.0,8.0,8.0,8.0,8.0,8.0,0.0,0.0,0.0,16.0,16.0,16.0,12.0,12.0,12.0,12.0,12.0,12.0,8.0,8.0,8.0,2.0,2.0,2.0,2.0,2.0,2.0,0.0,0.0,0.0,0.0,0.0,0.0,1.0,1.0,1.0,2.0,2.0,2.0,0.0909090909090909,0.0909090909090909,0.0909090909090909,4.0,4.0,4.0,1.5,1.5,1.5,144.0,144.0,144.0,128.0,128.0,128.0,64.0,64.0,64.0,96.0,96.0,96.0,80.0,80.0,80.0,6.0,6.0,6.0,58.0,58.0,58.0,7.0,7.0,7.0,8.0,8.0,8.0,8.0,8.0,8.0,0.0,0.0,0.0,0.2388059701492537,0.2388059701492537,0.2388059701492537,7.0,7.0,7.0,7.0,7.0,7.0,14.0,14.0,14.0,0.61,0.60625,0.6174999999999999,1.0,1.0,1.0,8.0,8.0,8.0,18.0,18.0,18.0,12.0,12.0,12.0,150.0,150.0,150.0,0.0,0.0,0.0,0.0,0.0,0.0,150.0,150.0,150.0,1.0,1.0,1.0,1.0,1.0,1.0,1.0,1.0,1.0,1.0,1.0,1.0,0.0,0.0,0.0,0.0,0.0,0.0,10.0,10.0,10.0,1.0,1.0,1.0,1.0,1.0,1.0,1.0,1.0,1.0,1.0,1.0,1.0,0.0,0.0,0.0,150.0,150.0,150.0,0.0,0.0,0.0,0.0,0.0,0.0,150.0,150.0,150.0,1.0,1.0,1.0,1.0,1.0,1.0,1.0,1.0,1.0,1.0,1.0,1.0,0.0,0.0,0.0,0.0,0.0,0.0,10.0,10.0,10.0,1.0,1.0,1.0,1.0,1.0,1.0,1.0,1.0,1.0,1.0,1.0,1.0,0.0,0.0,0.0,150.0,150.0,150.0,0.0,0.0,0.0,0.0,0.0,0.0,150.0,150.0,150.0,1.0,1.0,1.0,1.0,1.0,1.0,1.0,1.0,1.0,1.0,1.0,1.0,0.0,0.0,0.0,0.0,0.0,0.0,10.0,10.0,10.0,1.0,1.0,1.0,1.0,1.0,1.0,1.0,1.0,1.0,1.0,1.0,1.0,0.0,0.0,0.0,1.0,1.0,1.0,0.9853958493466564,0.983246643034932,0.9864864864864864,0.9196910759461712,0.9179640421315508,0.9225767116219126,1.0,1.0,1.0,1.0,1.0,1.0,1.0,1.0,1.0,0.33017395850038156,0.3184023330104537,0.3559738750045653,4.0,4.0,4.0,50.0,50.0,50.0,5.0,5.0,5.0,71.42857142857143,71.42857142857143,71.42857142857143,2.0,2.0,2.0,2.0,2.0,2.0,100.0,100.0,100.0,0.16666666666666674,0.16666666666666674,0.16666666666666674,12.500000000000005,12.500000000000005,12.500000000000005,27.0,27.0,27.0,72.97297297297297,72.97297297297297,72.97297297297297,29.0,29.0,29.0,43.28358208955223,43.28358208955223,43.28358208955223,32.0,32.0,32.0,28.57142857142857,28.57142857142857,28.57142857142857,1.833333333333333,1.833333333333333,1.833333333333333,29.729729729729726,29.729729729729726,29.729729729729726,-0.6666666666666679,-0.6666666666666679,-0.6666666666666679,-3.5714285714285774,-3.5714285714285774,-3.5714285714285774,-0.012894710122855091,-0.012894710122855091,-0.012894710122855091,-5.123033481242429,-5.123033481242429,-5.123033481242429,3.0,3.0,3.0,75.0,75.0,75.0
